ISO-10303-21;
HEADER;
FILE_DESCRIPTION(('Open CASCADE Model'),'2;1');
FILE_NAME('Open CASCADE Shape Model','2026-09-25T22:09:26',('Author'),(
    'Open CASCADE'),'Open CASCADE STEP processor 7.9','Open CASCADE 7.9'
  ,'Unknown');
FILE_SCHEMA(('AUTOMOTIVE_DESIGN { 1 0 10303 214 1 1 1 1 }'));
ENDSEC;
DATA;
#1 = APPLICATION_PROTOCOL_DEFINITION('international standard',
  'automotive_design',2000,#2);
#2 = APPLICATION_CONTEXT(
  'core data for automotive mechanical design processes');
#3 = SHAPE_DEFINITION_REPRESENTATION(#4,#10);
#4 = PRODUCT_DEFINITION_SHAPE('','',#5);
#5 = PRODUCT_DEFINITION('design','',#6,#9);
#6 = PRODUCT_DEFINITION_FORMATION('','',#7);
#7 = PRODUCT('Open CASCADE STEP translator 7.9 12',
  'Open CASCADE STEP translator 7.9 12','',(#8));
#8 = PRODUCT_CONTEXT('',#2,'mechanical');
#9 = PRODUCT_DEFINITION_CONTEXT('part definition',#2,'design');
#10 = ADVANCED_BREP_SHAPE_REPRESENTATION('',(#11,#15),#4868);
#11 = AXIS2_PLACEMENT_3D('',#12,#13,#14);
#12 = CARTESIAN_POINT('',(0.,0.,0.));
#13 = DIRECTION('',(0.,0.,1.));
#14 = DIRECTION('',(1.,0.,-0.));
#15 = MANIFOLD_SOLID_BREP('',#16);
#16 = CLOSED_SHELL('',(#17,#249,#440,#596,#703,#882,#1042,#1258,#1365,
    #1437,#1525,#1901,#1926,#2161,#2208,#2235,#2262,#2269,#2345,#2448,
    #2497,#2689,#2999,#3006,#3055,#3109,#3158,#3212,#3261,#3315,#3364,
    #3418,#3467,#3494,#3508,#3557,#3787,#3814,#3888,#4042,#4091,#4116,
    #4124,#4151,#4178,#4205,#4232,#4259,#4286,#4313,#4320,#4524,#4574,
    #4726,#4753,#4780,#4807,#4834,#4861));
#17 = ADVANCED_FACE('',(#18),#33,.T.);
#18 = FACE_BOUND('',#19,.F.);
#19 = EDGE_LOOP('',(#20,#56,#82,#111,#137,#170,#196,#225));
#20 = ORIENTED_EDGE('',*,*,#21,.F.);
#21 = EDGE_CURVE('',#22,#24,#26,.T.);
#22 = VERTEX_POINT('',#23);
#23 = CARTESIAN_POINT('',(-13.,-48.28043081829,-9.5));
#24 = VERTEX_POINT('',#25);
#25 = CARTESIAN_POINT('',(13.,-48.28043081829,-9.5));
#26 = SURFACE_CURVE('',#27,(#32,#44),.PCURVE_S1.);
#27 = CIRCLE('',#28,50.);
#28 = AXIS2_PLACEMENT_3D('',#29,#30,#31);
#29 = CARTESIAN_POINT('',(0.,0.,-9.5));
#30 = DIRECTION('',(0.,0.,1.));
#31 = DIRECTION('',(1.,0.,-0.));
#32 = PCURVE('',#33,#38);
#33 = CYLINDRICAL_SURFACE('',#34,50.);
#34 = AXIS2_PLACEMENT_3D('',#35,#36,#37);
#35 = CARTESIAN_POINT('',(0.,0.,-11.));
#36 = DIRECTION('',(-0.,-0.,-1.));
#37 = DIRECTION('',(1.,0.,0.));
#38 = DEFINITIONAL_REPRESENTATION('',(#39),#43);
#39 = LINE('',#40,#41);
#40 = CARTESIAN_POINT('',(-0.,-1.5));
#41 = VECTOR('',#42,1.);
#42 = DIRECTION('',(-1.,0.));
#43 = ( GEOMETRIC_REPRESENTATION_CONTEXT(2) 
PARAMETRIC_REPRESENTATION_CONTEXT() REPRESENTATION_CONTEXT('2D SPACE',''
  ) );
#44 = PCURVE('',#45,#50);
#45 = TOROIDAL_SURFACE('',#46,48.5,1.5);
#46 = AXIS2_PLACEMENT_3D('',#47,#48,#49);
#47 = CARTESIAN_POINT('',(0.,0.,-9.5));
#48 = DIRECTION('',(-0.,-0.,-1.));
#49 = DIRECTION('',(1.,0.,-0.));
#50 = DEFINITIONAL_REPRESENTATION('',(#51),#55);
#51 = LINE('',#52,#53);
#52 = CARTESIAN_POINT('',(-0.,0.));
#53 = VECTOR('',#54,1.);
#54 = DIRECTION('',(-1.,0.));
#55 = ( GEOMETRIC_REPRESENTATION_CONTEXT(2) 
PARAMETRIC_REPRESENTATION_CONTEXT() REPRESENTATION_CONTEXT('2D SPACE',''
  ) );
#56 = ORIENTED_EDGE('',*,*,#57,.F.);
#57 = EDGE_CURVE('',#58,#22,#60,.T.);
#58 = VERTEX_POINT('',#59);
#59 = CARTESIAN_POINT('',(-13.,-48.28043081829,29.5));
#60 = SURFACE_CURVE('',#61,(#65,#71),.PCURVE_S1.);
#61 = LINE('',#62,#63);
#62 = CARTESIAN_POINT('',(-13.,-48.28043081829,-11.));
#63 = VECTOR('',#64,1.);
#64 = DIRECTION('',(-0.,-0.,-1.));
#65 = PCURVE('',#33,#66);
#66 = DEFINITIONAL_REPRESENTATION('',(#67),#70);
#67 = B_SPLINE_CURVE_WITH_KNOTS('',1,(#68,#69),.UNSPECIFIED.,.F.,.F.,(2,
    2),(-40.5000006,-1.4999994),.PIECEWISE_BEZIER_KNOTS.);
#68 = CARTESIAN_POINT('',(-4.449366777476,-40.5000006));
#69 = CARTESIAN_POINT('',(-4.449366777476,-1.4999994));
#70 = ( GEOMETRIC_REPRESENTATION_CONTEXT(2) 
PARAMETRIC_REPRESENTATION_CONTEXT() REPRESENTATION_CONTEXT('2D SPACE',''
  ) );
#71 = PCURVE('',#72,#77);
#72 = PLANE('',#73);
#73 = AXIS2_PLACEMENT_3D('',#74,#75,#76);
#74 = CARTESIAN_POINT('',(-13.,-54.,-12.));
#75 = DIRECTION('',(1.,0.,0.));
#76 = DIRECTION('',(0.,0.,1.));
#77 = DEFINITIONAL_REPRESENTATION('',(#78),#81);
#78 = B_SPLINE_CURVE_WITH_KNOTS('',1,(#79,#80),.UNSPECIFIED.,.F.,.F.,(2,
    2),(-40.5000006,-1.4999994),.PIECEWISE_BEZIER_KNOTS.);
#79 = CARTESIAN_POINT('',(41.5000006,-5.719569181707));
#80 = CARTESIAN_POINT('',(2.4999994,-5.719569181707));
#81 = ( GEOMETRIC_REPRESENTATION_CONTEXT(2) 
PARAMETRIC_REPRESENTATION_CONTEXT() REPRESENTATION_CONTEXT('2D SPACE',''
  ) );
#82 = ORIENTED_EDGE('',*,*,#83,.T.);
#83 = EDGE_CURVE('',#58,#84,#86,.T.);
#84 = VERTEX_POINT('',#85);
#85 = CARTESIAN_POINT('',(-4.4,-49.80602373207,29.5));
#86 = SURFACE_CURVE('',#87,(#92,#99),.PCURVE_S1.);
#87 = CIRCLE('',#88,50.);
#88 = AXIS2_PLACEMENT_3D('',#89,#90,#91);
#89 = CARTESIAN_POINT('',(0.,0.,29.5));
#90 = DIRECTION('',(0.,0.,1.));
#91 = DIRECTION('',(1.,0.,-0.));
#92 = PCURVE('',#33,#93);
#93 = DEFINITIONAL_REPRESENTATION('',(#94),#98);
#94 = LINE('',#95,#96);
#95 = CARTESIAN_POINT('',(-0.,-40.5));
#96 = VECTOR('',#97,1.);
#97 = DIRECTION('',(-1.,0.));
#98 = ( GEOMETRIC_REPRESENTATION_CONTEXT(2) 
PARAMETRIC_REPRESENTATION_CONTEXT() REPRESENTATION_CONTEXT('2D SPACE',''
  ) );
#99 = PCURVE('',#100,#105);
#100 = TOROIDAL_SURFACE('',#101,48.5,1.5);
#101 = AXIS2_PLACEMENT_3D('',#102,#103,#104);
#102 = CARTESIAN_POINT('',(0.,0.,29.5));
#103 = DIRECTION('',(0.,0.,1.));
#104 = DIRECTION('',(1.,0.,-0.));
#105 = DEFINITIONAL_REPRESENTATION('',(#106),#110);
#106 = LINE('',#107,#108);
#107 = CARTESIAN_POINT('',(0.,0.));
#108 = VECTOR('',#109,1.);
#109 = DIRECTION('',(1.,0.));
#110 = ( GEOMETRIC_REPRESENTATION_CONTEXT(2) 
PARAMETRIC_REPRESENTATION_CONTEXT() REPRESENTATION_CONTEXT('2D SPACE',''
  ) );
#111 = ORIENTED_EDGE('',*,*,#112,.T.);
#112 = EDGE_CURVE('',#84,#113,#115,.T.);
#113 = VERTEX_POINT('',#114);
#114 = CARTESIAN_POINT('',(-4.4,-49.80602373207,0.));
#115 = SURFACE_CURVE('',#116,(#120,#126),.PCURVE_S1.);
#116 = LINE('',#117,#118);
#117 = CARTESIAN_POINT('',(-4.4,-49.80602373207,-11.));
#118 = VECTOR('',#119,1.);
#119 = DIRECTION('',(-0.,-0.,-1.));
#120 = PCURVE('',#33,#121);
#121 = DEFINITIONAL_REPRESENTATION('',(#122),#125);
#122 = B_SPLINE_CURVE_WITH_KNOTS('',1,(#123,#124),.UNSPECIFIED.,.F.,.F.,
  (2,2),(-40.5000006,-7.),.PIECEWISE_BEZIER_KNOTS.);
#123 = CARTESIAN_POINT('',(-4.624275004085,-40.5000006));
#124 = CARTESIAN_POINT('',(-4.624275004085,-7.));
#125 = ( GEOMETRIC_REPRESENTATION_CONTEXT(2) 
PARAMETRIC_REPRESENTATION_CONTEXT() REPRESENTATION_CONTEXT('2D SPACE',''
  ) );
#126 = PCURVE('',#127,#132);
#127 = PLANE('',#128);
#128 = AXIS2_PLACEMENT_3D('',#129,#130,#131);
#129 = CARTESIAN_POINT('',(-4.4,-56.,0.));
#130 = DIRECTION('',(1.,0.,0.));
#131 = DIRECTION('',(0.,0.,1.));
#132 = DEFINITIONAL_REPRESENTATION('',(#133),#136);
#133 = B_SPLINE_CURVE_WITH_KNOTS('',1,(#134,#135),.UNSPECIFIED.,.F.,.F.,
  (2,2),(-40.5000006,-7.),.PIECEWISE_BEZIER_KNOTS.);
#134 = CARTESIAN_POINT('',(29.5000006,-6.193976267925));
#135 = CARTESIAN_POINT('',(-4.,-6.193976267925));
#136 = ( GEOMETRIC_REPRESENTATION_CONTEXT(2) 
PARAMETRIC_REPRESENTATION_CONTEXT() REPRESENTATION_CONTEXT('2D SPACE',''
  ) );
#137 = ORIENTED_EDGE('',*,*,#138,.F.);
#138 = EDGE_CURVE('',#139,#113,#141,.T.);
#139 = VERTEX_POINT('',#140);
#140 = CARTESIAN_POINT('',(4.4,-49.80602373207,0.));
#141 = SURFACE_CURVE('',#142,(#147,#154),.PCURVE_S1.);
#142 = CIRCLE('',#143,50.);
#143 = AXIS2_PLACEMENT_3D('',#144,#145,#146);
#144 = CARTESIAN_POINT('',(0.,0.,0.));
#145 = DIRECTION('',(0.,0.,-1.));
#146 = DIRECTION('',(1.,0.,0.));
#147 = PCURVE('',#33,#148);
#148 = DEFINITIONAL_REPRESENTATION('',(#149),#153);
#149 = LINE('',#150,#151);
#150 = CARTESIAN_POINT('',(-6.28318530718,-11.));
#151 = VECTOR('',#152,1.);
#152 = DIRECTION('',(1.,-0.));
#153 = ( GEOMETRIC_REPRESENTATION_CONTEXT(2) 
PARAMETRIC_REPRESENTATION_CONTEXT() REPRESENTATION_CONTEXT('2D SPACE',''
  ) );
#154 = PCURVE('',#155,#160);
#155 = PLANE('',#156);
#156 = AXIS2_PLACEMENT_3D('',#157,#158,#159);
#157 = CARTESIAN_POINT('',(-4.4,-56.,0.));
#158 = DIRECTION('',(0.,0.,1.));
#159 = DIRECTION('',(1.,0.,0.));
#160 = DEFINITIONAL_REPRESENTATION('',(#161),#169);
#161 = ( BOUNDED_CURVE() B_SPLINE_CURVE(2,(#162,#163,#164,#165,#166,#167
,#168),.UNSPECIFIED.,.T.,.F.) B_SPLINE_CURVE_WITH_KNOTS((1,2,2,2,2,1),(
    -2.094395102393,0.,2.094395102393,4.188790204786,6.28318530718,
8.377580409573),.UNSPECIFIED.) CURVE() GEOMETRIC_REPRESENTATION_ITEM() 
RATIONAL_B_SPLINE_CURVE((1.,0.5,1.,0.5,1.,0.5,1.)) REPRESENTATION_ITEM(
  '') );
#162 = CARTESIAN_POINT('',(54.4,56.));
#163 = CARTESIAN_POINT('',(54.4,-30.60254037844));
#164 = CARTESIAN_POINT('',(-20.6,12.698729810778));
#165 = CARTESIAN_POINT('',(-95.6,56.));
#166 = CARTESIAN_POINT('',(-20.6,99.301270189222));
#167 = CARTESIAN_POINT('',(54.4,142.60254037844));
#168 = CARTESIAN_POINT('',(54.4,56.));
#169 = ( GEOMETRIC_REPRESENTATION_CONTEXT(2) 
PARAMETRIC_REPRESENTATION_CONTEXT() REPRESENTATION_CONTEXT('2D SPACE',''
  ) );
#170 = ORIENTED_EDGE('',*,*,#171,.F.);
#171 = EDGE_CURVE('',#172,#139,#174,.T.);
#172 = VERTEX_POINT('',#173);
#173 = CARTESIAN_POINT('',(4.4,-49.80602373207,29.5));
#174 = SURFACE_CURVE('',#175,(#179,#185),.PCURVE_S1.);
#175 = LINE('',#176,#177);
#176 = CARTESIAN_POINT('',(4.4,-49.80602373207,-11.));
#177 = VECTOR('',#178,1.);
#178 = DIRECTION('',(-0.,-0.,-1.));
#179 = PCURVE('',#33,#180);
#180 = DEFINITIONAL_REPRESENTATION('',(#181),#184);
#181 = B_SPLINE_CURVE_WITH_KNOTS('',1,(#182,#183),.UNSPECIFIED.,.F.,.F.,
  (2,2),(-40.5000006,-7.),.PIECEWISE_BEZIER_KNOTS.);
#182 = CARTESIAN_POINT('',(-4.800502956684,-40.5000006));
#183 = CARTESIAN_POINT('',(-4.800502956684,-7.));
#184 = ( GEOMETRIC_REPRESENTATION_CONTEXT(2) 
PARAMETRIC_REPRESENTATION_CONTEXT() REPRESENTATION_CONTEXT('2D SPACE',''
  ) );
#185 = PCURVE('',#186,#191);
#186 = PLANE('',#187);
#187 = AXIS2_PLACEMENT_3D('',#188,#189,#190);
#188 = CARTESIAN_POINT('',(4.4,-56.,0.));
#189 = DIRECTION('',(1.,0.,0.));
#190 = DIRECTION('',(0.,0.,1.));
#191 = DEFINITIONAL_REPRESENTATION('',(#192),#195);
#192 = B_SPLINE_CURVE_WITH_KNOTS('',1,(#193,#194),.UNSPECIFIED.,.F.,.F.,
  (2,2),(-40.5000006,-7.),.PIECEWISE_BEZIER_KNOTS.);
#193 = CARTESIAN_POINT('',(29.5000006,-6.193976267925));
#194 = CARTESIAN_POINT('',(-4.,-6.193976267925));
#195 = ( GEOMETRIC_REPRESENTATION_CONTEXT(2) 
PARAMETRIC_REPRESENTATION_CONTEXT() REPRESENTATION_CONTEXT('2D SPACE',''
  ) );
#196 = ORIENTED_EDGE('',*,*,#197,.T.);
#197 = EDGE_CURVE('',#172,#198,#200,.T.);
#198 = VERTEX_POINT('',#199);
#199 = CARTESIAN_POINT('',(13.,-48.28043081829,29.5));
#200 = SURFACE_CURVE('',#201,(#206,#213),.PCURVE_S1.);
#201 = CIRCLE('',#202,50.);
#202 = AXIS2_PLACEMENT_3D('',#203,#204,#205);
#203 = CARTESIAN_POINT('',(0.,0.,29.5));
#204 = DIRECTION('',(0.,0.,1.));
#205 = DIRECTION('',(1.,0.,-0.));
#206 = PCURVE('',#33,#207);
#207 = DEFINITIONAL_REPRESENTATION('',(#208),#212);
#208 = LINE('',#209,#210);
#209 = CARTESIAN_POINT('',(-0.,-40.5));
#210 = VECTOR('',#211,1.);
#211 = DIRECTION('',(-1.,0.));
#212 = ( GEOMETRIC_REPRESENTATION_CONTEXT(2) 
PARAMETRIC_REPRESENTATION_CONTEXT() REPRESENTATION_CONTEXT('2D SPACE',''
  ) );
#213 = PCURVE('',#214,#219);
#214 = TOROIDAL_SURFACE('',#215,48.5,1.5);
#215 = AXIS2_PLACEMENT_3D('',#216,#217,#218);
#216 = CARTESIAN_POINT('',(0.,0.,29.5));
#217 = DIRECTION('',(0.,0.,1.));
#218 = DIRECTION('',(1.,0.,-0.));
#219 = DEFINITIONAL_REPRESENTATION('',(#220),#224);
#220 = LINE('',#221,#222);
#221 = CARTESIAN_POINT('',(0.,0.));
#222 = VECTOR('',#223,1.);
#223 = DIRECTION('',(1.,0.));
#224 = ( GEOMETRIC_REPRESENTATION_CONTEXT(2) 
PARAMETRIC_REPRESENTATION_CONTEXT() REPRESENTATION_CONTEXT('2D SPACE',''
  ) );
#225 = ORIENTED_EDGE('',*,*,#226,.T.);
#226 = EDGE_CURVE('',#198,#24,#227,.T.);
#227 = SURFACE_CURVE('',#228,(#232,#238),.PCURVE_S1.);
#228 = LINE('',#229,#230);
#229 = CARTESIAN_POINT('',(13.,-48.28043081829,-11.));
#230 = VECTOR('',#231,1.);
#231 = DIRECTION('',(-0.,-0.,-1.));
#232 = PCURVE('',#33,#233);
#233 = DEFINITIONAL_REPRESENTATION('',(#234),#237);
#234 = B_SPLINE_CURVE_WITH_KNOTS('',1,(#235,#236),.UNSPECIFIED.,.F.,.F.,
  (2,2),(-40.5000006,-1.4999994),.PIECEWISE_BEZIER_KNOTS.);
#235 = CARTESIAN_POINT('',(-4.975411183293,-40.5000006));
#236 = CARTESIAN_POINT('',(-4.975411183293,-1.4999994));
#237 = ( GEOMETRIC_REPRESENTATION_CONTEXT(2) 
PARAMETRIC_REPRESENTATION_CONTEXT() REPRESENTATION_CONTEXT('2D SPACE',''
  ) );
#238 = PCURVE('',#239,#244);
#239 = PLANE('',#240);
#240 = AXIS2_PLACEMENT_3D('',#241,#242,#243);
#241 = CARTESIAN_POINT('',(13.,-54.,-12.));
#242 = DIRECTION('',(1.,0.,0.));
#243 = DIRECTION('',(0.,0.,1.));
#244 = DEFINITIONAL_REPRESENTATION('',(#245),#248);
#245 = B_SPLINE_CURVE_WITH_KNOTS('',1,(#246,#247),.UNSPECIFIED.,.F.,.F.,
  (2,2),(-40.5000006,-1.4999994),.PIECEWISE_BEZIER_KNOTS.);
#246 = CARTESIAN_POINT('',(41.5000006,-5.719569181707));
#247 = CARTESIAN_POINT('',(2.4999994,-5.719569181707));
#248 = ( GEOMETRIC_REPRESENTATION_CONTEXT(2) 
PARAMETRIC_REPRESENTATION_CONTEXT() REPRESENTATION_CONTEXT('2D SPACE',''
  ) );
#249 = ADVANCED_FACE('',(#250),#45,.T.);
#250 = FACE_BOUND('',#251,.F.);
#251 = EDGE_LOOP('',(#252,#332,#333,#413));
#252 = ORIENTED_EDGE('',*,*,#253,.F.);
#253 = EDGE_CURVE('',#22,#254,#256,.T.);
#254 = VERTEX_POINT('',#255);
#255 = CARTESIAN_POINT('',(-13.,-46.72526083394,-11.));
#256 = SURFACE_CURVE('',#257,(#280,#306),.PCURVE_S1.);
#257 = B_SPLINE_CURVE_WITH_KNOTS('',6,(#258,#259,#260,#261,#262,#263,
    #264,#265,#266,#267,#268,#269,#270,#271,#272,#273,#274,#275,#276,
    #277,#278,#279),.UNSPECIFIED.,.F.,.F.,(7,5,5,5,7),(0.,0.333065945298
    ,0.502517828356,0.67411009807,1.),.UNSPECIFIED.);
#258 = CARTESIAN_POINT('',(-13.,-48.28043081829,-9.5));
#259 = CARTESIAN_POINT('',(-13.,-48.28043081829,-9.632482523816));
#260 = CARTESIAN_POINT('',(-13.,-48.26588930569,-9.764992310503));
#261 = CARTESIAN_POINT('',(-13.,-48.23679598975,-9.895510375016));
#262 = CARTESIAN_POINT('',(-13.,-48.19358982589,-10.02212952394));
#263 = CARTESIAN_POINT('',(-13.,-48.13702768265,-10.1430691814));
#264 = CARTESIAN_POINT('',(-13.,-48.03323545331,-10.31454870086));
#265 = CARTESIAN_POINT('',(-13.,-47.99506563139,-10.37049481915));
#266 = CARTESIAN_POINT('',(-13.,-47.95386825355,-10.4243574396));
#267 = CARTESIAN_POINT('',(-13.,-47.90980338273,-10.47594887316));
#268 = CARTESIAN_POINT('',(-13.,-47.86304599658,-10.5250990415));
#269 = CARTESIAN_POINT('',(-13.,-47.76389930569,-10.61879908701));
#270 = CARTESIAN_POINT('',(-13.,-47.71144548076,-10.66328381435));
#271 = CARTESIAN_POINT('',(-13.,-47.65661687176,-10.70495090182));
#272 = CARTESIAN_POINT('',(-13.,-47.59961843944,-10.74366261583));
#273 = CARTESIAN_POINT('',(-13.,-47.54066370236,-10.7793006869));
#274 = CARTESIAN_POINT('',(-13.,-47.36470829219,-10.87342213483));
#275 = CARTESIAN_POINT('',(-13.,-47.24317673622,-10.9236347486));
#276 = CARTESIAN_POINT('',(-13.,-47.11689089711,-10.96171574801));
#277 = CARTESIAN_POINT('',(-13.,-46.98741662146,-10.98724224171));
#278 = CARTESIAN_POINT('',(-13.,-46.85633963995,-11.));
#279 = CARTESIAN_POINT('',(-13.,-46.72526083394,-11.));
#280 = PCURVE('',#45,#281);
#281 = DEFINITIONAL_REPRESENTATION('',(#282),#305);
#282 = B_SPLINE_CURVE_WITH_KNOTS('',6,(#283,#284,#285,#286,#287,#288,
    #289,#290,#291,#292,#293,#294,#295,#296,#297,#298,#299,#300,#301,
    #302,#303,#304),.UNSPECIFIED.,.F.,.F.,(7,5,5,5,7),(0.,0.333065945298
    ,0.502517828356,0.67411009807,1.),.UNSPECIFIED.);
#283 = CARTESIAN_POINT('',(-4.449366777476,0.));
#284 = CARTESIAN_POINT('',(-4.449366777476,8.832168254396E-02));
#285 = CARTESIAN_POINT('',(-4.44929116153,0.176661288889));
#286 = CARTESIAN_POINT('',(-4.449139876722,0.264914731333));
#287 = CARTESIAN_POINT('',(-4.448914884749,0.353046983422));
#288 = CARTESIAN_POINT('',(-4.448619490795,0.441027316953));
#289 = CARTESIAN_POINT('',(-4.448075321025,0.573430413173));
#290 = CARTESIAN_POINT('',(-4.447874902576,0.618025268536));
#291 = CARTESIAN_POINT('',(-4.447658209867,0.662563090322));
#292 = CARTESIAN_POINT('',(-4.447425971591,0.707041810435));
#293 = CARTESIAN_POINT('',(-4.447178992991,0.751460655479));
#294 = CARTESIAN_POINT('',(-4.446654013733,0.840737043828));
#295 = CARTESIAN_POINT('',(-4.446375656197,0.885593805305));
#296 = CARTESIAN_POINT('',(-4.446083986745,0.930388511675));
#297 = CARTESIAN_POINT('',(-4.445779973629,0.975123103083));
#298 = CARTESIAN_POINT('',(-4.445464641261,1.019800782715));
#299 = CARTESIAN_POINT('',(-4.444520732051,1.149175408792));
#300 = CARTESIAN_POINT('',(-4.44386542708,1.233736271477));
#301 = CARTESIAN_POINT('',(-4.443180550084,1.318128182718));
#302 = CARTESIAN_POINT('',(-4.44247399657,1.402400836998));
#303 = CARTESIAN_POINT('',(-4.441754110367,1.486608128844));
#304 = CARTESIAN_POINT('',(-4.441029687165,1.570796326795));
#305 = ( GEOMETRIC_REPRESENTATION_CONTEXT(2) 
PARAMETRIC_REPRESENTATION_CONTEXT() REPRESENTATION_CONTEXT('2D SPACE',''
  ) );
#306 = PCURVE('',#72,#307);
#307 = DEFINITIONAL_REPRESENTATION('',(#308),#331);
#308 = B_SPLINE_CURVE_WITH_KNOTS('',6,(#309,#310,#311,#312,#313,#314,
    #315,#316,#317,#318,#319,#320,#321,#322,#323,#324,#325,#326,#327,
    #328,#329,#330),.UNSPECIFIED.,.F.,.F.,(7,5,5,5,7),(0.,0.333065945298
    ,0.502517828356,0.67411009807,1.),.UNSPECIFIED.);
#309 = CARTESIAN_POINT('',(2.5,-5.719569181707));
#310 = CARTESIAN_POINT('',(2.367517476184,-5.719569181707));
#311 = CARTESIAN_POINT('',(2.235007689497,-5.734110694303));
#312 = CARTESIAN_POINT('',(2.104489624984,-5.763204010248));
#313 = CARTESIAN_POINT('',(1.977870476051,-5.806410174104));
#314 = CARTESIAN_POINT('',(1.856930818599,-5.862972317341));
#315 = CARTESIAN_POINT('',(1.68545129914,-5.966764546686));
#316 = CARTESIAN_POINT('',(1.629505180848,-6.004934368608));
#317 = CARTESIAN_POINT('',(1.5756425604,-6.046131746442));
#318 = CARTESIAN_POINT('',(1.524051126837,-6.090196617262));
#319 = CARTESIAN_POINT('',(1.474900958491,-6.136954003412));
#320 = CARTESIAN_POINT('',(1.381200912989,-6.236100694309));
#321 = CARTESIAN_POINT('',(1.336716185642,-6.288554519233));
#322 = CARTESIAN_POINT('',(1.295049098172,-6.343383128236));
#323 = CARTESIAN_POINT('',(1.256337384168,-6.400381560558));
#324 = CARTESIAN_POINT('',(1.220699313098,-6.459336297634));
#325 = CARTESIAN_POINT('',(1.126577865162,-6.63529170781));
#326 = CARTESIAN_POINT('',(1.076365251397,-6.756823263779));
#327 = CARTESIAN_POINT('',(1.038284251983,-6.883109102884));
#328 = CARTESIAN_POINT('',(1.012757758283,-7.01258337854));
#329 = CARTESIAN_POINT('',(1.,-7.143660360041));
#330 = CARTESIAN_POINT('',(1.,-7.274739166057));
#331 = ( GEOMETRIC_REPRESENTATION_CONTEXT(2) 
PARAMETRIC_REPRESENTATION_CONTEXT() REPRESENTATION_CONTEXT('2D SPACE',''
  ) );
#332 = ORIENTED_EDGE('',*,*,#21,.T.);
#333 = ORIENTED_EDGE('',*,*,#334,.T.);
#334 = EDGE_CURVE('',#24,#335,#337,.T.);
#335 = VERTEX_POINT('',#336);
#336 = CARTESIAN_POINT('',(13.,-46.72526083394,-11.));
#337 = SURFACE_CURVE('',#338,(#361,#387),.PCURVE_S1.);
#338 = B_SPLINE_CURVE_WITH_KNOTS('',6,(#339,#340,#341,#342,#343,#344,
    #345,#346,#347,#348,#349,#350,#351,#352,#353,#354,#355,#356,#357,
    #358,#359,#360),.UNSPECIFIED.,.F.,.F.,(7,5,5,5,7),(0.,0.333065945406
    ,0.502517828465,0.67411009818,1.),.UNSPECIFIED.);
#339 = CARTESIAN_POINT('',(13.,-48.28043081829,-9.5));
#340 = CARTESIAN_POINT('',(13.,-48.28043081829,-9.632482523859));
#341 = CARTESIAN_POINT('',(13.,-48.26588930568,-9.764992310589));
#342 = CARTESIAN_POINT('',(13.,-48.23679598972,-9.895510375144));
#343 = CARTESIAN_POINT('',(13.,-48.19358982584,-10.02212952411));
#344 = CARTESIAN_POINT('',(13.,-48.13702768256,-10.14306918159));
#345 = CARTESIAN_POINT('',(13.,-48.03323545316,-10.31454870107));
#346 = CARTESIAN_POINT('',(13.,-47.99506563123,-10.37049481936));
#347 = CARTESIAN_POINT('',(13.,-47.95386825339,-10.4243574398));
#348 = CARTESIAN_POINT('',(13.,-47.90980338256,-10.47594887335));
#349 = CARTESIAN_POINT('',(13.,-47.8630459964,-10.52509904169));
#350 = CARTESIAN_POINT('',(13.,-47.76389930549,-10.61879908718));
#351 = CARTESIAN_POINT('',(13.,-47.71144548056,-10.66328381452));
#352 = CARTESIAN_POINT('',(13.,-47.65661687154,-10.70495090198));
#353 = CARTESIAN_POINT('',(13.,-47.59961843922,-10.74366261597));
#354 = CARTESIAN_POINT('',(13.,-47.54066370213,-10.77930068703));
#355 = CARTESIAN_POINT('',(13.,-47.36470829198,-10.87342213492));
#356 = CARTESIAN_POINT('',(13.,-47.24317673605,-10.92363474865));
#357 = CARTESIAN_POINT('',(13.,-47.11689089698,-10.96171574804));
#358 = CARTESIAN_POINT('',(13.,-46.98741662137,-10.98724224172));
#359 = CARTESIAN_POINT('',(13.,-46.85633963991,-11.));
#360 = CARTESIAN_POINT('',(13.,-46.72526083394,-11.));
#361 = PCURVE('',#45,#362);
#362 = DEFINITIONAL_REPRESENTATION('',(#363),#386);
#363 = B_SPLINE_CURVE_WITH_KNOTS('',6,(#364,#365,#366,#367,#368,#369,
    #370,#371,#372,#373,#374,#375,#376,#377,#378,#379,#380,#381,#382,
    #383,#384,#385),.UNSPECIFIED.,.F.,.F.,(7,5,5,5,7),(0.,0.333065945406
    ,0.502517828465,0.67411009818,1.),.UNSPECIFIED.);
#364 = CARTESIAN_POINT('',(-4.975411183293,0.));
#365 = CARTESIAN_POINT('',(-4.975411183293,8.832168257291E-02));
#366 = CARTESIAN_POINT('',(-4.97548679924,0.176661288946));
#367 = CARTESIAN_POINT('',(-4.975638084047,0.26491473142));
#368 = CARTESIAN_POINT('',(-4.975863076021,0.353046983536));
#369 = CARTESIAN_POINT('',(-4.976158469975,0.441027317097));
#370 = CARTESIAN_POINT('',(-4.976702639746,0.573430413345));
#371 = CARTESIAN_POINT('',(-4.976903058194,0.618025268708));
#372 = CARTESIAN_POINT('',(-4.977119750903,0.662563090494));
#373 = CARTESIAN_POINT('',(-4.977351989179,0.707041810607));
#374 = CARTESIAN_POINT('',(-4.97759896778,0.751460655651));
#375 = CARTESIAN_POINT('',(-4.978123947038,0.840737044));
#376 = CARTESIAN_POINT('',(-4.978402304574,0.885593805477));
#377 = CARTESIAN_POINT('',(-4.978693974026,0.930388511847));
#378 = CARTESIAN_POINT('',(-4.978997987142,0.975123103255));
#379 = CARTESIAN_POINT('',(-4.97931331951,1.019800782886));
#380 = CARTESIAN_POINT('',(-4.980257228719,1.149175408935));
#381 = CARTESIAN_POINT('',(-4.980912533691,1.233736271591));
#382 = CARTESIAN_POINT('',(-4.981597410686,1.318128182804));
#383 = CARTESIAN_POINT('',(-4.9823039642,1.402400837055));
#384 = CARTESIAN_POINT('',(-4.983023850402,1.486608128873));
#385 = CARTESIAN_POINT('',(-4.983748273604,1.570796326795));
#386 = ( GEOMETRIC_REPRESENTATION_CONTEXT(2) 
PARAMETRIC_REPRESENTATION_CONTEXT() REPRESENTATION_CONTEXT('2D SPACE',''
  ) );
#387 = PCURVE('',#239,#388);
#388 = DEFINITIONAL_REPRESENTATION('',(#389),#412);
#389 = B_SPLINE_CURVE_WITH_KNOTS('',6,(#390,#391,#392,#393,#394,#395,
    #396,#397,#398,#399,#400,#401,#402,#403,#404,#405,#406,#407,#408,
    #409,#410,#411),.UNSPECIFIED.,.F.,.F.,(7,5,5,5,7),(0.,0.333065945406
    ,0.502517828465,0.67411009818,1.),.UNSPECIFIED.);
#390 = CARTESIAN_POINT('',(2.5,-5.719569181707));
#391 = CARTESIAN_POINT('',(2.367517476141,-5.719569181707));
#392 = CARTESIAN_POINT('',(2.235007689411,-5.734110694312));
#393 = CARTESIAN_POINT('',(2.104489624856,-5.763204010277));
#394 = CARTESIAN_POINT('',(1.977870475886,-5.80641017416));
#395 = CARTESIAN_POINT('',(1.856930818401,-5.862972317433));
#396 = CARTESIAN_POINT('',(1.685451298923,-5.966764546832));
#397 = CARTESIAN_POINT('',(1.629505180637,-6.004934368763));
#398 = CARTESIAN_POINT('',(1.575642560197,-6.046131746607));
#399 = CARTESIAN_POINT('',(1.524051126641,-6.090196617436));
#400 = CARTESIAN_POINT('',(1.474900958302,-6.136954003595));
#401 = CARTESIAN_POINT('',(1.381200912817,-6.236100694509));
#402 = CARTESIAN_POINT('',(1.336716185478,-6.28855451944));
#403 = CARTESIAN_POINT('',(1.295049098018,-6.343383128451));
#404 = CARTESIAN_POINT('',(1.256337384023,-6.400381560779));
#405 = CARTESIAN_POINT('',(1.220699312963,-6.459336297862));
#406 = CARTESIAN_POINT('',(1.126577865077,-6.635291708015));
#407 = CARTESIAN_POINT('',(1.076365251345,-6.75682326395));
#408 = CARTESIAN_POINT('',(1.038284251957,-6.883109103015));
#409 = CARTESIAN_POINT('',(1.012757758274,-7.012583378628));
#410 = CARTESIAN_POINT('',(1.,-7.143660360086));
#411 = CARTESIAN_POINT('',(1.,-7.274739166057));
#412 = ( GEOMETRIC_REPRESENTATION_CONTEXT(2) 
PARAMETRIC_REPRESENTATION_CONTEXT() REPRESENTATION_CONTEXT('2D SPACE',''
  ) );
#413 = ORIENTED_EDGE('',*,*,#414,.F.);
#414 = EDGE_CURVE('',#254,#335,#415,.T.);
#415 = SURFACE_CURVE('',#416,(#421,#428),.PCURVE_S1.);
#416 = CIRCLE('',#417,48.5);
#417 = AXIS2_PLACEMENT_3D('',#418,#419,#420);
#418 = CARTESIAN_POINT('',(0.,0.,-11.));
#419 = DIRECTION('',(0.,0.,1.));
#420 = DIRECTION('',(1.,0.,-0.));
#421 = PCURVE('',#45,#422);
#422 = DEFINITIONAL_REPRESENTATION('',(#423),#427);
#423 = LINE('',#424,#425);
#424 = CARTESIAN_POINT('',(-0.,1.570796326795));
#425 = VECTOR('',#426,1.);
#426 = DIRECTION('',(-1.,0.));
#427 = ( GEOMETRIC_REPRESENTATION_CONTEXT(2) 
PARAMETRIC_REPRESENTATION_CONTEXT() REPRESENTATION_CONTEXT('2D SPACE',''
  ) );
#428 = PCURVE('',#429,#434);
#429 = PLANE('',#430);
#430 = AXIS2_PLACEMENT_3D('',#431,#432,#433);
#431 = CARTESIAN_POINT('',(-1.75032336965E-15,3.209892110372E-15,-11.));
#432 = DIRECTION('',(0.,0.,1.));
#433 = DIRECTION('',(1.,0.,-0.));
#434 = DEFINITIONAL_REPRESENTATION('',(#435),#439);
#435 = CIRCLE('',#436,48.5);
#436 = AXIS2_PLACEMENT_2D('',#437,#438);
#437 = CARTESIAN_POINT('',(1.75032336965E-15,-3.209892110372E-15));
#438 = DIRECTION('',(1.,0.));
#439 = ( GEOMETRIC_REPRESENTATION_CONTEXT(2) 
PARAMETRIC_REPRESENTATION_CONTEXT() REPRESENTATION_CONTEXT('2D SPACE',''
  ) );
#440 = ADVANCED_FACE('',(#441),#239,.T.);
#441 = FACE_BOUND('',#442,.T.);
#442 = EDGE_LOOP('',(#443,#523,#524,#525,#546,#572));
#443 = ORIENTED_EDGE('',*,*,#444,.F.);
#444 = EDGE_CURVE('',#198,#445,#447,.T.);
#445 = VERTEX_POINT('',#446);
#446 = CARTESIAN_POINT('',(13.,-46.72526083394,31.));
#447 = SURFACE_CURVE('',#448,(#471,#497),.PCURVE_S1.);
#448 = B_SPLINE_CURVE_WITH_KNOTS('',6,(#449,#450,#451,#452,#453,#454,
    #455,#456,#457,#458,#459,#460,#461,#462,#463,#464,#465,#466,#467,
    #468,#469,#470),.UNSPECIFIED.,.F.,.F.,(7,5,5,5,7),(0.,0.333065945407
    ,0.502517828465,0.67411009818,1.),.UNSPECIFIED.);
#449 = CARTESIAN_POINT('',(13.,-48.28043081829,29.5));
#450 = CARTESIAN_POINT('',(13.,-48.28043081829,29.632482523859));
#451 = CARTESIAN_POINT('',(13.,-48.26588930568,29.764992310589));
#452 = CARTESIAN_POINT('',(13.,-48.23679598972,29.895510375144));
#453 = CARTESIAN_POINT('',(13.,-48.19358982584,30.022129524115));
#454 = CARTESIAN_POINT('',(13.,-48.13702768256,30.143069181599));
#455 = CARTESIAN_POINT('',(13.,-48.03323545316,30.314548701077));
#456 = CARTESIAN_POINT('',(13.,-47.99506563123,30.370494819363));
#457 = CARTESIAN_POINT('',(13.,-47.95386825339,30.424357439803));
#458 = CARTESIAN_POINT('',(13.,-47.90980338256,30.475948873359));
#459 = CARTESIAN_POINT('',(13.,-47.8630459964,30.525099041698));
#460 = CARTESIAN_POINT('',(13.,-47.76389930549,30.618799087183));
#461 = CARTESIAN_POINT('',(13.,-47.71144548056,30.663283814522));
#462 = CARTESIAN_POINT('',(13.,-47.65661687154,30.704950901982));
#463 = CARTESIAN_POINT('',(13.,-47.59961843922,30.743662615977));
#464 = CARTESIAN_POINT('',(13.,-47.54066370213,30.779300687037));
#465 = CARTESIAN_POINT('',(13.,-47.36470829198,30.873422134923));
#466 = CARTESIAN_POINT('',(13.,-47.24317673605,30.923634748655));
#467 = CARTESIAN_POINT('',(13.,-47.11689089698,30.961715748043));
#468 = CARTESIAN_POINT('',(13.,-46.98741662137,30.987242241726));
#469 = CARTESIAN_POINT('',(13.,-46.85633963991,31.));
#470 = CARTESIAN_POINT('',(13.,-46.72526083394,31.));
#471 = PCURVE('',#239,#472);
#472 = DEFINITIONAL_REPRESENTATION('',(#473),#496);
#473 = B_SPLINE_CURVE_WITH_KNOTS('',6,(#474,#475,#476,#477,#478,#479,
    #480,#481,#482,#483,#484,#485,#486,#487,#488,#489,#490,#491,#492,
    #493,#494,#495),.UNSPECIFIED.,.F.,.F.,(7,5,5,5,7),(0.,0.333065945407
    ,0.502517828465,0.67411009818,1.),.UNSPECIFIED.);
#474 = CARTESIAN_POINT('',(41.5,-5.719569181707));
#475 = CARTESIAN_POINT('',(41.632482523859,-5.719569181707));
#476 = CARTESIAN_POINT('',(41.764992310589,-5.734110694312));
#477 = CARTESIAN_POINT('',(41.895510375144,-5.763204010277));
#478 = CARTESIAN_POINT('',(42.022129524115,-5.80641017416));
#479 = CARTESIAN_POINT('',(42.143069181599,-5.862972317433));
#480 = CARTESIAN_POINT('',(42.314548701077,-5.966764546832));
#481 = CARTESIAN_POINT('',(42.370494819363,-6.004934368763));
#482 = CARTESIAN_POINT('',(42.424357439803,-6.046131746607));
#483 = CARTESIAN_POINT('',(42.475948873359,-6.090196617436));
#484 = CARTESIAN_POINT('',(42.525099041698,-6.136954003595));
#485 = CARTESIAN_POINT('',(42.618799087183,-6.236100694509));
#486 = CARTESIAN_POINT('',(42.663283814522,-6.28855451944));
#487 = CARTESIAN_POINT('',(42.704950901982,-6.343383128451));
#488 = CARTESIAN_POINT('',(42.743662615977,-6.400381560779));
#489 = CARTESIAN_POINT('',(42.779300687037,-6.459336297862));
#490 = CARTESIAN_POINT('',(42.873422134923,-6.635291708015));
#491 = CARTESIAN_POINT('',(42.923634748655,-6.75682326395));
#492 = CARTESIAN_POINT('',(42.961715748043,-6.883109103015));
#493 = CARTESIAN_POINT('',(42.987242241726,-7.012583378628));
#494 = CARTESIAN_POINT('',(43.,-7.143660360086));
#495 = CARTESIAN_POINT('',(43.,-7.274739166057));
#496 = ( GEOMETRIC_REPRESENTATION_CONTEXT(2) 
PARAMETRIC_REPRESENTATION_CONTEXT() REPRESENTATION_CONTEXT('2D SPACE',''
  ) );
#497 = PCURVE('',#214,#498);
#498 = DEFINITIONAL_REPRESENTATION('',(#499),#522);
#499 = B_SPLINE_CURVE_WITH_KNOTS('',6,(#500,#501,#502,#503,#504,#505,
    #506,#507,#508,#509,#510,#511,#512,#513,#514,#515,#516,#517,#518,
    #519,#520,#521),.UNSPECIFIED.,.F.,.F.,(7,5,5,5,7),(0.,0.333065945407
    ,0.502517828465,0.67411009818,1.),.UNSPECIFIED.);
#500 = CARTESIAN_POINT('',(4.975411183293,0.));
#501 = CARTESIAN_POINT('',(4.975411183293,8.832168257281E-02));
#502 = CARTESIAN_POINT('',(4.97548679924,0.176661288947));
#503 = CARTESIAN_POINT('',(4.975638084047,0.26491473142));
#504 = CARTESIAN_POINT('',(4.975863076021,0.353046983537));
#505 = CARTESIAN_POINT('',(4.976158469975,0.441027317097));
#506 = CARTESIAN_POINT('',(4.976702639746,0.573430413345));
#507 = CARTESIAN_POINT('',(4.976903058194,0.618025268708));
#508 = CARTESIAN_POINT('',(4.977119750903,0.662563090494));
#509 = CARTESIAN_POINT('',(4.977351989179,0.707041810607));
#510 = CARTESIAN_POINT('',(4.97759896778,0.751460655651));
#511 = CARTESIAN_POINT('',(4.978123947038,0.840737044));
#512 = CARTESIAN_POINT('',(4.978402304574,0.885593805477));
#513 = CARTESIAN_POINT('',(4.978693974026,0.930388511847));
#514 = CARTESIAN_POINT('',(4.978997987142,0.975123103255));
#515 = CARTESIAN_POINT('',(4.97931331951,1.019800782886));
#516 = CARTESIAN_POINT('',(4.980257228719,1.149175408935));
#517 = CARTESIAN_POINT('',(4.980912533691,1.233736271591));
#518 = CARTESIAN_POINT('',(4.981597410686,1.318128182804));
#519 = CARTESIAN_POINT('',(4.9823039642,1.402400837055));
#520 = CARTESIAN_POINT('',(4.983023850402,1.486608128873));
#521 = CARTESIAN_POINT('',(4.983748273604,1.570796326795));
#522 = ( GEOMETRIC_REPRESENTATION_CONTEXT(2) 
PARAMETRIC_REPRESENTATION_CONTEXT() REPRESENTATION_CONTEXT('2D SPACE',''
  ) );
#523 = ORIENTED_EDGE('',*,*,#226,.T.);
#524 = ORIENTED_EDGE('',*,*,#334,.T.);
#525 = ORIENTED_EDGE('',*,*,#526,.T.);
#526 = EDGE_CURVE('',#335,#527,#529,.T.);
#527 = VERTEX_POINT('',#528);
#528 = CARTESIAN_POINT('',(13.,-41.73215938588,-11.));
#529 = SURFACE_CURVE('',#530,(#534,#540),.PCURVE_S1.);
#530 = LINE('',#531,#532);
#531 = CARTESIAN_POINT('',(13.,-27.,-11.));
#532 = VECTOR('',#533,1.);
#533 = DIRECTION('',(0.,1.,0.));
#534 = PCURVE('',#239,#535);
#535 = DEFINITIONAL_REPRESENTATION('',(#536),#539);
#536 = B_SPLINE_CURVE_WITH_KNOTS('',1,(#537,#538),.UNSPECIFIED.,.F.,.F.,
  (2,2),(-21.5,-11.),.PIECEWISE_BEZIER_KNOTS.);
#537 = CARTESIAN_POINT('',(1.,-5.5));
#538 = CARTESIAN_POINT('',(1.,-16.));
#539 = ( GEOMETRIC_REPRESENTATION_CONTEXT(2) 
PARAMETRIC_REPRESENTATION_CONTEXT() REPRESENTATION_CONTEXT('2D SPACE',''
  ) );
#540 = PCURVE('',#429,#541);
#541 = DEFINITIONAL_REPRESENTATION('',(#542),#545);
#542 = B_SPLINE_CURVE_WITH_KNOTS('',1,(#543,#544),.UNSPECIFIED.,.F.,.F.,
  (2,2),(-21.5,-11.),.PIECEWISE_BEZIER_KNOTS.);
#543 = CARTESIAN_POINT('',(13.,-48.5));
#544 = CARTESIAN_POINT('',(13.,-38.));
#545 = ( GEOMETRIC_REPRESENTATION_CONTEXT(2) 
PARAMETRIC_REPRESENTATION_CONTEXT() REPRESENTATION_CONTEXT('2D SPACE',''
  ) );
#546 = ORIENTED_EDGE('',*,*,#547,.F.);
#547 = EDGE_CURVE('',#548,#527,#550,.T.);
#548 = VERTEX_POINT('',#549);
#549 = CARTESIAN_POINT('',(13.,-41.73215938588,31.));
#550 = SURFACE_CURVE('',#551,(#555,#561),.PCURVE_S1.);
#551 = LINE('',#552,#553);
#552 = CARTESIAN_POINT('',(13.,-41.73215938588,-30.));
#553 = VECTOR('',#554,1.);
#554 = DIRECTION('',(-0.,-0.,-1.));
#555 = PCURVE('',#239,#556);
#556 = DEFINITIONAL_REPRESENTATION('',(#557),#560);
#557 = B_SPLINE_CURVE_WITH_KNOTS('',1,(#558,#559),.UNSPECIFIED.,.F.,.F.,
  (2,2),(-61.0000006,-18.9999994),.PIECEWISE_BEZIER_KNOTS.);
#558 = CARTESIAN_POINT('',(43.0000006,-12.26784061411));
#559 = CARTESIAN_POINT('',(0.9999994,-12.26784061411));
#560 = ( GEOMETRIC_REPRESENTATION_CONTEXT(2) 
PARAMETRIC_REPRESENTATION_CONTEXT() REPRESENTATION_CONTEXT('2D SPACE',''
  ) );
#561 = PCURVE('',#562,#567);
#562 = CYLINDRICAL_SURFACE('',#563,4.2);
#563 = AXIS2_PLACEMENT_3D('',#564,#565,#566);
#564 = CARTESIAN_POINT('',(13.680805733027,-37.58770483143,-30.));
#565 = DIRECTION('',(-0.,-0.,-1.));
#566 = DIRECTION('',(1.,0.,0.));
#567 = DEFINITIONAL_REPRESENTATION('',(#568),#571);
#568 = B_SPLINE_CURVE_WITH_KNOTS('',1,(#569,#570),.UNSPECIFIED.,.F.,.F.,
  (2,2),(-61.0000006,-18.9999994),.PIECEWISE_BEZIER_KNOTS.);
#569 = CARTESIAN_POINT('',(-4.549573993973,-61.0000006));
#570 = CARTESIAN_POINT('',(-4.549573993973,-18.9999994));
#571 = ( GEOMETRIC_REPRESENTATION_CONTEXT(2) 
PARAMETRIC_REPRESENTATION_CONTEXT() REPRESENTATION_CONTEXT('2D SPACE',''
  ) );
#572 = ORIENTED_EDGE('',*,*,#573,.F.);
#573 = EDGE_CURVE('',#445,#548,#574,.T.);
#574 = SURFACE_CURVE('',#575,(#579,#585),.PCURVE_S1.);
#575 = LINE('',#576,#577);
#576 = CARTESIAN_POINT('',(13.,-27.,31.));
#577 = VECTOR('',#578,1.);
#578 = DIRECTION('',(0.,1.,0.));
#579 = PCURVE('',#239,#580);
#580 = DEFINITIONAL_REPRESENTATION('',(#581),#584);
#581 = B_SPLINE_CURVE_WITH_KNOTS('',1,(#582,#583),.UNSPECIFIED.,.F.,.F.,
  (2,2),(-21.3,-11.),.PIECEWISE_BEZIER_KNOTS.);
#582 = CARTESIAN_POINT('',(43.,-5.7));
#583 = CARTESIAN_POINT('',(43.,-16.));
#584 = ( GEOMETRIC_REPRESENTATION_CONTEXT(2) 
PARAMETRIC_REPRESENTATION_CONTEXT() REPRESENTATION_CONTEXT('2D SPACE',''
  ) );
#585 = PCURVE('',#586,#591);
#586 = PLANE('',#587);
#587 = AXIS2_PLACEMENT_3D('',#588,#589,#590);
#588 = CARTESIAN_POINT('',(-1.75032336965E-15,3.209892110372E-15,31.));
#589 = DIRECTION('',(0.,0.,1.));
#590 = DIRECTION('',(1.,0.,-0.));
#591 = DEFINITIONAL_REPRESENTATION('',(#592),#595);
#592 = B_SPLINE_CURVE_WITH_KNOTS('',1,(#593,#594),.UNSPECIFIED.,.F.,.F.,
  (2,2),(-21.3,-11.),.PIECEWISE_BEZIER_KNOTS.);
#593 = CARTESIAN_POINT('',(13.,-48.3));
#594 = CARTESIAN_POINT('',(13.,-38.));
#595 = ( GEOMETRIC_REPRESENTATION_CONTEXT(2) 
PARAMETRIC_REPRESENTATION_CONTEXT() REPRESENTATION_CONTEXT('2D SPACE',''
  ) );
#596 = ADVANCED_FACE('',(#597),#214,.T.);
#597 = FACE_BOUND('',#598,.T.);
#598 = EDGE_LOOP('',(#599,#679,#680,#681));
#599 = ORIENTED_EDGE('',*,*,#600,.F.);
#600 = EDGE_CURVE('',#172,#601,#603,.T.);
#601 = VERTEX_POINT('',#602);
#602 = CARTESIAN_POINT('',(4.4,-48.3,31.));
#603 = SURFACE_CURVE('',#604,(#627,#653),.PCURVE_S1.);
#604 = B_SPLINE_CURVE_WITH_KNOTS('',6,(#605,#606,#607,#608,#609,#610,
    #611,#612,#613,#614,#615,#616,#617,#618,#619,#620,#621,#622,#623,
    #624,#625,#626),.UNSPECIFIED.,.F.,.F.,(7,5,5,5,7),(0.,0.344231816614
    ,0.515180214481,0.685253871761,1.),.UNSPECIFIED.);
#605 = CARTESIAN_POINT('',(4.4,-49.80602373207,29.5));
#606 = CARTESIAN_POINT('',(4.4,-49.80602373207,29.635365655994));
#607 = CARTESIAN_POINT('',(4.4,-49.79130748961,29.770752317924));
#608 = CARTESIAN_POINT('',(4.4,-49.7618669734,29.904117187173));
#609 = CARTESIAN_POINT('',(4.4,-49.71809266049,30.033495815805));
#610 = CARTESIAN_POINT('',(4.4,-49.66068197742,30.157013650826));
#611 = CARTESIAN_POINT('',(4.4,-49.55595496148,30.330509650876));
#612 = CARTESIAN_POINT('',(4.4,-49.5181021882,30.386212312494));
#613 = CARTESIAN_POINT('',(4.4,-49.47727537731,30.439839189263));
#614 = CARTESIAN_POINT('',(4.4,-49.43362000432,30.4911951782));
#615 = CARTESIAN_POINT('',(4.4,-49.38729828803,30.540099261754));
#616 = CARTESIAN_POINT('',(4.4,-49.28992829435,30.632434154077));
#617 = CARTESIAN_POINT('',(4.4,-49.23890457868,30.675892484232));
#618 = CARTESIAN_POINT('',(4.4,-49.18559274627,30.716596476762));
#619 = CARTESIAN_POINT('',(4.4,-49.13018112908,30.754399514243));
#620 = CARTESIAN_POINT('',(4.4,-49.07287003956,30.789172368816));
#621 = CARTESIAN_POINT('',(4.4,-48.90468438285,30.879341712027));
#622 = CARTESIAN_POINT('',(4.4,-48.78970464848,30.927126468487));
#623 = CARTESIAN_POINT('',(4.4,-48.6702862763,30.963439294711));
#624 = CARTESIAN_POINT('',(4.4,-48.54786508914,30.98781476526));
#625 = CARTESIAN_POINT('',(4.4,-48.42392707216,31.));
#626 = CARTESIAN_POINT('',(4.4,-48.3,31.));
#627 = PCURVE('',#214,#628);
#628 = DEFINITIONAL_REPRESENTATION('',(#629),#652);
#629 = B_SPLINE_CURVE_WITH_KNOTS('',6,(#630,#631,#632,#633,#634,#635,
    #636,#637,#638,#639,#640,#641,#642,#643,#644,#645,#646,#647,#648,
    #649,#650,#651),.UNSPECIFIED.,.F.,.F.,(7,5,5,5,7),(0.,0.344231816614
    ,0.515180214481,0.685253871761,1.),.UNSPECIFIED.);
#630 = CARTESIAN_POINT('',(4.800502956684,0.));
#631 = CARTESIAN_POINT('',(4.800502956684,9.02437706625E-02));
#632 = CARTESIAN_POINT('',(4.800528857281,0.180501313715));
#633 = CARTESIAN_POINT('',(4.800580672528,0.270735256859));
#634 = CARTESIAN_POINT('',(4.800657829457,0.36095525108));
#635 = CARTESIAN_POINT('',(4.800759327332,0.451171389131));
#636 = CARTESIAN_POINT('',(4.80094523842,0.586133017062));
#637 = CARTESIAN_POINT('',(4.801012537498,0.630910878362));
#638 = CARTESIAN_POINT('',(4.801085253768,0.675681990596));
#639 = CARTESIAN_POINT('',(4.801163166724,0.72044652087));
#640 = CARTESIAN_POINT('',(4.80124602693,0.765204777339));
#641 = CARTESIAN_POINT('',(4.801420635612,0.854477992848));
#642 = CARTESIAN_POINT('',(4.801512337932,0.898993795942));
#643 = CARTESIAN_POINT('',(4.801608387209,0.943502486083));
#644 = CARTESIAN_POINT('',(4.801708484262,0.988004655807));
#645 = CARTESIAN_POINT('',(4.801812305052,1.03250103887));
#646 = CARTESIAN_POINT('',(4.802117880028,1.159326894868));
#647 = CARTESIAN_POINT('',(4.802327837805,1.241650265107));
#648 = CARTESIAN_POINT('',(4.802547131933,1.323947533432));
#649 = CARTESIAN_POINT('',(4.80277331102,1.406232379438));
#650 = CARTESIAN_POINT('',(4.803003727508,1.48851897167));
#651 = CARTESIAN_POINT('',(4.803235539228,1.570796326795));
#652 = ( GEOMETRIC_REPRESENTATION_CONTEXT(2) 
PARAMETRIC_REPRESENTATION_CONTEXT() REPRESENTATION_CONTEXT('2D SPACE',''
  ) );
#653 = PCURVE('',#186,#654);
#654 = DEFINITIONAL_REPRESENTATION('',(#655),#678);
#655 = B_SPLINE_CURVE_WITH_KNOTS('',6,(#656,#657,#658,#659,#660,#661,
    #662,#663,#664,#665,#666,#667,#668,#669,#670,#671,#672,#673,#674,
    #675,#676,#677),.UNSPECIFIED.,.F.,.F.,(7,5,5,5,7),(0.,0.344231816614
    ,0.515180214481,0.685253871761,1.),.UNSPECIFIED.);
#656 = CARTESIAN_POINT('',(29.5,-6.193976267925));
#657 = CARTESIAN_POINT('',(29.635365655994,-6.193976267925));
#658 = CARTESIAN_POINT('',(29.770752317924,-6.208692510381));
#659 = CARTESIAN_POINT('',(29.904117187173,-6.238133026596));
#660 = CARTESIAN_POINT('',(30.033495815805,-6.281907339509));
#661 = CARTESIAN_POINT('',(30.157013650826,-6.339318022574));
#662 = CARTESIAN_POINT('',(30.330509650876,-6.444045038513));
#663 = CARTESIAN_POINT('',(30.386212312494,-6.481897811797));
#664 = CARTESIAN_POINT('',(30.439839189263,-6.522724622686));
#665 = CARTESIAN_POINT('',(30.4911951782,-6.566379995672));
#666 = CARTESIAN_POINT('',(30.540099261754,-6.612701711964));
#667 = CARTESIAN_POINT('',(30.632434154077,-6.710071705648));
#668 = CARTESIAN_POINT('',(30.675892484232,-6.761095421311));
#669 = CARTESIAN_POINT('',(30.716596476762,-6.814407253728));
#670 = CARTESIAN_POINT('',(30.754399514243,-6.86981887092));
#671 = CARTESIAN_POINT('',(30.789172368816,-6.927129960435));
#672 = CARTESIAN_POINT('',(30.879341712027,-7.095315617149));
#673 = CARTESIAN_POINT('',(30.927126468487,-7.210295351511));
#674 = CARTESIAN_POINT('',(30.963439294711,-7.329713723698));
#675 = CARTESIAN_POINT('',(30.98781476526,-7.452134910852));
#676 = CARTESIAN_POINT('',(31.,-7.57607292784));
#677 = CARTESIAN_POINT('',(31.,-7.7));
#678 = ( GEOMETRIC_REPRESENTATION_CONTEXT(2) 
PARAMETRIC_REPRESENTATION_CONTEXT() REPRESENTATION_CONTEXT('2D SPACE',''
  ) );
#679 = ORIENTED_EDGE('',*,*,#197,.T.);
#680 = ORIENTED_EDGE('',*,*,#444,.T.);
#681 = ORIENTED_EDGE('',*,*,#682,.F.);
#682 = EDGE_CURVE('',#601,#445,#683,.T.);
#683 = SURFACE_CURVE('',#684,(#689,#696),.PCURVE_S1.);
#684 = CIRCLE('',#685,48.5);
#685 = AXIS2_PLACEMENT_3D('',#686,#687,#688);
#686 = CARTESIAN_POINT('',(0.,0.,31.));
#687 = DIRECTION('',(0.,0.,1.));
#688 = DIRECTION('',(1.,0.,-0.));
#689 = PCURVE('',#214,#690);
#690 = DEFINITIONAL_REPRESENTATION('',(#691),#695);
#691 = LINE('',#692,#693);
#692 = CARTESIAN_POINT('',(0.,1.570796326795));
#693 = VECTOR('',#694,1.);
#694 = DIRECTION('',(1.,0.));
#695 = ( GEOMETRIC_REPRESENTATION_CONTEXT(2) 
PARAMETRIC_REPRESENTATION_CONTEXT() REPRESENTATION_CONTEXT('2D SPACE',''
  ) );
#696 = PCURVE('',#586,#697);
#697 = DEFINITIONAL_REPRESENTATION('',(#698),#702);
#698 = CIRCLE('',#699,48.5);
#699 = AXIS2_PLACEMENT_2D('',#700,#701);
#700 = CARTESIAN_POINT('',(1.75032336965E-15,-3.209892110372E-15));
#701 = DIRECTION('',(1.,0.));
#702 = ( GEOMETRIC_REPRESENTATION_CONTEXT(2) 
PARAMETRIC_REPRESENTATION_CONTEXT() REPRESENTATION_CONTEXT('2D SPACE',''
  ) );
#703 = ADVANCED_FACE('',(#704,#776),#186,.F.);
#704 = FACE_BOUND('',#705,.F.);
#705 = EDGE_LOOP('',(#706,#707,#730,#756,#775));
#706 = ORIENTED_EDGE('',*,*,#171,.T.);
#707 = ORIENTED_EDGE('',*,*,#708,.T.);
#708 = EDGE_CURVE('',#139,#709,#711,.T.);
#709 = VERTEX_POINT('',#710);
#710 = CARTESIAN_POINT('',(4.4,-42.67376243079,0.));
#711 = SURFACE_CURVE('',#712,(#716,#723),.PCURVE_S1.);
#712 = LINE('',#713,#714);
#713 = CARTESIAN_POINT('',(4.4,-56.,0.));
#714 = VECTOR('',#715,1.);
#715 = DIRECTION('',(0.,1.,0.));
#716 = PCURVE('',#186,#717);
#717 = DEFINITIONAL_REPRESENTATION('',(#718),#722);
#718 = LINE('',#719,#720);
#719 = CARTESIAN_POINT('',(0.,0.));
#720 = VECTOR('',#721,1.);
#721 = DIRECTION('',(0.,-1.));
#722 = ( GEOMETRIC_REPRESENTATION_CONTEXT(2) 
PARAMETRIC_REPRESENTATION_CONTEXT() REPRESENTATION_CONTEXT('2D SPACE',''
  ) );
#723 = PCURVE('',#155,#724);
#724 = DEFINITIONAL_REPRESENTATION('',(#725),#729);
#725 = LINE('',#726,#727);
#726 = CARTESIAN_POINT('',(8.8,0.));
#727 = VECTOR('',#728,1.);
#728 = DIRECTION('',(0.,1.));
#729 = ( GEOMETRIC_REPRESENTATION_CONTEXT(2) 
PARAMETRIC_REPRESENTATION_CONTEXT() REPRESENTATION_CONTEXT('2D SPACE',''
  ) );
#730 = ORIENTED_EDGE('',*,*,#731,.F.);
#731 = EDGE_CURVE('',#732,#709,#734,.T.);
#732 = VERTEX_POINT('',#733);
#733 = CARTESIAN_POINT('',(4.4,-42.67376243079,31.));
#734 = SURFACE_CURVE('',#735,(#739,#745),.PCURVE_S1.);
#735 = LINE('',#736,#737);
#736 = CARTESIAN_POINT('',(4.4,-42.67376243079,-30.));
#737 = VECTOR('',#738,1.);
#738 = DIRECTION('',(-0.,-0.,-1.));
#739 = PCURVE('',#186,#740);
#740 = DEFINITIONAL_REPRESENTATION('',(#741),#744);
#741 = B_SPLINE_CURVE_WITH_KNOTS('',1,(#742,#743),.UNSPECIFIED.,.F.,.F.,
  (2,2),(-61.0000006,-26.),.PIECEWISE_BEZIER_KNOTS.);
#742 = CARTESIAN_POINT('',(31.0000006,-13.3262375692));
#743 = CARTESIAN_POINT('',(-4.,-13.3262375692));
#744 = ( GEOMETRIC_REPRESENTATION_CONTEXT(2) 
PARAMETRIC_REPRESENTATION_CONTEXT() REPRESENTATION_CONTEXT('2D SPACE',''
  ) );
#745 = PCURVE('',#746,#751);
#746 = CYLINDRICAL_SURFACE('',#747,42.9);
#747 = AXIS2_PLACEMENT_3D('',#748,#749,#750);
#748 = CARTESIAN_POINT('',(0.,0.,-30.));
#749 = DIRECTION('',(-0.,-0.,-1.));
#750 = DIRECTION('',(1.,0.,0.));
#751 = DEFINITIONAL_REPRESENTATION('',(#752),#755);
#752 = B_SPLINE_CURVE_WITH_KNOTS('',1,(#753,#754),.UNSPECIFIED.,.F.,.F.,
  (2,2),(-61.0000006,-26.),.PIECEWISE_BEZIER_KNOTS.);
#753 = CARTESIAN_POINT('',(-4.81513375825,-61.0000006));
#754 = CARTESIAN_POINT('',(-4.81513375825,-26.));
#755 = ( GEOMETRIC_REPRESENTATION_CONTEXT(2) 
PARAMETRIC_REPRESENTATION_CONTEXT() REPRESENTATION_CONTEXT('2D SPACE',''
  ) );
#756 = ORIENTED_EDGE('',*,*,#757,.F.);
#757 = EDGE_CURVE('',#601,#732,#758,.T.);
#758 = SURFACE_CURVE('',#759,(#763,#769),.PCURVE_S1.);
#759 = LINE('',#760,#761);
#760 = CARTESIAN_POINT('',(4.4,-28.,31.));
#761 = VECTOR('',#762,1.);
#762 = DIRECTION('',(0.,1.,0.));
#763 = PCURVE('',#186,#764);
#764 = DEFINITIONAL_REPRESENTATION('',(#765),#768);
#765 = B_SPLINE_CURVE_WITH_KNOTS('',1,(#766,#767),.UNSPECIFIED.,.F.,.F.,
  (2,2),(-20.5,-12.),.PIECEWISE_BEZIER_KNOTS.);
#766 = CARTESIAN_POINT('',(31.,-7.5));
#767 = CARTESIAN_POINT('',(31.,-16.));
#768 = ( GEOMETRIC_REPRESENTATION_CONTEXT(2) 
PARAMETRIC_REPRESENTATION_CONTEXT() REPRESENTATION_CONTEXT('2D SPACE',''
  ) );
#769 = PCURVE('',#586,#770);
#770 = DEFINITIONAL_REPRESENTATION('',(#771),#774);
#771 = B_SPLINE_CURVE_WITH_KNOTS('',1,(#772,#773),.UNSPECIFIED.,.F.,.F.,
  (2,2),(-20.5,-12.),.PIECEWISE_BEZIER_KNOTS.);
#772 = CARTESIAN_POINT('',(4.4,-48.5));
#773 = CARTESIAN_POINT('',(4.4,-40.));
#774 = ( GEOMETRIC_REPRESENTATION_CONTEXT(2) 
PARAMETRIC_REPRESENTATION_CONTEXT() REPRESENTATION_CONTEXT('2D SPACE',''
  ) );
#775 = ORIENTED_EDGE('',*,*,#600,.F.);
#776 = FACE_BOUND('',#777,.F.);
#777 = EDGE_LOOP('',(#778,#806,#832,#858));
#778 = ORIENTED_EDGE('',*,*,#779,.T.);
#779 = EDGE_CURVE('',#780,#782,#784,.T.);
#780 = VERTEX_POINT('',#781);
#781 = CARTESIAN_POINT('',(4.4,-48.25,18.5));
#782 = VERTEX_POINT('',#783);
#783 = CARTESIAN_POINT('',(4.4,-49.45,18.5));
#784 = SURFACE_CURVE('',#785,(#789,#795),.PCURVE_S1.);
#785 = LINE('',#786,#787);
#786 = CARTESIAN_POINT('',(4.4,-52.725,18.5));
#787 = VECTOR('',#788,1.);
#788 = DIRECTION('',(0.,-1.,0.));
#789 = PCURVE('',#186,#790);
#790 = DEFINITIONAL_REPRESENTATION('',(#791),#794);
#791 = B_SPLINE_CURVE_WITH_KNOTS('',1,(#792,#793),.UNSPECIFIED.,.F.,.F.,
  (2,2),(-4.475,-3.275),.PIECEWISE_BEZIER_KNOTS.);
#792 = CARTESIAN_POINT('',(18.5,-7.75));
#793 = CARTESIAN_POINT('',(18.5,-6.55));
#794 = ( GEOMETRIC_REPRESENTATION_CONTEXT(2) 
PARAMETRIC_REPRESENTATION_CONTEXT() REPRESENTATION_CONTEXT('2D SPACE',''
  ) );
#795 = PCURVE('',#796,#801);
#796 = PLANE('',#797);
#797 = AXIS2_PLACEMENT_3D('',#798,#799,#800);
#798 = CARTESIAN_POINT('',(-6.,-49.45,18.5));
#799 = DIRECTION('',(0.,0.,1.));
#800 = DIRECTION('',(1.,0.,0.));
#801 = DEFINITIONAL_REPRESENTATION('',(#802),#805);
#802 = B_SPLINE_CURVE_WITH_KNOTS('',1,(#803,#804),.UNSPECIFIED.,.F.,.F.,
  (2,2),(-4.475,-3.275),.PIECEWISE_BEZIER_KNOTS.);
#803 = CARTESIAN_POINT('',(10.4,1.2));
#804 = CARTESIAN_POINT('',(10.4,0.));
#805 = ( GEOMETRIC_REPRESENTATION_CONTEXT(2) 
PARAMETRIC_REPRESENTATION_CONTEXT() REPRESENTATION_CONTEXT('2D SPACE',''
  ) );
#806 = ORIENTED_EDGE('',*,*,#807,.T.);
#807 = EDGE_CURVE('',#782,#808,#810,.T.);
#808 = VERTEX_POINT('',#809);
#809 = CARTESIAN_POINT('',(4.4,-49.45,21.5));
#810 = SURFACE_CURVE('',#811,(#815,#821),.PCURVE_S1.);
#811 = LINE('',#812,#813);
#812 = CARTESIAN_POINT('',(4.4,-49.45,9.25));
#813 = VECTOR('',#814,1.);
#814 = DIRECTION('',(0.,0.,1.));
#815 = PCURVE('',#186,#816);
#816 = DEFINITIONAL_REPRESENTATION('',(#817),#820);
#817 = B_SPLINE_CURVE_WITH_KNOTS('',1,(#818,#819),.UNSPECIFIED.,.F.,.F.,
  (2,2),(9.25,12.25),.PIECEWISE_BEZIER_KNOTS.);
#818 = CARTESIAN_POINT('',(18.5,-6.55));
#819 = CARTESIAN_POINT('',(21.5,-6.55));
#820 = ( GEOMETRIC_REPRESENTATION_CONTEXT(2) 
PARAMETRIC_REPRESENTATION_CONTEXT() REPRESENTATION_CONTEXT('2D SPACE',''
  ) );
#821 = PCURVE('',#822,#827);
#822 = PLANE('',#823);
#823 = AXIS2_PLACEMENT_3D('',#824,#825,#826);
#824 = CARTESIAN_POINT('',(-6.,-49.45,18.5));
#825 = DIRECTION('',(0.,1.,0.));
#826 = DIRECTION('',(0.,0.,1.));
#827 = DEFINITIONAL_REPRESENTATION('',(#828),#831);
#828 = B_SPLINE_CURVE_WITH_KNOTS('',1,(#829,#830),.UNSPECIFIED.,.F.,.F.,
  (2,2),(9.25,12.25),.PIECEWISE_BEZIER_KNOTS.);
#829 = CARTESIAN_POINT('',(0.,10.4));
#830 = CARTESIAN_POINT('',(3.,10.4));
#831 = ( GEOMETRIC_REPRESENTATION_CONTEXT(2) 
PARAMETRIC_REPRESENTATION_CONTEXT() REPRESENTATION_CONTEXT('2D SPACE',''
  ) );
#832 = ORIENTED_EDGE('',*,*,#833,.F.);
#833 = EDGE_CURVE('',#834,#808,#836,.T.);
#834 = VERTEX_POINT('',#835);
#835 = CARTESIAN_POINT('',(4.4,-48.25,21.5));
#836 = SURFACE_CURVE('',#837,(#841,#847),.PCURVE_S1.);
#837 = LINE('',#838,#839);
#838 = CARTESIAN_POINT('',(4.4,-52.725,21.5));
#839 = VECTOR('',#840,1.);
#840 = DIRECTION('',(0.,-1.,0.));
#841 = PCURVE('',#186,#842);
#842 = DEFINITIONAL_REPRESENTATION('',(#843),#846);
#843 = B_SPLINE_CURVE_WITH_KNOTS('',1,(#844,#845),.UNSPECIFIED.,.F.,.F.,
  (2,2),(-4.475,-3.275),.PIECEWISE_BEZIER_KNOTS.);
#844 = CARTESIAN_POINT('',(21.5,-7.75));
#845 = CARTESIAN_POINT('',(21.5,-6.55));
#846 = ( GEOMETRIC_REPRESENTATION_CONTEXT(2) 
PARAMETRIC_REPRESENTATION_CONTEXT() REPRESENTATION_CONTEXT('2D SPACE',''
  ) );
#847 = PCURVE('',#848,#853);
#848 = PLANE('',#849);
#849 = AXIS2_PLACEMENT_3D('',#850,#851,#852);
#850 = CARTESIAN_POINT('',(-6.,-49.45,21.5));
#851 = DIRECTION('',(0.,0.,1.));
#852 = DIRECTION('',(1.,0.,0.));
#853 = DEFINITIONAL_REPRESENTATION('',(#854),#857);
#854 = B_SPLINE_CURVE_WITH_KNOTS('',1,(#855,#856),.UNSPECIFIED.,.F.,.F.,
  (2,2),(-4.475,-3.275),.PIECEWISE_BEZIER_KNOTS.);
#855 = CARTESIAN_POINT('',(10.4,1.2));
#856 = CARTESIAN_POINT('',(10.4,0.));
#857 = ( GEOMETRIC_REPRESENTATION_CONTEXT(2) 
PARAMETRIC_REPRESENTATION_CONTEXT() REPRESENTATION_CONTEXT('2D SPACE',''
  ) );
#858 = ORIENTED_EDGE('',*,*,#859,.F.);
#859 = EDGE_CURVE('',#780,#834,#860,.T.);
#860 = SURFACE_CURVE('',#861,(#865,#871),.PCURVE_S1.);
#861 = LINE('',#862,#863);
#862 = CARTESIAN_POINT('',(4.4,-48.25,9.25));
#863 = VECTOR('',#864,1.);
#864 = DIRECTION('',(0.,0.,1.));
#865 = PCURVE('',#186,#866);
#866 = DEFINITIONAL_REPRESENTATION('',(#867),#870);
#867 = B_SPLINE_CURVE_WITH_KNOTS('',1,(#868,#869),.UNSPECIFIED.,.F.,.F.,
  (2,2),(9.25,12.25),.PIECEWISE_BEZIER_KNOTS.);
#868 = CARTESIAN_POINT('',(18.5,-7.75));
#869 = CARTESIAN_POINT('',(21.5,-7.75));
#870 = ( GEOMETRIC_REPRESENTATION_CONTEXT(2) 
PARAMETRIC_REPRESENTATION_CONTEXT() REPRESENTATION_CONTEXT('2D SPACE',''
  ) );
#871 = PCURVE('',#872,#877);
#872 = PLANE('',#873);
#873 = AXIS2_PLACEMENT_3D('',#874,#875,#876);
#874 = CARTESIAN_POINT('',(-6.,-48.25,18.5));
#875 = DIRECTION('',(0.,1.,0.));
#876 = DIRECTION('',(0.,0.,1.));
#877 = DEFINITIONAL_REPRESENTATION('',(#878),#881);
#878 = B_SPLINE_CURVE_WITH_KNOTS('',1,(#879,#880),.UNSPECIFIED.,.F.,.F.,
  (2,2),(9.25,12.25),.PIECEWISE_BEZIER_KNOTS.);
#879 = CARTESIAN_POINT('',(0.,10.4));
#880 = CARTESIAN_POINT('',(3.,10.4));
#881 = ( GEOMETRIC_REPRESENTATION_CONTEXT(2) 
PARAMETRIC_REPRESENTATION_CONTEXT() REPRESENTATION_CONTEXT('2D SPACE',''
  ) );
#882 = ADVANCED_FACE('',(#883,#936),#155,.T.);
#883 = FACE_BOUND('',#884,.T.);
#884 = EDGE_LOOP('',(#885,#908,#909,#910));
#885 = ORIENTED_EDGE('',*,*,#886,.F.);
#886 = EDGE_CURVE('',#113,#887,#889,.T.);
#887 = VERTEX_POINT('',#888);
#888 = CARTESIAN_POINT('',(-4.4,-42.67376243079,0.));
#889 = SURFACE_CURVE('',#890,(#894,#901),.PCURVE_S1.);
#890 = LINE('',#891,#892);
#891 = CARTESIAN_POINT('',(-4.4,-56.,0.));
#892 = VECTOR('',#893,1.);
#893 = DIRECTION('',(0.,1.,0.));
#894 = PCURVE('',#155,#895);
#895 = DEFINITIONAL_REPRESENTATION('',(#896),#900);
#896 = LINE('',#897,#898);
#897 = CARTESIAN_POINT('',(0.,0.));
#898 = VECTOR('',#899,1.);
#899 = DIRECTION('',(0.,1.));
#900 = ( GEOMETRIC_REPRESENTATION_CONTEXT(2) 
PARAMETRIC_REPRESENTATION_CONTEXT() REPRESENTATION_CONTEXT('2D SPACE',''
  ) );
#901 = PCURVE('',#127,#902);
#902 = DEFINITIONAL_REPRESENTATION('',(#903),#907);
#903 = LINE('',#904,#905);
#904 = CARTESIAN_POINT('',(0.,0.));
#905 = VECTOR('',#906,1.);
#906 = DIRECTION('',(0.,-1.));
#907 = ( GEOMETRIC_REPRESENTATION_CONTEXT(2) 
PARAMETRIC_REPRESENTATION_CONTEXT() REPRESENTATION_CONTEXT('2D SPACE',''
  ) );
#908 = ORIENTED_EDGE('',*,*,#138,.F.);
#909 = ORIENTED_EDGE('',*,*,#708,.T.);
#910 = ORIENTED_EDGE('',*,*,#911,.T.);
#911 = EDGE_CURVE('',#709,#887,#912,.T.);
#912 = SURFACE_CURVE('',#913,(#918,#929),.PCURVE_S1.);
#913 = CIRCLE('',#914,42.9);
#914 = AXIS2_PLACEMENT_3D('',#915,#916,#917);
#915 = CARTESIAN_POINT('',(0.,0.,0.));
#916 = DIRECTION('',(0.,0.,-1.));
#917 = DIRECTION('',(1.,0.,0.));
#918 = PCURVE('',#155,#919);
#919 = DEFINITIONAL_REPRESENTATION('',(#920),#928);
#920 = ( BOUNDED_CURVE() B_SPLINE_CURVE(2,(#921,#922,#923,#924,#925,#926
,#927),.UNSPECIFIED.,.T.,.F.) B_SPLINE_CURVE_WITH_KNOTS((1,2,2,2,2,1),(
    -2.094395102393,0.,2.094395102393,4.188790204786,6.28318530718,
8.377580409573),.UNSPECIFIED.) CURVE() GEOMETRIC_REPRESENTATION_ITEM() 
RATIONAL_B_SPLINE_CURVE((1.,0.5,1.,0.5,1.,0.5,1.)) REPRESENTATION_ITEM(
  '') );
#921 = CARTESIAN_POINT('',(47.3,56.));
#922 = CARTESIAN_POINT('',(47.3,-18.3049796447));
#923 = CARTESIAN_POINT('',(-17.05,18.847510177648));
#924 = CARTESIAN_POINT('',(-81.4,56.));
#925 = CARTESIAN_POINT('',(-17.05,93.152489822352));
#926 = CARTESIAN_POINT('',(47.3,130.3049796447));
#927 = CARTESIAN_POINT('',(47.3,56.));
#928 = ( GEOMETRIC_REPRESENTATION_CONTEXT(2) 
PARAMETRIC_REPRESENTATION_CONTEXT() REPRESENTATION_CONTEXT('2D SPACE',''
  ) );
#929 = PCURVE('',#746,#930);
#930 = DEFINITIONAL_REPRESENTATION('',(#931),#935);
#931 = LINE('',#932,#933);
#932 = CARTESIAN_POINT('',(-6.28318530718,-30.));
#933 = VECTOR('',#934,1.);
#934 = DIRECTION('',(1.,-0.));
#935 = ( GEOMETRIC_REPRESENTATION_CONTEXT(2) 
PARAMETRIC_REPRESENTATION_CONTEXT() REPRESENTATION_CONTEXT('2D SPACE',''
  ) );
#936 = FACE_BOUND('',#937,.T.);
#937 = EDGE_LOOP('',(#938,#966,#992,#1018));
#938 = ORIENTED_EDGE('',*,*,#939,.T.);
#939 = EDGE_CURVE('',#940,#942,#944,.T.);
#940 = VERTEX_POINT('',#941);
#941 = CARTESIAN_POINT('',(-3.92,-46.9,-3.730055780883E-17));
#942 = VERTEX_POINT('',#943);
#943 = CARTESIAN_POINT('',(-3.92,-45.7,-3.730055780883E-17));
#944 = SURFACE_CURVE('',#945,(#949,#955),.PCURVE_S1.);
#945 = LINE('',#946,#947);
#946 = CARTESIAN_POINT('',(-3.92,-50.85,-1.750641303969E-16));
#947 = VECTOR('',#948,1.);
#948 = DIRECTION('',(-0.,1.,0.));
#949 = PCURVE('',#155,#950);
#950 = DEFINITIONAL_REPRESENTATION('',(#951),#954);
#951 = B_SPLINE_CURVE_WITH_KNOTS('',1,(#952,#953),.UNSPECIFIED.,.F.,.F.,
  (2,2),(3.95,5.15),.PIECEWISE_BEZIER_KNOTS.);
#952 = CARTESIAN_POINT('',(0.48,9.1));
#953 = CARTESIAN_POINT('',(0.48,10.3));
#954 = ( GEOMETRIC_REPRESENTATION_CONTEXT(2) 
PARAMETRIC_REPRESENTATION_CONTEXT() REPRESENTATION_CONTEXT('2D SPACE',''
  ) );
#955 = PCURVE('',#956,#961);
#956 = PLANE('',#957);
#957 = AXIS2_PLACEMENT_3D('',#958,#959,#960);
#958 = CARTESIAN_POINT('',(-3.2,-45.7,4.));
#959 = DIRECTION('',(0.984183323974,0.,-0.177152998315));
#960 = DIRECTION('',(-0.177152998315,0.,-0.984183323974));
#961 = DEFINITIONAL_REPRESENTATION('',(#962),#965);
#962 = B_SPLINE_CURVE_WITH_KNOTS('',1,(#963,#964),.UNSPECIFIED.,.F.,.F.,
  (2,2),(3.95,5.15),.PIECEWISE_BEZIER_KNOTS.);
#963 = CARTESIAN_POINT('',(4.064283454682,-1.2));
#964 = CARTESIAN_POINT('',(4.064283454682,0.));
#965 = ( GEOMETRIC_REPRESENTATION_CONTEXT(2) 
PARAMETRIC_REPRESENTATION_CONTEXT() REPRESENTATION_CONTEXT('2D SPACE',''
  ) );
#966 = ORIENTED_EDGE('',*,*,#967,.T.);
#967 = EDGE_CURVE('',#942,#968,#970,.T.);
#968 = VERTEX_POINT('',#969);
#969 = CARTESIAN_POINT('',(3.92,-45.7,9.325139452208E-18));
#970 = SURFACE_CURVE('',#971,(#975,#981),.PCURVE_S1.);
#971 = LINE('',#972,#973);
#972 = CARTESIAN_POINT('',(-2.2,-45.7,0.));
#973 = VECTOR('',#974,1.);
#974 = DIRECTION('',(1.,0.,0.));
#975 = PCURVE('',#155,#976);
#976 = DEFINITIONAL_REPRESENTATION('',(#977),#980);
#977 = B_SPLINE_CURVE_WITH_KNOTS('',1,(#978,#979),.UNSPECIFIED.,.F.,.F.,
  (2,2),(-1.9,6.3),.PIECEWISE_BEZIER_KNOTS.);
#978 = CARTESIAN_POINT('',(0.3,10.3));
#979 = CARTESIAN_POINT('',(8.5,10.3));
#980 = ( GEOMETRIC_REPRESENTATION_CONTEXT(2) 
PARAMETRIC_REPRESENTATION_CONTEXT() REPRESENTATION_CONTEXT('2D SPACE',''
  ) );
#981 = PCURVE('',#982,#987);
#982 = PLANE('',#983);
#983 = AXIS2_PLACEMENT_3D('',#984,#985,#986);
#984 = CARTESIAN_POINT('',(-4.191462926564E-17,-45.7,14.103717184325));
#985 = DIRECTION('',(-0.,-1.,-0.));
#986 = DIRECTION('',(0.,0.,-1.));
#987 = DEFINITIONAL_REPRESENTATION('',(#988),#991);
#988 = B_SPLINE_CURVE_WITH_KNOTS('',1,(#989,#990),.UNSPECIFIED.,.F.,.F.,
  (2,2),(-1.9,6.3),.PIECEWISE_BEZIER_KNOTS.);
#989 = CARTESIAN_POINT('',(14.103717184325,-4.1));
#990 = CARTESIAN_POINT('',(14.103717184325,4.1));
#991 = ( GEOMETRIC_REPRESENTATION_CONTEXT(2) 
PARAMETRIC_REPRESENTATION_CONTEXT() REPRESENTATION_CONTEXT('2D SPACE',''
  ) );
#992 = ORIENTED_EDGE('',*,*,#993,.T.);
#993 = EDGE_CURVE('',#968,#994,#996,.T.);
#994 = VERTEX_POINT('',#995);
#995 = CARTESIAN_POINT('',(3.92,-46.9,9.325139452208E-18));
#996 = SURFACE_CURVE('',#997,(#1001,#1007),.PCURVE_S1.);
#997 = LINE('',#998,#999);
#998 = CARTESIAN_POINT('',(3.92,-50.85,4.376603259923E-17));
#999 = VECTOR('',#1000,1.);
#1000 = DIRECTION('',(0.,-1.,0.));
#1001 = PCURVE('',#155,#1002);
#1002 = DEFINITIONAL_REPRESENTATION('',(#1003),#1006);
#1003 = B_SPLINE_CURVE_WITH_KNOTS('',1,(#1004,#1005),.UNSPECIFIED.,.F.,
  .F.,(2,2),(-5.15,-3.95),.PIECEWISE_BEZIER_KNOTS.);
#1004 = CARTESIAN_POINT('',(8.32,10.3));
#1005 = CARTESIAN_POINT('',(8.32,9.1));
#1006 = ( GEOMETRIC_REPRESENTATION_CONTEXT(2) 
PARAMETRIC_REPRESENTATION_CONTEXT() REPRESENTATION_CONTEXT('2D SPACE',''
  ) );
#1007 = PCURVE('',#1008,#1013);
#1008 = PLANE('',#1009);
#1009 = AXIS2_PLACEMENT_3D('',#1010,#1011,#1012);
#1010 = CARTESIAN_POINT('',(4.1,-45.7,-1.));
#1011 = DIRECTION('',(-0.984183323974,-0.,-0.177152998315));
#1012 = DIRECTION('',(-0.177152998315,0.,0.984183323974));
#1013 = DEFINITIONAL_REPRESENTATION('',(#1014),#1017);
#1014 = B_SPLINE_CURVE_WITH_KNOTS('',1,(#1015,#1016),.UNSPECIFIED.,.F.,
  .F.,(2,2),(-5.15,-3.95),.PIECEWISE_BEZIER_KNOTS.);
#1015 = CARTESIAN_POINT('',(1.01607086367,0.));
#1016 = CARTESIAN_POINT('',(1.01607086367,-1.2));
#1017 = ( GEOMETRIC_REPRESENTATION_CONTEXT(2) 
PARAMETRIC_REPRESENTATION_CONTEXT() REPRESENTATION_CONTEXT('2D SPACE',''
  ) );
#1018 = ORIENTED_EDGE('',*,*,#1019,.F.);
#1019 = EDGE_CURVE('',#940,#994,#1020,.T.);
#1020 = SURFACE_CURVE('',#1021,(#1025,#1031),.PCURVE_S1.);
#1021 = LINE('',#1022,#1023);
#1022 = CARTESIAN_POINT('',(-2.2,-46.9,0.));
#1023 = VECTOR('',#1024,1.);
#1024 = DIRECTION('',(1.,0.,0.));
#1025 = PCURVE('',#155,#1026);
#1026 = DEFINITIONAL_REPRESENTATION('',(#1027),#1030);
#1027 = B_SPLINE_CURVE_WITH_KNOTS('',1,(#1028,#1029),.UNSPECIFIED.,.F.,
  .F.,(2,2),(-1.9,6.3),.PIECEWISE_BEZIER_KNOTS.);
#1028 = CARTESIAN_POINT('',(0.3,9.1));
#1029 = CARTESIAN_POINT('',(8.5,9.1));
#1030 = ( GEOMETRIC_REPRESENTATION_CONTEXT(2) 
PARAMETRIC_REPRESENTATION_CONTEXT() REPRESENTATION_CONTEXT('2D SPACE',''
  ) );
#1031 = PCURVE('',#1032,#1037);
#1032 = PLANE('',#1033);
#1033 = AXIS2_PLACEMENT_3D('',#1034,#1035,#1036);
#1034 = CARTESIAN_POINT('',(-4.191462926564E-17,-46.9,14.103717184325));
#1035 = DIRECTION('',(-0.,-1.,-0.));
#1036 = DIRECTION('',(0.,0.,-1.));
#1037 = DEFINITIONAL_REPRESENTATION('',(#1038),#1041);
#1038 = B_SPLINE_CURVE_WITH_KNOTS('',1,(#1039,#1040),.UNSPECIFIED.,.F.,
  .F.,(2,2),(-1.9,6.3),.PIECEWISE_BEZIER_KNOTS.);
#1039 = CARTESIAN_POINT('',(14.103717184325,-4.1));
#1040 = CARTESIAN_POINT('',(14.103717184325,4.1));
#1041 = ( GEOMETRIC_REPRESENTATION_CONTEXT(2) 
PARAMETRIC_REPRESENTATION_CONTEXT() REPRESENTATION_CONTEXT('2D SPACE',''
  ) );
#1042 = ADVANCED_FACE('',(#1043,#1172),#127,.T.);
#1043 = FACE_BOUND('',#1044,.T.);
#1044 = EDGE_LOOP('',(#1045,#1046,#1047,#1068,#1094));
#1045 = ORIENTED_EDGE('',*,*,#112,.T.);
#1046 = ORIENTED_EDGE('',*,*,#886,.T.);
#1047 = ORIENTED_EDGE('',*,*,#1048,.F.);
#1048 = EDGE_CURVE('',#1049,#887,#1051,.T.);
#1049 = VERTEX_POINT('',#1050);
#1050 = CARTESIAN_POINT('',(-4.4,-42.67376243079,31.));
#1051 = SURFACE_CURVE('',#1052,(#1056,#1062),.PCURVE_S1.);
#1052 = LINE('',#1053,#1054);
#1053 = CARTESIAN_POINT('',(-4.4,-42.67376243079,-30.));
#1054 = VECTOR('',#1055,1.);
#1055 = DIRECTION('',(-0.,-0.,-1.));
#1056 = PCURVE('',#127,#1057);
#1057 = DEFINITIONAL_REPRESENTATION('',(#1058),#1061);
#1058 = B_SPLINE_CURVE_WITH_KNOTS('',1,(#1059,#1060),.UNSPECIFIED.,.F.,
  .F.,(2,2),(-61.0000006,-26.),.PIECEWISE_BEZIER_KNOTS.);
#1059 = CARTESIAN_POINT('',(31.0000006,-13.3262375692));
#1060 = CARTESIAN_POINT('',(-4.,-13.3262375692));
#1061 = ( GEOMETRIC_REPRESENTATION_CONTEXT(2) 
PARAMETRIC_REPRESENTATION_CONTEXT() REPRESENTATION_CONTEXT('2D SPACE',''
  ) );
#1062 = PCURVE('',#746,#1063);
#1063 = DEFINITIONAL_REPRESENTATION('',(#1064),#1067);
#1064 = B_SPLINE_CURVE_WITH_KNOTS('',1,(#1065,#1066),.UNSPECIFIED.,.F.,
  .F.,(2,2),(-61.0000006,-26.),.PIECEWISE_BEZIER_KNOTS.);
#1065 = CARTESIAN_POINT('',(-4.609644202519,-61.0000006));
#1066 = CARTESIAN_POINT('',(-4.609644202519,-26.));
#1067 = ( GEOMETRIC_REPRESENTATION_CONTEXT(2) 
PARAMETRIC_REPRESENTATION_CONTEXT() REPRESENTATION_CONTEXT('2D SPACE',''
  ) );
#1068 = ORIENTED_EDGE('',*,*,#1069,.F.);
#1069 = EDGE_CURVE('',#1070,#1049,#1072,.T.);
#1070 = VERTEX_POINT('',#1071);
#1071 = CARTESIAN_POINT('',(-4.4,-48.3,31.));
#1072 = SURFACE_CURVE('',#1073,(#1077,#1083),.PCURVE_S1.);
#1073 = LINE('',#1074,#1075);
#1074 = CARTESIAN_POINT('',(-4.4,-28.,31.));
#1075 = VECTOR('',#1076,1.);
#1076 = DIRECTION('',(0.,1.,0.));
#1077 = PCURVE('',#127,#1078);
#1078 = DEFINITIONAL_REPRESENTATION('',(#1079),#1082);
#1079 = B_SPLINE_CURVE_WITH_KNOTS('',1,(#1080,#1081),.UNSPECIFIED.,.F.,
  .F.,(2,2),(-20.5,-12.),.PIECEWISE_BEZIER_KNOTS.);
#1080 = CARTESIAN_POINT('',(31.,-7.5));
#1081 = CARTESIAN_POINT('',(31.,-16.));
#1082 = ( GEOMETRIC_REPRESENTATION_CONTEXT(2) 
PARAMETRIC_REPRESENTATION_CONTEXT() REPRESENTATION_CONTEXT('2D SPACE',''
  ) );
#1083 = PCURVE('',#1084,#1089);
#1084 = PLANE('',#1085);
#1085 = AXIS2_PLACEMENT_3D('',#1086,#1087,#1088);
#1086 = CARTESIAN_POINT('',(-1.75032336965E-15,3.209892110372E-15,31.));
#1087 = DIRECTION('',(0.,0.,1.));
#1088 = DIRECTION('',(1.,0.,-0.));
#1089 = DEFINITIONAL_REPRESENTATION('',(#1090),#1093);
#1090 = B_SPLINE_CURVE_WITH_KNOTS('',1,(#1091,#1092),.UNSPECIFIED.,.F.,
  .F.,(2,2),(-20.5,-12.),.PIECEWISE_BEZIER_KNOTS.);
#1091 = CARTESIAN_POINT('',(-4.4,-48.5));
#1092 = CARTESIAN_POINT('',(-4.4,-40.));
#1093 = ( GEOMETRIC_REPRESENTATION_CONTEXT(2) 
PARAMETRIC_REPRESENTATION_CONTEXT() REPRESENTATION_CONTEXT('2D SPACE',''
  ) );
#1094 = ORIENTED_EDGE('',*,*,#1095,.F.);
#1095 = EDGE_CURVE('',#84,#1070,#1096,.T.);
#1096 = SURFACE_CURVE('',#1097,(#1120,#1146),.PCURVE_S1.);
#1097 = B_SPLINE_CURVE_WITH_KNOTS('',6,(#1098,#1099,#1100,#1101,#1102,
    #1103,#1104,#1105,#1106,#1107,#1108,#1109,#1110,#1111,#1112,#1113,
    #1114,#1115,#1116,#1117,#1118,#1119),.UNSPECIFIED.,.F.,.F.,(7,5,5,5,
    7),(0.,0.344231816614,0.515180214481,0.685253871761,1.),
  .UNSPECIFIED.);
#1098 = CARTESIAN_POINT('',(-4.4,-49.80602373207,29.5));
#1099 = CARTESIAN_POINT('',(-4.4,-49.80602373207,29.635365655994));
#1100 = CARTESIAN_POINT('',(-4.4,-49.79130748961,29.770752317924));
#1101 = CARTESIAN_POINT('',(-4.4,-49.7618669734,29.904117187173));
#1102 = CARTESIAN_POINT('',(-4.4,-49.71809266049,30.033495815805));
#1103 = CARTESIAN_POINT('',(-4.4,-49.66068197742,30.157013650826));
#1104 = CARTESIAN_POINT('',(-4.4,-49.55595496148,30.330509650876));
#1105 = CARTESIAN_POINT('',(-4.4,-49.5181021882,30.386212312494));
#1106 = CARTESIAN_POINT('',(-4.4,-49.47727537731,30.439839189263));
#1107 = CARTESIAN_POINT('',(-4.4,-49.43362000432,30.4911951782));
#1108 = CARTESIAN_POINT('',(-4.4,-49.38729828803,30.540099261754));
#1109 = CARTESIAN_POINT('',(-4.4,-49.28992829435,30.632434154077));
#1110 = CARTESIAN_POINT('',(-4.4,-49.23890457868,30.675892484232));
#1111 = CARTESIAN_POINT('',(-4.4,-49.18559274627,30.716596476762));
#1112 = CARTESIAN_POINT('',(-4.4,-49.13018112908,30.754399514243));
#1113 = CARTESIAN_POINT('',(-4.4,-49.07287003956,30.789172368816));
#1114 = CARTESIAN_POINT('',(-4.4,-48.90468438285,30.879341712027));
#1115 = CARTESIAN_POINT('',(-4.4,-48.78970464848,30.927126468487));
#1116 = CARTESIAN_POINT('',(-4.4,-48.6702862763,30.963439294711));
#1117 = CARTESIAN_POINT('',(-4.4,-48.54786508914,30.98781476526));
#1118 = CARTESIAN_POINT('',(-4.4,-48.42392707216,31.));
#1119 = CARTESIAN_POINT('',(-4.4,-48.3,31.));
#1120 = PCURVE('',#127,#1121);
#1121 = DEFINITIONAL_REPRESENTATION('',(#1122),#1145);
#1122 = B_SPLINE_CURVE_WITH_KNOTS('',6,(#1123,#1124,#1125,#1126,#1127,
    #1128,#1129,#1130,#1131,#1132,#1133,#1134,#1135,#1136,#1137,#1138,
    #1139,#1140,#1141,#1142,#1143,#1144),.UNSPECIFIED.,.F.,.F.,(7,5,5,5,
    7),(0.,0.344231816614,0.515180214481,0.685253871761,1.),
  .UNSPECIFIED.);
#1123 = CARTESIAN_POINT('',(29.5,-6.193976267925));
#1124 = CARTESIAN_POINT('',(29.635365655994,-6.193976267925));
#1125 = CARTESIAN_POINT('',(29.770752317924,-6.208692510381));
#1126 = CARTESIAN_POINT('',(29.904117187173,-6.238133026596));
#1127 = CARTESIAN_POINT('',(30.033495815805,-6.281907339509));
#1128 = CARTESIAN_POINT('',(30.157013650826,-6.339318022574));
#1129 = CARTESIAN_POINT('',(30.330509650876,-6.444045038513));
#1130 = CARTESIAN_POINT('',(30.386212312494,-6.481897811797));
#1131 = CARTESIAN_POINT('',(30.439839189263,-6.522724622686));
#1132 = CARTESIAN_POINT('',(30.4911951782,-6.566379995672));
#1133 = CARTESIAN_POINT('',(30.540099261754,-6.612701711964));
#1134 = CARTESIAN_POINT('',(30.632434154077,-6.710071705648));
#1135 = CARTESIAN_POINT('',(30.675892484232,-6.761095421311));
#1136 = CARTESIAN_POINT('',(30.716596476762,-6.814407253728));
#1137 = CARTESIAN_POINT('',(30.754399514243,-6.86981887092));
#1138 = CARTESIAN_POINT('',(30.789172368816,-6.927129960435));
#1139 = CARTESIAN_POINT('',(30.879341712027,-7.095315617149));
#1140 = CARTESIAN_POINT('',(30.927126468487,-7.210295351511));
#1141 = CARTESIAN_POINT('',(30.963439294711,-7.329713723698));
#1142 = CARTESIAN_POINT('',(30.98781476526,-7.452134910852));
#1143 = CARTESIAN_POINT('',(31.,-7.57607292784));
#1144 = CARTESIAN_POINT('',(31.,-7.7));
#1145 = ( GEOMETRIC_REPRESENTATION_CONTEXT(2) 
PARAMETRIC_REPRESENTATION_CONTEXT() REPRESENTATION_CONTEXT('2D SPACE',''
  ) );
#1146 = PCURVE('',#100,#1147);
#1147 = DEFINITIONAL_REPRESENTATION('',(#1148),#1171);
#1148 = B_SPLINE_CURVE_WITH_KNOTS('',6,(#1149,#1150,#1151,#1152,#1153,
    #1154,#1155,#1156,#1157,#1158,#1159,#1160,#1161,#1162,#1163,#1164,
    #1165,#1166,#1167,#1168,#1169,#1170),.UNSPECIFIED.,.F.,.F.,(7,5,5,5,
    7),(0.,0.344231816614,0.515180214481,0.685253871761,1.),
  .UNSPECIFIED.);
#1149 = CARTESIAN_POINT('',(4.624275004085,0.));
#1150 = CARTESIAN_POINT('',(4.624275004085,9.024377066251E-02));
#1151 = CARTESIAN_POINT('',(4.624249103488,0.180501313715));
#1152 = CARTESIAN_POINT('',(4.624197288241,0.270735256859));
#1153 = CARTESIAN_POINT('',(4.624120131313,0.360955251079));
#1154 = CARTESIAN_POINT('',(4.624018633438,0.451171389131));
#1155 = CARTESIAN_POINT('',(4.623832722349,0.586133017062));
#1156 = CARTESIAN_POINT('',(4.623765423272,0.630910878362));
#1157 = CARTESIAN_POINT('',(4.623692707001,0.675681990596));
#1158 = CARTESIAN_POINT('',(4.623614794046,0.72044652087));
#1159 = CARTESIAN_POINT('',(4.62353193384,0.765204777339));
#1160 = CARTESIAN_POINT('',(4.623357325157,0.854477992848));
#1161 = CARTESIAN_POINT('',(4.623265622838,0.898993795942));
#1162 = CARTESIAN_POINT('',(4.62316957356,0.943502486083));
#1163 = CARTESIAN_POINT('',(4.623069476507,0.988004655807));
#1164 = CARTESIAN_POINT('',(4.622965655717,1.03250103887));
#1165 = CARTESIAN_POINT('',(4.622660080741,1.159326894868));
#1166 = CARTESIAN_POINT('',(4.622450122964,1.241650265106));
#1167 = CARTESIAN_POINT('',(4.622230828836,1.323947533432));
#1168 = CARTESIAN_POINT('',(4.62200464975,1.406232379438));
#1169 = CARTESIAN_POINT('',(4.621774233261,1.48851897167));
#1170 = CARTESIAN_POINT('',(4.621542421542,1.570796326795));
#1171 = ( GEOMETRIC_REPRESENTATION_CONTEXT(2) 
PARAMETRIC_REPRESENTATION_CONTEXT() REPRESENTATION_CONTEXT('2D SPACE',''
  ) );
#1172 = FACE_BOUND('',#1173,.T.);
#1173 = EDGE_LOOP('',(#1174,#1197,#1218,#1239));
#1174 = ORIENTED_EDGE('',*,*,#1175,.T.);
#1175 = EDGE_CURVE('',#1176,#1178,#1180,.T.);
#1176 = VERTEX_POINT('',#1177);
#1177 = CARTESIAN_POINT('',(-4.4,-48.25,18.5));
#1178 = VERTEX_POINT('',#1179);
#1179 = CARTESIAN_POINT('',(-4.4,-49.45,18.5));
#1180 = SURFACE_CURVE('',#1181,(#1185,#1191),.PCURVE_S1.);
#1181 = LINE('',#1182,#1183);
#1182 = CARTESIAN_POINT('',(-4.4,-52.725,18.5));
#1183 = VECTOR('',#1184,1.);
#1184 = DIRECTION('',(0.,-1.,0.));
#1185 = PCURVE('',#127,#1186);
#1186 = DEFINITIONAL_REPRESENTATION('',(#1187),#1190);
#1187 = B_SPLINE_CURVE_WITH_KNOTS('',1,(#1188,#1189),.UNSPECIFIED.,.F.,
  .F.,(2,2),(-4.475,-3.275),.PIECEWISE_BEZIER_KNOTS.);
#1188 = CARTESIAN_POINT('',(18.5,-7.75));
#1189 = CARTESIAN_POINT('',(18.5,-6.55));
#1190 = ( GEOMETRIC_REPRESENTATION_CONTEXT(2) 
PARAMETRIC_REPRESENTATION_CONTEXT() REPRESENTATION_CONTEXT('2D SPACE',''
  ) );
#1191 = PCURVE('',#796,#1192);
#1192 = DEFINITIONAL_REPRESENTATION('',(#1193),#1196);
#1193 = B_SPLINE_CURVE_WITH_KNOTS('',1,(#1194,#1195),.UNSPECIFIED.,.F.,
  .F.,(2,2),(-4.475,-3.275),.PIECEWISE_BEZIER_KNOTS.);
#1194 = CARTESIAN_POINT('',(1.6,1.2));
#1195 = CARTESIAN_POINT('',(1.6,0.));
#1196 = ( GEOMETRIC_REPRESENTATION_CONTEXT(2) 
PARAMETRIC_REPRESENTATION_CONTEXT() REPRESENTATION_CONTEXT('2D SPACE',''
  ) );
#1197 = ORIENTED_EDGE('',*,*,#1198,.T.);
#1198 = EDGE_CURVE('',#1178,#1199,#1201,.T.);
#1199 = VERTEX_POINT('',#1200);
#1200 = CARTESIAN_POINT('',(-4.4,-49.45,21.5));
#1201 = SURFACE_CURVE('',#1202,(#1206,#1212),.PCURVE_S1.);
#1202 = LINE('',#1203,#1204);
#1203 = CARTESIAN_POINT('',(-4.4,-49.45,9.25));
#1204 = VECTOR('',#1205,1.);
#1205 = DIRECTION('',(0.,0.,1.));
#1206 = PCURVE('',#127,#1207);
#1207 = DEFINITIONAL_REPRESENTATION('',(#1208),#1211);
#1208 = B_SPLINE_CURVE_WITH_KNOTS('',1,(#1209,#1210),.UNSPECIFIED.,.F.,
  .F.,(2,2),(9.25,12.25),.PIECEWISE_BEZIER_KNOTS.);
#1209 = CARTESIAN_POINT('',(18.5,-6.55));
#1210 = CARTESIAN_POINT('',(21.5,-6.55));
#1211 = ( GEOMETRIC_REPRESENTATION_CONTEXT(2) 
PARAMETRIC_REPRESENTATION_CONTEXT() REPRESENTATION_CONTEXT('2D SPACE',''
  ) );
#1212 = PCURVE('',#822,#1213);
#1213 = DEFINITIONAL_REPRESENTATION('',(#1214),#1217);
#1214 = B_SPLINE_CURVE_WITH_KNOTS('',1,(#1215,#1216),.UNSPECIFIED.,.F.,
  .F.,(2,2),(9.25,12.25),.PIECEWISE_BEZIER_KNOTS.);
#1215 = CARTESIAN_POINT('',(0.,1.6));
#1216 = CARTESIAN_POINT('',(3.,1.6));
#1217 = ( GEOMETRIC_REPRESENTATION_CONTEXT(2) 
PARAMETRIC_REPRESENTATION_CONTEXT() REPRESENTATION_CONTEXT('2D SPACE',''
  ) );
#1218 = ORIENTED_EDGE('',*,*,#1219,.F.);
#1219 = EDGE_CURVE('',#1220,#1199,#1222,.T.);
#1220 = VERTEX_POINT('',#1221);
#1221 = CARTESIAN_POINT('',(-4.4,-48.25,21.5));
#1222 = SURFACE_CURVE('',#1223,(#1227,#1233),.PCURVE_S1.);
#1223 = LINE('',#1224,#1225);
#1224 = CARTESIAN_POINT('',(-4.4,-52.725,21.5));
#1225 = VECTOR('',#1226,1.);
#1226 = DIRECTION('',(0.,-1.,0.));
#1227 = PCURVE('',#127,#1228);
#1228 = DEFINITIONAL_REPRESENTATION('',(#1229),#1232);
#1229 = B_SPLINE_CURVE_WITH_KNOTS('',1,(#1230,#1231),.UNSPECIFIED.,.F.,
  .F.,(2,2),(-4.475,-3.275),.PIECEWISE_BEZIER_KNOTS.);
#1230 = CARTESIAN_POINT('',(21.5,-7.75));
#1231 = CARTESIAN_POINT('',(21.5,-6.55));
#1232 = ( GEOMETRIC_REPRESENTATION_CONTEXT(2) 
PARAMETRIC_REPRESENTATION_CONTEXT() REPRESENTATION_CONTEXT('2D SPACE',''
  ) );
#1233 = PCURVE('',#848,#1234);
#1234 = DEFINITIONAL_REPRESENTATION('',(#1235),#1238);
#1235 = B_SPLINE_CURVE_WITH_KNOTS('',1,(#1236,#1237),.UNSPECIFIED.,.F.,
  .F.,(2,2),(-4.475,-3.275),.PIECEWISE_BEZIER_KNOTS.);
#1236 = CARTESIAN_POINT('',(1.6,1.2));
#1237 = CARTESIAN_POINT('',(1.6,0.));
#1238 = ( GEOMETRIC_REPRESENTATION_CONTEXT(2) 
PARAMETRIC_REPRESENTATION_CONTEXT() REPRESENTATION_CONTEXT('2D SPACE',''
  ) );
#1239 = ORIENTED_EDGE('',*,*,#1240,.F.);
#1240 = EDGE_CURVE('',#1176,#1220,#1241,.T.);
#1241 = SURFACE_CURVE('',#1242,(#1246,#1252),.PCURVE_S1.);
#1242 = LINE('',#1243,#1244);
#1243 = CARTESIAN_POINT('',(-4.4,-48.25,9.25));
#1244 = VECTOR('',#1245,1.);
#1245 = DIRECTION('',(0.,0.,1.));
#1246 = PCURVE('',#127,#1247);
#1247 = DEFINITIONAL_REPRESENTATION('',(#1248),#1251);
#1248 = B_SPLINE_CURVE_WITH_KNOTS('',1,(#1249,#1250),.UNSPECIFIED.,.F.,
  .F.,(2,2),(9.25,12.25),.PIECEWISE_BEZIER_KNOTS.);
#1249 = CARTESIAN_POINT('',(18.5,-7.75));
#1250 = CARTESIAN_POINT('',(21.5,-7.75));
#1251 = ( GEOMETRIC_REPRESENTATION_CONTEXT(2) 
PARAMETRIC_REPRESENTATION_CONTEXT() REPRESENTATION_CONTEXT('2D SPACE',''
  ) );
#1252 = PCURVE('',#872,#1253);
#1253 = DEFINITIONAL_REPRESENTATION('',(#1254),#1257);
#1254 = B_SPLINE_CURVE_WITH_KNOTS('',1,(#1255,#1256),.UNSPECIFIED.,.F.,
  .F.,(2,2),(9.25,12.25),.PIECEWISE_BEZIER_KNOTS.);
#1255 = CARTESIAN_POINT('',(0.,1.6));
#1256 = CARTESIAN_POINT('',(3.,1.6));
#1257 = ( GEOMETRIC_REPRESENTATION_CONTEXT(2) 
PARAMETRIC_REPRESENTATION_CONTEXT() REPRESENTATION_CONTEXT('2D SPACE',''
  ) );
#1258 = ADVANCED_FACE('',(#1259),#100,.T.);
#1259 = FACE_BOUND('',#1260,.T.);
#1260 = EDGE_LOOP('',(#1261,#1341,#1342,#1343));
#1261 = ORIENTED_EDGE('',*,*,#1262,.F.);
#1262 = EDGE_CURVE('',#58,#1263,#1265,.T.);
#1263 = VERTEX_POINT('',#1264);
#1264 = CARTESIAN_POINT('',(-13.,-46.72526083394,31.));
#1265 = SURFACE_CURVE('',#1266,(#1289,#1315),.PCURVE_S1.);
#1266 = B_SPLINE_CURVE_WITH_KNOTS('',6,(#1267,#1268,#1269,#1270,#1271,
    #1272,#1273,#1274,#1275,#1276,#1277,#1278,#1279,#1280,#1281,#1282,
    #1283,#1284,#1285,#1286,#1287,#1288),.UNSPECIFIED.,.F.,.F.,(7,5,5,5,
    7),(0.,0.333065945298,0.502517828356,0.674110098069,1.),
  .UNSPECIFIED.);
#1267 = CARTESIAN_POINT('',(-13.,-48.28043081829,29.5));
#1268 = CARTESIAN_POINT('',(-13.,-48.28043081829,29.632482523816));
#1269 = CARTESIAN_POINT('',(-13.,-48.26588930569,29.764992310503));
#1270 = CARTESIAN_POINT('',(-13.,-48.23679598975,29.895510375016));
#1271 = CARTESIAN_POINT('',(-13.,-48.19358982589,30.022129523949));
#1272 = CARTESIAN_POINT('',(-13.,-48.13702768265,30.143069181401));
#1273 = CARTESIAN_POINT('',(-13.,-48.03323545331,30.31454870086));
#1274 = CARTESIAN_POINT('',(-13.,-47.99506563139,30.370494819152));
#1275 = CARTESIAN_POINT('',(-13.,-47.95386825355,30.4243574396));
#1276 = CARTESIAN_POINT('',(-13.,-47.90980338273,30.475948873163));
#1277 = CARTESIAN_POINT('',(-13.,-47.86304599658,30.525099041509));
#1278 = CARTESIAN_POINT('',(-13.,-47.76389930569,30.618799087011));
#1279 = CARTESIAN_POINT('',(-13.,-47.71144548076,30.663283814358));
#1280 = CARTESIAN_POINT('',(-13.,-47.65661687176,30.704950901828));
#1281 = CARTESIAN_POINT('',(-13.,-47.59961843944,30.743662615832));
#1282 = CARTESIAN_POINT('',(-13.,-47.54066370236,30.779300686902));
#1283 = CARTESIAN_POINT('',(-13.,-47.36470829219,30.873422134838));
#1284 = CARTESIAN_POINT('',(-13.,-47.24317673622,30.923634748603));
#1285 = CARTESIAN_POINT('',(-13.,-47.11689089711,30.961715748017));
#1286 = CARTESIAN_POINT('',(-13.,-46.98741662146,30.987242241717));
#1287 = CARTESIAN_POINT('',(-13.,-46.85633963995,31.));
#1288 = CARTESIAN_POINT('',(-13.,-46.72526083394,31.));
#1289 = PCURVE('',#100,#1290);
#1290 = DEFINITIONAL_REPRESENTATION('',(#1291),#1314);
#1291 = B_SPLINE_CURVE_WITH_KNOTS('',6,(#1292,#1293,#1294,#1295,#1296,
    #1297,#1298,#1299,#1300,#1301,#1302,#1303,#1304,#1305,#1306,#1307,
    #1308,#1309,#1310,#1311,#1312,#1313),.UNSPECIFIED.,.F.,.F.,(7,5,5,5,
    7),(0.,0.333065945298,0.502517828356,0.674110098069,1.),
  .UNSPECIFIED.);
#1292 = CARTESIAN_POINT('',(4.449366777476,0.));
#1293 = CARTESIAN_POINT('',(4.449366777476,8.832168254399E-02));
#1294 = CARTESIAN_POINT('',(4.44929116153,0.176661288889));
#1295 = CARTESIAN_POINT('',(4.449139876722,0.264914731333));
#1296 = CARTESIAN_POINT('',(4.448914884749,0.353046983422));
#1297 = CARTESIAN_POINT('',(4.448619490795,0.441027316953));
#1298 = CARTESIAN_POINT('',(4.448075321025,0.573430413173));
#1299 = CARTESIAN_POINT('',(4.447874902576,0.618025268536));
#1300 = CARTESIAN_POINT('',(4.447658209867,0.662563090322));
#1301 = CARTESIAN_POINT('',(4.447425971591,0.707041810435));
#1302 = CARTESIAN_POINT('',(4.447178992991,0.751460655479));
#1303 = CARTESIAN_POINT('',(4.446654013733,0.840737043828));
#1304 = CARTESIAN_POINT('',(4.446375656197,0.885593805305));
#1305 = CARTESIAN_POINT('',(4.446083986745,0.930388511675));
#1306 = CARTESIAN_POINT('',(4.445779973629,0.975123103083));
#1307 = CARTESIAN_POINT('',(4.445464641261,1.019800782715));
#1308 = CARTESIAN_POINT('',(4.444520732051,1.149175408792));
#1309 = CARTESIAN_POINT('',(4.44386542708,1.233736271476));
#1310 = CARTESIAN_POINT('',(4.443180550084,1.318128182718));
#1311 = CARTESIAN_POINT('',(4.44247399657,1.402400836998));
#1312 = CARTESIAN_POINT('',(4.441754110367,1.486608128844));
#1313 = CARTESIAN_POINT('',(4.441029687165,1.570796326795));
#1314 = ( GEOMETRIC_REPRESENTATION_CONTEXT(2) 
PARAMETRIC_REPRESENTATION_CONTEXT() REPRESENTATION_CONTEXT('2D SPACE',''
  ) );
#1315 = PCURVE('',#72,#1316);
#1316 = DEFINITIONAL_REPRESENTATION('',(#1317),#1340);
#1317 = B_SPLINE_CURVE_WITH_KNOTS('',6,(#1318,#1319,#1320,#1321,#1322,
    #1323,#1324,#1325,#1326,#1327,#1328,#1329,#1330,#1331,#1332,#1333,
    #1334,#1335,#1336,#1337,#1338,#1339),.UNSPECIFIED.,.F.,.F.,(7,5,5,5,
    7),(0.,0.333065945298,0.502517828356,0.674110098069,1.),
  .UNSPECIFIED.);
#1318 = CARTESIAN_POINT('',(41.5,-5.719569181707));
#1319 = CARTESIAN_POINT('',(41.632482523816,-5.719569181707));
#1320 = CARTESIAN_POINT('',(41.764992310503,-5.734110694303));
#1321 = CARTESIAN_POINT('',(41.895510375016,-5.763204010248));
#1322 = CARTESIAN_POINT('',(42.022129523949,-5.806410174104));
#1323 = CARTESIAN_POINT('',(42.143069181401,-5.862972317341));
#1324 = CARTESIAN_POINT('',(42.31454870086,-5.966764546686));
#1325 = CARTESIAN_POINT('',(42.370494819152,-6.004934368608));
#1326 = CARTESIAN_POINT('',(42.4243574396,-6.046131746442));
#1327 = CARTESIAN_POINT('',(42.475948873163,-6.090196617262));
#1328 = CARTESIAN_POINT('',(42.525099041509,-6.136954003412));
#1329 = CARTESIAN_POINT('',(42.618799087011,-6.236100694309));
#1330 = CARTESIAN_POINT('',(42.663283814358,-6.288554519233));
#1331 = CARTESIAN_POINT('',(42.704950901828,-6.343383128236));
#1332 = CARTESIAN_POINT('',(42.743662615832,-6.400381560558));
#1333 = CARTESIAN_POINT('',(42.779300686902,-6.459336297634));
#1334 = CARTESIAN_POINT('',(42.873422134838,-6.63529170781));
#1335 = CARTESIAN_POINT('',(42.923634748603,-6.756823263779));
#1336 = CARTESIAN_POINT('',(42.961715748017,-6.883109102884));
#1337 = CARTESIAN_POINT('',(42.987242241717,-7.01258337854));
#1338 = CARTESIAN_POINT('',(43.,-7.143660360041));
#1339 = CARTESIAN_POINT('',(43.,-7.274739166057));
#1340 = ( GEOMETRIC_REPRESENTATION_CONTEXT(2) 
PARAMETRIC_REPRESENTATION_CONTEXT() REPRESENTATION_CONTEXT('2D SPACE',''
  ) );
#1341 = ORIENTED_EDGE('',*,*,#83,.T.);
#1342 = ORIENTED_EDGE('',*,*,#1095,.T.);
#1343 = ORIENTED_EDGE('',*,*,#1344,.F.);
#1344 = EDGE_CURVE('',#1263,#1070,#1345,.T.);
#1345 = SURFACE_CURVE('',#1346,(#1351,#1358),.PCURVE_S1.);
#1346 = CIRCLE('',#1347,48.5);
#1347 = AXIS2_PLACEMENT_3D('',#1348,#1349,#1350);
#1348 = CARTESIAN_POINT('',(0.,0.,31.));
#1349 = DIRECTION('',(0.,0.,1.));
#1350 = DIRECTION('',(1.,0.,-0.));
#1351 = PCURVE('',#100,#1352);
#1352 = DEFINITIONAL_REPRESENTATION('',(#1353),#1357);
#1353 = LINE('',#1354,#1355);
#1354 = CARTESIAN_POINT('',(0.,1.570796326795));
#1355 = VECTOR('',#1356,1.);
#1356 = DIRECTION('',(1.,0.));
#1357 = ( GEOMETRIC_REPRESENTATION_CONTEXT(2) 
PARAMETRIC_REPRESENTATION_CONTEXT() REPRESENTATION_CONTEXT('2D SPACE',''
  ) );
#1358 = PCURVE('',#1084,#1359);
#1359 = DEFINITIONAL_REPRESENTATION('',(#1360),#1364);
#1360 = CIRCLE('',#1361,48.5);
#1361 = AXIS2_PLACEMENT_2D('',#1362,#1363);
#1362 = CARTESIAN_POINT('',(1.75032336965E-15,-3.209892110372E-15));
#1363 = DIRECTION('',(1.,0.));
#1364 = ( GEOMETRIC_REPRESENTATION_CONTEXT(2) 
PARAMETRIC_REPRESENTATION_CONTEXT() REPRESENTATION_CONTEXT('2D SPACE',''
  ) );
#1365 = ADVANCED_FACE('',(#1366),#72,.F.);
#1366 = FACE_BOUND('',#1367,.F.);
#1367 = EDGE_LOOP('',(#1368,#1369,#1370,#1371,#1392,#1418));
#1368 = ORIENTED_EDGE('',*,*,#1262,.F.);
#1369 = ORIENTED_EDGE('',*,*,#57,.T.);
#1370 = ORIENTED_EDGE('',*,*,#253,.T.);
#1371 = ORIENTED_EDGE('',*,*,#1372,.T.);
#1372 = EDGE_CURVE('',#254,#1373,#1375,.T.);
#1373 = VERTEX_POINT('',#1374);
#1374 = CARTESIAN_POINT('',(-13.,-41.73215938588,-11.));
#1375 = SURFACE_CURVE('',#1376,(#1380,#1386),.PCURVE_S1.);
#1376 = LINE('',#1377,#1378);
#1377 = CARTESIAN_POINT('',(-13.,-27.,-11.));
#1378 = VECTOR('',#1379,1.);
#1379 = DIRECTION('',(0.,1.,0.));
#1380 = PCURVE('',#72,#1381);
#1381 = DEFINITIONAL_REPRESENTATION('',(#1382),#1385);
#1382 = B_SPLINE_CURVE_WITH_KNOTS('',1,(#1383,#1384),.UNSPECIFIED.,.F.,
  .F.,(2,2),(-21.5,-11.),.PIECEWISE_BEZIER_KNOTS.);
#1383 = CARTESIAN_POINT('',(1.,-5.5));
#1384 = CARTESIAN_POINT('',(1.,-16.));
#1385 = ( GEOMETRIC_REPRESENTATION_CONTEXT(2) 
PARAMETRIC_REPRESENTATION_CONTEXT() REPRESENTATION_CONTEXT('2D SPACE',''
  ) );
#1386 = PCURVE('',#429,#1387);
#1387 = DEFINITIONAL_REPRESENTATION('',(#1388),#1391);
#1388 = B_SPLINE_CURVE_WITH_KNOTS('',1,(#1389,#1390),.UNSPECIFIED.,.F.,
  .F.,(2,2),(-21.5,-11.),.PIECEWISE_BEZIER_KNOTS.);
#1389 = CARTESIAN_POINT('',(-13.,-48.5));
#1390 = CARTESIAN_POINT('',(-13.,-38.));
#1391 = ( GEOMETRIC_REPRESENTATION_CONTEXT(2) 
PARAMETRIC_REPRESENTATION_CONTEXT() REPRESENTATION_CONTEXT('2D SPACE',''
  ) );
#1392 = ORIENTED_EDGE('',*,*,#1393,.F.);
#1393 = EDGE_CURVE('',#1394,#1373,#1396,.T.);
#1394 = VERTEX_POINT('',#1395);
#1395 = CARTESIAN_POINT('',(-13.,-41.73215938588,31.));
#1396 = SURFACE_CURVE('',#1397,(#1401,#1407),.PCURVE_S1.);
#1397 = LINE('',#1398,#1399);
#1398 = CARTESIAN_POINT('',(-13.,-41.73215938588,-30.));
#1399 = VECTOR('',#1400,1.);
#1400 = DIRECTION('',(-0.,-0.,-1.));
#1401 = PCURVE('',#72,#1402);
#1402 = DEFINITIONAL_REPRESENTATION('',(#1403),#1406);
#1403 = B_SPLINE_CURVE_WITH_KNOTS('',1,(#1404,#1405),.UNSPECIFIED.,.F.,
  .F.,(2,2),(-61.0000006,-18.9999994),.PIECEWISE_BEZIER_KNOTS.);
#1404 = CARTESIAN_POINT('',(43.0000006,-12.26784061411));
#1405 = CARTESIAN_POINT('',(0.9999994,-12.26784061411));
#1406 = ( GEOMETRIC_REPRESENTATION_CONTEXT(2) 
PARAMETRIC_REPRESENTATION_CONTEXT() REPRESENTATION_CONTEXT('2D SPACE',''
  ) );
#1407 = PCURVE('',#1408,#1413);
#1408 = CYLINDRICAL_SURFACE('',#1409,4.2);
#1409 = AXIS2_PLACEMENT_3D('',#1410,#1411,#1412);
#1410 = CARTESIAN_POINT('',(-13.68080573302,-37.58770483143,-30.));
#1411 = DIRECTION('',(-0.,-0.,-1.));
#1412 = DIRECTION('',(1.,0.,0.));
#1413 = DEFINITIONAL_REPRESENTATION('',(#1414),#1417);
#1414 = B_SPLINE_CURVE_WITH_KNOTS('',1,(#1415,#1416),.UNSPECIFIED.,.F.,
  .F.,(2,2),(-61.0000006,-18.9999994),.PIECEWISE_BEZIER_KNOTS.);
#1415 = CARTESIAN_POINT('',(-4.875203966796,-61.0000006));
#1416 = CARTESIAN_POINT('',(-4.875203966796,-18.9999994));
#1417 = ( GEOMETRIC_REPRESENTATION_CONTEXT(2) 
PARAMETRIC_REPRESENTATION_CONTEXT() REPRESENTATION_CONTEXT('2D SPACE',''
  ) );
#1418 = ORIENTED_EDGE('',*,*,#1419,.F.);
#1419 = EDGE_CURVE('',#1263,#1394,#1420,.T.);
#1420 = SURFACE_CURVE('',#1421,(#1425,#1431),.PCURVE_S1.);
#1421 = LINE('',#1422,#1423);
#1422 = CARTESIAN_POINT('',(-13.,-27.,31.));
#1423 = VECTOR('',#1424,1.);
#1424 = DIRECTION('',(0.,1.,0.));
#1425 = PCURVE('',#72,#1426);
#1426 = DEFINITIONAL_REPRESENTATION('',(#1427),#1430);
#1427 = B_SPLINE_CURVE_WITH_KNOTS('',1,(#1428,#1429),.UNSPECIFIED.,.F.,
  .F.,(2,2),(-21.3,-11.),.PIECEWISE_BEZIER_KNOTS.);
#1428 = CARTESIAN_POINT('',(43.,-5.7));
#1429 = CARTESIAN_POINT('',(43.,-16.));
#1430 = ( GEOMETRIC_REPRESENTATION_CONTEXT(2) 
PARAMETRIC_REPRESENTATION_CONTEXT() REPRESENTATION_CONTEXT('2D SPACE',''
  ) );
#1431 = PCURVE('',#1084,#1432);
#1432 = DEFINITIONAL_REPRESENTATION('',(#1433),#1436);
#1433 = B_SPLINE_CURVE_WITH_KNOTS('',1,(#1434,#1435),.UNSPECIFIED.,.F.,
  .F.,(2,2),(-21.3,-11.),.PIECEWISE_BEZIER_KNOTS.);
#1434 = CARTESIAN_POINT('',(-13.,-48.3));
#1435 = CARTESIAN_POINT('',(-13.,-38.));
#1436 = ( GEOMETRIC_REPRESENTATION_CONTEXT(2) 
PARAMETRIC_REPRESENTATION_CONTEXT() REPRESENTATION_CONTEXT('2D SPACE',''
  ) );
#1437 = ADVANCED_FACE('',(#1438),#429,.F.);
#1438 = FACE_BOUND('',#1439,.F.);
#1439 = EDGE_LOOP('',(#1440,#1441,#1442,#1443,#1471,#1499));
#1440 = ORIENTED_EDGE('',*,*,#1372,.F.);
#1441 = ORIENTED_EDGE('',*,*,#414,.T.);
#1442 = ORIENTED_EDGE('',*,*,#526,.T.);
#1443 = ORIENTED_EDGE('',*,*,#1444,.T.);
#1444 = EDGE_CURVE('',#527,#1445,#1447,.T.);
#1445 = VERTEX_POINT('',#1446);
#1446 = CARTESIAN_POINT('',(11.678641467252,-41.27976905797,-11.));
#1447 = SURFACE_CURVE('',#1448,(#1453,#1464),.PCURVE_S1.);
#1448 = CIRCLE('',#1449,4.2);
#1449 = AXIS2_PLACEMENT_3D('',#1450,#1451,#1452);
#1450 = CARTESIAN_POINT('',(13.680805733027,-37.58770483143,-11.));
#1451 = DIRECTION('',(0.,0.,-1.));
#1452 = DIRECTION('',(1.,0.,0.));
#1453 = PCURVE('',#429,#1454);
#1454 = DEFINITIONAL_REPRESENTATION('',(#1455),#1463);
#1455 = ( BOUNDED_CURVE() B_SPLINE_CURVE(2,(#1456,#1457,#1458,#1459,
#1460,#1461,#1462),.UNSPECIFIED.,.T.,.F.) B_SPLINE_CURVE_WITH_KNOTS((1,2
    ,2,2,2,1),(-2.094395102393,0.,2.094395102393,4.188790204786,
6.28318530718,8.377580409573),.UNSPECIFIED.) CURVE() 
GEOMETRIC_REPRESENTATION_ITEM() RATIONAL_B_SPLINE_CURVE((1.,0.5,1.,0.5,
1.,0.5,1.)) REPRESENTATION_ITEM('') );
#1456 = CARTESIAN_POINT('',(17.880805733027,-37.58770483143));
#1457 = CARTESIAN_POINT('',(17.880805733027,-44.86231822322));
#1458 = CARTESIAN_POINT('',(11.580805733027,-41.22501152733));
#1459 = CARTESIAN_POINT('',(5.280805733027,-37.58770483143));
#1460 = CARTESIAN_POINT('',(11.580805733027,-33.95039813554));
#1461 = CARTESIAN_POINT('',(17.880805733027,-30.31309143964));
#1462 = CARTESIAN_POINT('',(17.880805733027,-37.58770483143));
#1463 = ( GEOMETRIC_REPRESENTATION_CONTEXT(2) 
PARAMETRIC_REPRESENTATION_CONTEXT() REPRESENTATION_CONTEXT('2D SPACE',''
  ) );
#1464 = PCURVE('',#562,#1465);
#1465 = DEFINITIONAL_REPRESENTATION('',(#1466),#1470);
#1466 = LINE('',#1467,#1468);
#1467 = CARTESIAN_POINT('',(-6.28318530718,-19.));
#1468 = VECTOR('',#1469,1.);
#1469 = DIRECTION('',(1.,-0.));
#1470 = ( GEOMETRIC_REPRESENTATION_CONTEXT(2) 
PARAMETRIC_REPRESENTATION_CONTEXT() REPRESENTATION_CONTEXT('2D SPACE',''
  ) );
#1471 = ORIENTED_EDGE('',*,*,#1472,.T.);
#1472 = EDGE_CURVE('',#1445,#1473,#1475,.T.);
#1473 = VERTEX_POINT('',#1474);
#1474 = CARTESIAN_POINT('',(-11.67864146725,-41.27976905797,-11.));
#1475 = SURFACE_CURVE('',#1476,(#1481,#1492),.PCURVE_S1.);
#1476 = CIRCLE('',#1477,42.9);
#1477 = AXIS2_PLACEMENT_3D('',#1478,#1479,#1480);
#1478 = CARTESIAN_POINT('',(0.,0.,-11.));
#1479 = DIRECTION('',(0.,0.,-1.));
#1480 = DIRECTION('',(1.,0.,0.));
#1481 = PCURVE('',#429,#1482);
#1482 = DEFINITIONAL_REPRESENTATION('',(#1483),#1491);
#1483 = ( BOUNDED_CURVE() B_SPLINE_CURVE(2,(#1484,#1485,#1486,#1487,
#1488,#1489,#1490),.UNSPECIFIED.,.T.,.F.) B_SPLINE_CURVE_WITH_KNOTS((1,2
    ,2,2,2,1),(-2.094395102393,0.,2.094395102393,4.188790204786,
6.28318530718,8.377580409573),.UNSPECIFIED.) CURVE() 
GEOMETRIC_REPRESENTATION_ITEM() RATIONAL_B_SPLINE_CURVE((1.,0.5,1.,0.5,
1.,0.5,1.)) REPRESENTATION_ITEM('') );
#1484 = CARTESIAN_POINT('',(42.9,-3.209892110372E-15));
#1485 = CARTESIAN_POINT('',(42.9,-74.3049796447));
#1486 = CARTESIAN_POINT('',(-21.45,-37.15248982235));
#1487 = CARTESIAN_POINT('',(-85.8,-1.371736164706E-14));
#1488 = CARTESIAN_POINT('',(-21.45,37.152489822352));
#1489 = CARTESIAN_POINT('',(42.9,74.304979644705));
#1490 = CARTESIAN_POINT('',(42.9,-3.209892110372E-15));
#1491 = ( GEOMETRIC_REPRESENTATION_CONTEXT(2) 
PARAMETRIC_REPRESENTATION_CONTEXT() REPRESENTATION_CONTEXT('2D SPACE',''
  ) );
#1492 = PCURVE('',#746,#1493);
#1493 = DEFINITIONAL_REPRESENTATION('',(#1494),#1498);
#1494 = LINE('',#1495,#1496);
#1495 = CARTESIAN_POINT('',(-6.28318530718,-19.));
#1496 = VECTOR('',#1497,1.);
#1497 = DIRECTION('',(1.,-0.));
#1498 = ( GEOMETRIC_REPRESENTATION_CONTEXT(2) 
PARAMETRIC_REPRESENTATION_CONTEXT() REPRESENTATION_CONTEXT('2D SPACE',''
  ) );
#1499 = ORIENTED_EDGE('',*,*,#1500,.T.);
#1500 = EDGE_CURVE('',#1473,#1373,#1501,.T.);
#1501 = SURFACE_CURVE('',#1502,(#1507,#1518),.PCURVE_S1.);
#1502 = CIRCLE('',#1503,4.2);
#1503 = AXIS2_PLACEMENT_3D('',#1504,#1505,#1506);
#1504 = CARTESIAN_POINT('',(-13.68080573302,-37.58770483143,-11.));
#1505 = DIRECTION('',(0.,0.,-1.));
#1506 = DIRECTION('',(1.,0.,0.));
#1507 = PCURVE('',#429,#1508);
#1508 = DEFINITIONAL_REPRESENTATION('',(#1509),#1517);
#1509 = ( BOUNDED_CURVE() B_SPLINE_CURVE(2,(#1510,#1511,#1512,#1513,
#1514,#1515,#1516),.UNSPECIFIED.,.T.,.F.) B_SPLINE_CURVE_WITH_KNOTS((1,2
    ,2,2,2,1),(-2.094395102393,0.,2.094395102393,4.188790204786,
6.28318530718,8.377580409573),.UNSPECIFIED.) CURVE() 
GEOMETRIC_REPRESENTATION_ITEM() RATIONAL_B_SPLINE_CURVE((1.,0.5,1.,0.5,
1.,0.5,1.)) REPRESENTATION_ITEM('') );
#1510 = CARTESIAN_POINT('',(-9.480805733027,-37.58770483143));
#1511 = CARTESIAN_POINT('',(-9.480805733027,-44.86231822322));
#1512 = CARTESIAN_POINT('',(-15.78080573302,-41.22501152733));
#1513 = CARTESIAN_POINT('',(-22.08080573302,-37.58770483143));
#1514 = CARTESIAN_POINT('',(-15.78080573302,-33.95039813554));
#1515 = CARTESIAN_POINT('',(-9.480805733027,-30.31309143964));
#1516 = CARTESIAN_POINT('',(-9.480805733027,-37.58770483143));
#1517 = ( GEOMETRIC_REPRESENTATION_CONTEXT(2) 
PARAMETRIC_REPRESENTATION_CONTEXT() REPRESENTATION_CONTEXT('2D SPACE',''
  ) );
#1518 = PCURVE('',#1408,#1519);
#1519 = DEFINITIONAL_REPRESENTATION('',(#1520),#1524);
#1520 = LINE('',#1521,#1522);
#1521 = CARTESIAN_POINT('',(-6.28318530718,-19.));
#1522 = VECTOR('',#1523,1.);
#1523 = DIRECTION('',(1.,-0.));
#1524 = ( GEOMETRIC_REPRESENTATION_CONTEXT(2) 
PARAMETRIC_REPRESENTATION_CONTEXT() REPRESENTATION_CONTEXT('2D SPACE',''
  ) );
#1525 = ADVANCED_FACE('',(#1526),#586,.T.);
#1526 = FACE_BOUND('',#1527,.T.);
#1527 = EDGE_LOOP('',(#1528,#1529,#1530,#1558,#1586,#1612,#1638,#1671,
    #1697,#1730,#1756,#1789,#1815,#1848,#1874,#1900));
#1528 = ORIENTED_EDGE('',*,*,#682,.T.);
#1529 = ORIENTED_EDGE('',*,*,#573,.T.);
#1530 = ORIENTED_EDGE('',*,*,#1531,.T.);
#1531 = EDGE_CURVE('',#548,#1532,#1534,.T.);
#1532 = VERTEX_POINT('',#1533);
#1533 = CARTESIAN_POINT('',(11.678641467252,-41.27976905797,31.));
#1534 = SURFACE_CURVE('',#1535,(#1540,#1551),.PCURVE_S1.);
#1535 = CIRCLE('',#1536,4.2);
#1536 = AXIS2_PLACEMENT_3D('',#1537,#1538,#1539);
#1537 = CARTESIAN_POINT('',(13.680805733027,-37.58770483143,31.));
#1538 = DIRECTION('',(0.,0.,-1.));
#1539 = DIRECTION('',(1.,0.,0.));
#1540 = PCURVE('',#586,#1541);
#1541 = DEFINITIONAL_REPRESENTATION('',(#1542),#1550);
#1542 = ( BOUNDED_CURVE() B_SPLINE_CURVE(2,(#1543,#1544,#1545,#1546,
#1547,#1548,#1549),.UNSPECIFIED.,.T.,.F.) B_SPLINE_CURVE_WITH_KNOTS((1,2
    ,2,2,2,1),(-2.094395102393,0.,2.094395102393,4.188790204786,
6.28318530718,8.377580409573),.UNSPECIFIED.) CURVE() 
GEOMETRIC_REPRESENTATION_ITEM() RATIONAL_B_SPLINE_CURVE((1.,0.5,1.,0.5,
1.,0.5,1.)) REPRESENTATION_ITEM('') );
#1543 = CARTESIAN_POINT('',(17.880805733027,-37.58770483143));
#1544 = CARTESIAN_POINT('',(17.880805733027,-44.86231822322));
#1545 = CARTESIAN_POINT('',(11.580805733027,-41.22501152733));
#1546 = CARTESIAN_POINT('',(5.280805733027,-37.58770483143));
#1547 = CARTESIAN_POINT('',(11.580805733027,-33.95039813554));
#1548 = CARTESIAN_POINT('',(17.880805733027,-30.31309143964));
#1549 = CARTESIAN_POINT('',(17.880805733027,-37.58770483143));
#1550 = ( GEOMETRIC_REPRESENTATION_CONTEXT(2) 
PARAMETRIC_REPRESENTATION_CONTEXT() REPRESENTATION_CONTEXT('2D SPACE',''
  ) );
#1551 = PCURVE('',#562,#1552);
#1552 = DEFINITIONAL_REPRESENTATION('',(#1553),#1557);
#1553 = LINE('',#1554,#1555);
#1554 = CARTESIAN_POINT('',(-6.28318530718,-61.));
#1555 = VECTOR('',#1556,1.);
#1556 = DIRECTION('',(1.,-0.));
#1557 = ( GEOMETRIC_REPRESENTATION_CONTEXT(2) 
PARAMETRIC_REPRESENTATION_CONTEXT() REPRESENTATION_CONTEXT('2D SPACE',''
  ) );
#1558 = ORIENTED_EDGE('',*,*,#1559,.T.);
#1559 = EDGE_CURVE('',#1532,#1560,#1562,.T.);
#1560 = VERTEX_POINT('',#1561);
#1561 = CARTESIAN_POINT('',(10.25,-41.65750232551,31.));
#1562 = SURFACE_CURVE('',#1563,(#1568,#1579),.PCURVE_S1.);
#1563 = CIRCLE('',#1564,42.9);
#1564 = AXIS2_PLACEMENT_3D('',#1565,#1566,#1567);
#1565 = CARTESIAN_POINT('',(0.,0.,31.));
#1566 = DIRECTION('',(0.,0.,-1.));
#1567 = DIRECTION('',(1.,0.,0.));
#1568 = PCURVE('',#586,#1569);
#1569 = DEFINITIONAL_REPRESENTATION('',(#1570),#1578);
#1570 = ( BOUNDED_CURVE() B_SPLINE_CURVE(2,(#1571,#1572,#1573,#1574,
#1575,#1576,#1577),.UNSPECIFIED.,.T.,.F.) B_SPLINE_CURVE_WITH_KNOTS((1,2
    ,2,2,2,1),(-2.094395102393,0.,2.094395102393,4.188790204786,
6.28318530718,8.377580409573),.UNSPECIFIED.) CURVE() 
GEOMETRIC_REPRESENTATION_ITEM() RATIONAL_B_SPLINE_CURVE((1.,0.5,1.,0.5,
1.,0.5,1.)) REPRESENTATION_ITEM('') );
#1571 = CARTESIAN_POINT('',(42.9,-3.209892110372E-15));
#1572 = CARTESIAN_POINT('',(42.9,-74.3049796447));
#1573 = CARTESIAN_POINT('',(-21.45,-37.15248982235));
#1574 = CARTESIAN_POINT('',(-85.8,-1.371736164706E-14));
#1575 = CARTESIAN_POINT('',(-21.45,37.152489822352));
#1576 = CARTESIAN_POINT('',(42.9,74.304979644705));
#1577 = CARTESIAN_POINT('',(42.9,-3.209892110372E-15));
#1578 = ( GEOMETRIC_REPRESENTATION_CONTEXT(2) 
PARAMETRIC_REPRESENTATION_CONTEXT() REPRESENTATION_CONTEXT('2D SPACE',''
  ) );
#1579 = PCURVE('',#746,#1580);
#1580 = DEFINITIONAL_REPRESENTATION('',(#1581),#1585);
#1581 = LINE('',#1582,#1583);
#1582 = CARTESIAN_POINT('',(-6.28318530718,-61.));
#1583 = VECTOR('',#1584,1.);
#1584 = DIRECTION('',(1.,-0.));
#1585 = ( GEOMETRIC_REPRESENTATION_CONTEXT(2) 
PARAMETRIC_REPRESENTATION_CONTEXT() REPRESENTATION_CONTEXT('2D SPACE',''
  ) );
#1586 = ORIENTED_EDGE('',*,*,#1587,.F.);
#1587 = EDGE_CURVE('',#1588,#1560,#1590,.T.);
#1588 = VERTEX_POINT('',#1589);
#1589 = CARTESIAN_POINT('',(10.25,-42.4518543991,31.));
#1590 = SURFACE_CURVE('',#1591,(#1595,#1601),.PCURVE_S1.);
#1591 = LINE('',#1592,#1593);
#1592 = CARTESIAN_POINT('',(10.25,-20.6,31.));
#1593 = VECTOR('',#1594,1.);
#1594 = DIRECTION('',(0.,1.,-0.));
#1595 = PCURVE('',#586,#1596);
#1596 = DEFINITIONAL_REPRESENTATION('',(#1597),#1600);
#1597 = B_SPLINE_CURVE_WITH_KNOTS('',1,(#1598,#1599),.UNSPECIFIED.,.F.,
  .F.,(2,2),(-21.8518543991,-20.6),.PIECEWISE_BEZIER_KNOTS.);
#1598 = CARTESIAN_POINT('',(10.25,-42.4518543991));
#1599 = CARTESIAN_POINT('',(10.25,-41.2));
#1600 = ( GEOMETRIC_REPRESENTATION_CONTEXT(2) 
PARAMETRIC_REPRESENTATION_CONTEXT() REPRESENTATION_CONTEXT('2D SPACE',''
  ) );
#1601 = PCURVE('',#1602,#1607);
#1602 = PLANE('',#1603);
#1603 = AXIS2_PLACEMENT_3D('',#1604,#1605,#1606);
#1604 = CARTESIAN_POINT('',(10.25,-41.2,13.));
#1605 = DIRECTION('',(1.,-0.,0.));
#1606 = DIRECTION('',(-0.,-1.,0.));
#1607 = DEFINITIONAL_REPRESENTATION('',(#1608),#1611);
#1608 = B_SPLINE_CURVE_WITH_KNOTS('',1,(#1609,#1610),.UNSPECIFIED.,.F.,
  .F.,(2,2),(-21.8518543991,-20.6),.PIECEWISE_BEZIER_KNOTS.);
#1609 = CARTESIAN_POINT('',(1.251854399108,-18.));
#1610 = CARTESIAN_POINT('',(0.,-18.));
#1611 = ( GEOMETRIC_REPRESENTATION_CONTEXT(2) 
PARAMETRIC_REPRESENTATION_CONTEXT() REPRESENTATION_CONTEXT('2D SPACE',''
  ) );
#1612 = ORIENTED_EDGE('',*,*,#1613,.F.);
#1613 = EDGE_CURVE('',#1614,#1588,#1616,.T.);
#1614 = VERTEX_POINT('',#1615);
#1615 = CARTESIAN_POINT('',(11.232119172721,-44.90715233091,31.));
#1616 = SURFACE_CURVE('',#1617,(#1621,#1627),.PCURVE_S1.);
#1617 = LINE('',#1618,#1619);
#1618 = CARTESIAN_POINT('',(2.22381820705,-22.38639991673,31.));
#1619 = VECTOR('',#1620,1.);
#1620 = DIRECTION('',(-0.371390676354,0.928476690885,0.));
#1621 = PCURVE('',#586,#1622);
#1622 = DEFINITIONAL_REPRESENTATION('',(#1623),#1626);
#1623 = B_SPLINE_CURVE_WITH_KNOTS('',1,(#1624,#1625),.UNSPECIFIED.,.F.,
  .F.,(2,2),(-24.2555926662,-21.61115586352),.PIECEWISE_BEZIER_KNOTS.);
#1624 = CARTESIAN_POINT('',(11.232119172721,-44.90715233091));
#1625 = CARTESIAN_POINT('',(10.25,-42.4518543991));
#1626 = ( GEOMETRIC_REPRESENTATION_CONTEXT(2) 
PARAMETRIC_REPRESENTATION_CONTEXT() REPRESENTATION_CONTEXT('2D SPACE',''
  ) );
#1627 = PCURVE('',#1628,#1633);
#1628 = PLANE('',#1629);
#1629 = AXIS2_PLACEMENT_3D('',#1630,#1631,#1632);
#1630 = CARTESIAN_POINT('',(10.25,-42.4518543991,13.));
#1631 = DIRECTION('',(0.928476690885,0.371390676354,-0.));
#1632 = DIRECTION('',(0.371390676354,-0.928476690885,0.));
#1633 = DEFINITIONAL_REPRESENTATION('',(#1634),#1637);
#1634 = B_SPLINE_CURVE_WITH_KNOTS('',1,(#1635,#1636),.UNSPECIFIED.,.F.,
  .F.,(2,2),(-24.2555926662,-21.61115586352),.PIECEWISE_BEZIER_KNOTS.);
#1635 = CARTESIAN_POINT('',(2.644436802675,-18.));
#1636 = CARTESIAN_POINT('',(0.,-18.));
#1637 = ( GEOMETRIC_REPRESENTATION_CONTEXT(2) 
PARAMETRIC_REPRESENTATION_CONTEXT() REPRESENTATION_CONTEXT('2D SPACE',''
  ) );
#1638 = ORIENTED_EDGE('',*,*,#1639,.T.);
#1639 = EDGE_CURVE('',#1614,#1640,#1642,.T.);
#1640 = VERTEX_POINT('',#1641);
#1641 = CARTESIAN_POINT('',(11.25,-45.,31.));
#1642 = SURFACE_CURVE('',#1643,(#1648,#1659),.PCURVE_S1.);
#1643 = CIRCLE('',#1644,0.25);
#1644 = AXIS2_PLACEMENT_3D('',#1645,#1646,#1647);
#1645 = CARTESIAN_POINT('',(11.,-45.,31.));
#1646 = DIRECTION('',(-0.,-0.,-1.));
#1647 = DIRECTION('',(0.,-1.,0.));
#1648 = PCURVE('',#586,#1649);
#1649 = DEFINITIONAL_REPRESENTATION('',(#1650),#1658);
#1650 = ( BOUNDED_CURVE() B_SPLINE_CURVE(2,(#1651,#1652,#1653,#1654,
#1655,#1656,#1657),.UNSPECIFIED.,.T.,.F.) B_SPLINE_CURVE_WITH_KNOTS((1,2
    ,2,2,2,1),(-2.094395102393,0.,2.094395102393,4.188790204786,
6.28318530718,8.377580409573),.UNSPECIFIED.) CURVE() 
GEOMETRIC_REPRESENTATION_ITEM() RATIONAL_B_SPLINE_CURVE((1.,0.5,1.,0.5,
1.,0.5,1.)) REPRESENTATION_ITEM('') );
#1651 = CARTESIAN_POINT('',(11.,-45.25));
#1652 = CARTESIAN_POINT('',(10.566987298108,-45.25));
#1653 = CARTESIAN_POINT('',(10.783493649054,-44.875));
#1654 = CARTESIAN_POINT('',(11.,-44.5));
#1655 = CARTESIAN_POINT('',(11.216506350946,-44.875));
#1656 = CARTESIAN_POINT('',(11.433012701892,-45.25));
#1657 = CARTESIAN_POINT('',(11.,-45.25));
#1658 = ( GEOMETRIC_REPRESENTATION_CONTEXT(2) 
PARAMETRIC_REPRESENTATION_CONTEXT() REPRESENTATION_CONTEXT('2D SPACE',''
  ) );
#1659 = PCURVE('',#1660,#1665);
#1660 = CYLINDRICAL_SURFACE('',#1661,0.25);
#1661 = AXIS2_PLACEMENT_3D('',#1662,#1663,#1664);
#1662 = CARTESIAN_POINT('',(11.,-45.,13.));
#1663 = DIRECTION('',(-0.,-0.,-1.));
#1664 = DIRECTION('',(0.,-1.,0.));
#1665 = DEFINITIONAL_REPRESENTATION('',(#1666),#1670);
#1666 = LINE('',#1667,#1668);
#1667 = CARTESIAN_POINT('',(-6.28318530718,-18.));
#1668 = VECTOR('',#1669,1.);
#1669 = DIRECTION('',(1.,-0.));
#1670 = ( GEOMETRIC_REPRESENTATION_CONTEXT(2) 
PARAMETRIC_REPRESENTATION_CONTEXT() REPRESENTATION_CONTEXT('2D SPACE',''
  ) );
#1671 = ORIENTED_EDGE('',*,*,#1672,.F.);
#1672 = EDGE_CURVE('',#1673,#1640,#1675,.T.);
#1673 = VERTEX_POINT('',#1674);
#1674 = CARTESIAN_POINT('',(11.25,-45.6,31.));
#1675 = SURFACE_CURVE('',#1676,(#1680,#1686),.PCURVE_S1.);
#1676 = LINE('',#1677,#1678);
#1677 = CARTESIAN_POINT('',(11.25,-22.5,31.));
#1678 = VECTOR('',#1679,1.);
#1679 = DIRECTION('',(0.,1.,-0.));
#1680 = PCURVE('',#586,#1681);
#1681 = DEFINITIONAL_REPRESENTATION('',(#1682),#1685);
#1682 = B_SPLINE_CURVE_WITH_KNOTS('',1,(#1683,#1684),.UNSPECIFIED.,.F.,
  .F.,(2,2),(-23.1,-22.5),.PIECEWISE_BEZIER_KNOTS.);
#1683 = CARTESIAN_POINT('',(11.25,-45.6));
#1684 = CARTESIAN_POINT('',(11.25,-45.));
#1685 = ( GEOMETRIC_REPRESENTATION_CONTEXT(2) 
PARAMETRIC_REPRESENTATION_CONTEXT() REPRESENTATION_CONTEXT('2D SPACE',''
  ) );
#1686 = PCURVE('',#1687,#1692);
#1687 = PLANE('',#1688);
#1688 = AXIS2_PLACEMENT_3D('',#1689,#1690,#1691);
#1689 = CARTESIAN_POINT('',(11.25,-45.,13.));
#1690 = DIRECTION('',(1.,-0.,0.));
#1691 = DIRECTION('',(-0.,-1.,0.));
#1692 = DEFINITIONAL_REPRESENTATION('',(#1693),#1696);
#1693 = B_SPLINE_CURVE_WITH_KNOTS('',1,(#1694,#1695),.UNSPECIFIED.,.F.,
  .F.,(2,2),(-23.1,-22.5),.PIECEWISE_BEZIER_KNOTS.);
#1694 = CARTESIAN_POINT('',(0.6,-18.));
#1695 = CARTESIAN_POINT('',(0.,-18.));
#1696 = ( GEOMETRIC_REPRESENTATION_CONTEXT(2) 
PARAMETRIC_REPRESENTATION_CONTEXT() REPRESENTATION_CONTEXT('2D SPACE',''
  ) );
#1697 = ORIENTED_EDGE('',*,*,#1698,.T.);
#1698 = EDGE_CURVE('',#1673,#1699,#1701,.T.);
#1699 = VERTEX_POINT('',#1700);
#1700 = CARTESIAN_POINT('',(11.,-45.85,31.));
#1701 = SURFACE_CURVE('',#1702,(#1707,#1718),.PCURVE_S1.);
#1702 = CIRCLE('',#1703,0.25);
#1703 = AXIS2_PLACEMENT_3D('',#1704,#1705,#1706);
#1704 = CARTESIAN_POINT('',(11.,-45.6,31.));
#1705 = DIRECTION('',(-0.,0.,-1.));
#1706 = DIRECTION('',(-1.,0.,0.));
#1707 = PCURVE('',#586,#1708);
#1708 = DEFINITIONAL_REPRESENTATION('',(#1709),#1717);
#1709 = ( BOUNDED_CURVE() B_SPLINE_CURVE(2,(#1710,#1711,#1712,#1713,
#1714,#1715,#1716),.UNSPECIFIED.,.T.,.F.) B_SPLINE_CURVE_WITH_KNOTS((1,2
    ,2,2,2,1),(-2.094395102393,0.,2.094395102393,4.188790204786,
6.28318530718,8.377580409573),.UNSPECIFIED.) CURVE() 
GEOMETRIC_REPRESENTATION_ITEM() RATIONAL_B_SPLINE_CURVE((1.,0.5,1.,0.5,
1.,0.5,1.)) REPRESENTATION_ITEM('') );
#1710 = CARTESIAN_POINT('',(10.75,-45.6));
#1711 = CARTESIAN_POINT('',(10.75,-45.1669872981));
#1712 = CARTESIAN_POINT('',(11.125,-45.38349364905));
#1713 = CARTESIAN_POINT('',(11.5,-45.6));
#1714 = CARTESIAN_POINT('',(11.125,-45.81650635094));
#1715 = CARTESIAN_POINT('',(10.75,-46.03301270189));
#1716 = CARTESIAN_POINT('',(10.75,-45.6));
#1717 = ( GEOMETRIC_REPRESENTATION_CONTEXT(2) 
PARAMETRIC_REPRESENTATION_CONTEXT() REPRESENTATION_CONTEXT('2D SPACE',''
  ) );
#1718 = PCURVE('',#1719,#1724);
#1719 = CYLINDRICAL_SURFACE('',#1720,0.25);
#1720 = AXIS2_PLACEMENT_3D('',#1721,#1722,#1723);
#1721 = CARTESIAN_POINT('',(11.,-45.6,13.));
#1722 = DIRECTION('',(-0.,-0.,-1.));
#1723 = DIRECTION('',(-1.,0.,0.));
#1724 = DEFINITIONAL_REPRESENTATION('',(#1725),#1729);
#1725 = LINE('',#1726,#1727);
#1726 = CARTESIAN_POINT('',(-6.28318530718,-18.));
#1727 = VECTOR('',#1728,1.);
#1728 = DIRECTION('',(1.,-0.));
#1729 = ( GEOMETRIC_REPRESENTATION_CONTEXT(2) 
PARAMETRIC_REPRESENTATION_CONTEXT() REPRESENTATION_CONTEXT('2D SPACE',''
  ) );
#1730 = ORIENTED_EDGE('',*,*,#1731,.F.);
#1731 = EDGE_CURVE('',#1732,#1699,#1734,.T.);
#1732 = VERTEX_POINT('',#1733);
#1733 = CARTESIAN_POINT('',(5.,-45.85,31.));
#1734 = SURFACE_CURVE('',#1735,(#1739,#1745),.PCURVE_S1.);
#1735 = LINE('',#1736,#1737);
#1736 = CARTESIAN_POINT('',(5.5,-45.85,31.));
#1737 = VECTOR('',#1738,1.);
#1738 = DIRECTION('',(1.,0.,-0.));
#1739 = PCURVE('',#586,#1740);
#1740 = DEFINITIONAL_REPRESENTATION('',(#1741),#1744);
#1741 = B_SPLINE_CURVE_WITH_KNOTS('',1,(#1742,#1743),.UNSPECIFIED.,.F.,
  .F.,(2,2),(-0.5,5.5),.PIECEWISE_BEZIER_KNOTS.);
#1742 = CARTESIAN_POINT('',(5.,-45.85));
#1743 = CARTESIAN_POINT('',(11.,-45.85));
#1744 = ( GEOMETRIC_REPRESENTATION_CONTEXT(2) 
PARAMETRIC_REPRESENTATION_CONTEXT() REPRESENTATION_CONTEXT('2D SPACE',''
  ) );
#1745 = PCURVE('',#1746,#1751);
#1746 = PLANE('',#1747);
#1747 = AXIS2_PLACEMENT_3D('',#1748,#1749,#1750);
#1748 = CARTESIAN_POINT('',(11.,-45.85,13.));
#1749 = DIRECTION('',(0.,-1.,0.));
#1750 = DIRECTION('',(-1.,0.,0.));
#1751 = DEFINITIONAL_REPRESENTATION('',(#1752),#1755);
#1752 = B_SPLINE_CURVE_WITH_KNOTS('',1,(#1753,#1754),.UNSPECIFIED.,.F.,
  .F.,(2,2),(-0.5,5.5),.PIECEWISE_BEZIER_KNOTS.);
#1753 = CARTESIAN_POINT('',(6.,-18.));
#1754 = CARTESIAN_POINT('',(0.,-18.));
#1755 = ( GEOMETRIC_REPRESENTATION_CONTEXT(2) 
PARAMETRIC_REPRESENTATION_CONTEXT() REPRESENTATION_CONTEXT('2D SPACE',''
  ) );
#1756 = ORIENTED_EDGE('',*,*,#1757,.T.);
#1757 = EDGE_CURVE('',#1732,#1758,#1760,.T.);
#1758 = VERTEX_POINT('',#1759);
#1759 = CARTESIAN_POINT('',(4.75,-45.6,31.));
#1760 = SURFACE_CURVE('',#1761,(#1766,#1777),.PCURVE_S1.);
#1761 = CIRCLE('',#1762,0.25);
#1762 = AXIS2_PLACEMENT_3D('',#1763,#1764,#1765);
#1763 = CARTESIAN_POINT('',(5.,-45.6,31.));
#1764 = DIRECTION('',(-0.,0.,-1.));
#1765 = DIRECTION('',(0.,1.,0.));
#1766 = PCURVE('',#586,#1767);
#1767 = DEFINITIONAL_REPRESENTATION('',(#1768),#1776);
#1768 = ( BOUNDED_CURVE() B_SPLINE_CURVE(2,(#1769,#1770,#1771,#1772,
#1773,#1774,#1775),.UNSPECIFIED.,.T.,.F.) B_SPLINE_CURVE_WITH_KNOTS((1,2
    ,2,2,2,1),(-2.094395102393,0.,2.094395102393,4.188790204786,
6.28318530718,8.377580409573),.UNSPECIFIED.) CURVE() 
GEOMETRIC_REPRESENTATION_ITEM() RATIONAL_B_SPLINE_CURVE((1.,0.5,1.,0.5,
1.,0.5,1.)) REPRESENTATION_ITEM('') );
#1769 = CARTESIAN_POINT('',(5.,-45.35));
#1770 = CARTESIAN_POINT('',(5.433012701892,-45.35));
#1771 = CARTESIAN_POINT('',(5.216506350946,-45.725));
#1772 = CARTESIAN_POINT('',(5.,-46.1));
#1773 = CARTESIAN_POINT('',(4.783493649054,-45.725));
#1774 = CARTESIAN_POINT('',(4.566987298108,-45.35));
#1775 = CARTESIAN_POINT('',(5.,-45.35));
#1776 = ( GEOMETRIC_REPRESENTATION_CONTEXT(2) 
PARAMETRIC_REPRESENTATION_CONTEXT() REPRESENTATION_CONTEXT('2D SPACE',''
  ) );
#1777 = PCURVE('',#1778,#1783);
#1778 = CYLINDRICAL_SURFACE('',#1779,0.25);
#1779 = AXIS2_PLACEMENT_3D('',#1780,#1781,#1782);
#1780 = CARTESIAN_POINT('',(5.,-45.6,13.));
#1781 = DIRECTION('',(-0.,0.,-1.));
#1782 = DIRECTION('',(0.,1.,0.));
#1783 = DEFINITIONAL_REPRESENTATION('',(#1784),#1788);
#1784 = LINE('',#1785,#1786);
#1785 = CARTESIAN_POINT('',(-6.28318530718,-18.));
#1786 = VECTOR('',#1787,1.);
#1787 = DIRECTION('',(1.,-0.));
#1788 = ( GEOMETRIC_REPRESENTATION_CONTEXT(2) 
PARAMETRIC_REPRESENTATION_CONTEXT() REPRESENTATION_CONTEXT('2D SPACE',''
  ) );
#1789 = ORIENTED_EDGE('',*,*,#1790,.F.);
#1790 = EDGE_CURVE('',#1791,#1758,#1793,.T.);
#1791 = VERTEX_POINT('',#1792);
#1792 = CARTESIAN_POINT('',(4.75,-45.,31.));
#1793 = SURFACE_CURVE('',#1794,(#1798,#1804),.PCURVE_S1.);
#1794 = LINE('',#1795,#1796);
#1795 = CARTESIAN_POINT('',(4.75,-22.8,31.));
#1796 = VECTOR('',#1797,1.);
#1797 = DIRECTION('',(0.,-1.,0.));
#1798 = PCURVE('',#586,#1799);
#1799 = DEFINITIONAL_REPRESENTATION('',(#1800),#1803);
#1800 = B_SPLINE_CURVE_WITH_KNOTS('',1,(#1801,#1802),.UNSPECIFIED.,.F.,
  .F.,(2,2),(22.2,22.8),.PIECEWISE_BEZIER_KNOTS.);
#1801 = CARTESIAN_POINT('',(4.75,-45.));
#1802 = CARTESIAN_POINT('',(4.75,-45.6));
#1803 = ( GEOMETRIC_REPRESENTATION_CONTEXT(2) 
PARAMETRIC_REPRESENTATION_CONTEXT() REPRESENTATION_CONTEXT('2D SPACE',''
  ) );
#1804 = PCURVE('',#1805,#1810);
#1805 = PLANE('',#1806);
#1806 = AXIS2_PLACEMENT_3D('',#1807,#1808,#1809);
#1807 = CARTESIAN_POINT('',(4.75,-45.6,13.));
#1808 = DIRECTION('',(-1.,0.,0.));
#1809 = DIRECTION('',(0.,1.,0.));
#1810 = DEFINITIONAL_REPRESENTATION('',(#1811),#1814);
#1811 = B_SPLINE_CURVE_WITH_KNOTS('',1,(#1812,#1813),.UNSPECIFIED.,.F.,
  .F.,(2,2),(22.2,22.8),.PIECEWISE_BEZIER_KNOTS.);
#1812 = CARTESIAN_POINT('',(0.6,-18.));
#1813 = CARTESIAN_POINT('',(0.,-18.));
#1814 = ( GEOMETRIC_REPRESENTATION_CONTEXT(2) 
PARAMETRIC_REPRESENTATION_CONTEXT() REPRESENTATION_CONTEXT('2D SPACE',''
  ) );
#1815 = ORIENTED_EDGE('',*,*,#1816,.T.);
#1816 = EDGE_CURVE('',#1791,#1817,#1819,.T.);
#1817 = VERTEX_POINT('',#1818);
#1818 = CARTESIAN_POINT('',(4.767880827279,-44.90715233091,31.));
#1819 = SURFACE_CURVE('',#1820,(#1825,#1836),.PCURVE_S1.);
#1820 = CIRCLE('',#1821,0.25);
#1821 = AXIS2_PLACEMENT_3D('',#1822,#1823,#1824);
#1822 = CARTESIAN_POINT('',(5.,-45.,31.));
#1823 = DIRECTION('',(0.,-0.,-1.));
#1824 = DIRECTION('',(0.371390676354,0.928476690885,-0.));
#1825 = PCURVE('',#586,#1826);
#1826 = DEFINITIONAL_REPRESENTATION('',(#1827),#1835);
#1827 = ( BOUNDED_CURVE() B_SPLINE_CURVE(2,(#1828,#1829,#1830,#1831,
#1832,#1833,#1834),.UNSPECIFIED.,.T.,.F.) B_SPLINE_CURVE_WITH_KNOTS((1,2
    ,2,2,2,1),(-2.094395102393,0.,2.094395102393,4.188790204786,
6.28318530718,8.377580409573),.UNSPECIFIED.) CURVE() 
GEOMETRIC_REPRESENTATION_ITEM() RATIONAL_B_SPLINE_CURVE((1.,0.5,1.,0.5,
1.,0.5,1.)) REPRESENTATION_ITEM('') );
#1828 = CARTESIAN_POINT('',(5.092847669089,-44.76788082727));
#1829 = CARTESIAN_POINT('',(5.494889869653,-44.9286977075));
#1830 = CARTESIAN_POINT('',(5.154597265738,-45.19646802647));
#1831 = CARTESIAN_POINT('',(4.814304661823,-45.46423834544));
#1832 = CARTESIAN_POINT('',(4.752555065174,-45.03565114624));
#1833 = CARTESIAN_POINT('',(4.690805468524,-44.60706394705));
#1834 = CARTESIAN_POINT('',(5.092847669089,-44.76788082727));
#1835 = ( GEOMETRIC_REPRESENTATION_CONTEXT(2) 
PARAMETRIC_REPRESENTATION_CONTEXT() REPRESENTATION_CONTEXT('2D SPACE',''
  ) );
#1836 = PCURVE('',#1837,#1842);
#1837 = CYLINDRICAL_SURFACE('',#1838,0.25);
#1838 = AXIS2_PLACEMENT_3D('',#1839,#1840,#1841);
#1839 = CARTESIAN_POINT('',(5.,-45.,13.));
#1840 = DIRECTION('',(-0.,-0.,-1.));
#1841 = DIRECTION('',(0.371390676354,0.928476690885,-0.));
#1842 = DEFINITIONAL_REPRESENTATION('',(#1843),#1847);
#1843 = LINE('',#1844,#1845);
#1844 = CARTESIAN_POINT('',(-6.28318530718,-18.));
#1845 = VECTOR('',#1846,1.);
#1846 = DIRECTION('',(1.,-0.));
#1847 = ( GEOMETRIC_REPRESENTATION_CONTEXT(2) 
PARAMETRIC_REPRESENTATION_CONTEXT() REPRESENTATION_CONTEXT('2D SPACE',''
  ) );
#1848 = ORIENTED_EDGE('',*,*,#1849,.F.);
#1849 = EDGE_CURVE('',#1850,#1817,#1852,.T.);
#1850 = VERTEX_POINT('',#1851);
#1851 = CARTESIAN_POINT('',(5.724184373714,-42.51639346482,31.));
#1852 = SURFACE_CURVE('',#1853,(#1857,#1863),.PCURVE_S1.);
#1853 = LINE('',#1854,#1855);
#1854 = CARTESIAN_POINT('',(12.181673930727,-26.37266957229,31.));
#1855 = VECTOR('',#1856,1.);
#1856 = DIRECTION('',(-0.371390676354,-0.928476690885,0.));
#1857 = PCURVE('',#586,#1858);
#1858 = DEFINITIONAL_REPRESENTATION('',(#1859),#1862);
#1859 = B_SPLINE_CURVE_WITH_KNOTS('',1,(#1860,#1861),.UNSPECIFIED.,.F.,
  .F.,(2,2),(17.317812051358,19.962248854033),.PIECEWISE_BEZIER_KNOTS.);
#1860 = CARTESIAN_POINT('',(5.75,-42.4518543991));
#1861 = CARTESIAN_POINT('',(4.767880827279,-44.90715233091));
#1862 = ( GEOMETRIC_REPRESENTATION_CONTEXT(2) 
PARAMETRIC_REPRESENTATION_CONTEXT() REPRESENTATION_CONTEXT('2D SPACE',''
  ) );
#1863 = PCURVE('',#1864,#1869);
#1864 = PLANE('',#1865);
#1865 = AXIS2_PLACEMENT_3D('',#1866,#1867,#1868);
#1866 = CARTESIAN_POINT('',(4.767880827279,-44.90715233091,13.));
#1867 = DIRECTION('',(-0.928476690885,0.371390676354,0.));
#1868 = DIRECTION('',(0.371390676354,0.928476690885,-0.));
#1869 = DEFINITIONAL_REPRESENTATION('',(#1870),#1873);
#1870 = B_SPLINE_CURVE_WITH_KNOTS('',1,(#1871,#1872),.UNSPECIFIED.,.F.,
  .F.,(2,2),(17.317812051358,19.962248854033),.PIECEWISE_BEZIER_KNOTS.);
#1871 = CARTESIAN_POINT('',(2.644436802675,-18.));
#1872 = CARTESIAN_POINT('',(0.,-18.));
#1873 = ( GEOMETRIC_REPRESENTATION_CONTEXT(2) 
PARAMETRIC_REPRESENTATION_CONTEXT() REPRESENTATION_CONTEXT('2D SPACE',''
  ) );
#1874 = ORIENTED_EDGE('',*,*,#1875,.T.);
#1875 = EDGE_CURVE('',#1850,#732,#1876,.T.);
#1876 = SURFACE_CURVE('',#1877,(#1882,#1893),.PCURVE_S1.);
#1877 = CIRCLE('',#1878,42.9);
#1878 = AXIS2_PLACEMENT_3D('',#1879,#1880,#1881);
#1879 = CARTESIAN_POINT('',(0.,0.,31.));
#1880 = DIRECTION('',(0.,0.,-1.));
#1881 = DIRECTION('',(1.,0.,0.));
#1882 = PCURVE('',#586,#1883);
#1883 = DEFINITIONAL_REPRESENTATION('',(#1884),#1892);
#1884 = ( BOUNDED_CURVE() B_SPLINE_CURVE(2,(#1885,#1886,#1887,#1888,
#1889,#1890,#1891),.UNSPECIFIED.,.T.,.F.) B_SPLINE_CURVE_WITH_KNOTS((1,2
    ,2,2,2,1),(-2.094395102393,0.,2.094395102393,4.188790204786,
6.28318530718,8.377580409573),.UNSPECIFIED.) CURVE() 
GEOMETRIC_REPRESENTATION_ITEM() RATIONAL_B_SPLINE_CURVE((1.,0.5,1.,0.5,
1.,0.5,1.)) REPRESENTATION_ITEM('') );
#1885 = CARTESIAN_POINT('',(42.9,-3.209892110372E-15));
#1886 = CARTESIAN_POINT('',(42.9,-74.3049796447));
#1887 = CARTESIAN_POINT('',(-21.45,-37.15248982235));
#1888 = CARTESIAN_POINT('',(-85.8,-1.371736164706E-14));
#1889 = CARTESIAN_POINT('',(-21.45,37.152489822352));
#1890 = CARTESIAN_POINT('',(42.9,74.304979644705));
#1891 = CARTESIAN_POINT('',(42.9,-3.209892110372E-15));
#1892 = ( GEOMETRIC_REPRESENTATION_CONTEXT(2) 
PARAMETRIC_REPRESENTATION_CONTEXT() REPRESENTATION_CONTEXT('2D SPACE',''
  ) );
#1893 = PCURVE('',#746,#1894);
#1894 = DEFINITIONAL_REPRESENTATION('',(#1895),#1899);
#1895 = LINE('',#1896,#1897);
#1896 = CARTESIAN_POINT('',(-6.28318530718,-61.));
#1897 = VECTOR('',#1898,1.);
#1898 = DIRECTION('',(1.,-0.));
#1899 = ( GEOMETRIC_REPRESENTATION_CONTEXT(2) 
PARAMETRIC_REPRESENTATION_CONTEXT() REPRESENTATION_CONTEXT('2D SPACE',''
  ) );
#1900 = ORIENTED_EDGE('',*,*,#757,.F.);
#1901 = ADVANCED_FACE('',(#1902),#562,.F.);
#1902 = FACE_BOUND('',#1903,.T.);
#1903 = EDGE_LOOP('',(#1904,#1905,#1906,#1907));
#1904 = ORIENTED_EDGE('',*,*,#1531,.F.);
#1905 = ORIENTED_EDGE('',*,*,#547,.T.);
#1906 = ORIENTED_EDGE('',*,*,#1444,.T.);
#1907 = ORIENTED_EDGE('',*,*,#1908,.F.);
#1908 = EDGE_CURVE('',#1532,#1445,#1909,.T.);
#1909 = SURFACE_CURVE('',#1910,(#1914,#1920),.PCURVE_S1.);
#1910 = LINE('',#1911,#1912);
#1911 = CARTESIAN_POINT('',(11.678641467252,-41.27976905797,-30.));
#1912 = VECTOR('',#1913,1.);
#1913 = DIRECTION('',(-0.,-0.,-1.));
#1914 = PCURVE('',#562,#1915);
#1915 = DEFINITIONAL_REPRESENTATION('',(#1916),#1919);
#1916 = B_SPLINE_CURVE_WITH_KNOTS('',1,(#1917,#1918),.UNSPECIFIED.,.F.,
  .F.,(2,2),(-61.57530003824,-18.9999994),.PIECEWISE_BEZIER_KNOTS.);
#1917 = CARTESIAN_POINT('',(-4.215485517401,-61.57530003824));
#1918 = CARTESIAN_POINT('',(-4.215485517401,-18.9999994));
#1919 = ( GEOMETRIC_REPRESENTATION_CONTEXT(2) 
PARAMETRIC_REPRESENTATION_CONTEXT() REPRESENTATION_CONTEXT('2D SPACE',''
  ) );
#1920 = PCURVE('',#746,#1921);
#1921 = DEFINITIONAL_REPRESENTATION('',(#1922),#1925);
#1922 = B_SPLINE_CURVE_WITH_KNOTS('',1,(#1923,#1924),.UNSPECIFIED.,.F.,
  .F.,(2,2),(-61.57530003824,-18.9999994),.PIECEWISE_BEZIER_KNOTS.);
#1923 = CARTESIAN_POINT('',(-4.988098164039,-61.57530003824));
#1924 = CARTESIAN_POINT('',(-4.988098164039,-18.9999994));
#1925 = ( GEOMETRIC_REPRESENTATION_CONTEXT(2) 
PARAMETRIC_REPRESENTATION_CONTEXT() REPRESENTATION_CONTEXT('2D SPACE',''
  ) );
#1926 = ADVANCED_FACE('',(#1927),#746,.F.);
#1927 = FACE_BOUND('',#1928,.T.);
#1928 = EDGE_LOOP('',(#1929,#1930,#1931,#1932,#1953,#1981,#2007,#2036,
    #2062,#2088,#2089,#2090,#2091,#2092,#2113,#2142));
#1929 = ORIENTED_EDGE('',*,*,#1559,.F.);
#1930 = ORIENTED_EDGE('',*,*,#1908,.T.);
#1931 = ORIENTED_EDGE('',*,*,#1472,.T.);
#1932 = ORIENTED_EDGE('',*,*,#1933,.F.);
#1933 = EDGE_CURVE('',#1934,#1473,#1936,.T.);
#1934 = VERTEX_POINT('',#1935);
#1935 = CARTESIAN_POINT('',(-11.67864146725,-41.27976905797,31.));
#1936 = SURFACE_CURVE('',#1937,(#1941,#1947),.PCURVE_S1.);
#1937 = LINE('',#1938,#1939);
#1938 = CARTESIAN_POINT('',(-11.67864146725,-41.27976905797,-30.));
#1939 = VECTOR('',#1940,1.);
#1940 = DIRECTION('',(-0.,-0.,-1.));
#1941 = PCURVE('',#746,#1942);
#1942 = DEFINITIONAL_REPRESENTATION('',(#1943),#1946);
#1943 = B_SPLINE_CURVE_WITH_KNOTS('',1,(#1944,#1945),.UNSPECIFIED.,.F.,
  .F.,(2,2),(-61.57558093453,-18.9999994),.PIECEWISE_BEZIER_KNOTS.);
#1944 = CARTESIAN_POINT('',(-4.436679796731,-61.57558093453));
#1945 = CARTESIAN_POINT('',(-4.436679796731,-18.9999994));
#1946 = ( GEOMETRIC_REPRESENTATION_CONTEXT(2) 
PARAMETRIC_REPRESENTATION_CONTEXT() REPRESENTATION_CONTEXT('2D SPACE',''
  ) );
#1947 = PCURVE('',#1408,#1948);
#1948 = DEFINITIONAL_REPRESENTATION('',(#1949),#1952);
#1949 = B_SPLINE_CURVE_WITH_KNOTS('',1,(#1950,#1951),.UNSPECIFIED.,.F.,
  .F.,(2,2),(-61.57558093453,-18.9999994),.PIECEWISE_BEZIER_KNOTS.);
#1950 = CARTESIAN_POINT('',(-5.209292443369,-61.57558093453));
#1951 = CARTESIAN_POINT('',(-5.209292443369,-18.9999994));
#1952 = ( GEOMETRIC_REPRESENTATION_CONTEXT(2) 
PARAMETRIC_REPRESENTATION_CONTEXT() REPRESENTATION_CONTEXT('2D SPACE',''
  ) );
#1953 = ORIENTED_EDGE('',*,*,#1954,.F.);
#1954 = EDGE_CURVE('',#1955,#1934,#1957,.T.);
#1955 = VERTEX_POINT('',#1956);
#1956 = CARTESIAN_POINT('',(-10.25,-41.65750232551,31.));
#1957 = SURFACE_CURVE('',#1958,(#1963,#1970),.PCURVE_S1.);
#1958 = CIRCLE('',#1959,42.9);
#1959 = AXIS2_PLACEMENT_3D('',#1960,#1961,#1962);
#1960 = CARTESIAN_POINT('',(0.,0.,31.));
#1961 = DIRECTION('',(0.,0.,-1.));
#1962 = DIRECTION('',(1.,0.,0.));
#1963 = PCURVE('',#746,#1964);
#1964 = DEFINITIONAL_REPRESENTATION('',(#1965),#1969);
#1965 = LINE('',#1966,#1967);
#1966 = CARTESIAN_POINT('',(-6.28318530718,-61.));
#1967 = VECTOR('',#1968,1.);
#1968 = DIRECTION('',(1.,-0.));
#1969 = ( GEOMETRIC_REPRESENTATION_CONTEXT(2) 
PARAMETRIC_REPRESENTATION_CONTEXT() REPRESENTATION_CONTEXT('2D SPACE',''
  ) );
#1970 = PCURVE('',#1084,#1971);
#1971 = DEFINITIONAL_REPRESENTATION('',(#1972),#1980);
#1972 = ( BOUNDED_CURVE() B_SPLINE_CURVE(2,(#1973,#1974,#1975,#1976,
#1977,#1978,#1979),.UNSPECIFIED.,.T.,.F.) B_SPLINE_CURVE_WITH_KNOTS((1,2
    ,2,2,2,1),(-2.094395102393,0.,2.094395102393,4.188790204786,
6.28318530718,8.377580409573),.UNSPECIFIED.) CURVE() 
GEOMETRIC_REPRESENTATION_ITEM() RATIONAL_B_SPLINE_CURVE((1.,0.5,1.,0.5,
1.,0.5,1.)) REPRESENTATION_ITEM('') );
#1973 = CARTESIAN_POINT('',(42.9,-3.209892110372E-15));
#1974 = CARTESIAN_POINT('',(42.9,-74.3049796447));
#1975 = CARTESIAN_POINT('',(-21.45,-37.15248982235));
#1976 = CARTESIAN_POINT('',(-85.8,-1.371736164706E-14));
#1977 = CARTESIAN_POINT('',(-21.45,37.152489822352));
#1978 = CARTESIAN_POINT('',(42.9,74.304979644705));
#1979 = CARTESIAN_POINT('',(42.9,-3.209892110372E-15));
#1980 = ( GEOMETRIC_REPRESENTATION_CONTEXT(2) 
PARAMETRIC_REPRESENTATION_CONTEXT() REPRESENTATION_CONTEXT('2D SPACE',''
  ) );
#1981 = ORIENTED_EDGE('',*,*,#1982,.T.);
#1982 = EDGE_CURVE('',#1955,#1983,#1985,.T.);
#1983 = VERTEX_POINT('',#1984);
#1984 = CARTESIAN_POINT('',(-10.25,-41.65750232551,13.));
#1985 = SURFACE_CURVE('',#1986,(#1990,#1996),.PCURVE_S1.);
#1986 = LINE('',#1987,#1988);
#1987 = CARTESIAN_POINT('',(-10.25,-41.65750232551,-30.));
#1988 = VECTOR('',#1989,1.);
#1989 = DIRECTION('',(-0.,-0.,-1.));
#1990 = PCURVE('',#746,#1991);
#1991 = DEFINITIONAL_REPRESENTATION('',(#1992),#1995);
#1992 = B_SPLINE_CURVE_WITH_KNOTS('',1,(#1993,#1994),.UNSPECIFIED.,.F.,
  .F.,(2,2),(-61.0000006,-40.6),.PIECEWISE_BEZIER_KNOTS.);
#1993 = CARTESIAN_POINT('',(-4.471127522496,-61.0000006));
#1994 = CARTESIAN_POINT('',(-4.471127522496,-40.6));
#1995 = ( GEOMETRIC_REPRESENTATION_CONTEXT(2) 
PARAMETRIC_REPRESENTATION_CONTEXT() REPRESENTATION_CONTEXT('2D SPACE',''
  ) );
#1996 = PCURVE('',#1997,#2002);
#1997 = PLANE('',#1998);
#1998 = AXIS2_PLACEMENT_3D('',#1999,#2000,#2001);
#1999 = CARTESIAN_POINT('',(-10.25,-42.4518543991,13.));
#2000 = DIRECTION('',(-1.,0.,0.));
#2001 = DIRECTION('',(0.,1.,0.));
#2002 = DEFINITIONAL_REPRESENTATION('',(#2003),#2006);
#2003 = B_SPLINE_CURVE_WITH_KNOTS('',1,(#2004,#2005),.UNSPECIFIED.,.F.,
  .F.,(2,2),(-61.0000006,-40.6),.PIECEWISE_BEZIER_KNOTS.);
#2004 = CARTESIAN_POINT('',(0.794352073597,-18.0000006));
#2005 = CARTESIAN_POINT('',(0.794352073597,2.4));
#2006 = ( GEOMETRIC_REPRESENTATION_CONTEXT(2) 
PARAMETRIC_REPRESENTATION_CONTEXT() REPRESENTATION_CONTEXT('2D SPACE',''
  ) );
#2007 = ORIENTED_EDGE('',*,*,#2008,.F.);
#2008 = EDGE_CURVE('',#2009,#1983,#2011,.T.);
#2009 = VERTEX_POINT('',#2010);
#2010 = CARTESIAN_POINT('',(-5.724184373714,-42.51639346482,13.));
#2011 = SURFACE_CURVE('',#2012,(#2017,#2024),.PCURVE_S1.);
#2012 = CIRCLE('',#2013,42.9);
#2013 = AXIS2_PLACEMENT_3D('',#2014,#2015,#2016);
#2014 = CARTESIAN_POINT('',(0.,0.,13.));
#2015 = DIRECTION('',(0.,0.,-1.));
#2016 = DIRECTION('',(1.,0.,0.));
#2017 = PCURVE('',#746,#2018);
#2018 = DEFINITIONAL_REPRESENTATION('',(#2019),#2023);
#2019 = LINE('',#2020,#2021);
#2020 = CARTESIAN_POINT('',(-6.28318530718,-43.));
#2021 = VECTOR('',#2022,1.);
#2022 = DIRECTION('',(1.,-0.));
#2023 = ( GEOMETRIC_REPRESENTATION_CONTEXT(2) 
PARAMETRIC_REPRESENTATION_CONTEXT() REPRESENTATION_CONTEXT('2D SPACE',''
  ) );
#2024 = PCURVE('',#2025,#2030);
#2025 = PLANE('',#2026);
#2026 = AXIS2_PLACEMENT_3D('',#2027,#2028,#2029);
#2027 = CARTESIAN_POINT('',(-8.,-43.63637053567,13.));
#2028 = DIRECTION('',(-0.,-0.,-1.));
#2029 = DIRECTION('',(-1.,0.,0.));
#2030 = DEFINITIONAL_REPRESENTATION('',(#2031),#2035);
#2031 = CIRCLE('',#2032,42.9);
#2032 = AXIS2_PLACEMENT_2D('',#2033,#2034);
#2033 = CARTESIAN_POINT('',(-8.,43.636370535676));
#2034 = DIRECTION('',(-1.,0.));
#2035 = ( GEOMETRIC_REPRESENTATION_CONTEXT(2) 
PARAMETRIC_REPRESENTATION_CONTEXT() REPRESENTATION_CONTEXT('2D SPACE',''
  ) );
#2036 = ORIENTED_EDGE('',*,*,#2037,.F.);
#2037 = EDGE_CURVE('',#2038,#2009,#2040,.T.);
#2038 = VERTEX_POINT('',#2039);
#2039 = CARTESIAN_POINT('',(-5.724184373714,-42.51639346482,31.));
#2040 = SURFACE_CURVE('',#2041,(#2045,#2051),.PCURVE_S1.);
#2041 = LINE('',#2042,#2043);
#2042 = CARTESIAN_POINT('',(-5.724184373714,-42.51639346482,-30.));
#2043 = VECTOR('',#2044,1.);
#2044 = DIRECTION('',(-0.,-0.,-1.));
#2045 = PCURVE('',#746,#2046);
#2046 = DEFINITIONAL_REPRESENTATION('',(#2047),#2050);
#2047 = B_SPLINE_CURVE_WITH_KNOTS('',1,(#2048,#2049),.UNSPECIFIED.,.F.,
  .F.,(2,2),(-61.0000006,-40.6),.PIECEWISE_BEZIER_KNOTS.);
#2048 = CARTESIAN_POINT('',(-4.578558973737,-61.0000006));
#2049 = CARTESIAN_POINT('',(-4.578558973737,-40.6));
#2050 = ( GEOMETRIC_REPRESENTATION_CONTEXT(2) 
PARAMETRIC_REPRESENTATION_CONTEXT() REPRESENTATION_CONTEXT('2D SPACE',''
  ) );
#2051 = PCURVE('',#2052,#2057);
#2052 = PLANE('',#2053);
#2053 = AXIS2_PLACEMENT_3D('',#2054,#2055,#2056);
#2054 = CARTESIAN_POINT('',(-5.75,-42.4518543991,13.));
#2055 = DIRECTION('',(0.928476690885,0.371390676354,-0.));
#2056 = DIRECTION('',(0.371390676354,-0.928476690885,0.));
#2057 = DEFINITIONAL_REPRESENTATION('',(#2058),#2061);
#2058 = B_SPLINE_CURVE_WITH_KNOTS('',1,(#2059,#2060),.UNSPECIFIED.,.F.,
  .F.,(2,2),(-61.0000006,-40.6),.PIECEWISE_BEZIER_KNOTS.);
#2059 = CARTESIAN_POINT('',(6.951070107567E-02,-18.0000006));
#2060 = CARTESIAN_POINT('',(6.951070107567E-02,2.4));
#2061 = ( GEOMETRIC_REPRESENTATION_CONTEXT(2) 
PARAMETRIC_REPRESENTATION_CONTEXT() REPRESENTATION_CONTEXT('2D SPACE',''
  ) );
#2062 = ORIENTED_EDGE('',*,*,#2063,.F.);
#2063 = EDGE_CURVE('',#1049,#2038,#2064,.T.);
#2064 = SURFACE_CURVE('',#2065,(#2070,#2077),.PCURVE_S1.);
#2065 = CIRCLE('',#2066,42.9);
#2066 = AXIS2_PLACEMENT_3D('',#2067,#2068,#2069);
#2067 = CARTESIAN_POINT('',(0.,0.,31.));
#2068 = DIRECTION('',(0.,0.,-1.));
#2069 = DIRECTION('',(1.,0.,0.));
#2070 = PCURVE('',#746,#2071);
#2071 = DEFINITIONAL_REPRESENTATION('',(#2072),#2076);
#2072 = LINE('',#2073,#2074);
#2073 = CARTESIAN_POINT('',(-6.28318530718,-61.));
#2074 = VECTOR('',#2075,1.);
#2075 = DIRECTION('',(1.,-0.));
#2076 = ( GEOMETRIC_REPRESENTATION_CONTEXT(2) 
PARAMETRIC_REPRESENTATION_CONTEXT() REPRESENTATION_CONTEXT('2D SPACE',''
  ) );
#2077 = PCURVE('',#1084,#2078);
#2078 = DEFINITIONAL_REPRESENTATION('',(#2079),#2087);
#2079 = ( BOUNDED_CURVE() B_SPLINE_CURVE(2,(#2080,#2081,#2082,#2083,
#2084,#2085,#2086),.UNSPECIFIED.,.T.,.F.) B_SPLINE_CURVE_WITH_KNOTS((1,2
    ,2,2,2,1),(-2.094395102393,0.,2.094395102393,4.188790204786,
6.28318530718,8.377580409573),.UNSPECIFIED.) CURVE() 
GEOMETRIC_REPRESENTATION_ITEM() RATIONAL_B_SPLINE_CURVE((1.,0.5,1.,0.5,
1.,0.5,1.)) REPRESENTATION_ITEM('') );
#2080 = CARTESIAN_POINT('',(42.9,-3.209892110372E-15));
#2081 = CARTESIAN_POINT('',(42.9,-74.3049796447));
#2082 = CARTESIAN_POINT('',(-21.45,-37.15248982235));
#2083 = CARTESIAN_POINT('',(-85.8,-1.371736164706E-14));
#2084 = CARTESIAN_POINT('',(-21.45,37.152489822352));
#2085 = CARTESIAN_POINT('',(42.9,74.304979644705));
#2086 = CARTESIAN_POINT('',(42.9,-3.209892110372E-15));
#2087 = ( GEOMETRIC_REPRESENTATION_CONTEXT(2) 
PARAMETRIC_REPRESENTATION_CONTEXT() REPRESENTATION_CONTEXT('2D SPACE',''
  ) );
#2088 = ORIENTED_EDGE('',*,*,#1048,.T.);
#2089 = ORIENTED_EDGE('',*,*,#911,.F.);
#2090 = ORIENTED_EDGE('',*,*,#731,.F.);
#2091 = ORIENTED_EDGE('',*,*,#1875,.F.);
#2092 = ORIENTED_EDGE('',*,*,#2093,.T.);
#2093 = EDGE_CURVE('',#1850,#2094,#2096,.T.);
#2094 = VERTEX_POINT('',#2095);
#2095 = CARTESIAN_POINT('',(5.724184373714,-42.51639346482,13.));
#2096 = SURFACE_CURVE('',#2097,(#2101,#2107),.PCURVE_S1.);
#2097 = LINE('',#2098,#2099);
#2098 = CARTESIAN_POINT('',(5.724184373714,-42.51639346482,-30.));
#2099 = VECTOR('',#2100,1.);
#2100 = DIRECTION('',(-0.,-0.,-1.));
#2101 = PCURVE('',#746,#2102);
#2102 = DEFINITIONAL_REPRESENTATION('',(#2103),#2106);
#2103 = B_SPLINE_CURVE_WITH_KNOTS('',1,(#2104,#2105),.UNSPECIFIED.,.F.,
  .F.,(2,2),(-61.0000006,-40.6),.PIECEWISE_BEZIER_KNOTS.);
#2104 = CARTESIAN_POINT('',(-4.846218987032,-61.0000006));
#2105 = CARTESIAN_POINT('',(-4.846218987032,-40.6));
#2106 = ( GEOMETRIC_REPRESENTATION_CONTEXT(2) 
PARAMETRIC_REPRESENTATION_CONTEXT() REPRESENTATION_CONTEXT('2D SPACE',''
  ) );
#2107 = PCURVE('',#1864,#2108);
#2108 = DEFINITIONAL_REPRESENTATION('',(#2109),#2112);
#2109 = B_SPLINE_CURVE_WITH_KNOTS('',1,(#2110,#2111),.UNSPECIFIED.,.F.,
  .F.,(2,2),(-61.0000006,-40.6),.PIECEWISE_BEZIER_KNOTS.);
#2110 = CARTESIAN_POINT('',(2.5749261016,-18.0000006));
#2111 = CARTESIAN_POINT('',(2.5749261016,2.4));
#2112 = ( GEOMETRIC_REPRESENTATION_CONTEXT(2) 
PARAMETRIC_REPRESENTATION_CONTEXT() REPRESENTATION_CONTEXT('2D SPACE',''
  ) );
#2113 = ORIENTED_EDGE('',*,*,#2114,.F.);
#2114 = EDGE_CURVE('',#2115,#2094,#2117,.T.);
#2115 = VERTEX_POINT('',#2116);
#2116 = CARTESIAN_POINT('',(10.25,-41.65750232551,13.));
#2117 = SURFACE_CURVE('',#2118,(#2123,#2130),.PCURVE_S1.);
#2118 = CIRCLE('',#2119,42.9);
#2119 = AXIS2_PLACEMENT_3D('',#2120,#2121,#2122);
#2120 = CARTESIAN_POINT('',(0.,0.,13.));
#2121 = DIRECTION('',(0.,0.,-1.));
#2122 = DIRECTION('',(1.,0.,0.));
#2123 = PCURVE('',#746,#2124);
#2124 = DEFINITIONAL_REPRESENTATION('',(#2125),#2129);
#2125 = LINE('',#2126,#2127);
#2126 = CARTESIAN_POINT('',(-6.28318530718,-43.));
#2127 = VECTOR('',#2128,1.);
#2128 = DIRECTION('',(1.,-0.));
#2129 = ( GEOMETRIC_REPRESENTATION_CONTEXT(2) 
PARAMETRIC_REPRESENTATION_CONTEXT() REPRESENTATION_CONTEXT('2D SPACE',''
  ) );
#2130 = PCURVE('',#2131,#2136);
#2131 = PLANE('',#2132);
#2132 = AXIS2_PLACEMENT_3D('',#2133,#2134,#2135);
#2133 = CARTESIAN_POINT('',(8.,-43.63637053567,13.));
#2134 = DIRECTION('',(-0.,-0.,-1.));
#2135 = DIRECTION('',(-1.,0.,0.));
#2136 = DEFINITIONAL_REPRESENTATION('',(#2137),#2141);
#2137 = CIRCLE('',#2138,42.9);
#2138 = AXIS2_PLACEMENT_2D('',#2139,#2140);
#2139 = CARTESIAN_POINT('',(8.,43.636370535676));
#2140 = DIRECTION('',(-1.,0.));
#2141 = ( GEOMETRIC_REPRESENTATION_CONTEXT(2) 
PARAMETRIC_REPRESENTATION_CONTEXT() REPRESENTATION_CONTEXT('2D SPACE',''
  ) );
#2142 = ORIENTED_EDGE('',*,*,#2143,.F.);
#2143 = EDGE_CURVE('',#1560,#2115,#2144,.T.);
#2144 = SURFACE_CURVE('',#2145,(#2149,#2155),.PCURVE_S1.);
#2145 = LINE('',#2146,#2147);
#2146 = CARTESIAN_POINT('',(10.25,-41.65750232551,-30.));
#2147 = VECTOR('',#2148,1.);
#2148 = DIRECTION('',(-0.,-0.,-1.));
#2149 = PCURVE('',#746,#2150);
#2150 = DEFINITIONAL_REPRESENTATION('',(#2151),#2154);
#2151 = B_SPLINE_CURVE_WITH_KNOTS('',1,(#2152,#2153),.UNSPECIFIED.,.F.,
  .F.,(2,2),(-61.0000006,-40.6),.PIECEWISE_BEZIER_KNOTS.);
#2152 = CARTESIAN_POINT('',(-4.953650438273,-61.0000006));
#2153 = CARTESIAN_POINT('',(-4.953650438273,-40.6));
#2154 = ( GEOMETRIC_REPRESENTATION_CONTEXT(2) 
PARAMETRIC_REPRESENTATION_CONTEXT() REPRESENTATION_CONTEXT('2D SPACE',''
  ) );
#2155 = PCURVE('',#1602,#2156);
#2156 = DEFINITIONAL_REPRESENTATION('',(#2157),#2160);
#2157 = B_SPLINE_CURVE_WITH_KNOTS('',1,(#2158,#2159),.UNSPECIFIED.,.F.,
  .F.,(2,2),(-61.0000006,-40.6),.PIECEWISE_BEZIER_KNOTS.);
#2158 = CARTESIAN_POINT('',(0.457502325512,-18.0000006));
#2159 = CARTESIAN_POINT('',(0.457502325512,2.4));
#2160 = ( GEOMETRIC_REPRESENTATION_CONTEXT(2) 
PARAMETRIC_REPRESENTATION_CONTEXT() REPRESENTATION_CONTEXT('2D SPACE',''
  ) );
#2161 = ADVANCED_FACE('',(#2162),#796,.F.);
#2162 = FACE_BOUND('',#2163,.F.);
#2163 = EDGE_LOOP('',(#2164,#2185,#2186,#2207));
#2164 = ORIENTED_EDGE('',*,*,#2165,.F.);
#2165 = EDGE_CURVE('',#1176,#780,#2166,.T.);
#2166 = SURFACE_CURVE('',#2167,(#2171,#2178),.PCURVE_S1.);
#2167 = LINE('',#2168,#2169);
#2168 = CARTESIAN_POINT('',(-6.,-48.25,18.5));
#2169 = VECTOR('',#2170,1.);
#2170 = DIRECTION('',(1.,0.,0.));
#2171 = PCURVE('',#796,#2172);
#2172 = DEFINITIONAL_REPRESENTATION('',(#2173),#2177);
#2173 = LINE('',#2174,#2175);
#2174 = CARTESIAN_POINT('',(0.,1.2));
#2175 = VECTOR('',#2176,1.);
#2176 = DIRECTION('',(1.,0.));
#2177 = ( GEOMETRIC_REPRESENTATION_CONTEXT(2) 
PARAMETRIC_REPRESENTATION_CONTEXT() REPRESENTATION_CONTEXT('2D SPACE',''
  ) );
#2178 = PCURVE('',#872,#2179);
#2179 = DEFINITIONAL_REPRESENTATION('',(#2180),#2184);
#2180 = LINE('',#2181,#2182);
#2181 = CARTESIAN_POINT('',(0.,0.));
#2182 = VECTOR('',#2183,1.);
#2183 = DIRECTION('',(0.,1.));
#2184 = ( GEOMETRIC_REPRESENTATION_CONTEXT(2) 
PARAMETRIC_REPRESENTATION_CONTEXT() REPRESENTATION_CONTEXT('2D SPACE',''
  ) );
#2185 = ORIENTED_EDGE('',*,*,#1175,.T.);
#2186 = ORIENTED_EDGE('',*,*,#2187,.T.);
#2187 = EDGE_CURVE('',#1178,#782,#2188,.T.);
#2188 = SURFACE_CURVE('',#2189,(#2193,#2200),.PCURVE_S1.);
#2189 = LINE('',#2190,#2191);
#2190 = CARTESIAN_POINT('',(-6.,-49.45,18.5));
#2191 = VECTOR('',#2192,1.);
#2192 = DIRECTION('',(1.,0.,0.));
#2193 = PCURVE('',#796,#2194);
#2194 = DEFINITIONAL_REPRESENTATION('',(#2195),#2199);
#2195 = LINE('',#2196,#2197);
#2196 = CARTESIAN_POINT('',(0.,0.));
#2197 = VECTOR('',#2198,1.);
#2198 = DIRECTION('',(1.,0.));
#2199 = ( GEOMETRIC_REPRESENTATION_CONTEXT(2) 
PARAMETRIC_REPRESENTATION_CONTEXT() REPRESENTATION_CONTEXT('2D SPACE',''
  ) );
#2200 = PCURVE('',#822,#2201);
#2201 = DEFINITIONAL_REPRESENTATION('',(#2202),#2206);
#2202 = LINE('',#2203,#2204);
#2203 = CARTESIAN_POINT('',(0.,0.));
#2204 = VECTOR('',#2205,1.);
#2205 = DIRECTION('',(0.,1.));
#2206 = ( GEOMETRIC_REPRESENTATION_CONTEXT(2) 
PARAMETRIC_REPRESENTATION_CONTEXT() REPRESENTATION_CONTEXT('2D SPACE',''
  ) );
#2207 = ORIENTED_EDGE('',*,*,#779,.F.);
#2208 = ADVANCED_FACE('',(#2209),#872,.T.);
#2209 = FACE_BOUND('',#2210,.T.);
#2210 = EDGE_LOOP('',(#2211,#2212,#2213,#2234));
#2211 = ORIENTED_EDGE('',*,*,#2165,.F.);
#2212 = ORIENTED_EDGE('',*,*,#1240,.T.);
#2213 = ORIENTED_EDGE('',*,*,#2214,.T.);
#2214 = EDGE_CURVE('',#1220,#834,#2215,.T.);
#2215 = SURFACE_CURVE('',#2216,(#2220,#2227),.PCURVE_S1.);
#2216 = LINE('',#2217,#2218);
#2217 = CARTESIAN_POINT('',(-6.,-48.25,21.5));
#2218 = VECTOR('',#2219,1.);
#2219 = DIRECTION('',(1.,0.,0.));
#2220 = PCURVE('',#872,#2221);
#2221 = DEFINITIONAL_REPRESENTATION('',(#2222),#2226);
#2222 = LINE('',#2223,#2224);
#2223 = CARTESIAN_POINT('',(3.,0.));
#2224 = VECTOR('',#2225,1.);
#2225 = DIRECTION('',(0.,1.));
#2226 = ( GEOMETRIC_REPRESENTATION_CONTEXT(2) 
PARAMETRIC_REPRESENTATION_CONTEXT() REPRESENTATION_CONTEXT('2D SPACE',''
  ) );
#2227 = PCURVE('',#848,#2228);
#2228 = DEFINITIONAL_REPRESENTATION('',(#2229),#2233);
#2229 = LINE('',#2230,#2231);
#2230 = CARTESIAN_POINT('',(0.,1.2));
#2231 = VECTOR('',#2232,1.);
#2232 = DIRECTION('',(1.,0.));
#2233 = ( GEOMETRIC_REPRESENTATION_CONTEXT(2) 
PARAMETRIC_REPRESENTATION_CONTEXT() REPRESENTATION_CONTEXT('2D SPACE',''
  ) );
#2234 = ORIENTED_EDGE('',*,*,#859,.F.);
#2235 = ADVANCED_FACE('',(#2236),#848,.T.);
#2236 = FACE_BOUND('',#2237,.T.);
#2237 = EDGE_LOOP('',(#2238,#2239,#2240,#2261));
#2238 = ORIENTED_EDGE('',*,*,#2214,.F.);
#2239 = ORIENTED_EDGE('',*,*,#1219,.T.);
#2240 = ORIENTED_EDGE('',*,*,#2241,.T.);
#2241 = EDGE_CURVE('',#1199,#808,#2242,.T.);
#2242 = SURFACE_CURVE('',#2243,(#2247,#2254),.PCURVE_S1.);
#2243 = LINE('',#2244,#2245);
#2244 = CARTESIAN_POINT('',(-6.,-49.45,21.5));
#2245 = VECTOR('',#2246,1.);
#2246 = DIRECTION('',(1.,0.,0.));
#2247 = PCURVE('',#848,#2248);
#2248 = DEFINITIONAL_REPRESENTATION('',(#2249),#2253);
#2249 = LINE('',#2250,#2251);
#2250 = CARTESIAN_POINT('',(0.,0.));
#2251 = VECTOR('',#2252,1.);
#2252 = DIRECTION('',(1.,0.));
#2253 = ( GEOMETRIC_REPRESENTATION_CONTEXT(2) 
PARAMETRIC_REPRESENTATION_CONTEXT() REPRESENTATION_CONTEXT('2D SPACE',''
  ) );
#2254 = PCURVE('',#822,#2255);
#2255 = DEFINITIONAL_REPRESENTATION('',(#2256),#2260);
#2256 = LINE('',#2257,#2258);
#2257 = CARTESIAN_POINT('',(3.,0.));
#2258 = VECTOR('',#2259,1.);
#2259 = DIRECTION('',(0.,1.));
#2260 = ( GEOMETRIC_REPRESENTATION_CONTEXT(2) 
PARAMETRIC_REPRESENTATION_CONTEXT() REPRESENTATION_CONTEXT('2D SPACE',''
  ) );
#2261 = ORIENTED_EDGE('',*,*,#833,.F.);
#2262 = ADVANCED_FACE('',(#2263),#822,.F.);
#2263 = FACE_BOUND('',#2264,.F.);
#2264 = EDGE_LOOP('',(#2265,#2266,#2267,#2268));
#2265 = ORIENTED_EDGE('',*,*,#2187,.F.);
#2266 = ORIENTED_EDGE('',*,*,#1198,.T.);
#2267 = ORIENTED_EDGE('',*,*,#2241,.T.);
#2268 = ORIENTED_EDGE('',*,*,#807,.F.);
#2269 = ADVANCED_FACE('',(#2270),#956,.F.);
#2270 = FACE_BOUND('',#2271,.F.);
#2271 = EDGE_LOOP('',(#2272,#2295,#2323,#2344));
#2272 = ORIENTED_EDGE('',*,*,#2273,.F.);
#2273 = EDGE_CURVE('',#2274,#942,#2276,.T.);
#2274 = VERTEX_POINT('',#2275);
#2275 = CARTESIAN_POINT('',(-3.2,-45.7,4.));
#2276 = SURFACE_CURVE('',#2277,(#2281,#2288),.PCURVE_S1.);
#2277 = LINE('',#2278,#2279);
#2278 = CARTESIAN_POINT('',(-3.2,-45.7,4.));
#2279 = VECTOR('',#2280,1.);
#2280 = DIRECTION('',(-0.177152998315,0.,-0.984183323974));
#2281 = PCURVE('',#956,#2282);
#2282 = DEFINITIONAL_REPRESENTATION('',(#2283),#2287);
#2283 = LINE('',#2284,#2285);
#2284 = CARTESIAN_POINT('',(0.,0.));
#2285 = VECTOR('',#2286,1.);
#2286 = DIRECTION('',(1.,0.));
#2287 = ( GEOMETRIC_REPRESENTATION_CONTEXT(2) 
PARAMETRIC_REPRESENTATION_CONTEXT() REPRESENTATION_CONTEXT('2D SPACE',''
  ) );
#2288 = PCURVE('',#982,#2289);
#2289 = DEFINITIONAL_REPRESENTATION('',(#2290),#2294);
#2290 = LINE('',#2291,#2292);
#2291 = CARTESIAN_POINT('',(10.103717184325,-3.2));
#2292 = VECTOR('',#2293,1.);
#2293 = DIRECTION('',(0.984183323974,-0.177152998315));
#2294 = ( GEOMETRIC_REPRESENTATION_CONTEXT(2) 
PARAMETRIC_REPRESENTATION_CONTEXT() REPRESENTATION_CONTEXT('2D SPACE',''
  ) );
#2295 = ORIENTED_EDGE('',*,*,#2296,.T.);
#2296 = EDGE_CURVE('',#2274,#2297,#2299,.T.);
#2297 = VERTEX_POINT('',#2298);
#2298 = CARTESIAN_POINT('',(-3.2,-46.9,4.));
#2299 = SURFACE_CURVE('',#2300,(#2304,#2311),.PCURVE_S1.);
#2300 = LINE('',#2301,#2302);
#2301 = CARTESIAN_POINT('',(-3.2,-45.7,4.));
#2302 = VECTOR('',#2303,1.);
#2303 = DIRECTION('',(0.,-1.,0.));
#2304 = PCURVE('',#956,#2305);
#2305 = DEFINITIONAL_REPRESENTATION('',(#2306),#2310);
#2306 = LINE('',#2307,#2308);
#2307 = CARTESIAN_POINT('',(0.,0.));
#2308 = VECTOR('',#2309,1.);
#2309 = DIRECTION('',(-0.,-1.));
#2310 = ( GEOMETRIC_REPRESENTATION_CONTEXT(2) 
PARAMETRIC_REPRESENTATION_CONTEXT() REPRESENTATION_CONTEXT('2D SPACE',''
  ) );
#2311 = PCURVE('',#2312,#2317);
#2312 = PLANE('',#2313);
#2313 = AXIS2_PLACEMENT_3D('',#2314,#2315,#2316);
#2314 = CARTESIAN_POINT('',(-3.2,-45.7,32.));
#2315 = DIRECTION('',(1.,0.,0.));
#2316 = DIRECTION('',(0.,0.,-1.));
#2317 = DEFINITIONAL_REPRESENTATION('',(#2318),#2322);
#2318 = LINE('',#2319,#2320);
#2319 = CARTESIAN_POINT('',(28.,0.));
#2320 = VECTOR('',#2321,1.);
#2321 = DIRECTION('',(0.,-1.));
#2322 = ( GEOMETRIC_REPRESENTATION_CONTEXT(2) 
PARAMETRIC_REPRESENTATION_CONTEXT() REPRESENTATION_CONTEXT('2D SPACE',''
  ) );
#2323 = ORIENTED_EDGE('',*,*,#2324,.T.);
#2324 = EDGE_CURVE('',#2297,#940,#2325,.T.);
#2325 = SURFACE_CURVE('',#2326,(#2330,#2337),.PCURVE_S1.);
#2326 = LINE('',#2327,#2328);
#2327 = CARTESIAN_POINT('',(-3.2,-46.9,4.));
#2328 = VECTOR('',#2329,1.);
#2329 = DIRECTION('',(-0.177152998315,0.,-0.984183323974));
#2330 = PCURVE('',#956,#2331);
#2331 = DEFINITIONAL_REPRESENTATION('',(#2332),#2336);
#2332 = LINE('',#2333,#2334);
#2333 = CARTESIAN_POINT('',(-0.,-1.2));
#2334 = VECTOR('',#2335,1.);
#2335 = DIRECTION('',(1.,0.));
#2336 = ( GEOMETRIC_REPRESENTATION_CONTEXT(2) 
PARAMETRIC_REPRESENTATION_CONTEXT() REPRESENTATION_CONTEXT('2D SPACE',''
  ) );
#2337 = PCURVE('',#1032,#2338);
#2338 = DEFINITIONAL_REPRESENTATION('',(#2339),#2343);
#2339 = LINE('',#2340,#2341);
#2340 = CARTESIAN_POINT('',(10.103717184325,-3.2));
#2341 = VECTOR('',#2342,1.);
#2342 = DIRECTION('',(0.984183323974,-0.177152998315));
#2343 = ( GEOMETRIC_REPRESENTATION_CONTEXT(2) 
PARAMETRIC_REPRESENTATION_CONTEXT() REPRESENTATION_CONTEXT('2D SPACE',''
  ) );
#2344 = ORIENTED_EDGE('',*,*,#939,.T.);
#2345 = ADVANCED_FACE('',(#2346),#1032,.T.);
#2346 = FACE_BOUND('',#2347,.T.);
#2347 = EDGE_LOOP('',(#2348,#2349,#2350,#2373,#2401,#2427));
#2348 = ORIENTED_EDGE('',*,*,#2324,.T.);
#2349 = ORIENTED_EDGE('',*,*,#1019,.T.);
#2350 = ORIENTED_EDGE('',*,*,#2351,.T.);
#2351 = EDGE_CURVE('',#994,#2352,#2354,.T.);
#2352 = VERTEX_POINT('',#2353);
#2353 = CARTESIAN_POINT('',(3.2,-46.9,4.));
#2354 = SURFACE_CURVE('',#2355,(#2359,#2366),.PCURVE_S1.);
#2355 = LINE('',#2356,#2357);
#2356 = CARTESIAN_POINT('',(4.1,-46.9,-1.));
#2357 = VECTOR('',#2358,1.);
#2358 = DIRECTION('',(-0.177152998315,0.,0.984183323974));
#2359 = PCURVE('',#1032,#2360);
#2360 = DEFINITIONAL_REPRESENTATION('',(#2361),#2365);
#2361 = LINE('',#2362,#2363);
#2362 = CARTESIAN_POINT('',(15.103717184325,4.1));
#2363 = VECTOR('',#2364,1.);
#2364 = DIRECTION('',(-0.984183323974,-0.177152998315));
#2365 = ( GEOMETRIC_REPRESENTATION_CONTEXT(2) 
PARAMETRIC_REPRESENTATION_CONTEXT() REPRESENTATION_CONTEXT('2D SPACE',''
  ) );
#2366 = PCURVE('',#1008,#2367);
#2367 = DEFINITIONAL_REPRESENTATION('',(#2368),#2372);
#2368 = LINE('',#2369,#2370);
#2369 = CARTESIAN_POINT('',(0.,-1.2));
#2370 = VECTOR('',#2371,1.);
#2371 = DIRECTION('',(1.,0.));
#2372 = ( GEOMETRIC_REPRESENTATION_CONTEXT(2) 
PARAMETRIC_REPRESENTATION_CONTEXT() REPRESENTATION_CONTEXT('2D SPACE',''
  ) );
#2373 = ORIENTED_EDGE('',*,*,#2374,.T.);
#2374 = EDGE_CURVE('',#2352,#2375,#2377,.T.);
#2375 = VERTEX_POINT('',#2376);
#2376 = CARTESIAN_POINT('',(3.2,-46.9,31.));
#2377 = SURFACE_CURVE('',#2378,(#2382,#2389),.PCURVE_S1.);
#2378 = LINE('',#2379,#2380);
#2379 = CARTESIAN_POINT('',(3.2,-46.9,4.));
#2380 = VECTOR('',#2381,1.);
#2381 = DIRECTION('',(0.,0.,1.));
#2382 = PCURVE('',#1032,#2383);
#2383 = DEFINITIONAL_REPRESENTATION('',(#2384),#2388);
#2384 = LINE('',#2385,#2386);
#2385 = CARTESIAN_POINT('',(10.103717184325,3.2));
#2386 = VECTOR('',#2387,1.);
#2387 = DIRECTION('',(-1.,0.));
#2388 = ( GEOMETRIC_REPRESENTATION_CONTEXT(2) 
PARAMETRIC_REPRESENTATION_CONTEXT() REPRESENTATION_CONTEXT('2D SPACE',''
  ) );
#2389 = PCURVE('',#2390,#2395);
#2390 = PLANE('',#2391);
#2391 = AXIS2_PLACEMENT_3D('',#2392,#2393,#2394);
#2392 = CARTESIAN_POINT('',(3.2,-45.7,4.));
#2393 = DIRECTION('',(-1.,0.,0.));
#2394 = DIRECTION('',(0.,0.,1.));
#2395 = DEFINITIONAL_REPRESENTATION('',(#2396),#2400);
#2396 = LINE('',#2397,#2398);
#2397 = CARTESIAN_POINT('',(0.,-1.2));
#2398 = VECTOR('',#2399,1.);
#2399 = DIRECTION('',(1.,0.));
#2400 = ( GEOMETRIC_REPRESENTATION_CONTEXT(2) 
PARAMETRIC_REPRESENTATION_CONTEXT() REPRESENTATION_CONTEXT('2D SPACE',''
  ) );
#2401 = ORIENTED_EDGE('',*,*,#2402,.T.);
#2402 = EDGE_CURVE('',#2375,#2403,#2405,.T.);
#2403 = VERTEX_POINT('',#2404);
#2404 = CARTESIAN_POINT('',(-3.2,-46.9,31.));
#2405 = SURFACE_CURVE('',#2406,(#2410,#2416),.PCURVE_S1.);
#2406 = LINE('',#2407,#2408);
#2407 = CARTESIAN_POINT('',(-2.05,-46.9,31.));
#2408 = VECTOR('',#2409,1.);
#2409 = DIRECTION('',(-1.,0.,0.));
#2410 = PCURVE('',#1032,#2411);
#2411 = DEFINITIONAL_REPRESENTATION('',(#2412),#2415);
#2412 = B_SPLINE_CURVE_WITH_KNOTS('',1,(#2413,#2414),.UNSPECIFIED.,.F.,
  .F.,(2,2),(-5.45,1.35),.PIECEWISE_BEZIER_KNOTS.);
#2413 = CARTESIAN_POINT('',(-16.89628281567,3.4));
#2414 = CARTESIAN_POINT('',(-16.89628281567,-3.4));
#2415 = ( GEOMETRIC_REPRESENTATION_CONTEXT(2) 
PARAMETRIC_REPRESENTATION_CONTEXT() REPRESENTATION_CONTEXT('2D SPACE',''
  ) );
#2416 = PCURVE('',#2417,#2422);
#2417 = PLANE('',#2418);
#2418 = AXIS2_PLACEMENT_3D('',#2419,#2420,#2421);
#2419 = CARTESIAN_POINT('',(-4.1,-48.,31.));
#2420 = DIRECTION('',(0.,0.,1.));
#2421 = DIRECTION('',(1.,0.,0.));
#2422 = DEFINITIONAL_REPRESENTATION('',(#2423),#2426);
#2423 = B_SPLINE_CURVE_WITH_KNOTS('',1,(#2424,#2425),.UNSPECIFIED.,.F.,
  .F.,(2,2),(-5.45,1.35),.PIECEWISE_BEZIER_KNOTS.);
#2424 = CARTESIAN_POINT('',(7.5,1.1));
#2425 = CARTESIAN_POINT('',(0.7,1.1));
#2426 = ( GEOMETRIC_REPRESENTATION_CONTEXT(2) 
PARAMETRIC_REPRESENTATION_CONTEXT() REPRESENTATION_CONTEXT('2D SPACE',''
  ) );
#2427 = ORIENTED_EDGE('',*,*,#2428,.T.);
#2428 = EDGE_CURVE('',#2403,#2297,#2429,.T.);
#2429 = SURFACE_CURVE('',#2430,(#2434,#2441),.PCURVE_S1.);
#2430 = LINE('',#2431,#2432);
#2431 = CARTESIAN_POINT('',(-3.2,-46.9,32.));
#2432 = VECTOR('',#2433,1.);
#2433 = DIRECTION('',(0.,0.,-1.));
#2434 = PCURVE('',#1032,#2435);
#2435 = DEFINITIONAL_REPRESENTATION('',(#2436),#2440);
#2436 = LINE('',#2437,#2438);
#2437 = CARTESIAN_POINT('',(-17.89628281567,-3.2));
#2438 = VECTOR('',#2439,1.);
#2439 = DIRECTION('',(1.,0.));
#2440 = ( GEOMETRIC_REPRESENTATION_CONTEXT(2) 
PARAMETRIC_REPRESENTATION_CONTEXT() REPRESENTATION_CONTEXT('2D SPACE',''
  ) );
#2441 = PCURVE('',#2312,#2442);
#2442 = DEFINITIONAL_REPRESENTATION('',(#2443),#2447);
#2443 = LINE('',#2444,#2445);
#2444 = CARTESIAN_POINT('',(0.,-1.2));
#2445 = VECTOR('',#2446,1.);
#2446 = DIRECTION('',(1.,0.));
#2447 = ( GEOMETRIC_REPRESENTATION_CONTEXT(2) 
PARAMETRIC_REPRESENTATION_CONTEXT() REPRESENTATION_CONTEXT('2D SPACE',''
  ) );
#2448 = ADVANCED_FACE('',(#2449),#1008,.F.);
#2449 = FACE_BOUND('',#2450,.F.);
#2450 = EDGE_LOOP('',(#2451,#2474,#2475,#2476));
#2451 = ORIENTED_EDGE('',*,*,#2452,.F.);
#2452 = EDGE_CURVE('',#968,#2453,#2455,.T.);
#2453 = VERTEX_POINT('',#2454);
#2454 = CARTESIAN_POINT('',(3.2,-45.7,4.));
#2455 = SURFACE_CURVE('',#2456,(#2460,#2467),.PCURVE_S1.);
#2456 = LINE('',#2457,#2458);
#2457 = CARTESIAN_POINT('',(4.1,-45.7,-1.));
#2458 = VECTOR('',#2459,1.);
#2459 = DIRECTION('',(-0.177152998315,0.,0.984183323974));
#2460 = PCURVE('',#1008,#2461);
#2461 = DEFINITIONAL_REPRESENTATION('',(#2462),#2466);
#2462 = LINE('',#2463,#2464);
#2463 = CARTESIAN_POINT('',(0.,0.));
#2464 = VECTOR('',#2465,1.);
#2465 = DIRECTION('',(1.,0.));
#2466 = ( GEOMETRIC_REPRESENTATION_CONTEXT(2) 
PARAMETRIC_REPRESENTATION_CONTEXT() REPRESENTATION_CONTEXT('2D SPACE',''
  ) );
#2467 = PCURVE('',#982,#2468);
#2468 = DEFINITIONAL_REPRESENTATION('',(#2469),#2473);
#2469 = LINE('',#2470,#2471);
#2470 = CARTESIAN_POINT('',(15.103717184325,4.1));
#2471 = VECTOR('',#2472,1.);
#2472 = DIRECTION('',(-0.984183323974,-0.177152998315));
#2473 = ( GEOMETRIC_REPRESENTATION_CONTEXT(2) 
PARAMETRIC_REPRESENTATION_CONTEXT() REPRESENTATION_CONTEXT('2D SPACE',''
  ) );
#2474 = ORIENTED_EDGE('',*,*,#993,.T.);
#2475 = ORIENTED_EDGE('',*,*,#2351,.T.);
#2476 = ORIENTED_EDGE('',*,*,#2477,.F.);
#2477 = EDGE_CURVE('',#2453,#2352,#2478,.T.);
#2478 = SURFACE_CURVE('',#2479,(#2483,#2490),.PCURVE_S1.);
#2479 = LINE('',#2480,#2481);
#2480 = CARTESIAN_POINT('',(3.2,-45.7,4.));
#2481 = VECTOR('',#2482,1.);
#2482 = DIRECTION('',(0.,-1.,0.));
#2483 = PCURVE('',#1008,#2484);
#2484 = DEFINITIONAL_REPRESENTATION('',(#2485),#2489);
#2485 = LINE('',#2486,#2487);
#2486 = CARTESIAN_POINT('',(5.080354318352,0.));
#2487 = VECTOR('',#2488,1.);
#2488 = DIRECTION('',(0.,-1.));
#2489 = ( GEOMETRIC_REPRESENTATION_CONTEXT(2) 
PARAMETRIC_REPRESENTATION_CONTEXT() REPRESENTATION_CONTEXT('2D SPACE',''
  ) );
#2490 = PCURVE('',#2390,#2491);
#2491 = DEFINITIONAL_REPRESENTATION('',(#2492),#2496);
#2492 = LINE('',#2493,#2494);
#2493 = CARTESIAN_POINT('',(0.,0.));
#2494 = VECTOR('',#2495,1.);
#2495 = DIRECTION('',(0.,-1.));
#2496 = ( GEOMETRIC_REPRESENTATION_CONTEXT(2) 
PARAMETRIC_REPRESENTATION_CONTEXT() REPRESENTATION_CONTEXT('2D SPACE',''
  ) );
#2497 = ADVANCED_FACE('',(#2498,#2575),#982,.F.);
#2498 = FACE_BOUND('',#2499,.F.);
#2499 = EDGE_LOOP('',(#2500,#2501,#2502,#2503,#2526,#2554));
#2500 = ORIENTED_EDGE('',*,*,#2273,.T.);
#2501 = ORIENTED_EDGE('',*,*,#967,.T.);
#2502 = ORIENTED_EDGE('',*,*,#2452,.T.);
#2503 = ORIENTED_EDGE('',*,*,#2504,.T.);
#2504 = EDGE_CURVE('',#2453,#2505,#2507,.T.);
#2505 = VERTEX_POINT('',#2506);
#2506 = CARTESIAN_POINT('',(3.2,-45.7,32.));
#2507 = SURFACE_CURVE('',#2508,(#2512,#2519),.PCURVE_S1.);
#2508 = LINE('',#2509,#2510);
#2509 = CARTESIAN_POINT('',(3.2,-45.7,4.));
#2510 = VECTOR('',#2511,1.);
#2511 = DIRECTION('',(0.,0.,1.));
#2512 = PCURVE('',#982,#2513);
#2513 = DEFINITIONAL_REPRESENTATION('',(#2514),#2518);
#2514 = LINE('',#2515,#2516);
#2515 = CARTESIAN_POINT('',(10.103717184325,3.2));
#2516 = VECTOR('',#2517,1.);
#2517 = DIRECTION('',(-1.,0.));
#2518 = ( GEOMETRIC_REPRESENTATION_CONTEXT(2) 
PARAMETRIC_REPRESENTATION_CONTEXT() REPRESENTATION_CONTEXT('2D SPACE',''
  ) );
#2519 = PCURVE('',#2390,#2520);
#2520 = DEFINITIONAL_REPRESENTATION('',(#2521),#2525);
#2521 = LINE('',#2522,#2523);
#2522 = CARTESIAN_POINT('',(0.,0.));
#2523 = VECTOR('',#2524,1.);
#2524 = DIRECTION('',(1.,0.));
#2525 = ( GEOMETRIC_REPRESENTATION_CONTEXT(2) 
PARAMETRIC_REPRESENTATION_CONTEXT() REPRESENTATION_CONTEXT('2D SPACE',''
  ) );
#2526 = ORIENTED_EDGE('',*,*,#2527,.T.);
#2527 = EDGE_CURVE('',#2505,#2528,#2530,.T.);
#2528 = VERTEX_POINT('',#2529);
#2529 = CARTESIAN_POINT('',(-3.2,-45.7,32.));
#2530 = SURFACE_CURVE('',#2531,(#2535,#2542),.PCURVE_S1.);
#2531 = LINE('',#2532,#2533);
#2532 = CARTESIAN_POINT('',(3.2,-45.7,32.));
#2533 = VECTOR('',#2534,1.);
#2534 = DIRECTION('',(-1.,0.,0.));
#2535 = PCURVE('',#982,#2536);
#2536 = DEFINITIONAL_REPRESENTATION('',(#2537),#2541);
#2537 = LINE('',#2538,#2539);
#2538 = CARTESIAN_POINT('',(-17.89628281567,3.2));
#2539 = VECTOR('',#2540,1.);
#2540 = DIRECTION('',(0.,-1.));
#2541 = ( GEOMETRIC_REPRESENTATION_CONTEXT(2) 
PARAMETRIC_REPRESENTATION_CONTEXT() REPRESENTATION_CONTEXT('2D SPACE',''
  ) );
#2542 = PCURVE('',#2543,#2548);
#2543 = PLANE('',#2544);
#2544 = AXIS2_PLACEMENT_3D('',#2545,#2546,#2547);
#2545 = CARTESIAN_POINT('',(3.2,-45.7,32.));
#2546 = DIRECTION('',(-0.,-0.,-1.));
#2547 = DIRECTION('',(-1.,0.,0.));
#2548 = DEFINITIONAL_REPRESENTATION('',(#2549),#2553);
#2549 = LINE('',#2550,#2551);
#2550 = CARTESIAN_POINT('',(0.,0.));
#2551 = VECTOR('',#2552,1.);
#2552 = DIRECTION('',(1.,0.));
#2553 = ( GEOMETRIC_REPRESENTATION_CONTEXT(2) 
PARAMETRIC_REPRESENTATION_CONTEXT() REPRESENTATION_CONTEXT('2D SPACE',''
  ) );
#2554 = ORIENTED_EDGE('',*,*,#2555,.T.);
#2555 = EDGE_CURVE('',#2528,#2274,#2556,.T.);
#2556 = SURFACE_CURVE('',#2557,(#2561,#2568),.PCURVE_S1.);
#2557 = LINE('',#2558,#2559);
#2558 = CARTESIAN_POINT('',(-3.2,-45.7,32.));
#2559 = VECTOR('',#2560,1.);
#2560 = DIRECTION('',(0.,0.,-1.));
#2561 = PCURVE('',#982,#2562);
#2562 = DEFINITIONAL_REPRESENTATION('',(#2563),#2567);
#2563 = LINE('',#2564,#2565);
#2564 = CARTESIAN_POINT('',(-17.89628281567,-3.2));
#2565 = VECTOR('',#2566,1.);
#2566 = DIRECTION('',(1.,0.));
#2567 = ( GEOMETRIC_REPRESENTATION_CONTEXT(2) 
PARAMETRIC_REPRESENTATION_CONTEXT() REPRESENTATION_CONTEXT('2D SPACE',''
  ) );
#2568 = PCURVE('',#2312,#2569);
#2569 = DEFINITIONAL_REPRESENTATION('',(#2570),#2574);
#2570 = LINE('',#2571,#2572);
#2571 = CARTESIAN_POINT('',(0.,0.));
#2572 = VECTOR('',#2573,1.);
#2573 = DIRECTION('',(1.,0.));
#2574 = ( GEOMETRIC_REPRESENTATION_CONTEXT(2) 
PARAMETRIC_REPRESENTATION_CONTEXT() REPRESENTATION_CONTEXT('2D SPACE',''
  ) );
#2575 = FACE_BOUND('',#2576,.F.);
#2576 = EDGE_LOOP('',(#2577));
#2577 = ORIENTED_EDGE('',*,*,#2578,.F.);
#2578 = EDGE_CURVE('',#2579,#2579,#2581,.T.);
#2579 = VERTEX_POINT('',#2580);
#2580 = CARTESIAN_POINT('',(0.,-45.7,18.677124344468));
#2581 = SURFACE_CURVE('',#2582,(#2587,#2594),.PCURVE_S1.);
#2582 = CIRCLE('',#2583,1.322875655532);
#2583 = AXIS2_PLACEMENT_3D('',#2584,#2585,#2586);
#2584 = CARTESIAN_POINT('',(0.,-45.7,20.));
#2585 = DIRECTION('',(0.,-1.,-0.));
#2586 = DIRECTION('',(0.,0.,-1.));
#2587 = PCURVE('',#982,#2588);
#2588 = DEFINITIONAL_REPRESENTATION('',(#2589),#2593);
#2589 = CIRCLE('',#2590,1.322875655532);
#2590 = AXIS2_PLACEMENT_2D('',#2591,#2592);
#2591 = CARTESIAN_POINT('',(-5.896282815675,4.191462926564E-17));
#2592 = DIRECTION('',(1.,0.));
#2593 = ( GEOMETRIC_REPRESENTATION_CONTEXT(2) 
PARAMETRIC_REPRESENTATION_CONTEXT() REPRESENTATION_CONTEXT('2D SPACE',''
  ) );
#2594 = PCURVE('',#2595,#2600);
#2595 = SPHERICAL_SURFACE('',#2596,1.6);
#2596 = AXIS2_PLACEMENT_3D('',#2597,#2598,#2599);
#2597 = CARTESIAN_POINT('',(0.,-44.8,20.));
#2598 = DIRECTION('',(0.,0.,1.));
#2599 = DIRECTION('',(1.,0.,0.));
#2600 = DEFINITIONAL_REPRESENTATION('',(#2601),#2688);
#2601 = B_SPLINE_CURVE_WITH_KNOTS('',8,(#2602,#2603,#2604,#2605,#2606,
    #2607,#2608,#2609,#2610,#2611,#2612,#2613,#2614,#2615,#2616,#2617,
    #2618,#2619,#2620,#2621,#2622,#2623,#2624,#2625,#2626,#2627,#2628,
    #2629,#2630,#2631,#2632,#2633,#2634,#2635,#2636,#2637,#2638,#2639,
    #2640,#2641,#2642,#2643,#2644,#2645,#2646,#2647,#2648,#2649,#2650,
    #2651,#2652,#2653,#2654,#2655,#2656,#2657,#2658,#2659,#2660,#2661,
    #2662,#2663,#2664,#2665,#2666,#2667,#2668,#2669,#2670,#2671,#2672,
    #2673,#2674,#2675,#2676,#2677,#2678,#2679,#2680,#2681,#2682,#2683,
    #2684,#2685,#2686,#2687),.UNSPECIFIED.,.F.,.F.,(9,7,7,7,7,7,7,7,7,7,
    7,7,9),(0.,0.392699081699,1.129009859884,1.773281790796,
    2.337019730344,2.830290427448,3.261902287415,3.639562664885,
    4.300468325459,5.291826816319,5.787506061749,6.035345684464,
    6.28318530718),.UNSPECIFIED.);
#2602 = CARTESIAN_POINT('',(4.712388980385,-0.97338991015));
#2603 = CARTESIAN_POINT('',(4.784540654708,-0.97338991015));
#2604 = CARTESIAN_POINT('',(4.85669208687,-0.969342164704));
#2605 = CARTESIAN_POINT('',(4.927435734156,-0.961247109832));
#2606 = CARTESIAN_POINT('',(4.995353640534,-0.949258406265));
#2607 = CARTESIAN_POINT('',(5.059374677265,-0.933693645589));
#2608 = CARTESIAN_POINT('',(5.119023402287,-0.914929592137));
#2609 = CARTESIAN_POINT('',(5.174134386127,-0.893340145546));
#2610 = CARTESIAN_POINT('',(5.319718077198,-0.824152192502));
#2611 = CARTESIAN_POINT('',(5.398938844953,-0.770324611388));
#2612 = CARTESIAN_POINT('',(5.462824317004,-0.710098043276));
#2613 = CARTESIAN_POINT('',(5.514569878545,-0.645442230207));
#2614 = CARTESIAN_POINT('',(5.556460144311,-0.577468106202));
#2615 = CARTESIAN_POINT('',(5.590216004016,-0.507067973513));
#2616 = CARTESIAN_POINT('',(5.617111685008,-0.434850978935));
#2617 = CARTESIAN_POINT('',(5.656327369006,-0.296964519402));
#2618 = CARTESIAN_POINT('',(5.670049486214,-0.231605023866));
#2619 = CARTESIAN_POINT('',(5.679785629607,-0.165559669997));
#2620 = CARTESIAN_POINT('',(5.685905837431,-9.908063569155E-02));
#2621 = CARTESIAN_POINT('',(5.688611942819,-3.23783832312E-02));
#2622 = CARTESIAN_POINT('',(5.687965515889,3.435086591052E-02));
#2623 = CARTESIAN_POINT('',(5.683889429781,0.100902910688));
#2624 = CARTESIAN_POINT('',(5.669364968884,0.224926086655));
#2625 = CARTESIAN_POINT('',(5.659776608755,0.282492173768));
#2626 = CARTESIAN_POINT('',(5.647217985916,0.339592268369));
#2627 = CARTESIAN_POINT('',(5.6314284729,0.396054164146));
#2628 = CARTESIAN_POINT('',(5.612046640559,0.451675006268));
#2629 = CARTESIAN_POINT('',(5.588571262814,0.506203639139));
#2630 = CARTESIAN_POINT('',(5.560326546871,0.559311912469));
#2631 = CARTESIAN_POINT('',(5.496854242359,0.655380545119));
#2632 = CARTESIAN_POINT('',(5.462940742737,0.69877957672));
#2633 = CARTESIAN_POINT('',(5.424176702374,0.740443519151));
#2634 = CARTESIAN_POINT('',(5.379901321618,0.779997954275));
#2635 = CARTESIAN_POINT('',(5.329420523384,0.816975770244));
#2636 = CARTESIAN_POINT('',(5.271969147607,0.85079000345));
#2637 = CARTESIAN_POINT('',(5.207156761673,0.880711981258));
#2638 = CARTESIAN_POINT('',(5.072655868727,0.928173353764));
#2639 = CARTESIAN_POINT('',(5.004589180364,0.946793168568));
#2640 = CARTESIAN_POINT('',(4.93151571062,0.961402161823));
#2641 = CARTESIAN_POINT('',(4.854203871734,0.971531257274));
#2642 = CARTESIAN_POINT('',(4.774077926256,0.976767639108));
#2643 = CARTESIAN_POINT('',(4.693397275879,0.976956167367));
#2644 = CARTESIAN_POINT('',(4.614125196685,0.972219515911));
#2645 = CARTESIAN_POINT('',(4.470965512794,0.954645197063));
#2646 = CARTESIAN_POINT('',(4.406392957865,0.942894455429));
#2647 = CARTESIAN_POINT('',(4.345066236702,0.9277874326));
#2648 = CARTESIAN_POINT('',(4.287714150915,0.909623232542));
#2649 = CARTESIAN_POINT('',(4.234636003051,0.888746861669));
#2650 = CARTESIAN_POINT('',(4.185817365567,0.865496790989));
#2651 = CARTESIAN_POINT('',(4.141109877116,0.840174326426));
#2652 = CARTESIAN_POINT('',(4.028815505123,0.765579523231));
#2653 = CARTESIAN_POINT('',(3.969218147462,0.712588021205));
#2654 = CARTESIAN_POINT('',(3.920222531365,0.655514853047));
#2655 = CARTESIAN_POINT('',(3.879823505908,0.595457942749));
#2656 = CARTESIAN_POINT('',(3.846606075316,0.533127727673));
#2657 = CARTESIAN_POINT('',(3.819440073746,0.469078398312));
#2658 = CARTESIAN_POINT('',(3.797512478052,0.403720021427));
#2659 = CARTESIAN_POINT('',(3.754323142716,0.237893676731));
#2660 = CARTESIAN_POINT('',(3.73887713472,0.136210081002));
#2661 = CARTESIAN_POINT('',(3.731920382418,3.347192566327E-02));
#2662 = CARTESIAN_POINT('',(3.732678018249,-6.959134517753E-02));
#2663 = CARTESIAN_POINT('',(3.741117223502,-0.17230713742));
#2664 = CARTESIAN_POINT('',(3.757878009996,-0.273962917581));
#2665 = CARTESIAN_POINT('',(3.784548901283,-0.373658812623));
#2666 = CARTESIAN_POINT('',(3.844085864559,-0.517883857296));
#2667 = CARTESIAN_POINT('',(3.867186614833,-0.565072209334));
#2668 = CARTESIAN_POINT('',(3.89392796714,-0.611176280532));
#2669 = CARTESIAN_POINT('',(3.924795492503,-0.65595186271));
#2670 = CARTESIAN_POINT('',(3.960362491856,-0.699100699849));
#2671 = CARTESIAN_POINT('',(4.001326462455,-0.740237630578));
#2672 = CARTESIAN_POINT('',(4.048449910598,-0.778862042876));
#2673 = CARTESIAN_POINT('',(4.129166628186,-0.832114008177));
#2674 = CARTESIAN_POINT('',(4.157744227629,-0.849083941329));
#2675 = CARTESIAN_POINT('',(4.188058928674,-0.865196905619));
#2676 = CARTESIAN_POINT('',(4.220162808568,-0.880370278965));
#2677 = CARTESIAN_POINT('',(4.254081850019,-0.894515241871));
#2678 = CARTESIAN_POINT('',(4.289802978281,-0.907538896315));
#2679 = CARTESIAN_POINT('',(4.32726123243,-0.919348325773));
#2680 = CARTESIAN_POINT('',(4.405392909228,-0.940364866997));
#2681 = CARTESIAN_POINT('',(4.446066467905,-0.949571888537));
#2682 = CARTESIAN_POINT('',(4.488219436029,-0.957391216966));
#2683 = CARTESIAN_POINT('',(4.531661729609,-0.963741127419));
#2684 = CARTESIAN_POINT('',(4.576134129145,-0.968553022571));
#2685 = CARTESIAN_POINT('',(4.621316662062,-0.971777761653));
#2686 = CARTESIAN_POINT('',(4.666852729917,-0.97338991015));
#2687 = CARTESIAN_POINT('',(4.712388980385,-0.97338991015));
#2688 = ( GEOMETRIC_REPRESENTATION_CONTEXT(2) 
PARAMETRIC_REPRESENTATION_CONTEXT() REPRESENTATION_CONTEXT('2D SPACE',''
  ) );
#2689 = ADVANCED_FACE('',(#2690),#1084,.T.);
#2690 = FACE_BOUND('',#2691,.T.);
#2691 = EDGE_LOOP('',(#2692,#2693,#2694,#2695,#2696,#2717,#2750,#2776,
    #2809,#2835,#2868,#2894,#2927,#2953,#2972,#2973));
#2692 = ORIENTED_EDGE('',*,*,#1419,.F.);
#2693 = ORIENTED_EDGE('',*,*,#1344,.T.);
#2694 = ORIENTED_EDGE('',*,*,#1069,.T.);
#2695 = ORIENTED_EDGE('',*,*,#2063,.T.);
#2696 = ORIENTED_EDGE('',*,*,#2697,.F.);
#2697 = EDGE_CURVE('',#2698,#2038,#2700,.T.);
#2698 = VERTEX_POINT('',#2699);
#2699 = CARTESIAN_POINT('',(-4.767880827279,-44.90715233091,31.));
#2700 = SURFACE_CURVE('',#2701,(#2705,#2711),.PCURVE_S1.);
#2701 = LINE('',#2702,#2703);
#2702 = CARTESIAN_POINT('',(-12.67273351708,-25.14502060638,31.));
#2703 = VECTOR('',#2704,1.);
#2704 = DIRECTION('',(-0.371390676354,0.928476690885,0.));
#2705 = PCURVE('',#1084,#2706);
#2706 = DEFINITIONAL_REPRESENTATION('',(#2707),#2710);
#2707 = B_SPLINE_CURVE_WITH_KNOTS('',1,(#2708,#2709),.UNSPECIFIED.,.F.,
  .F.,(2,2),(-21.28446725537,-18.64003045269),.PIECEWISE_BEZIER_KNOTS.);
#2708 = CARTESIAN_POINT('',(-4.767880827279,-44.90715233091));
#2709 = CARTESIAN_POINT('',(-5.75,-42.4518543991));
#2710 = ( GEOMETRIC_REPRESENTATION_CONTEXT(2) 
PARAMETRIC_REPRESENTATION_CONTEXT() REPRESENTATION_CONTEXT('2D SPACE',''
  ) );
#2711 = PCURVE('',#2052,#2712);
#2712 = DEFINITIONAL_REPRESENTATION('',(#2713),#2716);
#2713 = B_SPLINE_CURVE_WITH_KNOTS('',1,(#2714,#2715),.UNSPECIFIED.,.F.,
  .F.,(2,2),(-21.28446725537,-18.64003045269),.PIECEWISE_BEZIER_KNOTS.);
#2714 = CARTESIAN_POINT('',(2.644436802675,-18.));
#2715 = CARTESIAN_POINT('',(0.,-18.));
#2716 = ( GEOMETRIC_REPRESENTATION_CONTEXT(2) 
PARAMETRIC_REPRESENTATION_CONTEXT() REPRESENTATION_CONTEXT('2D SPACE',''
  ) );
#2717 = ORIENTED_EDGE('',*,*,#2718,.T.);
#2718 = EDGE_CURVE('',#2698,#2719,#2721,.T.);
#2719 = VERTEX_POINT('',#2720);
#2720 = CARTESIAN_POINT('',(-4.75,-45.,31.));
#2721 = SURFACE_CURVE('',#2722,(#2727,#2738),.PCURVE_S1.);
#2722 = CIRCLE('',#2723,0.25);
#2723 = AXIS2_PLACEMENT_3D('',#2724,#2725,#2726);
#2724 = CARTESIAN_POINT('',(-5.,-45.,31.));
#2725 = DIRECTION('',(-0.,-0.,-1.));
#2726 = DIRECTION('',(0.,-1.,0.));
#2727 = PCURVE('',#1084,#2728);
#2728 = DEFINITIONAL_REPRESENTATION('',(#2729),#2737);
#2729 = ( BOUNDED_CURVE() B_SPLINE_CURVE(2,(#2730,#2731,#2732,#2733,
#2734,#2735,#2736),.UNSPECIFIED.,.T.,.F.) B_SPLINE_CURVE_WITH_KNOTS((1,2
    ,2,2,2,1),(-2.094395102393,0.,2.094395102393,4.188790204786,
6.28318530718,8.377580409573),.UNSPECIFIED.) CURVE() 
GEOMETRIC_REPRESENTATION_ITEM() RATIONAL_B_SPLINE_CURVE((1.,0.5,1.,0.5,
1.,0.5,1.)) REPRESENTATION_ITEM('') );
#2730 = CARTESIAN_POINT('',(-5.,-45.25));
#2731 = CARTESIAN_POINT('',(-5.433012701892,-45.25));
#2732 = CARTESIAN_POINT('',(-5.216506350946,-44.875));
#2733 = CARTESIAN_POINT('',(-5.,-44.5));
#2734 = CARTESIAN_POINT('',(-4.783493649054,-44.875));
#2735 = CARTESIAN_POINT('',(-4.566987298108,-45.25));
#2736 = CARTESIAN_POINT('',(-5.,-45.25));
#2737 = ( GEOMETRIC_REPRESENTATION_CONTEXT(2) 
PARAMETRIC_REPRESENTATION_CONTEXT() REPRESENTATION_CONTEXT('2D SPACE',''
  ) );
#2738 = PCURVE('',#2739,#2744);
#2739 = CYLINDRICAL_SURFACE('',#2740,0.25);
#2740 = AXIS2_PLACEMENT_3D('',#2741,#2742,#2743);
#2741 = CARTESIAN_POINT('',(-5.,-45.,13.));
#2742 = DIRECTION('',(-0.,-0.,-1.));
#2743 = DIRECTION('',(0.,-1.,0.));
#2744 = DEFINITIONAL_REPRESENTATION('',(#2745),#2749);
#2745 = LINE('',#2746,#2747);
#2746 = CARTESIAN_POINT('',(-6.28318530718,-18.));
#2747 = VECTOR('',#2748,1.);
#2748 = DIRECTION('',(1.,-0.));
#2749 = ( GEOMETRIC_REPRESENTATION_CONTEXT(2) 
PARAMETRIC_REPRESENTATION_CONTEXT() REPRESENTATION_CONTEXT('2D SPACE',''
  ) );
#2750 = ORIENTED_EDGE('',*,*,#2751,.F.);
#2751 = EDGE_CURVE('',#2752,#2719,#2754,.T.);
#2752 = VERTEX_POINT('',#2753);
#2753 = CARTESIAN_POINT('',(-4.75,-45.6,31.));
#2754 = SURFACE_CURVE('',#2755,(#2759,#2765),.PCURVE_S1.);
#2755 = LINE('',#2756,#2757);
#2756 = CARTESIAN_POINT('',(-4.75,-22.5,31.));
#2757 = VECTOR('',#2758,1.);
#2758 = DIRECTION('',(0.,1.,-0.));
#2759 = PCURVE('',#1084,#2760);
#2760 = DEFINITIONAL_REPRESENTATION('',(#2761),#2764);
#2761 = B_SPLINE_CURVE_WITH_KNOTS('',1,(#2762,#2763),.UNSPECIFIED.,.F.,
  .F.,(2,2),(-23.1,-22.5),.PIECEWISE_BEZIER_KNOTS.);
#2762 = CARTESIAN_POINT('',(-4.75,-45.6));
#2763 = CARTESIAN_POINT('',(-4.75,-45.));
#2764 = ( GEOMETRIC_REPRESENTATION_CONTEXT(2) 
PARAMETRIC_REPRESENTATION_CONTEXT() REPRESENTATION_CONTEXT('2D SPACE',''
  ) );
#2765 = PCURVE('',#2766,#2771);
#2766 = PLANE('',#2767);
#2767 = AXIS2_PLACEMENT_3D('',#2768,#2769,#2770);
#2768 = CARTESIAN_POINT('',(-4.75,-45.,13.));
#2769 = DIRECTION('',(1.,-0.,0.));
#2770 = DIRECTION('',(-0.,-1.,0.));
#2771 = DEFINITIONAL_REPRESENTATION('',(#2772),#2775);
#2772 = B_SPLINE_CURVE_WITH_KNOTS('',1,(#2773,#2774),.UNSPECIFIED.,.F.,
  .F.,(2,2),(-23.1,-22.5),.PIECEWISE_BEZIER_KNOTS.);
#2773 = CARTESIAN_POINT('',(0.6,-18.));
#2774 = CARTESIAN_POINT('',(0.,-18.));
#2775 = ( GEOMETRIC_REPRESENTATION_CONTEXT(2) 
PARAMETRIC_REPRESENTATION_CONTEXT() REPRESENTATION_CONTEXT('2D SPACE',''
  ) );
#2776 = ORIENTED_EDGE('',*,*,#2777,.T.);
#2777 = EDGE_CURVE('',#2752,#2778,#2780,.T.);
#2778 = VERTEX_POINT('',#2779);
#2779 = CARTESIAN_POINT('',(-5.,-45.85,31.));
#2780 = SURFACE_CURVE('',#2781,(#2786,#2797),.PCURVE_S1.);
#2781 = CIRCLE('',#2782,0.25);
#2782 = AXIS2_PLACEMENT_3D('',#2783,#2784,#2785);
#2783 = CARTESIAN_POINT('',(-5.,-45.6,31.));
#2784 = DIRECTION('',(-0.,0.,-1.));
#2785 = DIRECTION('',(-1.,0.,0.));
#2786 = PCURVE('',#1084,#2787);
#2787 = DEFINITIONAL_REPRESENTATION('',(#2788),#2796);
#2788 = ( BOUNDED_CURVE() B_SPLINE_CURVE(2,(#2789,#2790,#2791,#2792,
#2793,#2794,#2795),.UNSPECIFIED.,.T.,.F.) B_SPLINE_CURVE_WITH_KNOTS((1,2
    ,2,2,2,1),(-2.094395102393,0.,2.094395102393,4.188790204786,
6.28318530718,8.377580409573),.UNSPECIFIED.) CURVE() 
GEOMETRIC_REPRESENTATION_ITEM() RATIONAL_B_SPLINE_CURVE((1.,0.5,1.,0.5,
1.,0.5,1.)) REPRESENTATION_ITEM('') );
#2789 = CARTESIAN_POINT('',(-5.25,-45.6));
#2790 = CARTESIAN_POINT('',(-5.25,-45.1669872981));
#2791 = CARTESIAN_POINT('',(-4.875,-45.38349364905));
#2792 = CARTESIAN_POINT('',(-4.5,-45.6));
#2793 = CARTESIAN_POINT('',(-4.875,-45.81650635094));
#2794 = CARTESIAN_POINT('',(-5.25,-46.03301270189));
#2795 = CARTESIAN_POINT('',(-5.25,-45.6));
#2796 = ( GEOMETRIC_REPRESENTATION_CONTEXT(2) 
PARAMETRIC_REPRESENTATION_CONTEXT() REPRESENTATION_CONTEXT('2D SPACE',''
  ) );
#2797 = PCURVE('',#2798,#2803);
#2798 = CYLINDRICAL_SURFACE('',#2799,0.25);
#2799 = AXIS2_PLACEMENT_3D('',#2800,#2801,#2802);
#2800 = CARTESIAN_POINT('',(-5.,-45.6,13.));
#2801 = DIRECTION('',(-0.,-0.,-1.));
#2802 = DIRECTION('',(-1.,0.,0.));
#2803 = DEFINITIONAL_REPRESENTATION('',(#2804),#2808);
#2804 = LINE('',#2805,#2806);
#2805 = CARTESIAN_POINT('',(-6.28318530718,-18.));
#2806 = VECTOR('',#2807,1.);
#2807 = DIRECTION('',(1.,-0.));
#2808 = ( GEOMETRIC_REPRESENTATION_CONTEXT(2) 
PARAMETRIC_REPRESENTATION_CONTEXT() REPRESENTATION_CONTEXT('2D SPACE',''
  ) );
#2809 = ORIENTED_EDGE('',*,*,#2810,.F.);
#2810 = EDGE_CURVE('',#2811,#2778,#2813,.T.);
#2811 = VERTEX_POINT('',#2812);
#2812 = CARTESIAN_POINT('',(-11.,-45.85,31.));
#2813 = SURFACE_CURVE('',#2814,(#2818,#2824),.PCURVE_S1.);
#2814 = LINE('',#2815,#2816);
#2815 = CARTESIAN_POINT('',(-2.5,-45.85,31.));
#2816 = VECTOR('',#2817,1.);
#2817 = DIRECTION('',(1.,0.,-0.));
#2818 = PCURVE('',#1084,#2819);
#2819 = DEFINITIONAL_REPRESENTATION('',(#2820),#2823);
#2820 = B_SPLINE_CURVE_WITH_KNOTS('',1,(#2821,#2822),.UNSPECIFIED.,.F.,
  .F.,(2,2),(-8.5,-2.5),.PIECEWISE_BEZIER_KNOTS.);
#2821 = CARTESIAN_POINT('',(-11.,-45.85));
#2822 = CARTESIAN_POINT('',(-5.,-45.85));
#2823 = ( GEOMETRIC_REPRESENTATION_CONTEXT(2) 
PARAMETRIC_REPRESENTATION_CONTEXT() REPRESENTATION_CONTEXT('2D SPACE',''
  ) );
#2824 = PCURVE('',#2825,#2830);
#2825 = PLANE('',#2826);
#2826 = AXIS2_PLACEMENT_3D('',#2827,#2828,#2829);
#2827 = CARTESIAN_POINT('',(-5.,-45.85,13.));
#2828 = DIRECTION('',(0.,-1.,0.));
#2829 = DIRECTION('',(-1.,0.,0.));
#2830 = DEFINITIONAL_REPRESENTATION('',(#2831),#2834);
#2831 = B_SPLINE_CURVE_WITH_KNOTS('',1,(#2832,#2833),.UNSPECIFIED.,.F.,
  .F.,(2,2),(-8.5,-2.5),.PIECEWISE_BEZIER_KNOTS.);
#2832 = CARTESIAN_POINT('',(6.,-18.));
#2833 = CARTESIAN_POINT('',(0.,-18.));
#2834 = ( GEOMETRIC_REPRESENTATION_CONTEXT(2) 
PARAMETRIC_REPRESENTATION_CONTEXT() REPRESENTATION_CONTEXT('2D SPACE',''
  ) );
#2835 = ORIENTED_EDGE('',*,*,#2836,.T.);
#2836 = EDGE_CURVE('',#2811,#2837,#2839,.T.);
#2837 = VERTEX_POINT('',#2838);
#2838 = CARTESIAN_POINT('',(-11.25,-45.6,31.));
#2839 = SURFACE_CURVE('',#2840,(#2845,#2856),.PCURVE_S1.);
#2840 = CIRCLE('',#2841,0.25);
#2841 = AXIS2_PLACEMENT_3D('',#2842,#2843,#2844);
#2842 = CARTESIAN_POINT('',(-11.,-45.6,31.));
#2843 = DIRECTION('',(-0.,0.,-1.));
#2844 = DIRECTION('',(0.,1.,0.));
#2845 = PCURVE('',#1084,#2846);
#2846 = DEFINITIONAL_REPRESENTATION('',(#2847),#2855);
#2847 = ( BOUNDED_CURVE() B_SPLINE_CURVE(2,(#2848,#2849,#2850,#2851,
#2852,#2853,#2854),.UNSPECIFIED.,.T.,.F.) B_SPLINE_CURVE_WITH_KNOTS((1,2
    ,2,2,2,1),(-2.094395102393,0.,2.094395102393,4.188790204786,
6.28318530718,8.377580409573),.UNSPECIFIED.) CURVE() 
GEOMETRIC_REPRESENTATION_ITEM() RATIONAL_B_SPLINE_CURVE((1.,0.5,1.,0.5,
1.,0.5,1.)) REPRESENTATION_ITEM('') );
#2848 = CARTESIAN_POINT('',(-11.,-45.35));
#2849 = CARTESIAN_POINT('',(-10.5669872981,-45.35));
#2850 = CARTESIAN_POINT('',(-10.78349364905,-45.725));
#2851 = CARTESIAN_POINT('',(-11.,-46.1));
#2852 = CARTESIAN_POINT('',(-11.21650635094,-45.725));
#2853 = CARTESIAN_POINT('',(-11.43301270189,-45.35));
#2854 = CARTESIAN_POINT('',(-11.,-45.35));
#2855 = ( GEOMETRIC_REPRESENTATION_CONTEXT(2) 
PARAMETRIC_REPRESENTATION_CONTEXT() REPRESENTATION_CONTEXT('2D SPACE',''
  ) );
#2856 = PCURVE('',#2857,#2862);
#2857 = CYLINDRICAL_SURFACE('',#2858,0.25);
#2858 = AXIS2_PLACEMENT_3D('',#2859,#2860,#2861);
#2859 = CARTESIAN_POINT('',(-11.,-45.6,13.));
#2860 = DIRECTION('',(-0.,0.,-1.));
#2861 = DIRECTION('',(0.,1.,0.));
#2862 = DEFINITIONAL_REPRESENTATION('',(#2863),#2867);
#2863 = LINE('',#2864,#2865);
#2864 = CARTESIAN_POINT('',(-6.28318530718,-18.));
#2865 = VECTOR('',#2866,1.);
#2866 = DIRECTION('',(1.,-0.));
#2867 = ( GEOMETRIC_REPRESENTATION_CONTEXT(2) 
PARAMETRIC_REPRESENTATION_CONTEXT() REPRESENTATION_CONTEXT('2D SPACE',''
  ) );
#2868 = ORIENTED_EDGE('',*,*,#2869,.F.);
#2869 = EDGE_CURVE('',#2870,#2837,#2872,.T.);
#2870 = VERTEX_POINT('',#2871);
#2871 = CARTESIAN_POINT('',(-11.25,-45.,31.));
#2872 = SURFACE_CURVE('',#2873,(#2877,#2883),.PCURVE_S1.);
#2873 = LINE('',#2874,#2875);
#2874 = CARTESIAN_POINT('',(-11.25,-22.8,31.));
#2875 = VECTOR('',#2876,1.);
#2876 = DIRECTION('',(0.,-1.,0.));
#2877 = PCURVE('',#1084,#2878);
#2878 = DEFINITIONAL_REPRESENTATION('',(#2879),#2882);
#2879 = B_SPLINE_CURVE_WITH_KNOTS('',1,(#2880,#2881),.UNSPECIFIED.,.F.,
  .F.,(2,2),(22.2,22.8),.PIECEWISE_BEZIER_KNOTS.);
#2880 = CARTESIAN_POINT('',(-11.25,-45.));
#2881 = CARTESIAN_POINT('',(-11.25,-45.6));
#2882 = ( GEOMETRIC_REPRESENTATION_CONTEXT(2) 
PARAMETRIC_REPRESENTATION_CONTEXT() REPRESENTATION_CONTEXT('2D SPACE',''
  ) );
#2883 = PCURVE('',#2884,#2889);
#2884 = PLANE('',#2885);
#2885 = AXIS2_PLACEMENT_3D('',#2886,#2887,#2888);
#2886 = CARTESIAN_POINT('',(-11.25,-45.6,13.));
#2887 = DIRECTION('',(-1.,0.,0.));
#2888 = DIRECTION('',(0.,1.,0.));
#2889 = DEFINITIONAL_REPRESENTATION('',(#2890),#2893);
#2890 = B_SPLINE_CURVE_WITH_KNOTS('',1,(#2891,#2892),.UNSPECIFIED.,.F.,
  .F.,(2,2),(22.2,22.8),.PIECEWISE_BEZIER_KNOTS.);
#2891 = CARTESIAN_POINT('',(0.6,-18.));
#2892 = CARTESIAN_POINT('',(0.,-18.));
#2893 = ( GEOMETRIC_REPRESENTATION_CONTEXT(2) 
PARAMETRIC_REPRESENTATION_CONTEXT() REPRESENTATION_CONTEXT('2D SPACE',''
  ) );
#2894 = ORIENTED_EDGE('',*,*,#2895,.T.);
#2895 = EDGE_CURVE('',#2870,#2896,#2898,.T.);
#2896 = VERTEX_POINT('',#2897);
#2897 = CARTESIAN_POINT('',(-11.23211917272,-44.90715233091,31.));
#2898 = SURFACE_CURVE('',#2899,(#2904,#2915),.PCURVE_S1.);
#2899 = CIRCLE('',#2900,0.25);
#2900 = AXIS2_PLACEMENT_3D('',#2901,#2902,#2903);
#2901 = CARTESIAN_POINT('',(-11.,-45.,31.));
#2902 = DIRECTION('',(0.,-0.,-1.));
#2903 = DIRECTION('',(0.371390676354,0.928476690885,-0.));
#2904 = PCURVE('',#1084,#2905);
#2905 = DEFINITIONAL_REPRESENTATION('',(#2906),#2914);
#2906 = ( BOUNDED_CURVE() B_SPLINE_CURVE(2,(#2907,#2908,#2909,#2910,
#2911,#2912,#2913),.UNSPECIFIED.,.T.,.F.) B_SPLINE_CURVE_WITH_KNOTS((1,2
    ,2,2,2,1),(-2.094395102393,0.,2.094395102393,4.188790204786,
6.28318530718,8.377580409573),.UNSPECIFIED.) CURVE() 
GEOMETRIC_REPRESENTATION_ITEM() RATIONAL_B_SPLINE_CURVE((1.,0.5,1.,0.5,
1.,0.5,1.)) REPRESENTATION_ITEM('') );
#2907 = CARTESIAN_POINT('',(-10.90715233091,-44.76788082727));
#2908 = CARTESIAN_POINT('',(-10.50511013034,-44.9286977075));
#2909 = CARTESIAN_POINT('',(-10.84540273426,-45.19646802647));
#2910 = CARTESIAN_POINT('',(-11.18569533817,-45.46423834544));
#2911 = CARTESIAN_POINT('',(-11.24744493482,-45.03565114624));
#2912 = CARTESIAN_POINT('',(-11.30919453147,-44.60706394705));
#2913 = CARTESIAN_POINT('',(-10.90715233091,-44.76788082727));
#2914 = ( GEOMETRIC_REPRESENTATION_CONTEXT(2) 
PARAMETRIC_REPRESENTATION_CONTEXT() REPRESENTATION_CONTEXT('2D SPACE',''
  ) );
#2915 = PCURVE('',#2916,#2921);
#2916 = CYLINDRICAL_SURFACE('',#2917,0.25);
#2917 = AXIS2_PLACEMENT_3D('',#2918,#2919,#2920);
#2918 = CARTESIAN_POINT('',(-11.,-45.,13.));
#2919 = DIRECTION('',(-0.,-0.,-1.));
#2920 = DIRECTION('',(0.371390676354,0.928476690885,-0.));
#2921 = DEFINITIONAL_REPRESENTATION('',(#2922),#2926);
#2922 = LINE('',#2923,#2924);
#2923 = CARTESIAN_POINT('',(-6.28318530718,-18.));
#2924 = VECTOR('',#2925,1.);
#2925 = DIRECTION('',(1.,-0.));
#2926 = ( GEOMETRIC_REPRESENTATION_CONTEXT(2) 
PARAMETRIC_REPRESENTATION_CONTEXT() REPRESENTATION_CONTEXT('2D SPACE',''
  ) );
#2927 = ORIENTED_EDGE('',*,*,#2928,.F.);
#2928 = EDGE_CURVE('',#2929,#2896,#2931,.T.);
#2929 = VERTEX_POINT('',#2930);
#2930 = CARTESIAN_POINT('',(-10.25,-42.4518543991,31.));
#2931 = SURFACE_CURVE('',#2932,(#2936,#2942),.PCURVE_S1.);
#2932 = LINE('',#2933,#2934);
#2933 = CARTESIAN_POINT('',(-2.714877793411,-23.61404888263,31.));
#2934 = VECTOR('',#2935,1.);
#2935 = DIRECTION('',(-0.371390676354,-0.928476690885,0.));
#2936 = PCURVE('',#1084,#2937);
#2937 = DEFINITIONAL_REPRESENTATION('',(#2938),#2941);
#2938 = B_SPLINE_CURVE_WITH_KNOTS('',1,(#2939,#2940),.UNSPECIFIED.,.F.,
  .F.,(2,2),(20.28893746219,22.933374264866),.PIECEWISE_BEZIER_KNOTS.);
#2939 = CARTESIAN_POINT('',(-10.25,-42.4518543991));
#2940 = CARTESIAN_POINT('',(-11.23211917272,-44.90715233091));
#2941 = ( GEOMETRIC_REPRESENTATION_CONTEXT(2) 
PARAMETRIC_REPRESENTATION_CONTEXT() REPRESENTATION_CONTEXT('2D SPACE',''
  ) );
#2942 = PCURVE('',#2943,#2948);
#2943 = PLANE('',#2944);
#2944 = AXIS2_PLACEMENT_3D('',#2945,#2946,#2947);
#2945 = CARTESIAN_POINT('',(-11.23211917272,-44.90715233091,13.));
#2946 = DIRECTION('',(-0.928476690885,0.371390676354,0.));
#2947 = DIRECTION('',(0.371390676354,0.928476690885,-0.));
#2948 = DEFINITIONAL_REPRESENTATION('',(#2949),#2952);
#2949 = B_SPLINE_CURVE_WITH_KNOTS('',1,(#2950,#2951),.UNSPECIFIED.,.F.,
  .F.,(2,2),(20.28893746219,22.933374264866),.PIECEWISE_BEZIER_KNOTS.);
#2950 = CARTESIAN_POINT('',(2.644436802675,-18.));
#2951 = CARTESIAN_POINT('',(0.,-18.));
#2952 = ( GEOMETRIC_REPRESENTATION_CONTEXT(2) 
PARAMETRIC_REPRESENTATION_CONTEXT() REPRESENTATION_CONTEXT('2D SPACE',''
  ) );
#2953 = ORIENTED_EDGE('',*,*,#2954,.F.);
#2954 = EDGE_CURVE('',#1955,#2929,#2955,.T.);
#2955 = SURFACE_CURVE('',#2956,(#2960,#2966),.PCURVE_S1.);
#2956 = LINE('',#2957,#2958);
#2957 = CARTESIAN_POINT('',(-10.25,-21.22592719955,31.));
#2958 = VECTOR('',#2959,1.);
#2959 = DIRECTION('',(0.,-1.,0.));
#2960 = PCURVE('',#1084,#2961);
#2961 = DEFINITIONAL_REPRESENTATION('',(#2962),#2965);
#2962 = B_SPLINE_CURVE_WITH_KNOTS('',1,(#2963,#2964),.UNSPECIFIED.,.F.,
  .F.,(2,2),(19.974072800446,21.225927199554),.PIECEWISE_BEZIER_KNOTS.);
#2963 = CARTESIAN_POINT('',(-10.25,-41.2));
#2964 = CARTESIAN_POINT('',(-10.25,-42.4518543991));
#2965 = ( GEOMETRIC_REPRESENTATION_CONTEXT(2) 
PARAMETRIC_REPRESENTATION_CONTEXT() REPRESENTATION_CONTEXT('2D SPACE',''
  ) );
#2966 = PCURVE('',#1997,#2967);
#2967 = DEFINITIONAL_REPRESENTATION('',(#2968),#2971);
#2968 = B_SPLINE_CURVE_WITH_KNOTS('',1,(#2969,#2970),.UNSPECIFIED.,.F.,
  .F.,(2,2),(19.974072800446,21.225927199554),.PIECEWISE_BEZIER_KNOTS.);
#2969 = CARTESIAN_POINT('',(1.251854399108,-18.));
#2970 = CARTESIAN_POINT('',(0.,-18.));
#2971 = ( GEOMETRIC_REPRESENTATION_CONTEXT(2) 
PARAMETRIC_REPRESENTATION_CONTEXT() REPRESENTATION_CONTEXT('2D SPACE',''
  ) );
#2972 = ORIENTED_EDGE('',*,*,#1954,.T.);
#2973 = ORIENTED_EDGE('',*,*,#2974,.T.);
#2974 = EDGE_CURVE('',#1934,#1394,#2975,.T.);
#2975 = SURFACE_CURVE('',#2976,(#2981,#2992),.PCURVE_S1.);
#2976 = CIRCLE('',#2977,4.2);
#2977 = AXIS2_PLACEMENT_3D('',#2978,#2979,#2980);
#2978 = CARTESIAN_POINT('',(-13.68080573302,-37.58770483143,31.));
#2979 = DIRECTION('',(0.,0.,-1.));
#2980 = DIRECTION('',(1.,0.,0.));
#2981 = PCURVE('',#1084,#2982);
#2982 = DEFINITIONAL_REPRESENTATION('',(#2983),#2991);
#2983 = ( BOUNDED_CURVE() B_SPLINE_CURVE(2,(#2984,#2985,#2986,#2987,
#2988,#2989,#2990),.UNSPECIFIED.,.T.,.F.) B_SPLINE_CURVE_WITH_KNOTS((1,2
    ,2,2,2,1),(-2.094395102393,0.,2.094395102393,4.188790204786,
6.28318530718,8.377580409573),.UNSPECIFIED.) CURVE() 
GEOMETRIC_REPRESENTATION_ITEM() RATIONAL_B_SPLINE_CURVE((1.,0.5,1.,0.5,
1.,0.5,1.)) REPRESENTATION_ITEM('') );
#2984 = CARTESIAN_POINT('',(-9.480805733027,-37.58770483143));
#2985 = CARTESIAN_POINT('',(-9.480805733027,-44.86231822322));
#2986 = CARTESIAN_POINT('',(-15.78080573302,-41.22501152733));
#2987 = CARTESIAN_POINT('',(-22.08080573302,-37.58770483143));
#2988 = CARTESIAN_POINT('',(-15.78080573302,-33.95039813554));
#2989 = CARTESIAN_POINT('',(-9.480805733027,-30.31309143964));
#2990 = CARTESIAN_POINT('',(-9.480805733027,-37.58770483143));
#2991 = ( GEOMETRIC_REPRESENTATION_CONTEXT(2) 
PARAMETRIC_REPRESENTATION_CONTEXT() REPRESENTATION_CONTEXT('2D SPACE',''
  ) );
#2992 = PCURVE('',#1408,#2993);
#2993 = DEFINITIONAL_REPRESENTATION('',(#2994),#2998);
#2994 = LINE('',#2995,#2996);
#2995 = CARTESIAN_POINT('',(-6.28318530718,-61.));
#2996 = VECTOR('',#2997,1.);
#2997 = DIRECTION('',(1.,-0.));
#2998 = ( GEOMETRIC_REPRESENTATION_CONTEXT(2) 
PARAMETRIC_REPRESENTATION_CONTEXT() REPRESENTATION_CONTEXT('2D SPACE',''
  ) );
#2999 = ADVANCED_FACE('',(#3000),#1408,.F.);
#3000 = FACE_BOUND('',#3001,.T.);
#3001 = EDGE_LOOP('',(#3002,#3003,#3004,#3005));
#3002 = ORIENTED_EDGE('',*,*,#2974,.F.);
#3003 = ORIENTED_EDGE('',*,*,#1933,.T.);
#3004 = ORIENTED_EDGE('',*,*,#1500,.T.);
#3005 = ORIENTED_EDGE('',*,*,#1393,.F.);
#3006 = ADVANCED_FACE('',(#3007),#1864,.F.);
#3007 = FACE_BOUND('',#3008,.F.);
#3008 = EDGE_LOOP('',(#3009,#3032,#3053,#3054));
#3009 = ORIENTED_EDGE('',*,*,#3010,.F.);
#3010 = EDGE_CURVE('',#3011,#2094,#3013,.T.);
#3011 = VERTEX_POINT('',#3012);
#3012 = CARTESIAN_POINT('',(4.767880827279,-44.90715233091,13.));
#3013 = SURFACE_CURVE('',#3014,(#3018,#3025),.PCURVE_S1.);
#3014 = LINE('',#3015,#3016);
#3015 = CARTESIAN_POINT('',(4.767880827279,-44.90715233091,13.));
#3016 = VECTOR('',#3017,1.);
#3017 = DIRECTION('',(0.371390676354,0.928476690885,-0.));
#3018 = PCURVE('',#1864,#3019);
#3019 = DEFINITIONAL_REPRESENTATION('',(#3020),#3024);
#3020 = LINE('',#3021,#3022);
#3021 = CARTESIAN_POINT('',(0.,0.));
#3022 = VECTOR('',#3023,1.);
#3023 = DIRECTION('',(1.,0.));
#3024 = ( GEOMETRIC_REPRESENTATION_CONTEXT(2) 
PARAMETRIC_REPRESENTATION_CONTEXT() REPRESENTATION_CONTEXT('2D SPACE',''
  ) );
#3025 = PCURVE('',#2131,#3026);
#3026 = DEFINITIONAL_REPRESENTATION('',(#3027),#3031);
#3027 = LINE('',#3028,#3029);
#3028 = CARTESIAN_POINT('',(3.232119172721,-1.270781795235));
#3029 = VECTOR('',#3030,1.);
#3030 = DIRECTION('',(-0.371390676354,0.928476690885));
#3031 = ( GEOMETRIC_REPRESENTATION_CONTEXT(2) 
PARAMETRIC_REPRESENTATION_CONTEXT() REPRESENTATION_CONTEXT('2D SPACE',''
  ) );
#3032 = ORIENTED_EDGE('',*,*,#3033,.T.);
#3033 = EDGE_CURVE('',#3011,#1817,#3034,.T.);
#3034 = SURFACE_CURVE('',#3035,(#3039,#3046),.PCURVE_S1.);
#3035 = LINE('',#3036,#3037);
#3036 = CARTESIAN_POINT('',(4.767880827279,-44.90715233091,13.));
#3037 = VECTOR('',#3038,1.);
#3038 = DIRECTION('',(0.,0.,1.));
#3039 = PCURVE('',#1864,#3040);
#3040 = DEFINITIONAL_REPRESENTATION('',(#3041),#3045);
#3041 = LINE('',#3042,#3043);
#3042 = CARTESIAN_POINT('',(0.,0.));
#3043 = VECTOR('',#3044,1.);
#3044 = DIRECTION('',(0.,-1.));
#3045 = ( GEOMETRIC_REPRESENTATION_CONTEXT(2) 
PARAMETRIC_REPRESENTATION_CONTEXT() REPRESENTATION_CONTEXT('2D SPACE',''
  ) );
#3046 = PCURVE('',#1837,#3047);
#3047 = DEFINITIONAL_REPRESENTATION('',(#3048),#3052);
#3048 = LINE('',#3049,#3050);
#3049 = CARTESIAN_POINT('',(-1.570796326795,0.));
#3050 = VECTOR('',#3051,1.);
#3051 = DIRECTION('',(-0.,-1.));
#3052 = ( GEOMETRIC_REPRESENTATION_CONTEXT(2) 
PARAMETRIC_REPRESENTATION_CONTEXT() REPRESENTATION_CONTEXT('2D SPACE',''
  ) );
#3053 = ORIENTED_EDGE('',*,*,#1849,.F.);
#3054 = ORIENTED_EDGE('',*,*,#2093,.T.);
#3055 = ADVANCED_FACE('',(#3056),#1837,.F.);
#3056 = FACE_BOUND('',#3057,.T.);
#3057 = EDGE_LOOP('',(#3058,#3086,#3087,#3088));
#3058 = ORIENTED_EDGE('',*,*,#3059,.F.);
#3059 = EDGE_CURVE('',#3011,#3060,#3062,.T.);
#3060 = VERTEX_POINT('',#3061);
#3061 = CARTESIAN_POINT('',(4.75,-45.,13.));
#3062 = SURFACE_CURVE('',#3063,(#3068,#3075),.PCURVE_S1.);
#3063 = CIRCLE('',#3064,0.25);
#3064 = AXIS2_PLACEMENT_3D('',#3065,#3066,#3067);
#3065 = CARTESIAN_POINT('',(5.,-45.,13.));
#3066 = DIRECTION('',(0.,0.,1.));
#3067 = DIRECTION('',(0.371390676354,0.928476690885,-0.));
#3068 = PCURVE('',#1837,#3069);
#3069 = DEFINITIONAL_REPRESENTATION('',(#3070),#3074);
#3070 = LINE('',#3071,#3072);
#3071 = CARTESIAN_POINT('',(-0.,0.));
#3072 = VECTOR('',#3073,1.);
#3073 = DIRECTION('',(-1.,0.));
#3074 = ( GEOMETRIC_REPRESENTATION_CONTEXT(2) 
PARAMETRIC_REPRESENTATION_CONTEXT() REPRESENTATION_CONTEXT('2D SPACE',''
  ) );
#3075 = PCURVE('',#2131,#3076);
#3076 = DEFINITIONAL_REPRESENTATION('',(#3077),#3085);
#3077 = ( BOUNDED_CURVE() B_SPLINE_CURVE(2,(#3078,#3079,#3080,#3081,
#3082,#3083,#3084),.UNSPECIFIED.,.T.,.F.) B_SPLINE_CURVE_WITH_KNOTS((1,2
    ,2,2,2,1),(-2.094395102393,0.,2.094395102393,4.188790204786,
6.28318530718,8.377580409573),.UNSPECIFIED.) CURVE() 
GEOMETRIC_REPRESENTATION_ITEM() RATIONAL_B_SPLINE_CURVE((1.,0.5,1.,0.5,
1.,0.5,1.)) REPRESENTATION_ITEM('') );
#3078 = CARTESIAN_POINT('',(2.907152330911,-1.131510291603));
#3079 = CARTESIAN_POINT('',(3.309194531476,-0.970693411377));
#3080 = CARTESIAN_POINT('',(3.247444934826,-1.399280610572));
#3081 = CARTESIAN_POINT('',(3.185695338177,-1.827867809766));
#3082 = CARTESIAN_POINT('',(2.845402734262,-1.560097490797));
#3083 = CARTESIAN_POINT('',(2.505110130347,-1.292327171828));
#3084 = CARTESIAN_POINT('',(2.907152330911,-1.131510291603));
#3085 = ( GEOMETRIC_REPRESENTATION_CONTEXT(2) 
PARAMETRIC_REPRESENTATION_CONTEXT() REPRESENTATION_CONTEXT('2D SPACE',''
  ) );
#3086 = ORIENTED_EDGE('',*,*,#3033,.T.);
#3087 = ORIENTED_EDGE('',*,*,#1816,.F.);
#3088 = ORIENTED_EDGE('',*,*,#3089,.F.);
#3089 = EDGE_CURVE('',#3060,#1791,#3090,.T.);
#3090 = SURFACE_CURVE('',#3091,(#3095,#3102),.PCURVE_S1.);
#3091 = LINE('',#3092,#3093);
#3092 = CARTESIAN_POINT('',(4.75,-45.,13.));
#3093 = VECTOR('',#3094,1.);
#3094 = DIRECTION('',(0.,0.,1.));
#3095 = PCURVE('',#1837,#3096);
#3096 = DEFINITIONAL_REPRESENTATION('',(#3097),#3101);
#3097 = LINE('',#3098,#3099);
#3098 = CARTESIAN_POINT('',(-1.951302703907,0.));
#3099 = VECTOR('',#3100,1.);
#3100 = DIRECTION('',(-0.,-1.));
#3101 = ( GEOMETRIC_REPRESENTATION_CONTEXT(2) 
PARAMETRIC_REPRESENTATION_CONTEXT() REPRESENTATION_CONTEXT('2D SPACE',''
  ) );
#3102 = PCURVE('',#1805,#3103);
#3103 = DEFINITIONAL_REPRESENTATION('',(#3104),#3108);
#3104 = LINE('',#3105,#3106);
#3105 = CARTESIAN_POINT('',(0.6,0.));
#3106 = VECTOR('',#3107,1.);
#3107 = DIRECTION('',(0.,-1.));
#3108 = ( GEOMETRIC_REPRESENTATION_CONTEXT(2) 
PARAMETRIC_REPRESENTATION_CONTEXT() REPRESENTATION_CONTEXT('2D SPACE',''
  ) );
#3109 = ADVANCED_FACE('',(#3110),#1805,.F.);
#3110 = FACE_BOUND('',#3111,.F.);
#3111 = EDGE_LOOP('',(#3112,#3135,#3156,#3157));
#3112 = ORIENTED_EDGE('',*,*,#3113,.F.);
#3113 = EDGE_CURVE('',#3114,#3060,#3116,.T.);
#3114 = VERTEX_POINT('',#3115);
#3115 = CARTESIAN_POINT('',(4.75,-45.6,13.));
#3116 = SURFACE_CURVE('',#3117,(#3121,#3128),.PCURVE_S1.);
#3117 = LINE('',#3118,#3119);
#3118 = CARTESIAN_POINT('',(4.75,-45.6,13.));
#3119 = VECTOR('',#3120,1.);
#3120 = DIRECTION('',(0.,1.,0.));
#3121 = PCURVE('',#1805,#3122);
#3122 = DEFINITIONAL_REPRESENTATION('',(#3123),#3127);
#3123 = LINE('',#3124,#3125);
#3124 = CARTESIAN_POINT('',(0.,0.));
#3125 = VECTOR('',#3126,1.);
#3126 = DIRECTION('',(1.,0.));
#3127 = ( GEOMETRIC_REPRESENTATION_CONTEXT(2) 
PARAMETRIC_REPRESENTATION_CONTEXT() REPRESENTATION_CONTEXT('2D SPACE',''
  ) );
#3128 = PCURVE('',#2131,#3129);
#3129 = DEFINITIONAL_REPRESENTATION('',(#3130),#3134);
#3130 = LINE('',#3131,#3132);
#3131 = CARTESIAN_POINT('',(3.25,-1.963629464324));
#3132 = VECTOR('',#3133,1.);
#3133 = DIRECTION('',(0.,1.));
#3134 = ( GEOMETRIC_REPRESENTATION_CONTEXT(2) 
PARAMETRIC_REPRESENTATION_CONTEXT() REPRESENTATION_CONTEXT('2D SPACE',''
  ) );
#3135 = ORIENTED_EDGE('',*,*,#3136,.T.);
#3136 = EDGE_CURVE('',#3114,#1758,#3137,.T.);
#3137 = SURFACE_CURVE('',#3138,(#3142,#3149),.PCURVE_S1.);
#3138 = LINE('',#3139,#3140);
#3139 = CARTESIAN_POINT('',(4.75,-45.6,13.));
#3140 = VECTOR('',#3141,1.);
#3141 = DIRECTION('',(0.,0.,1.));
#3142 = PCURVE('',#1805,#3143);
#3143 = DEFINITIONAL_REPRESENTATION('',(#3144),#3148);
#3144 = LINE('',#3145,#3146);
#3145 = CARTESIAN_POINT('',(0.,0.));
#3146 = VECTOR('',#3147,1.);
#3147 = DIRECTION('',(0.,-1.));
#3148 = ( GEOMETRIC_REPRESENTATION_CONTEXT(2) 
PARAMETRIC_REPRESENTATION_CONTEXT() REPRESENTATION_CONTEXT('2D SPACE',''
  ) );
#3149 = PCURVE('',#1778,#3150);
#3150 = DEFINITIONAL_REPRESENTATION('',(#3151),#3155);
#3151 = LINE('',#3152,#3153);
#3152 = CARTESIAN_POINT('',(-1.570796326795,0.));
#3153 = VECTOR('',#3154,1.);
#3154 = DIRECTION('',(-0.,-1.));
#3155 = ( GEOMETRIC_REPRESENTATION_CONTEXT(2) 
PARAMETRIC_REPRESENTATION_CONTEXT() REPRESENTATION_CONTEXT('2D SPACE',''
  ) );
#3156 = ORIENTED_EDGE('',*,*,#1790,.F.);
#3157 = ORIENTED_EDGE('',*,*,#3089,.F.);
#3158 = ADVANCED_FACE('',(#3159),#1778,.F.);
#3159 = FACE_BOUND('',#3160,.T.);
#3160 = EDGE_LOOP('',(#3161,#3189,#3190,#3191));
#3161 = ORIENTED_EDGE('',*,*,#3162,.F.);
#3162 = EDGE_CURVE('',#3114,#3163,#3165,.T.);
#3163 = VERTEX_POINT('',#3164);
#3164 = CARTESIAN_POINT('',(5.,-45.85,13.));
#3165 = SURFACE_CURVE('',#3166,(#3171,#3178),.PCURVE_S1.);
#3166 = CIRCLE('',#3167,0.25);
#3167 = AXIS2_PLACEMENT_3D('',#3168,#3169,#3170);
#3168 = CARTESIAN_POINT('',(5.,-45.6,13.));
#3169 = DIRECTION('',(0.,-0.,1.));
#3170 = DIRECTION('',(0.,1.,0.));
#3171 = PCURVE('',#1778,#3172);
#3172 = DEFINITIONAL_REPRESENTATION('',(#3173),#3177);
#3173 = LINE('',#3174,#3175);
#3174 = CARTESIAN_POINT('',(-0.,0.));
#3175 = VECTOR('',#3176,1.);
#3176 = DIRECTION('',(-1.,0.));
#3177 = ( GEOMETRIC_REPRESENTATION_CONTEXT(2) 
PARAMETRIC_REPRESENTATION_CONTEXT() REPRESENTATION_CONTEXT('2D SPACE',''
  ) );
#3178 = PCURVE('',#2131,#3179);
#3179 = DEFINITIONAL_REPRESENTATION('',(#3180),#3188);
#3180 = ( BOUNDED_CURVE() B_SPLINE_CURVE(2,(#3181,#3182,#3183,#3184,
#3185,#3186,#3187),.UNSPECIFIED.,.T.,.F.) B_SPLINE_CURVE_WITH_KNOTS((1,2
    ,2,2,2,1),(-2.094395102393,0.,2.094395102393,4.188790204786,
6.28318530718,8.377580409573),.UNSPECIFIED.) CURVE() 
GEOMETRIC_REPRESENTATION_ITEM() RATIONAL_B_SPLINE_CURVE((1.,0.5,1.,0.5,
1.,0.5,1.)) REPRESENTATION_ITEM('') );
#3181 = CARTESIAN_POINT('',(3.,-1.713629464324));
#3182 = CARTESIAN_POINT('',(3.433012701892,-1.713629464324));
#3183 = CARTESIAN_POINT('',(3.216506350946,-2.088629464324));
#3184 = CARTESIAN_POINT('',(3.,-2.463629464324));
#3185 = CARTESIAN_POINT('',(2.783493649054,-2.088629464324));
#3186 = CARTESIAN_POINT('',(2.566987298108,-1.713629464324));
#3187 = CARTESIAN_POINT('',(3.,-1.713629464324));
#3188 = ( GEOMETRIC_REPRESENTATION_CONTEXT(2) 
PARAMETRIC_REPRESENTATION_CONTEXT() REPRESENTATION_CONTEXT('2D SPACE',''
  ) );
#3189 = ORIENTED_EDGE('',*,*,#3136,.T.);
#3190 = ORIENTED_EDGE('',*,*,#1757,.F.);
#3191 = ORIENTED_EDGE('',*,*,#3192,.F.);
#3192 = EDGE_CURVE('',#3163,#1732,#3193,.T.);
#3193 = SURFACE_CURVE('',#3194,(#3198,#3205),.PCURVE_S1.);
#3194 = LINE('',#3195,#3196);
#3195 = CARTESIAN_POINT('',(5.,-45.85,13.));
#3196 = VECTOR('',#3197,1.);
#3197 = DIRECTION('',(0.,0.,1.));
#3198 = PCURVE('',#1778,#3199);
#3199 = DEFINITIONAL_REPRESENTATION('',(#3200),#3204);
#3200 = LINE('',#3201,#3202);
#3201 = CARTESIAN_POINT('',(-3.14159265359,0.));
#3202 = VECTOR('',#3203,1.);
#3203 = DIRECTION('',(-0.,-1.));
#3204 = ( GEOMETRIC_REPRESENTATION_CONTEXT(2) 
PARAMETRIC_REPRESENTATION_CONTEXT() REPRESENTATION_CONTEXT('2D SPACE',''
  ) );
#3205 = PCURVE('',#1746,#3206);
#3206 = DEFINITIONAL_REPRESENTATION('',(#3207),#3211);
#3207 = LINE('',#3208,#3209);
#3208 = CARTESIAN_POINT('',(6.,0.));
#3209 = VECTOR('',#3210,1.);
#3210 = DIRECTION('',(0.,-1.));
#3211 = ( GEOMETRIC_REPRESENTATION_CONTEXT(2) 
PARAMETRIC_REPRESENTATION_CONTEXT() REPRESENTATION_CONTEXT('2D SPACE',''
  ) );
#3212 = ADVANCED_FACE('',(#3213),#1746,.F.);
#3213 = FACE_BOUND('',#3214,.F.);
#3214 = EDGE_LOOP('',(#3215,#3238,#3259,#3260));
#3215 = ORIENTED_EDGE('',*,*,#3216,.F.);
#3216 = EDGE_CURVE('',#3217,#3163,#3219,.T.);
#3217 = VERTEX_POINT('',#3218);
#3218 = CARTESIAN_POINT('',(11.,-45.85,13.));
#3219 = SURFACE_CURVE('',#3220,(#3224,#3231),.PCURVE_S1.);
#3220 = LINE('',#3221,#3222);
#3221 = CARTESIAN_POINT('',(11.,-45.85,13.));
#3222 = VECTOR('',#3223,1.);
#3223 = DIRECTION('',(-1.,0.,0.));
#3224 = PCURVE('',#1746,#3225);
#3225 = DEFINITIONAL_REPRESENTATION('',(#3226),#3230);
#3226 = LINE('',#3227,#3228);
#3227 = CARTESIAN_POINT('',(0.,-0.));
#3228 = VECTOR('',#3229,1.);
#3229 = DIRECTION('',(1.,0.));
#3230 = ( GEOMETRIC_REPRESENTATION_CONTEXT(2) 
PARAMETRIC_REPRESENTATION_CONTEXT() REPRESENTATION_CONTEXT('2D SPACE',''
  ) );
#3231 = PCURVE('',#2131,#3232);
#3232 = DEFINITIONAL_REPRESENTATION('',(#3233),#3237);
#3233 = LINE('',#3234,#3235);
#3234 = CARTESIAN_POINT('',(-3.,-2.213629464324));
#3235 = VECTOR('',#3236,1.);
#3236 = DIRECTION('',(1.,0.));
#3237 = ( GEOMETRIC_REPRESENTATION_CONTEXT(2) 
PARAMETRIC_REPRESENTATION_CONTEXT() REPRESENTATION_CONTEXT('2D SPACE',''
  ) );
#3238 = ORIENTED_EDGE('',*,*,#3239,.T.);
#3239 = EDGE_CURVE('',#3217,#1699,#3240,.T.);
#3240 = SURFACE_CURVE('',#3241,(#3245,#3252),.PCURVE_S1.);
#3241 = LINE('',#3242,#3243);
#3242 = CARTESIAN_POINT('',(11.,-45.85,13.));
#3243 = VECTOR('',#3244,1.);
#3244 = DIRECTION('',(0.,0.,1.));
#3245 = PCURVE('',#1746,#3246);
#3246 = DEFINITIONAL_REPRESENTATION('',(#3247),#3251);
#3247 = LINE('',#3248,#3249);
#3248 = CARTESIAN_POINT('',(0.,-0.));
#3249 = VECTOR('',#3250,1.);
#3250 = DIRECTION('',(0.,-1.));
#3251 = ( GEOMETRIC_REPRESENTATION_CONTEXT(2) 
PARAMETRIC_REPRESENTATION_CONTEXT() REPRESENTATION_CONTEXT('2D SPACE',''
  ) );
#3252 = PCURVE('',#1719,#3253);
#3253 = DEFINITIONAL_REPRESENTATION('',(#3254),#3258);
#3254 = LINE('',#3255,#3256);
#3255 = CARTESIAN_POINT('',(-1.570796326795,0.));
#3256 = VECTOR('',#3257,1.);
#3257 = DIRECTION('',(-0.,-1.));
#3258 = ( GEOMETRIC_REPRESENTATION_CONTEXT(2) 
PARAMETRIC_REPRESENTATION_CONTEXT() REPRESENTATION_CONTEXT('2D SPACE',''
  ) );
#3259 = ORIENTED_EDGE('',*,*,#1731,.F.);
#3260 = ORIENTED_EDGE('',*,*,#3192,.F.);
#3261 = ADVANCED_FACE('',(#3262),#1719,.F.);
#3262 = FACE_BOUND('',#3263,.T.);
#3263 = EDGE_LOOP('',(#3264,#3292,#3293,#3294));
#3264 = ORIENTED_EDGE('',*,*,#3265,.F.);
#3265 = EDGE_CURVE('',#3217,#3266,#3268,.T.);
#3266 = VERTEX_POINT('',#3267);
#3267 = CARTESIAN_POINT('',(11.25,-45.6,13.));
#3268 = SURFACE_CURVE('',#3269,(#3274,#3281),.PCURVE_S1.);
#3269 = CIRCLE('',#3270,0.25);
#3270 = AXIS2_PLACEMENT_3D('',#3271,#3272,#3273);
#3271 = CARTESIAN_POINT('',(11.,-45.6,13.));
#3272 = DIRECTION('',(0.,0.,1.));
#3273 = DIRECTION('',(-1.,0.,0.));
#3274 = PCURVE('',#1719,#3275);
#3275 = DEFINITIONAL_REPRESENTATION('',(#3276),#3280);
#3276 = LINE('',#3277,#3278);
#3277 = CARTESIAN_POINT('',(-0.,0.));
#3278 = VECTOR('',#3279,1.);
#3279 = DIRECTION('',(-1.,0.));
#3280 = ( GEOMETRIC_REPRESENTATION_CONTEXT(2) 
PARAMETRIC_REPRESENTATION_CONTEXT() REPRESENTATION_CONTEXT('2D SPACE',''
  ) );
#3281 = PCURVE('',#2131,#3282);
#3282 = DEFINITIONAL_REPRESENTATION('',(#3283),#3291);
#3283 = ( BOUNDED_CURVE() B_SPLINE_CURVE(2,(#3284,#3285,#3286,#3287,
#3288,#3289,#3290),.UNSPECIFIED.,.T.,.F.) B_SPLINE_CURVE_WITH_KNOTS((1,2
    ,2,2,2,1),(-2.094395102393,0.,2.094395102393,4.188790204786,
6.28318530718,8.377580409573),.UNSPECIFIED.) CURVE() 
GEOMETRIC_REPRESENTATION_ITEM() RATIONAL_B_SPLINE_CURVE((1.,0.5,1.,0.5,
1.,0.5,1.)) REPRESENTATION_ITEM('') );
#3284 = CARTESIAN_POINT('',(-2.75,-1.963629464324));
#3285 = CARTESIAN_POINT('',(-2.75,-2.396642166216));
#3286 = CARTESIAN_POINT('',(-3.125,-2.18013581527));
#3287 = CARTESIAN_POINT('',(-3.5,-1.963629464324));
#3288 = CARTESIAN_POINT('',(-3.125,-1.747123113378));
#3289 = CARTESIAN_POINT('',(-2.75,-1.530616762432));
#3290 = CARTESIAN_POINT('',(-2.75,-1.963629464324));
#3291 = ( GEOMETRIC_REPRESENTATION_CONTEXT(2) 
PARAMETRIC_REPRESENTATION_CONTEXT() REPRESENTATION_CONTEXT('2D SPACE',''
  ) );
#3292 = ORIENTED_EDGE('',*,*,#3239,.T.);
#3293 = ORIENTED_EDGE('',*,*,#1698,.F.);
#3294 = ORIENTED_EDGE('',*,*,#3295,.F.);
#3295 = EDGE_CURVE('',#3266,#1673,#3296,.T.);
#3296 = SURFACE_CURVE('',#3297,(#3301,#3308),.PCURVE_S1.);
#3297 = LINE('',#3298,#3299);
#3298 = CARTESIAN_POINT('',(11.25,-45.6,13.));
#3299 = VECTOR('',#3300,1.);
#3300 = DIRECTION('',(0.,0.,1.));
#3301 = PCURVE('',#1719,#3302);
#3302 = DEFINITIONAL_REPRESENTATION('',(#3303),#3307);
#3303 = LINE('',#3304,#3305);
#3304 = CARTESIAN_POINT('',(-3.14159265359,0.));
#3305 = VECTOR('',#3306,1.);
#3306 = DIRECTION('',(-0.,-1.));
#3307 = ( GEOMETRIC_REPRESENTATION_CONTEXT(2) 
PARAMETRIC_REPRESENTATION_CONTEXT() REPRESENTATION_CONTEXT('2D SPACE',''
  ) );
#3308 = PCURVE('',#1687,#3309);
#3309 = DEFINITIONAL_REPRESENTATION('',(#3310),#3314);
#3310 = LINE('',#3311,#3312);
#3311 = CARTESIAN_POINT('',(0.6,0.));
#3312 = VECTOR('',#3313,1.);
#3313 = DIRECTION('',(0.,-1.));
#3314 = ( GEOMETRIC_REPRESENTATION_CONTEXT(2) 
PARAMETRIC_REPRESENTATION_CONTEXT() REPRESENTATION_CONTEXT('2D SPACE',''
  ) );
#3315 = ADVANCED_FACE('',(#3316),#1687,.F.);
#3316 = FACE_BOUND('',#3317,.F.);
#3317 = EDGE_LOOP('',(#3318,#3341,#3362,#3363));
#3318 = ORIENTED_EDGE('',*,*,#3319,.F.);
#3319 = EDGE_CURVE('',#3320,#3266,#3322,.T.);
#3320 = VERTEX_POINT('',#3321);
#3321 = CARTESIAN_POINT('',(11.25,-45.,13.));
#3322 = SURFACE_CURVE('',#3323,(#3327,#3334),.PCURVE_S1.);
#3323 = LINE('',#3324,#3325);
#3324 = CARTESIAN_POINT('',(11.25,-45.,13.));
#3325 = VECTOR('',#3326,1.);
#3326 = DIRECTION('',(-0.,-1.,0.));
#3327 = PCURVE('',#1687,#3328);
#3328 = DEFINITIONAL_REPRESENTATION('',(#3329),#3333);
#3329 = LINE('',#3330,#3331);
#3330 = CARTESIAN_POINT('',(0.,0.));
#3331 = VECTOR('',#3332,1.);
#3332 = DIRECTION('',(1.,0.));
#3333 = ( GEOMETRIC_REPRESENTATION_CONTEXT(2) 
PARAMETRIC_REPRESENTATION_CONTEXT() REPRESENTATION_CONTEXT('2D SPACE',''
  ) );
#3334 = PCURVE('',#2131,#3335);
#3335 = DEFINITIONAL_REPRESENTATION('',(#3336),#3340);
#3336 = LINE('',#3337,#3338);
#3337 = CARTESIAN_POINT('',(-3.25,-1.363629464324));
#3338 = VECTOR('',#3339,1.);
#3339 = DIRECTION('',(0.,-1.));
#3340 = ( GEOMETRIC_REPRESENTATION_CONTEXT(2) 
PARAMETRIC_REPRESENTATION_CONTEXT() REPRESENTATION_CONTEXT('2D SPACE',''
  ) );
#3341 = ORIENTED_EDGE('',*,*,#3342,.T.);
#3342 = EDGE_CURVE('',#3320,#1640,#3343,.T.);
#3343 = SURFACE_CURVE('',#3344,(#3348,#3355),.PCURVE_S1.);
#3344 = LINE('',#3345,#3346);
#3345 = CARTESIAN_POINT('',(11.25,-45.,13.));
#3346 = VECTOR('',#3347,1.);
#3347 = DIRECTION('',(0.,0.,1.));
#3348 = PCURVE('',#1687,#3349);
#3349 = DEFINITIONAL_REPRESENTATION('',(#3350),#3354);
#3350 = LINE('',#3351,#3352);
#3351 = CARTESIAN_POINT('',(0.,0.));
#3352 = VECTOR('',#3353,1.);
#3353 = DIRECTION('',(0.,-1.));
#3354 = ( GEOMETRIC_REPRESENTATION_CONTEXT(2) 
PARAMETRIC_REPRESENTATION_CONTEXT() REPRESENTATION_CONTEXT('2D SPACE',''
  ) );
#3355 = PCURVE('',#1660,#3356);
#3356 = DEFINITIONAL_REPRESENTATION('',(#3357),#3361);
#3357 = LINE('',#3358,#3359);
#3358 = CARTESIAN_POINT('',(-1.570796326795,0.));
#3359 = VECTOR('',#3360,1.);
#3360 = DIRECTION('',(-0.,-1.));
#3361 = ( GEOMETRIC_REPRESENTATION_CONTEXT(2) 
PARAMETRIC_REPRESENTATION_CONTEXT() REPRESENTATION_CONTEXT('2D SPACE',''
  ) );
#3362 = ORIENTED_EDGE('',*,*,#1672,.F.);
#3363 = ORIENTED_EDGE('',*,*,#3295,.F.);
#3364 = ADVANCED_FACE('',(#3365),#1660,.F.);
#3365 = FACE_BOUND('',#3366,.T.);
#3366 = EDGE_LOOP('',(#3367,#3395,#3396,#3397));
#3367 = ORIENTED_EDGE('',*,*,#3368,.F.);
#3368 = EDGE_CURVE('',#3320,#3369,#3371,.T.);
#3369 = VERTEX_POINT('',#3370);
#3370 = CARTESIAN_POINT('',(11.232119172721,-44.90715233091,13.));
#3371 = SURFACE_CURVE('',#3372,(#3377,#3384),.PCURVE_S1.);
#3372 = CIRCLE('',#3373,0.25);
#3373 = AXIS2_PLACEMENT_3D('',#3374,#3375,#3376);
#3374 = CARTESIAN_POINT('',(11.,-45.,13.));
#3375 = DIRECTION('',(0.,0.,1.));
#3376 = DIRECTION('',(0.,-1.,0.));
#3377 = PCURVE('',#1660,#3378);
#3378 = DEFINITIONAL_REPRESENTATION('',(#3379),#3383);
#3379 = LINE('',#3380,#3381);
#3380 = CARTESIAN_POINT('',(-0.,0.));
#3381 = VECTOR('',#3382,1.);
#3382 = DIRECTION('',(-1.,0.));
#3383 = ( GEOMETRIC_REPRESENTATION_CONTEXT(2) 
PARAMETRIC_REPRESENTATION_CONTEXT() REPRESENTATION_CONTEXT('2D SPACE',''
  ) );
#3384 = PCURVE('',#2131,#3385);
#3385 = DEFINITIONAL_REPRESENTATION('',(#3386),#3394);
#3386 = ( BOUNDED_CURVE() B_SPLINE_CURVE(2,(#3387,#3388,#3389,#3390,
#3391,#3392,#3393),.UNSPECIFIED.,.T.,.F.) B_SPLINE_CURVE_WITH_KNOTS((1,2
    ,2,2,2,1),(-2.094395102393,0.,2.094395102393,4.188790204786,
6.28318530718,8.377580409573),.UNSPECIFIED.) CURVE() 
GEOMETRIC_REPRESENTATION_ITEM() RATIONAL_B_SPLINE_CURVE((1.,0.5,1.,0.5,
1.,0.5,1.)) REPRESENTATION_ITEM('') );
#3387 = CARTESIAN_POINT('',(-3.,-1.613629464324));
#3388 = CARTESIAN_POINT('',(-3.433012701892,-1.613629464324));
#3389 = CARTESIAN_POINT('',(-3.216506350946,-1.238629464324));
#3390 = CARTESIAN_POINT('',(-3.,-0.863629464324));
#3391 = CARTESIAN_POINT('',(-2.783493649054,-1.238629464324));
#3392 = CARTESIAN_POINT('',(-2.566987298108,-1.613629464324));
#3393 = CARTESIAN_POINT('',(-3.,-1.613629464324));
#3394 = ( GEOMETRIC_REPRESENTATION_CONTEXT(2) 
PARAMETRIC_REPRESENTATION_CONTEXT() REPRESENTATION_CONTEXT('2D SPACE',''
  ) );
#3395 = ORIENTED_EDGE('',*,*,#3342,.T.);
#3396 = ORIENTED_EDGE('',*,*,#1639,.F.);
#3397 = ORIENTED_EDGE('',*,*,#3398,.F.);
#3398 = EDGE_CURVE('',#3369,#1614,#3399,.T.);
#3399 = SURFACE_CURVE('',#3400,(#3404,#3411),.PCURVE_S1.);
#3400 = LINE('',#3401,#3402);
#3401 = CARTESIAN_POINT('',(11.232119172721,-44.90715233091,13.));
#3402 = VECTOR('',#3403,1.);
#3403 = DIRECTION('',(0.,0.,1.));
#3404 = PCURVE('',#1660,#3405);
#3405 = DEFINITIONAL_REPRESENTATION('',(#3406),#3410);
#3406 = LINE('',#3407,#3408);
#3407 = CARTESIAN_POINT('',(-1.951302703907,0.));
#3408 = VECTOR('',#3409,1.);
#3409 = DIRECTION('',(-0.,-1.));
#3410 = ( GEOMETRIC_REPRESENTATION_CONTEXT(2) 
PARAMETRIC_REPRESENTATION_CONTEXT() REPRESENTATION_CONTEXT('2D SPACE',''
  ) );
#3411 = PCURVE('',#1628,#3412);
#3412 = DEFINITIONAL_REPRESENTATION('',(#3413),#3417);
#3413 = LINE('',#3414,#3415);
#3414 = CARTESIAN_POINT('',(2.644436802675,0.));
#3415 = VECTOR('',#3416,1.);
#3416 = DIRECTION('',(0.,-1.));
#3417 = ( GEOMETRIC_REPRESENTATION_CONTEXT(2) 
PARAMETRIC_REPRESENTATION_CONTEXT() REPRESENTATION_CONTEXT('2D SPACE',''
  ) );
#3418 = ADVANCED_FACE('',(#3419),#1628,.F.);
#3419 = FACE_BOUND('',#3420,.F.);
#3420 = EDGE_LOOP('',(#3421,#3444,#3465,#3466));
#3421 = ORIENTED_EDGE('',*,*,#3422,.F.);
#3422 = EDGE_CURVE('',#3423,#3369,#3425,.T.);
#3423 = VERTEX_POINT('',#3424);
#3424 = CARTESIAN_POINT('',(10.25,-42.4518543991,13.));
#3425 = SURFACE_CURVE('',#3426,(#3430,#3437),.PCURVE_S1.);
#3426 = LINE('',#3427,#3428);
#3427 = CARTESIAN_POINT('',(10.232119172721,-42.40715233091,13.));
#3428 = VECTOR('',#3429,1.);
#3429 = DIRECTION('',(0.371390676354,-0.928476690885,0.));
#3430 = PCURVE('',#1628,#3431);
#3431 = DEFINITIONAL_REPRESENTATION('',(#3432),#3436);
#3432 = LINE('',#3433,#3434);
#3433 = CARTESIAN_POINT('',(-4.814560089181E-02,-0.));
#3434 = VECTOR('',#3435,1.);
#3435 = DIRECTION('',(1.,0.));
#3436 = ( GEOMETRIC_REPRESENTATION_CONTEXT(2) 
PARAMETRIC_REPRESENTATION_CONTEXT() REPRESENTATION_CONTEXT('2D SPACE',''
  ) );
#3437 = PCURVE('',#2131,#3438);
#3438 = DEFINITIONAL_REPRESENTATION('',(#3439),#3443);
#3439 = LINE('',#3440,#3441);
#3440 = CARTESIAN_POINT('',(-2.232119172721,1.229218204765));
#3441 = VECTOR('',#3442,1.);
#3442 = DIRECTION('',(-0.371390676354,-0.928476690885));
#3443 = ( GEOMETRIC_REPRESENTATION_CONTEXT(2) 
PARAMETRIC_REPRESENTATION_CONTEXT() REPRESENTATION_CONTEXT('2D SPACE',''
  ) );
#3444 = ORIENTED_EDGE('',*,*,#3445,.T.);
#3445 = EDGE_CURVE('',#3423,#1588,#3446,.T.);
#3446 = SURFACE_CURVE('',#3447,(#3451,#3458),.PCURVE_S1.);
#3447 = LINE('',#3448,#3449);
#3448 = CARTESIAN_POINT('',(10.25,-42.4518543991,13.));
#3449 = VECTOR('',#3450,1.);
#3450 = DIRECTION('',(0.,0.,1.));
#3451 = PCURVE('',#1628,#3452);
#3452 = DEFINITIONAL_REPRESENTATION('',(#3453),#3457);
#3453 = LINE('',#3454,#3455);
#3454 = CARTESIAN_POINT('',(0.,0.));
#3455 = VECTOR('',#3456,1.);
#3456 = DIRECTION('',(0.,-1.));
#3457 = ( GEOMETRIC_REPRESENTATION_CONTEXT(2) 
PARAMETRIC_REPRESENTATION_CONTEXT() REPRESENTATION_CONTEXT('2D SPACE',''
  ) );
#3458 = PCURVE('',#1602,#3459);
#3459 = DEFINITIONAL_REPRESENTATION('',(#3460),#3464);
#3460 = LINE('',#3461,#3462);
#3461 = CARTESIAN_POINT('',(1.251854399108,0.));
#3462 = VECTOR('',#3463,1.);
#3463 = DIRECTION('',(0.,-1.));
#3464 = ( GEOMETRIC_REPRESENTATION_CONTEXT(2) 
PARAMETRIC_REPRESENTATION_CONTEXT() REPRESENTATION_CONTEXT('2D SPACE',''
  ) );
#3465 = ORIENTED_EDGE('',*,*,#1613,.F.);
#3466 = ORIENTED_EDGE('',*,*,#3398,.F.);
#3467 = ADVANCED_FACE('',(#3468),#1602,.F.);
#3468 = FACE_BOUND('',#3469,.F.);
#3469 = EDGE_LOOP('',(#3470,#3491,#3492,#3493));
#3470 = ORIENTED_EDGE('',*,*,#3471,.F.);
#3471 = EDGE_CURVE('',#2115,#3423,#3472,.T.);
#3472 = SURFACE_CURVE('',#3473,(#3477,#3484),.PCURVE_S1.);
#3473 = LINE('',#3474,#3475);
#3474 = CARTESIAN_POINT('',(10.25,-41.2,13.));
#3475 = VECTOR('',#3476,1.);
#3476 = DIRECTION('',(-0.,-1.,0.));
#3477 = PCURVE('',#1602,#3478);
#3478 = DEFINITIONAL_REPRESENTATION('',(#3479),#3483);
#3479 = LINE('',#3480,#3481);
#3480 = CARTESIAN_POINT('',(0.,0.));
#3481 = VECTOR('',#3482,1.);
#3482 = DIRECTION('',(1.,0.));
#3483 = ( GEOMETRIC_REPRESENTATION_CONTEXT(2) 
PARAMETRIC_REPRESENTATION_CONTEXT() REPRESENTATION_CONTEXT('2D SPACE',''
  ) );
#3484 = PCURVE('',#2131,#3485);
#3485 = DEFINITIONAL_REPRESENTATION('',(#3486),#3490);
#3486 = LINE('',#3487,#3488);
#3487 = CARTESIAN_POINT('',(-2.25,2.436370535676));
#3488 = VECTOR('',#3489,1.);
#3489 = DIRECTION('',(0.,-1.));
#3490 = ( GEOMETRIC_REPRESENTATION_CONTEXT(2) 
PARAMETRIC_REPRESENTATION_CONTEXT() REPRESENTATION_CONTEXT('2D SPACE',''
  ) );
#3491 = ORIENTED_EDGE('',*,*,#2143,.F.);
#3492 = ORIENTED_EDGE('',*,*,#1587,.F.);
#3493 = ORIENTED_EDGE('',*,*,#3445,.F.);
#3494 = ADVANCED_FACE('',(#3495),#2131,.F.);
#3495 = FACE_BOUND('',#3496,.F.);
#3496 = EDGE_LOOP('',(#3497,#3498,#3499,#3500,#3501,#3502,#3503,#3504,
    #3505,#3506,#3507));
#3497 = ORIENTED_EDGE('',*,*,#3010,.T.);
#3498 = ORIENTED_EDGE('',*,*,#2114,.F.);
#3499 = ORIENTED_EDGE('',*,*,#3471,.T.);
#3500 = ORIENTED_EDGE('',*,*,#3422,.T.);
#3501 = ORIENTED_EDGE('',*,*,#3368,.F.);
#3502 = ORIENTED_EDGE('',*,*,#3319,.T.);
#3503 = ORIENTED_EDGE('',*,*,#3265,.F.);
#3504 = ORIENTED_EDGE('',*,*,#3216,.T.);
#3505 = ORIENTED_EDGE('',*,*,#3162,.F.);
#3506 = ORIENTED_EDGE('',*,*,#3113,.T.);
#3507 = ORIENTED_EDGE('',*,*,#3059,.F.);
#3508 = ADVANCED_FACE('',(#3509),#2052,.F.);
#3509 = FACE_BOUND('',#3510,.F.);
#3510 = EDGE_LOOP('',(#3511,#3534,#3535,#3536));
#3511 = ORIENTED_EDGE('',*,*,#3512,.F.);
#3512 = EDGE_CURVE('',#2009,#3513,#3515,.T.);
#3513 = VERTEX_POINT('',#3514);
#3514 = CARTESIAN_POINT('',(-4.767880827279,-44.90715233091,13.));
#3515 = SURFACE_CURVE('',#3516,(#3520,#3527),.PCURVE_S1.);
#3516 = LINE('',#3517,#3518);
#3517 = CARTESIAN_POINT('',(-5.767880827279,-42.40715233091,13.));
#3518 = VECTOR('',#3519,1.);
#3519 = DIRECTION('',(0.371390676354,-0.928476690885,0.));
#3520 = PCURVE('',#2052,#3521);
#3521 = DEFINITIONAL_REPRESENTATION('',(#3522),#3526);
#3522 = LINE('',#3523,#3524);
#3523 = CARTESIAN_POINT('',(-4.814560089181E-02,-0.));
#3524 = VECTOR('',#3525,1.);
#3525 = DIRECTION('',(1.,0.));
#3526 = ( GEOMETRIC_REPRESENTATION_CONTEXT(2) 
PARAMETRIC_REPRESENTATION_CONTEXT() REPRESENTATION_CONTEXT('2D SPACE',''
  ) );
#3527 = PCURVE('',#2025,#3528);
#3528 = DEFINITIONAL_REPRESENTATION('',(#3529),#3533);
#3529 = LINE('',#3530,#3531);
#3530 = CARTESIAN_POINT('',(-2.232119172721,1.229218204765));
#3531 = VECTOR('',#3532,1.);
#3532 = DIRECTION('',(-0.371390676354,-0.928476690885));
#3533 = ( GEOMETRIC_REPRESENTATION_CONTEXT(2) 
PARAMETRIC_REPRESENTATION_CONTEXT() REPRESENTATION_CONTEXT('2D SPACE',''
  ) );
#3534 = ORIENTED_EDGE('',*,*,#2037,.F.);
#3535 = ORIENTED_EDGE('',*,*,#2697,.F.);
#3536 = ORIENTED_EDGE('',*,*,#3537,.F.);
#3537 = EDGE_CURVE('',#3513,#2698,#3538,.T.);
#3538 = SURFACE_CURVE('',#3539,(#3543,#3550),.PCURVE_S1.);
#3539 = LINE('',#3540,#3541);
#3540 = CARTESIAN_POINT('',(-4.767880827279,-44.90715233091,13.));
#3541 = VECTOR('',#3542,1.);
#3542 = DIRECTION('',(0.,0.,1.));
#3543 = PCURVE('',#2052,#3544);
#3544 = DEFINITIONAL_REPRESENTATION('',(#3545),#3549);
#3545 = LINE('',#3546,#3547);
#3546 = CARTESIAN_POINT('',(2.644436802675,0.));
#3547 = VECTOR('',#3548,1.);
#3548 = DIRECTION('',(0.,-1.));
#3549 = ( GEOMETRIC_REPRESENTATION_CONTEXT(2) 
PARAMETRIC_REPRESENTATION_CONTEXT() REPRESENTATION_CONTEXT('2D SPACE',''
  ) );
#3550 = PCURVE('',#2739,#3551);
#3551 = DEFINITIONAL_REPRESENTATION('',(#3552),#3556);
#3552 = LINE('',#3553,#3554);
#3553 = CARTESIAN_POINT('',(-1.951302703907,0.));
#3554 = VECTOR('',#3555,1.);
#3555 = DIRECTION('',(-0.,-1.));
#3556 = ( GEOMETRIC_REPRESENTATION_CONTEXT(2) 
PARAMETRIC_REPRESENTATION_CONTEXT() REPRESENTATION_CONTEXT('2D SPACE',''
  ) );
#3557 = ADVANCED_FACE('',(#3558),#2025,.F.);
#3558 = FACE_BOUND('',#3559,.F.);
#3559 = EDGE_LOOP('',(#3560,#3583,#3584,#3585,#3613,#3636,#3664,#3687,
    #3715,#3738,#3766));
#3560 = ORIENTED_EDGE('',*,*,#3561,.T.);
#3561 = EDGE_CURVE('',#3562,#1983,#3564,.T.);
#3562 = VERTEX_POINT('',#3563);
#3563 = CARTESIAN_POINT('',(-10.25,-42.4518543991,13.));
#3564 = SURFACE_CURVE('',#3565,(#3569,#3576),.PCURVE_S1.);
#3565 = LINE('',#3566,#3567);
#3566 = CARTESIAN_POINT('',(-10.25,-42.5,13.));
#3567 = VECTOR('',#3568,1.);
#3568 = DIRECTION('',(0.,1.,0.));
#3569 = PCURVE('',#2025,#3570);
#3570 = DEFINITIONAL_REPRESENTATION('',(#3571),#3575);
#3571 = LINE('',#3572,#3573);
#3572 = CARTESIAN_POINT('',(2.25,1.136370535676));
#3573 = VECTOR('',#3574,1.);
#3574 = DIRECTION('',(0.,1.));
#3575 = ( GEOMETRIC_REPRESENTATION_CONTEXT(2) 
PARAMETRIC_REPRESENTATION_CONTEXT() REPRESENTATION_CONTEXT('2D SPACE',''
  ) );
#3576 = PCURVE('',#1997,#3577);
#3577 = DEFINITIONAL_REPRESENTATION('',(#3578),#3582);
#3578 = LINE('',#3579,#3580);
#3579 = CARTESIAN_POINT('',(-4.814560089181E-02,0.));
#3580 = VECTOR('',#3581,1.);
#3581 = DIRECTION('',(1.,0.));
#3582 = ( GEOMETRIC_REPRESENTATION_CONTEXT(2) 
PARAMETRIC_REPRESENTATION_CONTEXT() REPRESENTATION_CONTEXT('2D SPACE',''
  ) );
#3583 = ORIENTED_EDGE('',*,*,#2008,.F.);
#3584 = ORIENTED_EDGE('',*,*,#3512,.T.);
#3585 = ORIENTED_EDGE('',*,*,#3586,.F.);
#3586 = EDGE_CURVE('',#3587,#3513,#3589,.T.);
#3587 = VERTEX_POINT('',#3588);
#3588 = CARTESIAN_POINT('',(-4.75,-45.,13.));
#3589 = SURFACE_CURVE('',#3590,(#3595,#3606),.PCURVE_S1.);
#3590 = CIRCLE('',#3591,0.25);
#3591 = AXIS2_PLACEMENT_3D('',#3592,#3593,#3594);
#3592 = CARTESIAN_POINT('',(-5.,-45.,13.));
#3593 = DIRECTION('',(0.,0.,1.));
#3594 = DIRECTION('',(0.,-1.,0.));
#3595 = PCURVE('',#2025,#3596);
#3596 = DEFINITIONAL_REPRESENTATION('',(#3597),#3605);
#3597 = ( BOUNDED_CURVE() B_SPLINE_CURVE(2,(#3598,#3599,#3600,#3601,
#3602,#3603,#3604),.UNSPECIFIED.,.T.,.F.) B_SPLINE_CURVE_WITH_KNOTS((1,2
    ,2,2,2,1),(-2.094395102393,0.,2.094395102393,4.188790204786,
6.28318530718,8.377580409573),.UNSPECIFIED.) CURVE() 
GEOMETRIC_REPRESENTATION_ITEM() RATIONAL_B_SPLINE_CURVE((1.,0.5,1.,0.5,
1.,0.5,1.)) REPRESENTATION_ITEM('') );
#3598 = CARTESIAN_POINT('',(-3.,-1.613629464324));
#3599 = CARTESIAN_POINT('',(-3.433012701892,-1.613629464324));
#3600 = CARTESIAN_POINT('',(-3.216506350946,-1.238629464324));
#3601 = CARTESIAN_POINT('',(-3.,-0.863629464324));
#3602 = CARTESIAN_POINT('',(-2.783493649054,-1.238629464324));
#3603 = CARTESIAN_POINT('',(-2.566987298108,-1.613629464324));
#3604 = CARTESIAN_POINT('',(-3.,-1.613629464324));
#3605 = ( GEOMETRIC_REPRESENTATION_CONTEXT(2) 
PARAMETRIC_REPRESENTATION_CONTEXT() REPRESENTATION_CONTEXT('2D SPACE',''
  ) );
#3606 = PCURVE('',#2739,#3607);
#3607 = DEFINITIONAL_REPRESENTATION('',(#3608),#3612);
#3608 = LINE('',#3609,#3610);
#3609 = CARTESIAN_POINT('',(-0.,0.));
#3610 = VECTOR('',#3611,1.);
#3611 = DIRECTION('',(-1.,0.));
#3612 = ( GEOMETRIC_REPRESENTATION_CONTEXT(2) 
PARAMETRIC_REPRESENTATION_CONTEXT() REPRESENTATION_CONTEXT('2D SPACE',''
  ) );
#3613 = ORIENTED_EDGE('',*,*,#3614,.T.);
#3614 = EDGE_CURVE('',#3587,#3615,#3617,.T.);
#3615 = VERTEX_POINT('',#3616);
#3616 = CARTESIAN_POINT('',(-4.75,-45.6,13.));
#3617 = SURFACE_CURVE('',#3618,(#3622,#3629),.PCURVE_S1.);
#3618 = LINE('',#3619,#3620);
#3619 = CARTESIAN_POINT('',(-4.75,-45.,13.));
#3620 = VECTOR('',#3621,1.);
#3621 = DIRECTION('',(-0.,-1.,0.));
#3622 = PCURVE('',#2025,#3623);
#3623 = DEFINITIONAL_REPRESENTATION('',(#3624),#3628);
#3624 = LINE('',#3625,#3626);
#3625 = CARTESIAN_POINT('',(-3.25,-1.363629464324));
#3626 = VECTOR('',#3627,1.);
#3627 = DIRECTION('',(0.,-1.));
#3628 = ( GEOMETRIC_REPRESENTATION_CONTEXT(2) 
PARAMETRIC_REPRESENTATION_CONTEXT() REPRESENTATION_CONTEXT('2D SPACE',''
  ) );
#3629 = PCURVE('',#2766,#3630);
#3630 = DEFINITIONAL_REPRESENTATION('',(#3631),#3635);
#3631 = LINE('',#3632,#3633);
#3632 = CARTESIAN_POINT('',(0.,0.));
#3633 = VECTOR('',#3634,1.);
#3634 = DIRECTION('',(1.,0.));
#3635 = ( GEOMETRIC_REPRESENTATION_CONTEXT(2) 
PARAMETRIC_REPRESENTATION_CONTEXT() REPRESENTATION_CONTEXT('2D SPACE',''
  ) );
#3636 = ORIENTED_EDGE('',*,*,#3637,.F.);
#3637 = EDGE_CURVE('',#3638,#3615,#3640,.T.);
#3638 = VERTEX_POINT('',#3639);
#3639 = CARTESIAN_POINT('',(-5.,-45.85,13.));
#3640 = SURFACE_CURVE('',#3641,(#3646,#3657),.PCURVE_S1.);
#3641 = CIRCLE('',#3642,0.25);
#3642 = AXIS2_PLACEMENT_3D('',#3643,#3644,#3645);
#3643 = CARTESIAN_POINT('',(-5.,-45.6,13.));
#3644 = DIRECTION('',(0.,0.,1.));
#3645 = DIRECTION('',(-1.,0.,0.));
#3646 = PCURVE('',#2025,#3647);
#3647 = DEFINITIONAL_REPRESENTATION('',(#3648),#3656);
#3648 = ( BOUNDED_CURVE() B_SPLINE_CURVE(2,(#3649,#3650,#3651,#3652,
#3653,#3654,#3655),.UNSPECIFIED.,.T.,.F.) B_SPLINE_CURVE_WITH_KNOTS((1,2
    ,2,2,2,1),(-2.094395102393,0.,2.094395102393,4.188790204786,
6.28318530718,8.377580409573),.UNSPECIFIED.) CURVE() 
GEOMETRIC_REPRESENTATION_ITEM() RATIONAL_B_SPLINE_CURVE((1.,0.5,1.,0.5,
1.,0.5,1.)) REPRESENTATION_ITEM('') );
#3649 = CARTESIAN_POINT('',(-2.75,-1.963629464324));
#3650 = CARTESIAN_POINT('',(-2.75,-2.396642166216));
#3651 = CARTESIAN_POINT('',(-3.125,-2.18013581527));
#3652 = CARTESIAN_POINT('',(-3.5,-1.963629464324));
#3653 = CARTESIAN_POINT('',(-3.125,-1.747123113378));
#3654 = CARTESIAN_POINT('',(-2.75,-1.530616762432));
#3655 = CARTESIAN_POINT('',(-2.75,-1.963629464324));
#3656 = ( GEOMETRIC_REPRESENTATION_CONTEXT(2) 
PARAMETRIC_REPRESENTATION_CONTEXT() REPRESENTATION_CONTEXT('2D SPACE',''
  ) );
#3657 = PCURVE('',#2798,#3658);
#3658 = DEFINITIONAL_REPRESENTATION('',(#3659),#3663);
#3659 = LINE('',#3660,#3661);
#3660 = CARTESIAN_POINT('',(-0.,0.));
#3661 = VECTOR('',#3662,1.);
#3662 = DIRECTION('',(-1.,0.));
#3663 = ( GEOMETRIC_REPRESENTATION_CONTEXT(2) 
PARAMETRIC_REPRESENTATION_CONTEXT() REPRESENTATION_CONTEXT('2D SPACE',''
  ) );
#3664 = ORIENTED_EDGE('',*,*,#3665,.T.);
#3665 = EDGE_CURVE('',#3638,#3666,#3668,.T.);
#3666 = VERTEX_POINT('',#3667);
#3667 = CARTESIAN_POINT('',(-11.,-45.85,13.));
#3668 = SURFACE_CURVE('',#3669,(#3673,#3680),.PCURVE_S1.);
#3669 = LINE('',#3670,#3671);
#3670 = CARTESIAN_POINT('',(-5.,-45.85,13.));
#3671 = VECTOR('',#3672,1.);
#3672 = DIRECTION('',(-1.,0.,0.));
#3673 = PCURVE('',#2025,#3674);
#3674 = DEFINITIONAL_REPRESENTATION('',(#3675),#3679);
#3675 = LINE('',#3676,#3677);
#3676 = CARTESIAN_POINT('',(-3.,-2.213629464324));
#3677 = VECTOR('',#3678,1.);
#3678 = DIRECTION('',(1.,0.));
#3679 = ( GEOMETRIC_REPRESENTATION_CONTEXT(2) 
PARAMETRIC_REPRESENTATION_CONTEXT() REPRESENTATION_CONTEXT('2D SPACE',''
  ) );
#3680 = PCURVE('',#2825,#3681);
#3681 = DEFINITIONAL_REPRESENTATION('',(#3682),#3686);
#3682 = LINE('',#3683,#3684);
#3683 = CARTESIAN_POINT('',(0.,-0.));
#3684 = VECTOR('',#3685,1.);
#3685 = DIRECTION('',(1.,0.));
#3686 = ( GEOMETRIC_REPRESENTATION_CONTEXT(2) 
PARAMETRIC_REPRESENTATION_CONTEXT() REPRESENTATION_CONTEXT('2D SPACE',''
  ) );
#3687 = ORIENTED_EDGE('',*,*,#3688,.F.);
#3688 = EDGE_CURVE('',#3689,#3666,#3691,.T.);
#3689 = VERTEX_POINT('',#3690);
#3690 = CARTESIAN_POINT('',(-11.25,-45.6,13.));
#3691 = SURFACE_CURVE('',#3692,(#3697,#3708),.PCURVE_S1.);
#3692 = CIRCLE('',#3693,0.25);
#3693 = AXIS2_PLACEMENT_3D('',#3694,#3695,#3696);
#3694 = CARTESIAN_POINT('',(-11.,-45.6,13.));
#3695 = DIRECTION('',(0.,-0.,1.));
#3696 = DIRECTION('',(0.,1.,0.));
#3697 = PCURVE('',#2025,#3698);
#3698 = DEFINITIONAL_REPRESENTATION('',(#3699),#3707);
#3699 = ( BOUNDED_CURVE() B_SPLINE_CURVE(2,(#3700,#3701,#3702,#3703,
#3704,#3705,#3706),.UNSPECIFIED.,.T.,.F.) B_SPLINE_CURVE_WITH_KNOTS((1,2
    ,2,2,2,1),(-2.094395102393,0.,2.094395102393,4.188790204786,
6.28318530718,8.377580409573),.UNSPECIFIED.) CURVE() 
GEOMETRIC_REPRESENTATION_ITEM() RATIONAL_B_SPLINE_CURVE((1.,0.5,1.,0.5,
1.,0.5,1.)) REPRESENTATION_ITEM('') );
#3700 = CARTESIAN_POINT('',(3.,-1.713629464324));
#3701 = CARTESIAN_POINT('',(3.433012701892,-1.713629464324));
#3702 = CARTESIAN_POINT('',(3.216506350946,-2.088629464324));
#3703 = CARTESIAN_POINT('',(3.,-2.463629464324));
#3704 = CARTESIAN_POINT('',(2.783493649054,-2.088629464324));
#3705 = CARTESIAN_POINT('',(2.566987298108,-1.713629464324));
#3706 = CARTESIAN_POINT('',(3.,-1.713629464324));
#3707 = ( GEOMETRIC_REPRESENTATION_CONTEXT(2) 
PARAMETRIC_REPRESENTATION_CONTEXT() REPRESENTATION_CONTEXT('2D SPACE',''
  ) );
#3708 = PCURVE('',#2857,#3709);
#3709 = DEFINITIONAL_REPRESENTATION('',(#3710),#3714);
#3710 = LINE('',#3711,#3712);
#3711 = CARTESIAN_POINT('',(-0.,0.));
#3712 = VECTOR('',#3713,1.);
#3713 = DIRECTION('',(-1.,0.));
#3714 = ( GEOMETRIC_REPRESENTATION_CONTEXT(2) 
PARAMETRIC_REPRESENTATION_CONTEXT() REPRESENTATION_CONTEXT('2D SPACE',''
  ) );
#3715 = ORIENTED_EDGE('',*,*,#3716,.T.);
#3716 = EDGE_CURVE('',#3689,#3717,#3719,.T.);
#3717 = VERTEX_POINT('',#3718);
#3718 = CARTESIAN_POINT('',(-11.25,-45.,13.));
#3719 = SURFACE_CURVE('',#3720,(#3724,#3731),.PCURVE_S1.);
#3720 = LINE('',#3721,#3722);
#3721 = CARTESIAN_POINT('',(-11.25,-45.6,13.));
#3722 = VECTOR('',#3723,1.);
#3723 = DIRECTION('',(0.,1.,0.));
#3724 = PCURVE('',#2025,#3725);
#3725 = DEFINITIONAL_REPRESENTATION('',(#3726),#3730);
#3726 = LINE('',#3727,#3728);
#3727 = CARTESIAN_POINT('',(3.25,-1.963629464324));
#3728 = VECTOR('',#3729,1.);
#3729 = DIRECTION('',(0.,1.));
#3730 = ( GEOMETRIC_REPRESENTATION_CONTEXT(2) 
PARAMETRIC_REPRESENTATION_CONTEXT() REPRESENTATION_CONTEXT('2D SPACE',''
  ) );
#3731 = PCURVE('',#2884,#3732);
#3732 = DEFINITIONAL_REPRESENTATION('',(#3733),#3737);
#3733 = LINE('',#3734,#3735);
#3734 = CARTESIAN_POINT('',(0.,0.));
#3735 = VECTOR('',#3736,1.);
#3736 = DIRECTION('',(1.,0.));
#3737 = ( GEOMETRIC_REPRESENTATION_CONTEXT(2) 
PARAMETRIC_REPRESENTATION_CONTEXT() REPRESENTATION_CONTEXT('2D SPACE',''
  ) );
#3738 = ORIENTED_EDGE('',*,*,#3739,.F.);
#3739 = EDGE_CURVE('',#3740,#3717,#3742,.T.);
#3740 = VERTEX_POINT('',#3741);
#3741 = CARTESIAN_POINT('',(-11.23211917272,-44.90715233091,13.));
#3742 = SURFACE_CURVE('',#3743,(#3748,#3759),.PCURVE_S1.);
#3743 = CIRCLE('',#3744,0.25);
#3744 = AXIS2_PLACEMENT_3D('',#3745,#3746,#3747);
#3745 = CARTESIAN_POINT('',(-11.,-45.,13.));
#3746 = DIRECTION('',(0.,0.,1.));
#3747 = DIRECTION('',(0.371390676354,0.928476690885,-0.));
#3748 = PCURVE('',#2025,#3749);
#3749 = DEFINITIONAL_REPRESENTATION('',(#3750),#3758);
#3750 = ( BOUNDED_CURVE() B_SPLINE_CURVE(2,(#3751,#3752,#3753,#3754,
#3755,#3756,#3757),.UNSPECIFIED.,.T.,.F.) B_SPLINE_CURVE_WITH_KNOTS((1,2
    ,2,2,2,1),(-2.094395102393,0.,2.094395102393,4.188790204786,
6.28318530718,8.377580409573),.UNSPECIFIED.) CURVE() 
GEOMETRIC_REPRESENTATION_ITEM() RATIONAL_B_SPLINE_CURVE((1.,0.5,1.,0.5,
1.,0.5,1.)) REPRESENTATION_ITEM('') );
#3751 = CARTESIAN_POINT('',(2.907152330911,-1.131510291603));
#3752 = CARTESIAN_POINT('',(3.309194531476,-0.970693411377));
#3753 = CARTESIAN_POINT('',(3.247444934826,-1.399280610572));
#3754 = CARTESIAN_POINT('',(3.185695338177,-1.827867809766));
#3755 = CARTESIAN_POINT('',(2.845402734262,-1.560097490797));
#3756 = CARTESIAN_POINT('',(2.505110130347,-1.292327171828));
#3757 = CARTESIAN_POINT('',(2.907152330911,-1.131510291603));
#3758 = ( GEOMETRIC_REPRESENTATION_CONTEXT(2) 
PARAMETRIC_REPRESENTATION_CONTEXT() REPRESENTATION_CONTEXT('2D SPACE',''
  ) );
#3759 = PCURVE('',#2916,#3760);
#3760 = DEFINITIONAL_REPRESENTATION('',(#3761),#3765);
#3761 = LINE('',#3762,#3763);
#3762 = CARTESIAN_POINT('',(-0.,0.));
#3763 = VECTOR('',#3764,1.);
#3764 = DIRECTION('',(-1.,0.));
#3765 = ( GEOMETRIC_REPRESENTATION_CONTEXT(2) 
PARAMETRIC_REPRESENTATION_CONTEXT() REPRESENTATION_CONTEXT('2D SPACE',''
  ) );
#3766 = ORIENTED_EDGE('',*,*,#3767,.T.);
#3767 = EDGE_CURVE('',#3740,#3562,#3768,.T.);
#3768 = SURFACE_CURVE('',#3769,(#3773,#3780),.PCURVE_S1.);
#3769 = LINE('',#3770,#3771);
#3770 = CARTESIAN_POINT('',(-11.23211917272,-44.90715233091,13.));
#3771 = VECTOR('',#3772,1.);
#3772 = DIRECTION('',(0.371390676354,0.928476690885,-0.));
#3773 = PCURVE('',#2025,#3774);
#3774 = DEFINITIONAL_REPRESENTATION('',(#3775),#3779);
#3775 = LINE('',#3776,#3777);
#3776 = CARTESIAN_POINT('',(3.232119172721,-1.270781795235));
#3777 = VECTOR('',#3778,1.);
#3778 = DIRECTION('',(-0.371390676354,0.928476690885));
#3779 = ( GEOMETRIC_REPRESENTATION_CONTEXT(2) 
PARAMETRIC_REPRESENTATION_CONTEXT() REPRESENTATION_CONTEXT('2D SPACE',''
  ) );
#3780 = PCURVE('',#2943,#3781);
#3781 = DEFINITIONAL_REPRESENTATION('',(#3782),#3786);
#3782 = LINE('',#3783,#3784);
#3783 = CARTESIAN_POINT('',(0.,0.));
#3784 = VECTOR('',#3785,1.);
#3785 = DIRECTION('',(1.,0.));
#3786 = ( GEOMETRIC_REPRESENTATION_CONTEXT(2) 
PARAMETRIC_REPRESENTATION_CONTEXT() REPRESENTATION_CONTEXT('2D SPACE',''
  ) );
#3787 = ADVANCED_FACE('',(#3788),#1997,.F.);
#3788 = FACE_BOUND('',#3789,.F.);
#3789 = EDGE_LOOP('',(#3790,#3791,#3812,#3813));
#3790 = ORIENTED_EDGE('',*,*,#3561,.F.);
#3791 = ORIENTED_EDGE('',*,*,#3792,.T.);
#3792 = EDGE_CURVE('',#3562,#2929,#3793,.T.);
#3793 = SURFACE_CURVE('',#3794,(#3798,#3805),.PCURVE_S1.);
#3794 = LINE('',#3795,#3796);
#3795 = CARTESIAN_POINT('',(-10.25,-42.4518543991,13.));
#3796 = VECTOR('',#3797,1.);
#3797 = DIRECTION('',(0.,0.,1.));
#3798 = PCURVE('',#1997,#3799);
#3799 = DEFINITIONAL_REPRESENTATION('',(#3800),#3804);
#3800 = LINE('',#3801,#3802);
#3801 = CARTESIAN_POINT('',(0.,0.));
#3802 = VECTOR('',#3803,1.);
#3803 = DIRECTION('',(0.,-1.));
#3804 = ( GEOMETRIC_REPRESENTATION_CONTEXT(2) 
PARAMETRIC_REPRESENTATION_CONTEXT() REPRESENTATION_CONTEXT('2D SPACE',''
  ) );
#3805 = PCURVE('',#2943,#3806);
#3806 = DEFINITIONAL_REPRESENTATION('',(#3807),#3811);
#3807 = LINE('',#3808,#3809);
#3808 = CARTESIAN_POINT('',(2.644436802675,0.));
#3809 = VECTOR('',#3810,1.);
#3810 = DIRECTION('',(0.,-1.));
#3811 = ( GEOMETRIC_REPRESENTATION_CONTEXT(2) 
PARAMETRIC_REPRESENTATION_CONTEXT() REPRESENTATION_CONTEXT('2D SPACE',''
  ) );
#3812 = ORIENTED_EDGE('',*,*,#2954,.F.);
#3813 = ORIENTED_EDGE('',*,*,#1982,.T.);
#3814 = ADVANCED_FACE('',(#3815),#2312,.F.);
#3815 = FACE_BOUND('',#3816,.F.);
#3816 = EDGE_LOOP('',(#3817,#3818,#3841,#3867,#3886,#3887));
#3817 = ORIENTED_EDGE('',*,*,#2555,.F.);
#3818 = ORIENTED_EDGE('',*,*,#3819,.T.);
#3819 = EDGE_CURVE('',#2528,#3820,#3822,.T.);
#3820 = VERTEX_POINT('',#3821);
#3821 = CARTESIAN_POINT('',(-3.2,-46.,32.));
#3822 = SURFACE_CURVE('',#3823,(#3827,#3834),.PCURVE_S1.);
#3823 = LINE('',#3824,#3825);
#3824 = CARTESIAN_POINT('',(-3.2,-45.7,32.));
#3825 = VECTOR('',#3826,1.);
#3826 = DIRECTION('',(0.,-1.,0.));
#3827 = PCURVE('',#2312,#3828);
#3828 = DEFINITIONAL_REPRESENTATION('',(#3829),#3833);
#3829 = LINE('',#3830,#3831);
#3830 = CARTESIAN_POINT('',(0.,0.));
#3831 = VECTOR('',#3832,1.);
#3832 = DIRECTION('',(0.,-1.));
#3833 = ( GEOMETRIC_REPRESENTATION_CONTEXT(2) 
PARAMETRIC_REPRESENTATION_CONTEXT() REPRESENTATION_CONTEXT('2D SPACE',''
  ) );
#3834 = PCURVE('',#2543,#3835);
#3835 = DEFINITIONAL_REPRESENTATION('',(#3836),#3840);
#3836 = LINE('',#3837,#3838);
#3837 = CARTESIAN_POINT('',(6.4,0.));
#3838 = VECTOR('',#3839,1.);
#3839 = DIRECTION('',(0.,-1.));
#3840 = ( GEOMETRIC_REPRESENTATION_CONTEXT(2) 
PARAMETRIC_REPRESENTATION_CONTEXT() REPRESENTATION_CONTEXT('2D SPACE',''
  ) );
#3841 = ORIENTED_EDGE('',*,*,#3842,.F.);
#3842 = EDGE_CURVE('',#3843,#3820,#3845,.T.);
#3843 = VERTEX_POINT('',#3844);
#3844 = CARTESIAN_POINT('',(-3.2,-46.,31.));
#3845 = SURFACE_CURVE('',#3846,(#3850,#3856),.PCURVE_S1.);
#3846 = LINE('',#3847,#3848);
#3847 = CARTESIAN_POINT('',(-3.2,-46.,31.5));
#3848 = VECTOR('',#3849,1.);
#3849 = DIRECTION('',(0.,0.,1.));
#3850 = PCURVE('',#2312,#3851);
#3851 = DEFINITIONAL_REPRESENTATION('',(#3852),#3855);
#3852 = B_SPLINE_CURVE_WITH_KNOTS('',1,(#3853,#3854),.UNSPECIFIED.,.F.,
  .F.,(2,2),(-0.5,0.5),.PIECEWISE_BEZIER_KNOTS.);
#3853 = CARTESIAN_POINT('',(1.,-0.3));
#3854 = CARTESIAN_POINT('',(0.,-0.3));
#3855 = ( GEOMETRIC_REPRESENTATION_CONTEXT(2) 
PARAMETRIC_REPRESENTATION_CONTEXT() REPRESENTATION_CONTEXT('2D SPACE',''
  ) );
#3856 = PCURVE('',#3857,#3862);
#3857 = PLANE('',#3858);
#3858 = AXIS2_PLACEMENT_3D('',#3859,#3860,#3861);
#3859 = CARTESIAN_POINT('',(-4.1,-46.,31.));
#3860 = DIRECTION('',(0.,1.,0.));
#3861 = DIRECTION('',(0.,0.,1.));
#3862 = DEFINITIONAL_REPRESENTATION('',(#3863),#3866);
#3863 = B_SPLINE_CURVE_WITH_KNOTS('',1,(#3864,#3865),.UNSPECIFIED.,.F.,
  .F.,(2,2),(-0.5,0.5),.PIECEWISE_BEZIER_KNOTS.);
#3864 = CARTESIAN_POINT('',(-6.661338147751E-16,0.9));
#3865 = CARTESIAN_POINT('',(1.,0.9));
#3866 = ( GEOMETRIC_REPRESENTATION_CONTEXT(2) 
PARAMETRIC_REPRESENTATION_CONTEXT() REPRESENTATION_CONTEXT('2D SPACE',''
  ) );
#3867 = ORIENTED_EDGE('',*,*,#3868,.T.);
#3868 = EDGE_CURVE('',#3843,#2403,#3869,.T.);
#3869 = SURFACE_CURVE('',#3870,(#3874,#3880),.PCURVE_S1.);
#3870 = LINE('',#3871,#3872);
#3871 = CARTESIAN_POINT('',(-3.2,-46.85,31.));
#3872 = VECTOR('',#3873,1.);
#3873 = DIRECTION('',(0.,-1.,0.));
#3874 = PCURVE('',#2312,#3875);
#3875 = DEFINITIONAL_REPRESENTATION('',(#3876),#3879);
#3876 = B_SPLINE_CURVE_WITH_KNOTS('',1,(#3877,#3878),.UNSPECIFIED.,.F.,
  .F.,(2,2),(-0.85,5.E-02),.PIECEWISE_BEZIER_KNOTS.);
#3877 = CARTESIAN_POINT('',(1.,-0.3));
#3878 = CARTESIAN_POINT('',(1.,-1.2));
#3879 = ( GEOMETRIC_REPRESENTATION_CONTEXT(2) 
PARAMETRIC_REPRESENTATION_CONTEXT() REPRESENTATION_CONTEXT('2D SPACE',''
  ) );
#3880 = PCURVE('',#2417,#3881);
#3881 = DEFINITIONAL_REPRESENTATION('',(#3882),#3885);
#3882 = B_SPLINE_CURVE_WITH_KNOTS('',1,(#3883,#3884),.UNSPECIFIED.,.F.,
  .F.,(2,2),(-0.85,5.E-02),.PIECEWISE_BEZIER_KNOTS.);
#3883 = CARTESIAN_POINT('',(0.9,2.));
#3884 = CARTESIAN_POINT('',(0.9,1.1));
#3885 = ( GEOMETRIC_REPRESENTATION_CONTEXT(2) 
PARAMETRIC_REPRESENTATION_CONTEXT() REPRESENTATION_CONTEXT('2D SPACE',''
  ) );
#3886 = ORIENTED_EDGE('',*,*,#2428,.T.);
#3887 = ORIENTED_EDGE('',*,*,#2296,.F.);
#3888 = ADVANCED_FACE('',(#3889),#2417,.F.);
#3889 = FACE_BOUND('',#3890,.F.);
#3890 = EDGE_LOOP('',(#3891,#3914,#3942,#3970,#3998,#4021,#4040,#4041));
#3891 = ORIENTED_EDGE('',*,*,#3892,.F.);
#3892 = EDGE_CURVE('',#3893,#3843,#3895,.T.);
#3893 = VERTEX_POINT('',#3894);
#3894 = CARTESIAN_POINT('',(-3.4,-46.,31.));
#3895 = SURFACE_CURVE('',#3896,(#3900,#3907),.PCURVE_S1.);
#3896 = LINE('',#3897,#3898);
#3897 = CARTESIAN_POINT('',(-4.1,-46.,31.));
#3898 = VECTOR('',#3899,1.);
#3899 = DIRECTION('',(1.,0.,0.));
#3900 = PCURVE('',#2417,#3901);
#3901 = DEFINITIONAL_REPRESENTATION('',(#3902),#3906);
#3902 = LINE('',#3903,#3904);
#3903 = CARTESIAN_POINT('',(0.,2.));
#3904 = VECTOR('',#3905,1.);
#3905 = DIRECTION('',(1.,0.));
#3906 = ( GEOMETRIC_REPRESENTATION_CONTEXT(2) 
PARAMETRIC_REPRESENTATION_CONTEXT() REPRESENTATION_CONTEXT('2D SPACE',''
  ) );
#3907 = PCURVE('',#3857,#3908);
#3908 = DEFINITIONAL_REPRESENTATION('',(#3909),#3913);
#3909 = LINE('',#3910,#3911);
#3910 = CARTESIAN_POINT('',(0.,0.));
#3911 = VECTOR('',#3912,1.);
#3912 = DIRECTION('',(0.,1.));
#3913 = ( GEOMETRIC_REPRESENTATION_CONTEXT(2) 
PARAMETRIC_REPRESENTATION_CONTEXT() REPRESENTATION_CONTEXT('2D SPACE',''
  ) );
#3914 = ORIENTED_EDGE('',*,*,#3915,.F.);
#3915 = EDGE_CURVE('',#3916,#3893,#3918,.T.);
#3916 = VERTEX_POINT('',#3917);
#3917 = CARTESIAN_POINT('',(-3.4,-48.,31.));
#3918 = SURFACE_CURVE('',#3919,(#3923,#3930),.PCURVE_S1.);
#3919 = LINE('',#3920,#3921);
#3920 = CARTESIAN_POINT('',(-3.4,-48.,31.));
#3921 = VECTOR('',#3922,1.);
#3922 = DIRECTION('',(0.,1.,0.));
#3923 = PCURVE('',#2417,#3924);
#3924 = DEFINITIONAL_REPRESENTATION('',(#3925),#3929);
#3925 = LINE('',#3926,#3927);
#3926 = CARTESIAN_POINT('',(0.7,0.));
#3927 = VECTOR('',#3928,1.);
#3928 = DIRECTION('',(0.,1.));
#3929 = ( GEOMETRIC_REPRESENTATION_CONTEXT(2) 
PARAMETRIC_REPRESENTATION_CONTEXT() REPRESENTATION_CONTEXT('2D SPACE',''
  ) );
#3930 = PCURVE('',#3931,#3936);
#3931 = CYLINDRICAL_SURFACE('',#3932,0.7);
#3932 = AXIS2_PLACEMENT_3D('',#3933,#3934,#3935);
#3933 = CARTESIAN_POINT('',(-3.4,-48.,31.7));
#3934 = DIRECTION('',(0.,1.,0.));
#3935 = DIRECTION('',(-1.,0.,0.));
#3936 = DEFINITIONAL_REPRESENTATION('',(#3937),#3941);
#3937 = LINE('',#3938,#3939);
#3938 = CARTESIAN_POINT('',(-1.570796326795,0.));
#3939 = VECTOR('',#3940,1.);
#3940 = DIRECTION('',(-0.,1.));
#3941 = ( GEOMETRIC_REPRESENTATION_CONTEXT(2) 
PARAMETRIC_REPRESENTATION_CONTEXT() REPRESENTATION_CONTEXT('2D SPACE',''
  ) );
#3942 = ORIENTED_EDGE('',*,*,#3943,.T.);
#3943 = EDGE_CURVE('',#3916,#3944,#3946,.T.);
#3944 = VERTEX_POINT('',#3945);
#3945 = CARTESIAN_POINT('',(3.4,-48.,31.));
#3946 = SURFACE_CURVE('',#3947,(#3951,#3958),.PCURVE_S1.);
#3947 = LINE('',#3948,#3949);
#3948 = CARTESIAN_POINT('',(-4.1,-48.,31.));
#3949 = VECTOR('',#3950,1.);
#3950 = DIRECTION('',(1.,0.,0.));
#3951 = PCURVE('',#2417,#3952);
#3952 = DEFINITIONAL_REPRESENTATION('',(#3953),#3957);
#3953 = LINE('',#3954,#3955);
#3954 = CARTESIAN_POINT('',(0.,0.));
#3955 = VECTOR('',#3956,1.);
#3956 = DIRECTION('',(1.,0.));
#3957 = ( GEOMETRIC_REPRESENTATION_CONTEXT(2) 
PARAMETRIC_REPRESENTATION_CONTEXT() REPRESENTATION_CONTEXT('2D SPACE',''
  ) );
#3958 = PCURVE('',#3959,#3964);
#3959 = PLANE('',#3960);
#3960 = AXIS2_PLACEMENT_3D('',#3961,#3962,#3963);
#3961 = CARTESIAN_POINT('',(-4.1,-48.,31.));
#3962 = DIRECTION('',(0.,1.,0.));
#3963 = DIRECTION('',(0.,0.,1.));
#3964 = DEFINITIONAL_REPRESENTATION('',(#3965),#3969);
#3965 = LINE('',#3966,#3967);
#3966 = CARTESIAN_POINT('',(0.,0.));
#3967 = VECTOR('',#3968,1.);
#3968 = DIRECTION('',(0.,1.));
#3969 = ( GEOMETRIC_REPRESENTATION_CONTEXT(2) 
PARAMETRIC_REPRESENTATION_CONTEXT() REPRESENTATION_CONTEXT('2D SPACE',''
  ) );
#3970 = ORIENTED_EDGE('',*,*,#3971,.T.);
#3971 = EDGE_CURVE('',#3944,#3972,#3974,.T.);
#3972 = VERTEX_POINT('',#3973);
#3973 = CARTESIAN_POINT('',(3.4,-46.,31.));
#3974 = SURFACE_CURVE('',#3975,(#3979,#3986),.PCURVE_S1.);
#3975 = LINE('',#3976,#3977);
#3976 = CARTESIAN_POINT('',(3.4,-48.,31.));
#3977 = VECTOR('',#3978,1.);
#3978 = DIRECTION('',(0.,1.,0.));
#3979 = PCURVE('',#2417,#3980);
#3980 = DEFINITIONAL_REPRESENTATION('',(#3981),#3985);
#3981 = LINE('',#3982,#3983);
#3982 = CARTESIAN_POINT('',(7.5,0.));
#3983 = VECTOR('',#3984,1.);
#3984 = DIRECTION('',(0.,1.));
#3985 = ( GEOMETRIC_REPRESENTATION_CONTEXT(2) 
PARAMETRIC_REPRESENTATION_CONTEXT() REPRESENTATION_CONTEXT('2D SPACE',''
  ) );
#3986 = PCURVE('',#3987,#3992);
#3987 = CYLINDRICAL_SURFACE('',#3988,0.7);
#3988 = AXIS2_PLACEMENT_3D('',#3989,#3990,#3991);
#3989 = CARTESIAN_POINT('',(3.4,-48.,31.7));
#3990 = DIRECTION('',(0.,1.,0.));
#3991 = DIRECTION('',(1.,0.,-0.));
#3992 = DEFINITIONAL_REPRESENTATION('',(#3993),#3997);
#3993 = LINE('',#3994,#3995);
#3994 = CARTESIAN_POINT('',(1.570796326795,0.));
#3995 = VECTOR('',#3996,1.);
#3996 = DIRECTION('',(0.,1.));
#3997 = ( GEOMETRIC_REPRESENTATION_CONTEXT(2) 
PARAMETRIC_REPRESENTATION_CONTEXT() REPRESENTATION_CONTEXT('2D SPACE',''
  ) );
#3998 = ORIENTED_EDGE('',*,*,#3999,.F.);
#3999 = EDGE_CURVE('',#4000,#3972,#4002,.T.);
#4000 = VERTEX_POINT('',#4001);
#4001 = CARTESIAN_POINT('',(3.2,-46.,31.));
#4002 = SURFACE_CURVE('',#4003,(#4007,#4014),.PCURVE_S1.);
#4003 = LINE('',#4004,#4005);
#4004 = CARTESIAN_POINT('',(-4.1,-46.,31.));
#4005 = VECTOR('',#4006,1.);
#4006 = DIRECTION('',(1.,0.,0.));
#4007 = PCURVE('',#2417,#4008);
#4008 = DEFINITIONAL_REPRESENTATION('',(#4009),#4013);
#4009 = LINE('',#4010,#4011);
#4010 = CARTESIAN_POINT('',(0.,2.));
#4011 = VECTOR('',#4012,1.);
#4012 = DIRECTION('',(1.,0.));
#4013 = ( GEOMETRIC_REPRESENTATION_CONTEXT(2) 
PARAMETRIC_REPRESENTATION_CONTEXT() REPRESENTATION_CONTEXT('2D SPACE',''
  ) );
#4014 = PCURVE('',#3857,#4015);
#4015 = DEFINITIONAL_REPRESENTATION('',(#4016),#4020);
#4016 = LINE('',#4017,#4018);
#4017 = CARTESIAN_POINT('',(0.,0.));
#4018 = VECTOR('',#4019,1.);
#4019 = DIRECTION('',(0.,1.));
#4020 = ( GEOMETRIC_REPRESENTATION_CONTEXT(2) 
PARAMETRIC_REPRESENTATION_CONTEXT() REPRESENTATION_CONTEXT('2D SPACE',''
  ) );
#4021 = ORIENTED_EDGE('',*,*,#4022,.F.);
#4022 = EDGE_CURVE('',#2375,#4000,#4023,.T.);
#4023 = SURFACE_CURVE('',#4024,(#4028,#4034),.PCURVE_S1.);
#4024 = LINE('',#4025,#4026);
#4025 = CARTESIAN_POINT('',(3.2,-46.85,31.));
#4026 = VECTOR('',#4027,1.);
#4027 = DIRECTION('',(0.,1.,-0.));
#4028 = PCURVE('',#2417,#4029);
#4029 = DEFINITIONAL_REPRESENTATION('',(#4030),#4033);
#4030 = B_SPLINE_CURVE_WITH_KNOTS('',1,(#4031,#4032),.UNSPECIFIED.,.F.,
  .F.,(2,2),(-5.E-02,0.85),.PIECEWISE_BEZIER_KNOTS.);
#4031 = CARTESIAN_POINT('',(7.3,1.1));
#4032 = CARTESIAN_POINT('',(7.3,2.));
#4033 = ( GEOMETRIC_REPRESENTATION_CONTEXT(2) 
PARAMETRIC_REPRESENTATION_CONTEXT() REPRESENTATION_CONTEXT('2D SPACE',''
  ) );
#4034 = PCURVE('',#2390,#4035);
#4035 = DEFINITIONAL_REPRESENTATION('',(#4036),#4039);
#4036 = B_SPLINE_CURVE_WITH_KNOTS('',1,(#4037,#4038),.UNSPECIFIED.,.F.,
  .F.,(2,2),(-5.E-02,0.85),.PIECEWISE_BEZIER_KNOTS.);
#4037 = CARTESIAN_POINT('',(27.,-1.2));
#4038 = CARTESIAN_POINT('',(27.,-0.3));
#4039 = ( GEOMETRIC_REPRESENTATION_CONTEXT(2) 
PARAMETRIC_REPRESENTATION_CONTEXT() REPRESENTATION_CONTEXT('2D SPACE',''
  ) );
#4040 = ORIENTED_EDGE('',*,*,#2402,.T.);
#4041 = ORIENTED_EDGE('',*,*,#3868,.F.);
#4042 = ADVANCED_FACE('',(#4043),#2390,.F.);
#4043 = FACE_BOUND('',#4044,.F.);
#4044 = EDGE_LOOP('',(#4045,#4046,#4047,#4048,#4049,#4070));
#4045 = ORIENTED_EDGE('',*,*,#2504,.F.);
#4046 = ORIENTED_EDGE('',*,*,#2477,.T.);
#4047 = ORIENTED_EDGE('',*,*,#2374,.T.);
#4048 = ORIENTED_EDGE('',*,*,#4022,.T.);
#4049 = ORIENTED_EDGE('',*,*,#4050,.F.);
#4050 = EDGE_CURVE('',#4051,#4000,#4053,.T.);
#4051 = VERTEX_POINT('',#4052);
#4052 = CARTESIAN_POINT('',(3.2,-46.,32.));
#4053 = SURFACE_CURVE('',#4054,(#4058,#4064),.PCURVE_S1.);
#4054 = LINE('',#4055,#4056);
#4055 = CARTESIAN_POINT('',(3.2,-46.,17.5));
#4056 = VECTOR('',#4057,1.);
#4057 = DIRECTION('',(0.,0.,-1.));
#4058 = PCURVE('',#2390,#4059);
#4059 = DEFINITIONAL_REPRESENTATION('',(#4060),#4063);
#4060 = B_SPLINE_CURVE_WITH_KNOTS('',1,(#4061,#4062),.UNSPECIFIED.,.F.,
  .F.,(2,2),(-14.5,-13.5),.PIECEWISE_BEZIER_KNOTS.);
#4061 = CARTESIAN_POINT('',(28.,-0.3));
#4062 = CARTESIAN_POINT('',(27.,-0.3));
#4063 = ( GEOMETRIC_REPRESENTATION_CONTEXT(2) 
PARAMETRIC_REPRESENTATION_CONTEXT() REPRESENTATION_CONTEXT('2D SPACE',''
  ) );
#4064 = PCURVE('',#3857,#4065);
#4065 = DEFINITIONAL_REPRESENTATION('',(#4066),#4069);
#4066 = B_SPLINE_CURVE_WITH_KNOTS('',1,(#4067,#4068),.UNSPECIFIED.,.F.,
  .F.,(2,2),(-14.5,-13.5),.PIECEWISE_BEZIER_KNOTS.);
#4067 = CARTESIAN_POINT('',(1.,7.3));
#4068 = CARTESIAN_POINT('',(0.,7.3));
#4069 = ( GEOMETRIC_REPRESENTATION_CONTEXT(2) 
PARAMETRIC_REPRESENTATION_CONTEXT() REPRESENTATION_CONTEXT('2D SPACE',''
  ) );
#4070 = ORIENTED_EDGE('',*,*,#4071,.F.);
#4071 = EDGE_CURVE('',#2505,#4051,#4072,.T.);
#4072 = SURFACE_CURVE('',#4073,(#4077,#4084),.PCURVE_S1.);
#4073 = LINE('',#4074,#4075);
#4074 = CARTESIAN_POINT('',(3.2,-45.7,32.));
#4075 = VECTOR('',#4076,1.);
#4076 = DIRECTION('',(0.,-1.,0.));
#4077 = PCURVE('',#2390,#4078);
#4078 = DEFINITIONAL_REPRESENTATION('',(#4079),#4083);
#4079 = LINE('',#4080,#4081);
#4080 = CARTESIAN_POINT('',(28.,0.));
#4081 = VECTOR('',#4082,1.);
#4082 = DIRECTION('',(0.,-1.));
#4083 = ( GEOMETRIC_REPRESENTATION_CONTEXT(2) 
PARAMETRIC_REPRESENTATION_CONTEXT() REPRESENTATION_CONTEXT('2D SPACE',''
  ) );
#4084 = PCURVE('',#2543,#4085);
#4085 = DEFINITIONAL_REPRESENTATION('',(#4086),#4090);
#4086 = LINE('',#4087,#4088);
#4087 = CARTESIAN_POINT('',(0.,0.));
#4088 = VECTOR('',#4089,1.);
#4089 = DIRECTION('',(0.,-1.));
#4090 = ( GEOMETRIC_REPRESENTATION_CONTEXT(2) 
PARAMETRIC_REPRESENTATION_CONTEXT() REPRESENTATION_CONTEXT('2D SPACE',''
  ) );
#4091 = ADVANCED_FACE('',(#4092),#2543,.F.);
#4092 = FACE_BOUND('',#4093,.F.);
#4093 = EDGE_LOOP('',(#4094,#4095,#4096,#4115));
#4094 = ORIENTED_EDGE('',*,*,#2527,.F.);
#4095 = ORIENTED_EDGE('',*,*,#4071,.T.);
#4096 = ORIENTED_EDGE('',*,*,#4097,.F.);
#4097 = EDGE_CURVE('',#3820,#4051,#4098,.T.);
#4098 = SURFACE_CURVE('',#4099,(#4103,#4109),.PCURVE_S1.);
#4099 = LINE('',#4100,#4101);
#4100 = CARTESIAN_POINT('',(-0.45,-46.,32.));
#4101 = VECTOR('',#4102,1.);
#4102 = DIRECTION('',(1.,0.,0.));
#4103 = PCURVE('',#2543,#4104);
#4104 = DEFINITIONAL_REPRESENTATION('',(#4105),#4108);
#4105 = B_SPLINE_CURVE_WITH_KNOTS('',1,(#4106,#4107),.UNSPECIFIED.,.F.,
  .F.,(2,2),(-2.75,3.65),.PIECEWISE_BEZIER_KNOTS.);
#4106 = CARTESIAN_POINT('',(6.4,-0.3));
#4107 = CARTESIAN_POINT('',(0.,-0.3));
#4108 = ( GEOMETRIC_REPRESENTATION_CONTEXT(2) 
PARAMETRIC_REPRESENTATION_CONTEXT() REPRESENTATION_CONTEXT('2D SPACE',''
  ) );
#4109 = PCURVE('',#3857,#4110);
#4110 = DEFINITIONAL_REPRESENTATION('',(#4111),#4114);
#4111 = B_SPLINE_CURVE_WITH_KNOTS('',1,(#4112,#4113),.UNSPECIFIED.,.F.,
  .F.,(2,2),(-2.75,3.65),.PIECEWISE_BEZIER_KNOTS.);
#4112 = CARTESIAN_POINT('',(1.,0.9));
#4113 = CARTESIAN_POINT('',(1.,7.3));
#4114 = ( GEOMETRIC_REPRESENTATION_CONTEXT(2) 
PARAMETRIC_REPRESENTATION_CONTEXT() REPRESENTATION_CONTEXT('2D SPACE',''
  ) );
#4115 = ORIENTED_EDGE('',*,*,#3819,.F.);
#4116 = ADVANCED_FACE('',(#4117,#4121),#2595,.T.);
#4117 = FACE_BOUND('',#4118,.T.);
#4118 = VERTEX_LOOP('',#4119);
#4119 = VERTEX_POINT('',#4120);
#4120 = CARTESIAN_POINT('',(9.797174393179E-17,-44.8,21.6));
#4121 = FACE_BOUND('',#4122,.T.);
#4122 = EDGE_LOOP('',(#4123));
#4123 = ORIENTED_EDGE('',*,*,#2578,.F.);
#4124 = ADVANCED_FACE('',(#4125),#2943,.F.);
#4125 = FACE_BOUND('',#4126,.F.);
#4126 = EDGE_LOOP('',(#4127,#4128,#4149,#4150));
#4127 = ORIENTED_EDGE('',*,*,#3767,.F.);
#4128 = ORIENTED_EDGE('',*,*,#4129,.T.);
#4129 = EDGE_CURVE('',#3740,#2896,#4130,.T.);
#4130 = SURFACE_CURVE('',#4131,(#4135,#4142),.PCURVE_S1.);
#4131 = LINE('',#4132,#4133);
#4132 = CARTESIAN_POINT('',(-11.23211917272,-44.90715233091,13.));
#4133 = VECTOR('',#4134,1.);
#4134 = DIRECTION('',(0.,0.,1.));
#4135 = PCURVE('',#2943,#4136);
#4136 = DEFINITIONAL_REPRESENTATION('',(#4137),#4141);
#4137 = LINE('',#4138,#4139);
#4138 = CARTESIAN_POINT('',(0.,0.));
#4139 = VECTOR('',#4140,1.);
#4140 = DIRECTION('',(0.,-1.));
#4141 = ( GEOMETRIC_REPRESENTATION_CONTEXT(2) 
PARAMETRIC_REPRESENTATION_CONTEXT() REPRESENTATION_CONTEXT('2D SPACE',''
  ) );
#4142 = PCURVE('',#2916,#4143);
#4143 = DEFINITIONAL_REPRESENTATION('',(#4144),#4148);
#4144 = LINE('',#4145,#4146);
#4145 = CARTESIAN_POINT('',(-1.570796326795,0.));
#4146 = VECTOR('',#4147,1.);
#4147 = DIRECTION('',(-0.,-1.));
#4148 = ( GEOMETRIC_REPRESENTATION_CONTEXT(2) 
PARAMETRIC_REPRESENTATION_CONTEXT() REPRESENTATION_CONTEXT('2D SPACE',''
  ) );
#4149 = ORIENTED_EDGE('',*,*,#2928,.F.);
#4150 = ORIENTED_EDGE('',*,*,#3792,.F.);
#4151 = ADVANCED_FACE('',(#4152),#2916,.F.);
#4152 = FACE_BOUND('',#4153,.T.);
#4153 = EDGE_LOOP('',(#4154,#4155,#4156,#4157));
#4154 = ORIENTED_EDGE('',*,*,#3739,.F.);
#4155 = ORIENTED_EDGE('',*,*,#4129,.T.);
#4156 = ORIENTED_EDGE('',*,*,#2895,.F.);
#4157 = ORIENTED_EDGE('',*,*,#4158,.F.);
#4158 = EDGE_CURVE('',#3717,#2870,#4159,.T.);
#4159 = SURFACE_CURVE('',#4160,(#4164,#4171),.PCURVE_S1.);
#4160 = LINE('',#4161,#4162);
#4161 = CARTESIAN_POINT('',(-11.25,-45.,13.));
#4162 = VECTOR('',#4163,1.);
#4163 = DIRECTION('',(0.,0.,1.));
#4164 = PCURVE('',#2916,#4165);
#4165 = DEFINITIONAL_REPRESENTATION('',(#4166),#4170);
#4166 = LINE('',#4167,#4168);
#4167 = CARTESIAN_POINT('',(-1.951302703907,0.));
#4168 = VECTOR('',#4169,1.);
#4169 = DIRECTION('',(-0.,-1.));
#4170 = ( GEOMETRIC_REPRESENTATION_CONTEXT(2) 
PARAMETRIC_REPRESENTATION_CONTEXT() REPRESENTATION_CONTEXT('2D SPACE',''
  ) );
#4171 = PCURVE('',#2884,#4172);
#4172 = DEFINITIONAL_REPRESENTATION('',(#4173),#4177);
#4173 = LINE('',#4174,#4175);
#4174 = CARTESIAN_POINT('',(0.6,0.));
#4175 = VECTOR('',#4176,1.);
#4176 = DIRECTION('',(0.,-1.));
#4177 = ( GEOMETRIC_REPRESENTATION_CONTEXT(2) 
PARAMETRIC_REPRESENTATION_CONTEXT() REPRESENTATION_CONTEXT('2D SPACE',''
  ) );
#4178 = ADVANCED_FACE('',(#4179),#2884,.F.);
#4179 = FACE_BOUND('',#4180,.F.);
#4180 = EDGE_LOOP('',(#4181,#4182,#4203,#4204));
#4181 = ORIENTED_EDGE('',*,*,#3716,.F.);
#4182 = ORIENTED_EDGE('',*,*,#4183,.T.);
#4183 = EDGE_CURVE('',#3689,#2837,#4184,.T.);
#4184 = SURFACE_CURVE('',#4185,(#4189,#4196),.PCURVE_S1.);
#4185 = LINE('',#4186,#4187);
#4186 = CARTESIAN_POINT('',(-11.25,-45.6,13.));
#4187 = VECTOR('',#4188,1.);
#4188 = DIRECTION('',(0.,0.,1.));
#4189 = PCURVE('',#2884,#4190);
#4190 = DEFINITIONAL_REPRESENTATION('',(#4191),#4195);
#4191 = LINE('',#4192,#4193);
#4192 = CARTESIAN_POINT('',(0.,0.));
#4193 = VECTOR('',#4194,1.);
#4194 = DIRECTION('',(0.,-1.));
#4195 = ( GEOMETRIC_REPRESENTATION_CONTEXT(2) 
PARAMETRIC_REPRESENTATION_CONTEXT() REPRESENTATION_CONTEXT('2D SPACE',''
  ) );
#4196 = PCURVE('',#2857,#4197);
#4197 = DEFINITIONAL_REPRESENTATION('',(#4198),#4202);
#4198 = LINE('',#4199,#4200);
#4199 = CARTESIAN_POINT('',(-1.570796326795,0.));
#4200 = VECTOR('',#4201,1.);
#4201 = DIRECTION('',(-0.,-1.));
#4202 = ( GEOMETRIC_REPRESENTATION_CONTEXT(2) 
PARAMETRIC_REPRESENTATION_CONTEXT() REPRESENTATION_CONTEXT('2D SPACE',''
  ) );
#4203 = ORIENTED_EDGE('',*,*,#2869,.F.);
#4204 = ORIENTED_EDGE('',*,*,#4158,.F.);
#4205 = ADVANCED_FACE('',(#4206),#2857,.F.);
#4206 = FACE_BOUND('',#4207,.T.);
#4207 = EDGE_LOOP('',(#4208,#4209,#4210,#4211));
#4208 = ORIENTED_EDGE('',*,*,#3688,.F.);
#4209 = ORIENTED_EDGE('',*,*,#4183,.T.);
#4210 = ORIENTED_EDGE('',*,*,#2836,.F.);
#4211 = ORIENTED_EDGE('',*,*,#4212,.F.);
#4212 = EDGE_CURVE('',#3666,#2811,#4213,.T.);
#4213 = SURFACE_CURVE('',#4214,(#4218,#4225),.PCURVE_S1.);
#4214 = LINE('',#4215,#4216);
#4215 = CARTESIAN_POINT('',(-11.,-45.85,13.));
#4216 = VECTOR('',#4217,1.);
#4217 = DIRECTION('',(0.,0.,1.));
#4218 = PCURVE('',#2857,#4219);
#4219 = DEFINITIONAL_REPRESENTATION('',(#4220),#4224);
#4220 = LINE('',#4221,#4222);
#4221 = CARTESIAN_POINT('',(-3.14159265359,0.));
#4222 = VECTOR('',#4223,1.);
#4223 = DIRECTION('',(-0.,-1.));
#4224 = ( GEOMETRIC_REPRESENTATION_CONTEXT(2) 
PARAMETRIC_REPRESENTATION_CONTEXT() REPRESENTATION_CONTEXT('2D SPACE',''
  ) );
#4225 = PCURVE('',#2825,#4226);
#4226 = DEFINITIONAL_REPRESENTATION('',(#4227),#4231);
#4227 = LINE('',#4228,#4229);
#4228 = CARTESIAN_POINT('',(6.,0.));
#4229 = VECTOR('',#4230,1.);
#4230 = DIRECTION('',(0.,-1.));
#4231 = ( GEOMETRIC_REPRESENTATION_CONTEXT(2) 
PARAMETRIC_REPRESENTATION_CONTEXT() REPRESENTATION_CONTEXT('2D SPACE',''
  ) );
#4232 = ADVANCED_FACE('',(#4233),#2825,.F.);
#4233 = FACE_BOUND('',#4234,.F.);
#4234 = EDGE_LOOP('',(#4235,#4236,#4257,#4258));
#4235 = ORIENTED_EDGE('',*,*,#3665,.F.);
#4236 = ORIENTED_EDGE('',*,*,#4237,.T.);
#4237 = EDGE_CURVE('',#3638,#2778,#4238,.T.);
#4238 = SURFACE_CURVE('',#4239,(#4243,#4250),.PCURVE_S1.);
#4239 = LINE('',#4240,#4241);
#4240 = CARTESIAN_POINT('',(-5.,-45.85,13.));
#4241 = VECTOR('',#4242,1.);
#4242 = DIRECTION('',(0.,0.,1.));
#4243 = PCURVE('',#2825,#4244);
#4244 = DEFINITIONAL_REPRESENTATION('',(#4245),#4249);
#4245 = LINE('',#4246,#4247);
#4246 = CARTESIAN_POINT('',(0.,-0.));
#4247 = VECTOR('',#4248,1.);
#4248 = DIRECTION('',(0.,-1.));
#4249 = ( GEOMETRIC_REPRESENTATION_CONTEXT(2) 
PARAMETRIC_REPRESENTATION_CONTEXT() REPRESENTATION_CONTEXT('2D SPACE',''
  ) );
#4250 = PCURVE('',#2798,#4251);
#4251 = DEFINITIONAL_REPRESENTATION('',(#4252),#4256);
#4252 = LINE('',#4253,#4254);
#4253 = CARTESIAN_POINT('',(-1.570796326795,0.));
#4254 = VECTOR('',#4255,1.);
#4255 = DIRECTION('',(-0.,-1.));
#4256 = ( GEOMETRIC_REPRESENTATION_CONTEXT(2) 
PARAMETRIC_REPRESENTATION_CONTEXT() REPRESENTATION_CONTEXT('2D SPACE',''
  ) );
#4257 = ORIENTED_EDGE('',*,*,#2810,.F.);
#4258 = ORIENTED_EDGE('',*,*,#4212,.F.);
#4259 = ADVANCED_FACE('',(#4260),#2798,.F.);
#4260 = FACE_BOUND('',#4261,.T.);
#4261 = EDGE_LOOP('',(#4262,#4263,#4264,#4265));
#4262 = ORIENTED_EDGE('',*,*,#3637,.F.);
#4263 = ORIENTED_EDGE('',*,*,#4237,.T.);
#4264 = ORIENTED_EDGE('',*,*,#2777,.F.);
#4265 = ORIENTED_EDGE('',*,*,#4266,.F.);
#4266 = EDGE_CURVE('',#3615,#2752,#4267,.T.);
#4267 = SURFACE_CURVE('',#4268,(#4272,#4279),.PCURVE_S1.);
#4268 = LINE('',#4269,#4270);
#4269 = CARTESIAN_POINT('',(-4.75,-45.6,13.));
#4270 = VECTOR('',#4271,1.);
#4271 = DIRECTION('',(0.,0.,1.));
#4272 = PCURVE('',#2798,#4273);
#4273 = DEFINITIONAL_REPRESENTATION('',(#4274),#4278);
#4274 = LINE('',#4275,#4276);
#4275 = CARTESIAN_POINT('',(-3.14159265359,0.));
#4276 = VECTOR('',#4277,1.);
#4277 = DIRECTION('',(-0.,-1.));
#4278 = ( GEOMETRIC_REPRESENTATION_CONTEXT(2) 
PARAMETRIC_REPRESENTATION_CONTEXT() REPRESENTATION_CONTEXT('2D SPACE',''
  ) );
#4279 = PCURVE('',#2766,#4280);
#4280 = DEFINITIONAL_REPRESENTATION('',(#4281),#4285);
#4281 = LINE('',#4282,#4283);
#4282 = CARTESIAN_POINT('',(0.6,0.));
#4283 = VECTOR('',#4284,1.);
#4284 = DIRECTION('',(0.,-1.));
#4285 = ( GEOMETRIC_REPRESENTATION_CONTEXT(2) 
PARAMETRIC_REPRESENTATION_CONTEXT() REPRESENTATION_CONTEXT('2D SPACE',''
  ) );
#4286 = ADVANCED_FACE('',(#4287),#2766,.F.);
#4287 = FACE_BOUND('',#4288,.F.);
#4288 = EDGE_LOOP('',(#4289,#4290,#4311,#4312));
#4289 = ORIENTED_EDGE('',*,*,#3614,.F.);
#4290 = ORIENTED_EDGE('',*,*,#4291,.T.);
#4291 = EDGE_CURVE('',#3587,#2719,#4292,.T.);
#4292 = SURFACE_CURVE('',#4293,(#4297,#4304),.PCURVE_S1.);
#4293 = LINE('',#4294,#4295);
#4294 = CARTESIAN_POINT('',(-4.75,-45.,13.));
#4295 = VECTOR('',#4296,1.);
#4296 = DIRECTION('',(0.,0.,1.));
#4297 = PCURVE('',#2766,#4298);
#4298 = DEFINITIONAL_REPRESENTATION('',(#4299),#4303);
#4299 = LINE('',#4300,#4301);
#4300 = CARTESIAN_POINT('',(0.,0.));
#4301 = VECTOR('',#4302,1.);
#4302 = DIRECTION('',(0.,-1.));
#4303 = ( GEOMETRIC_REPRESENTATION_CONTEXT(2) 
PARAMETRIC_REPRESENTATION_CONTEXT() REPRESENTATION_CONTEXT('2D SPACE',''
  ) );
#4304 = PCURVE('',#2739,#4305);
#4305 = DEFINITIONAL_REPRESENTATION('',(#4306),#4310);
#4306 = LINE('',#4307,#4308);
#4307 = CARTESIAN_POINT('',(-1.570796326795,0.));
#4308 = VECTOR('',#4309,1.);
#4309 = DIRECTION('',(-0.,-1.));
#4310 = ( GEOMETRIC_REPRESENTATION_CONTEXT(2) 
PARAMETRIC_REPRESENTATION_CONTEXT() REPRESENTATION_CONTEXT('2D SPACE',''
  ) );
#4311 = ORIENTED_EDGE('',*,*,#2751,.F.);
#4312 = ORIENTED_EDGE('',*,*,#4266,.F.);
#4313 = ADVANCED_FACE('',(#4314),#2739,.F.);
#4314 = FACE_BOUND('',#4315,.T.);
#4315 = EDGE_LOOP('',(#4316,#4317,#4318,#4319));
#4316 = ORIENTED_EDGE('',*,*,#3586,.F.);
#4317 = ORIENTED_EDGE('',*,*,#4291,.T.);
#4318 = ORIENTED_EDGE('',*,*,#2718,.F.);
#4319 = ORIENTED_EDGE('',*,*,#3537,.F.);
#4320 = ADVANCED_FACE('',(#4321),#3857,.T.);
#4321 = FACE_BOUND('',#4322,.T.);
#4322 = EDGE_LOOP('',(#4323,#4324,#4352,#4380,#4409,#4437,#4470,#4498,
    #4520,#4521,#4522,#4523));
#4323 = ORIENTED_EDGE('',*,*,#3892,.F.);
#4324 = ORIENTED_EDGE('',*,*,#4325,.F.);
#4325 = EDGE_CURVE('',#4326,#3893,#4328,.T.);
#4326 = VERTEX_POINT('',#4327);
#4327 = CARTESIAN_POINT('',(-4.1,-46.,31.7));
#4328 = SURFACE_CURVE('',#4329,(#4334,#4345),.PCURVE_S1.);
#4329 = CIRCLE('',#4330,0.7);
#4330 = AXIS2_PLACEMENT_3D('',#4331,#4332,#4333);
#4331 = CARTESIAN_POINT('',(-3.4,-46.,31.7));
#4332 = DIRECTION('',(-0.,-1.,0.));
#4333 = DIRECTION('',(0.,-0.,1.));
#4334 = PCURVE('',#3857,#4335);
#4335 = DEFINITIONAL_REPRESENTATION('',(#4336),#4344);
#4336 = ( BOUNDED_CURVE() B_SPLINE_CURVE(2,(#4337,#4338,#4339,#4340,
#4341,#4342,#4343),.UNSPECIFIED.,.T.,.F.) B_SPLINE_CURVE_WITH_KNOTS((1,2
    ,2,2,2,1),(-2.094395102393,0.,2.094395102393,4.188790204786,
6.28318530718,8.377580409573),.UNSPECIFIED.) CURVE() 
GEOMETRIC_REPRESENTATION_ITEM() RATIONAL_B_SPLINE_CURVE((1.,0.5,1.,0.5,
1.,0.5,1.)) REPRESENTATION_ITEM('') );
#4337 = CARTESIAN_POINT('',(1.4,0.7));
#4338 = CARTESIAN_POINT('',(1.4,-0.512435565298));
#4339 = CARTESIAN_POINT('',(0.35,9.378221735089E-02));
#4340 = CARTESIAN_POINT('',(-0.7,0.7));
#4341 = CARTESIAN_POINT('',(0.35,1.306217782649));
#4342 = CARTESIAN_POINT('',(1.4,1.912435565298));
#4343 = CARTESIAN_POINT('',(1.4,0.7));
#4344 = ( GEOMETRIC_REPRESENTATION_CONTEXT(2) 
PARAMETRIC_REPRESENTATION_CONTEXT() REPRESENTATION_CONTEXT('2D SPACE',''
  ) );
#4345 = PCURVE('',#3931,#4346);
#4346 = DEFINITIONAL_REPRESENTATION('',(#4347),#4351);
#4347 = LINE('',#4348,#4349);
#4348 = CARTESIAN_POINT('',(1.570796326795,2.));
#4349 = VECTOR('',#4350,1.);
#4350 = DIRECTION('',(-1.,0.));
#4351 = ( GEOMETRIC_REPRESENTATION_CONTEXT(2) 
PARAMETRIC_REPRESENTATION_CONTEXT() REPRESENTATION_CONTEXT('2D SPACE',''
  ) );
#4352 = ORIENTED_EDGE('',*,*,#4353,.T.);
#4353 = EDGE_CURVE('',#4326,#4354,#4356,.T.);
#4354 = VERTEX_POINT('',#4355);
#4355 = CARTESIAN_POINT('',(-4.1,-46.,35.3));
#4356 = SURFACE_CURVE('',#4357,(#4361,#4368),.PCURVE_S1.);
#4357 = LINE('',#4358,#4359);
#4358 = CARTESIAN_POINT('',(-4.1,-46.,31.));
#4359 = VECTOR('',#4360,1.);
#4360 = DIRECTION('',(0.,0.,1.));
#4361 = PCURVE('',#3857,#4362);
#4362 = DEFINITIONAL_REPRESENTATION('',(#4363),#4367);
#4363 = LINE('',#4364,#4365);
#4364 = CARTESIAN_POINT('',(0.,0.));
#4365 = VECTOR('',#4366,1.);
#4366 = DIRECTION('',(1.,0.));
#4367 = ( GEOMETRIC_REPRESENTATION_CONTEXT(2) 
PARAMETRIC_REPRESENTATION_CONTEXT() REPRESENTATION_CONTEXT('2D SPACE',''
  ) );
#4368 = PCURVE('',#4369,#4374);
#4369 = PLANE('',#4370);
#4370 = AXIS2_PLACEMENT_3D('',#4371,#4372,#4373);
#4371 = CARTESIAN_POINT('',(-4.1,-48.,31.));
#4372 = DIRECTION('',(1.,0.,0.));
#4373 = DIRECTION('',(0.,0.,1.));
#4374 = DEFINITIONAL_REPRESENTATION('',(#4375),#4379);
#4375 = LINE('',#4376,#4377);
#4376 = CARTESIAN_POINT('',(0.,-2.));
#4377 = VECTOR('',#4378,1.);
#4378 = DIRECTION('',(1.,0.));
#4379 = ( GEOMETRIC_REPRESENTATION_CONTEXT(2) 
PARAMETRIC_REPRESENTATION_CONTEXT() REPRESENTATION_CONTEXT('2D SPACE',''
  ) );
#4380 = ORIENTED_EDGE('',*,*,#4381,.T.);
#4381 = EDGE_CURVE('',#4354,#4382,#4384,.T.);
#4382 = VERTEX_POINT('',#4383);
#4383 = CARTESIAN_POINT('',(-3.4,-46.,36.));
#4384 = SURFACE_CURVE('',#4385,(#4390,#4397),.PCURVE_S1.);
#4385 = CIRCLE('',#4386,0.7);
#4386 = AXIS2_PLACEMENT_3D('',#4387,#4388,#4389);
#4387 = CARTESIAN_POINT('',(-3.4,-46.,35.3));
#4388 = DIRECTION('',(0.,1.,0.));
#4389 = DIRECTION('',(0.,-0.,1.));
#4390 = PCURVE('',#3857,#4391);
#4391 = DEFINITIONAL_REPRESENTATION('',(#4392),#4396);
#4392 = CIRCLE('',#4393,0.7);
#4393 = AXIS2_PLACEMENT_2D('',#4394,#4395);
#4394 = CARTESIAN_POINT('',(4.3,0.7));
#4395 = DIRECTION('',(1.,0.));
#4396 = ( GEOMETRIC_REPRESENTATION_CONTEXT(2) 
PARAMETRIC_REPRESENTATION_CONTEXT() REPRESENTATION_CONTEXT('2D SPACE',''
  ) );
#4397 = PCURVE('',#4398,#4403);
#4398 = CYLINDRICAL_SURFACE('',#4399,0.7);
#4399 = AXIS2_PLACEMENT_3D('',#4400,#4401,#4402);
#4400 = CARTESIAN_POINT('',(-3.4,-48.,35.3));
#4401 = DIRECTION('',(0.,1.,0.));
#4402 = DIRECTION('',(-1.,0.,0.));
#4403 = DEFINITIONAL_REPRESENTATION('',(#4404),#4408);
#4404 = LINE('',#4405,#4406);
#4405 = CARTESIAN_POINT('',(-4.712388980385,2.));
#4406 = VECTOR('',#4407,1.);
#4407 = DIRECTION('',(1.,0.));
#4408 = ( GEOMETRIC_REPRESENTATION_CONTEXT(2) 
PARAMETRIC_REPRESENTATION_CONTEXT() REPRESENTATION_CONTEXT('2D SPACE',''
  ) );
#4409 = ORIENTED_EDGE('',*,*,#4410,.T.);
#4410 = EDGE_CURVE('',#4382,#4411,#4413,.T.);
#4411 = VERTEX_POINT('',#4412);
#4412 = CARTESIAN_POINT('',(3.4,-46.,36.));
#4413 = SURFACE_CURVE('',#4414,(#4418,#4425),.PCURVE_S1.);
#4414 = LINE('',#4415,#4416);
#4415 = CARTESIAN_POINT('',(-4.1,-46.,36.));
#4416 = VECTOR('',#4417,1.);
#4417 = DIRECTION('',(1.,0.,0.));
#4418 = PCURVE('',#3857,#4419);
#4419 = DEFINITIONAL_REPRESENTATION('',(#4420),#4424);
#4420 = LINE('',#4421,#4422);
#4421 = CARTESIAN_POINT('',(5.,0.));
#4422 = VECTOR('',#4423,1.);
#4423 = DIRECTION('',(0.,1.));
#4424 = ( GEOMETRIC_REPRESENTATION_CONTEXT(2) 
PARAMETRIC_REPRESENTATION_CONTEXT() REPRESENTATION_CONTEXT('2D SPACE',''
  ) );
#4425 = PCURVE('',#4426,#4431);
#4426 = PLANE('',#4427);
#4427 = AXIS2_PLACEMENT_3D('',#4428,#4429,#4430);
#4428 = CARTESIAN_POINT('',(-4.1,-48.,36.));
#4429 = DIRECTION('',(0.,0.,1.));
#4430 = DIRECTION('',(1.,0.,0.));
#4431 = DEFINITIONAL_REPRESENTATION('',(#4432),#4436);
#4432 = LINE('',#4433,#4434);
#4433 = CARTESIAN_POINT('',(0.,2.));
#4434 = VECTOR('',#4435,1.);
#4435 = DIRECTION('',(1.,0.));
#4436 = ( GEOMETRIC_REPRESENTATION_CONTEXT(2) 
PARAMETRIC_REPRESENTATION_CONTEXT() REPRESENTATION_CONTEXT('2D SPACE',''
  ) );
#4437 = ORIENTED_EDGE('',*,*,#4438,.F.);
#4438 = EDGE_CURVE('',#4439,#4411,#4441,.T.);
#4439 = VERTEX_POINT('',#4440);
#4440 = CARTESIAN_POINT('',(4.1,-46.,35.3));
#4441 = SURFACE_CURVE('',#4442,(#4447,#4458),.PCURVE_S1.);
#4442 = CIRCLE('',#4443,0.7);
#4443 = AXIS2_PLACEMENT_3D('',#4444,#4445,#4446);
#4444 = CARTESIAN_POINT('',(3.4,-46.,35.3));
#4445 = DIRECTION('',(-0.,-1.,0.));
#4446 = DIRECTION('',(0.,-0.,1.));
#4447 = PCURVE('',#3857,#4448);
#4448 = DEFINITIONAL_REPRESENTATION('',(#4449),#4457);
#4449 = ( BOUNDED_CURVE() B_SPLINE_CURVE(2,(#4450,#4451,#4452,#4453,
#4454,#4455,#4456),.UNSPECIFIED.,.T.,.F.) B_SPLINE_CURVE_WITH_KNOTS((1,2
    ,2,2,2,1),(-2.094395102393,0.,2.094395102393,4.188790204786,
6.28318530718,8.377580409573),.UNSPECIFIED.) CURVE() 
GEOMETRIC_REPRESENTATION_ITEM() RATIONAL_B_SPLINE_CURVE((1.,0.5,1.,0.5,
1.,0.5,1.)) REPRESENTATION_ITEM('') );
#4450 = CARTESIAN_POINT('',(5.,7.5));
#4451 = CARTESIAN_POINT('',(5.,6.287564434702));
#4452 = CARTESIAN_POINT('',(3.95,6.893782217351));
#4453 = CARTESIAN_POINT('',(2.9,7.5));
#4454 = CARTESIAN_POINT('',(3.95,8.106217782649));
#4455 = CARTESIAN_POINT('',(5.,8.712435565298));
#4456 = CARTESIAN_POINT('',(5.,7.5));
#4457 = ( GEOMETRIC_REPRESENTATION_CONTEXT(2) 
PARAMETRIC_REPRESENTATION_CONTEXT() REPRESENTATION_CONTEXT('2D SPACE',''
  ) );
#4458 = PCURVE('',#4459,#4464);
#4459 = CYLINDRICAL_SURFACE('',#4460,0.7);
#4460 = AXIS2_PLACEMENT_3D('',#4461,#4462,#4463);
#4461 = CARTESIAN_POINT('',(3.4,-48.,35.3));
#4462 = DIRECTION('',(0.,1.,0.));
#4463 = DIRECTION('',(1.,0.,-0.));
#4464 = DEFINITIONAL_REPRESENTATION('',(#4465),#4469);
#4465 = LINE('',#4466,#4467);
#4466 = CARTESIAN_POINT('',(4.712388980385,2.));
#4467 = VECTOR('',#4468,1.);
#4468 = DIRECTION('',(-1.,0.));
#4469 = ( GEOMETRIC_REPRESENTATION_CONTEXT(2) 
PARAMETRIC_REPRESENTATION_CONTEXT() REPRESENTATION_CONTEXT('2D SPACE',''
  ) );
#4470 = ORIENTED_EDGE('',*,*,#4471,.F.);
#4471 = EDGE_CURVE('',#4472,#4439,#4474,.T.);
#4472 = VERTEX_POINT('',#4473);
#4473 = CARTESIAN_POINT('',(4.1,-46.,31.7));
#4474 = SURFACE_CURVE('',#4475,(#4479,#4486),.PCURVE_S1.);
#4475 = LINE('',#4476,#4477);
#4476 = CARTESIAN_POINT('',(4.1,-46.,31.));
#4477 = VECTOR('',#4478,1.);
#4478 = DIRECTION('',(0.,0.,1.));
#4479 = PCURVE('',#3857,#4480);
#4480 = DEFINITIONAL_REPRESENTATION('',(#4481),#4485);
#4481 = LINE('',#4482,#4483);
#4482 = CARTESIAN_POINT('',(0.,8.2));
#4483 = VECTOR('',#4484,1.);
#4484 = DIRECTION('',(1.,0.));
#4485 = ( GEOMETRIC_REPRESENTATION_CONTEXT(2) 
PARAMETRIC_REPRESENTATION_CONTEXT() REPRESENTATION_CONTEXT('2D SPACE',''
  ) );
#4486 = PCURVE('',#4487,#4492);
#4487 = PLANE('',#4488);
#4488 = AXIS2_PLACEMENT_3D('',#4489,#4490,#4491);
#4489 = CARTESIAN_POINT('',(4.1,-48.,31.));
#4490 = DIRECTION('',(1.,0.,0.));
#4491 = DIRECTION('',(0.,0.,1.));
#4492 = DEFINITIONAL_REPRESENTATION('',(#4493),#4497);
#4493 = LINE('',#4494,#4495);
#4494 = CARTESIAN_POINT('',(0.,-2.));
#4495 = VECTOR('',#4496,1.);
#4496 = DIRECTION('',(1.,0.));
#4497 = ( GEOMETRIC_REPRESENTATION_CONTEXT(2) 
PARAMETRIC_REPRESENTATION_CONTEXT() REPRESENTATION_CONTEXT('2D SPACE',''
  ) );
#4498 = ORIENTED_EDGE('',*,*,#4499,.T.);
#4499 = EDGE_CURVE('',#4472,#3972,#4500,.T.);
#4500 = SURFACE_CURVE('',#4501,(#4506,#4513),.PCURVE_S1.);
#4501 = CIRCLE('',#4502,0.7);
#4502 = AXIS2_PLACEMENT_3D('',#4503,#4504,#4505);
#4503 = CARTESIAN_POINT('',(3.4,-46.,31.7));
#4504 = DIRECTION('',(0.,1.,0.));
#4505 = DIRECTION('',(0.,-0.,1.));
#4506 = PCURVE('',#3857,#4507);
#4507 = DEFINITIONAL_REPRESENTATION('',(#4508),#4512);
#4508 = CIRCLE('',#4509,0.7);
#4509 = AXIS2_PLACEMENT_2D('',#4510,#4511);
#4510 = CARTESIAN_POINT('',(0.7,7.5));
#4511 = DIRECTION('',(1.,0.));
#4512 = ( GEOMETRIC_REPRESENTATION_CONTEXT(2) 
PARAMETRIC_REPRESENTATION_CONTEXT() REPRESENTATION_CONTEXT('2D SPACE',''
  ) );
#4513 = PCURVE('',#3987,#4514);
#4514 = DEFINITIONAL_REPRESENTATION('',(#4515),#4519);
#4515 = LINE('',#4516,#4517);
#4516 = CARTESIAN_POINT('',(-1.570796326795,2.));
#4517 = VECTOR('',#4518,1.);
#4518 = DIRECTION('',(1.,0.));
#4519 = ( GEOMETRIC_REPRESENTATION_CONTEXT(2) 
PARAMETRIC_REPRESENTATION_CONTEXT() REPRESENTATION_CONTEXT('2D SPACE',''
  ) );
#4520 = ORIENTED_EDGE('',*,*,#3999,.F.);
#4521 = ORIENTED_EDGE('',*,*,#4050,.F.);
#4522 = ORIENTED_EDGE('',*,*,#4097,.F.);
#4523 = ORIENTED_EDGE('',*,*,#3842,.F.);
#4524 = ADVANCED_FACE('',(#4525),#3987,.T.);
#4525 = FACE_BOUND('',#4526,.T.);
#4526 = EDGE_LOOP('',(#4527,#4551,#4552,#4553));
#4527 = ORIENTED_EDGE('',*,*,#4528,.T.);
#4528 = EDGE_CURVE('',#4529,#3944,#4531,.T.);
#4529 = VERTEX_POINT('',#4530);
#4530 = CARTESIAN_POINT('',(4.1,-48.,31.7));
#4531 = SURFACE_CURVE('',#4532,(#4537,#4544),.PCURVE_S1.);
#4532 = CIRCLE('',#4533,0.7);
#4533 = AXIS2_PLACEMENT_3D('',#4534,#4535,#4536);
#4534 = CARTESIAN_POINT('',(3.4,-48.,31.7));
#4535 = DIRECTION('',(0.,1.,0.));
#4536 = DIRECTION('',(0.,-0.,1.));
#4537 = PCURVE('',#3987,#4538);
#4538 = DEFINITIONAL_REPRESENTATION('',(#4539),#4543);
#4539 = LINE('',#4540,#4541);
#4540 = CARTESIAN_POINT('',(-1.570796326795,0.));
#4541 = VECTOR('',#4542,1.);
#4542 = DIRECTION('',(1.,0.));
#4543 = ( GEOMETRIC_REPRESENTATION_CONTEXT(2) 
PARAMETRIC_REPRESENTATION_CONTEXT() REPRESENTATION_CONTEXT('2D SPACE',''
  ) );
#4544 = PCURVE('',#3959,#4545);
#4545 = DEFINITIONAL_REPRESENTATION('',(#4546),#4550);
#4546 = CIRCLE('',#4547,0.7);
#4547 = AXIS2_PLACEMENT_2D('',#4548,#4549);
#4548 = CARTESIAN_POINT('',(0.7,7.5));
#4549 = DIRECTION('',(1.,0.));
#4550 = ( GEOMETRIC_REPRESENTATION_CONTEXT(2) 
PARAMETRIC_REPRESENTATION_CONTEXT() REPRESENTATION_CONTEXT('2D SPACE',''
  ) );
#4551 = ORIENTED_EDGE('',*,*,#3971,.T.);
#4552 = ORIENTED_EDGE('',*,*,#4499,.F.);
#4553 = ORIENTED_EDGE('',*,*,#4554,.F.);
#4554 = EDGE_CURVE('',#4529,#4472,#4555,.T.);
#4555 = SURFACE_CURVE('',#4556,(#4560,#4567),.PCURVE_S1.);
#4556 = LINE('',#4557,#4558);
#4557 = CARTESIAN_POINT('',(4.1,-48.,31.7));
#4558 = VECTOR('',#4559,1.);
#4559 = DIRECTION('',(0.,1.,0.));
#4560 = PCURVE('',#3987,#4561);
#4561 = DEFINITIONAL_REPRESENTATION('',(#4562),#4566);
#4562 = LINE('',#4563,#4564);
#4563 = CARTESIAN_POINT('',(0.,0.));
#4564 = VECTOR('',#4565,1.);
#4565 = DIRECTION('',(0.,1.));
#4566 = ( GEOMETRIC_REPRESENTATION_CONTEXT(2) 
PARAMETRIC_REPRESENTATION_CONTEXT() REPRESENTATION_CONTEXT('2D SPACE',''
  ) );
#4567 = PCURVE('',#4487,#4568);
#4568 = DEFINITIONAL_REPRESENTATION('',(#4569),#4573);
#4569 = LINE('',#4570,#4571);
#4570 = CARTESIAN_POINT('',(0.7,0.));
#4571 = VECTOR('',#4572,1.);
#4572 = DIRECTION('',(0.,-1.));
#4573 = ( GEOMETRIC_REPRESENTATION_CONTEXT(2) 
PARAMETRIC_REPRESENTATION_CONTEXT() REPRESENTATION_CONTEXT('2D SPACE',''
  ) );
#4574 = ADVANCED_FACE('',(#4575),#3959,.F.);
#4575 = FACE_BOUND('',#4576,.F.);
#4576 = EDGE_LOOP('',(#4577,#4578,#4606,#4629,#4653,#4676,#4704,#4725));
#4577 = ORIENTED_EDGE('',*,*,#3943,.F.);
#4578 = ORIENTED_EDGE('',*,*,#4579,.F.);
#4579 = EDGE_CURVE('',#4580,#3916,#4582,.T.);
#4580 = VERTEX_POINT('',#4581);
#4581 = CARTESIAN_POINT('',(-4.1,-48.,31.7));
#4582 = SURFACE_CURVE('',#4583,(#4588,#4599),.PCURVE_S1.);
#4583 = CIRCLE('',#4584,0.7);
#4584 = AXIS2_PLACEMENT_3D('',#4585,#4586,#4587);
#4585 = CARTESIAN_POINT('',(-3.4,-48.,31.7));
#4586 = DIRECTION('',(-0.,-1.,0.));
#4587 = DIRECTION('',(0.,-0.,1.));
#4588 = PCURVE('',#3959,#4589);
#4589 = DEFINITIONAL_REPRESENTATION('',(#4590),#4598);
#4590 = ( BOUNDED_CURVE() B_SPLINE_CURVE(2,(#4591,#4592,#4593,#4594,
#4595,#4596,#4597),.UNSPECIFIED.,.T.,.F.) B_SPLINE_CURVE_WITH_KNOTS((1,2
    ,2,2,2,1),(-2.094395102393,0.,2.094395102393,4.188790204786,
6.28318530718,8.377580409573),.UNSPECIFIED.) CURVE() 
GEOMETRIC_REPRESENTATION_ITEM() RATIONAL_B_SPLINE_CURVE((1.,0.5,1.,0.5,
1.,0.5,1.)) REPRESENTATION_ITEM('') );
#4591 = CARTESIAN_POINT('',(1.4,0.7));
#4592 = CARTESIAN_POINT('',(1.4,-0.512435565298));
#4593 = CARTESIAN_POINT('',(0.35,9.378221735089E-02));
#4594 = CARTESIAN_POINT('',(-0.7,0.7));
#4595 = CARTESIAN_POINT('',(0.35,1.306217782649));
#4596 = CARTESIAN_POINT('',(1.4,1.912435565298));
#4597 = CARTESIAN_POINT('',(1.4,0.7));
#4598 = ( GEOMETRIC_REPRESENTATION_CONTEXT(2) 
PARAMETRIC_REPRESENTATION_CONTEXT() REPRESENTATION_CONTEXT('2D SPACE',''
  ) );
#4599 = PCURVE('',#3931,#4600);
#4600 = DEFINITIONAL_REPRESENTATION('',(#4601),#4605);
#4601 = LINE('',#4602,#4603);
#4602 = CARTESIAN_POINT('',(1.570796326795,-0.));
#4603 = VECTOR('',#4604,1.);
#4604 = DIRECTION('',(-1.,0.));
#4605 = ( GEOMETRIC_REPRESENTATION_CONTEXT(2) 
PARAMETRIC_REPRESENTATION_CONTEXT() REPRESENTATION_CONTEXT('2D SPACE',''
  ) );
#4606 = ORIENTED_EDGE('',*,*,#4607,.T.);
#4607 = EDGE_CURVE('',#4580,#4608,#4610,.T.);
#4608 = VERTEX_POINT('',#4609);
#4609 = CARTESIAN_POINT('',(-4.1,-48.,35.3));
#4610 = SURFACE_CURVE('',#4611,(#4615,#4622),.PCURVE_S1.);
#4611 = LINE('',#4612,#4613);
#4612 = CARTESIAN_POINT('',(-4.1,-48.,31.));
#4613 = VECTOR('',#4614,1.);
#4614 = DIRECTION('',(0.,0.,1.));
#4615 = PCURVE('',#3959,#4616);
#4616 = DEFINITIONAL_REPRESENTATION('',(#4617),#4621);
#4617 = LINE('',#4618,#4619);
#4618 = CARTESIAN_POINT('',(0.,0.));
#4619 = VECTOR('',#4620,1.);
#4620 = DIRECTION('',(1.,0.));
#4621 = ( GEOMETRIC_REPRESENTATION_CONTEXT(2) 
PARAMETRIC_REPRESENTATION_CONTEXT() REPRESENTATION_CONTEXT('2D SPACE',''
  ) );
#4622 = PCURVE('',#4369,#4623);
#4623 = DEFINITIONAL_REPRESENTATION('',(#4624),#4628);
#4624 = LINE('',#4625,#4626);
#4625 = CARTESIAN_POINT('',(0.,0.));
#4626 = VECTOR('',#4627,1.);
#4627 = DIRECTION('',(1.,0.));
#4628 = ( GEOMETRIC_REPRESENTATION_CONTEXT(2) 
PARAMETRIC_REPRESENTATION_CONTEXT() REPRESENTATION_CONTEXT('2D SPACE',''
  ) );
#4629 = ORIENTED_EDGE('',*,*,#4630,.T.);
#4630 = EDGE_CURVE('',#4608,#4631,#4633,.T.);
#4631 = VERTEX_POINT('',#4632);
#4632 = CARTESIAN_POINT('',(-3.4,-48.,36.));
#4633 = SURFACE_CURVE('',#4634,(#4639,#4646),.PCURVE_S1.);
#4634 = CIRCLE('',#4635,0.7);
#4635 = AXIS2_PLACEMENT_3D('',#4636,#4637,#4638);
#4636 = CARTESIAN_POINT('',(-3.4,-48.,35.3));
#4637 = DIRECTION('',(0.,1.,0.));
#4638 = DIRECTION('',(0.,-0.,1.));
#4639 = PCURVE('',#3959,#4640);
#4640 = DEFINITIONAL_REPRESENTATION('',(#4641),#4645);
#4641 = CIRCLE('',#4642,0.7);
#4642 = AXIS2_PLACEMENT_2D('',#4643,#4644);
#4643 = CARTESIAN_POINT('',(4.3,0.7));
#4644 = DIRECTION('',(1.,0.));
#4645 = ( GEOMETRIC_REPRESENTATION_CONTEXT(2) 
PARAMETRIC_REPRESENTATION_CONTEXT() REPRESENTATION_CONTEXT('2D SPACE',''
  ) );
#4646 = PCURVE('',#4398,#4647);
#4647 = DEFINITIONAL_REPRESENTATION('',(#4648),#4652);
#4648 = LINE('',#4649,#4650);
#4649 = CARTESIAN_POINT('',(-4.712388980385,0.));
#4650 = VECTOR('',#4651,1.);
#4651 = DIRECTION('',(1.,0.));
#4652 = ( GEOMETRIC_REPRESENTATION_CONTEXT(2) 
PARAMETRIC_REPRESENTATION_CONTEXT() REPRESENTATION_CONTEXT('2D SPACE',''
  ) );
#4653 = ORIENTED_EDGE('',*,*,#4654,.T.);
#4654 = EDGE_CURVE('',#4631,#4655,#4657,.T.);
#4655 = VERTEX_POINT('',#4656);
#4656 = CARTESIAN_POINT('',(3.4,-48.,36.));
#4657 = SURFACE_CURVE('',#4658,(#4662,#4669),.PCURVE_S1.);
#4658 = LINE('',#4659,#4660);
#4659 = CARTESIAN_POINT('',(-4.1,-48.,36.));
#4660 = VECTOR('',#4661,1.);
#4661 = DIRECTION('',(1.,0.,0.));
#4662 = PCURVE('',#3959,#4663);
#4663 = DEFINITIONAL_REPRESENTATION('',(#4664),#4668);
#4664 = LINE('',#4665,#4666);
#4665 = CARTESIAN_POINT('',(5.,0.));
#4666 = VECTOR('',#4667,1.);
#4667 = DIRECTION('',(0.,1.));
#4668 = ( GEOMETRIC_REPRESENTATION_CONTEXT(2) 
PARAMETRIC_REPRESENTATION_CONTEXT() REPRESENTATION_CONTEXT('2D SPACE',''
  ) );
#4669 = PCURVE('',#4426,#4670);
#4670 = DEFINITIONAL_REPRESENTATION('',(#4671),#4675);
#4671 = LINE('',#4672,#4673);
#4672 = CARTESIAN_POINT('',(0.,0.));
#4673 = VECTOR('',#4674,1.);
#4674 = DIRECTION('',(1.,0.));
#4675 = ( GEOMETRIC_REPRESENTATION_CONTEXT(2) 
PARAMETRIC_REPRESENTATION_CONTEXT() REPRESENTATION_CONTEXT('2D SPACE',''
  ) );
#4676 = ORIENTED_EDGE('',*,*,#4677,.F.);
#4677 = EDGE_CURVE('',#4678,#4655,#4680,.T.);
#4678 = VERTEX_POINT('',#4679);
#4679 = CARTESIAN_POINT('',(4.1,-48.,35.3));
#4680 = SURFACE_CURVE('',#4681,(#4686,#4697),.PCURVE_S1.);
#4681 = CIRCLE('',#4682,0.7);
#4682 = AXIS2_PLACEMENT_3D('',#4683,#4684,#4685);
#4683 = CARTESIAN_POINT('',(3.4,-48.,35.3));
#4684 = DIRECTION('',(-0.,-1.,0.));
#4685 = DIRECTION('',(0.,-0.,1.));
#4686 = PCURVE('',#3959,#4687);
#4687 = DEFINITIONAL_REPRESENTATION('',(#4688),#4696);
#4688 = ( BOUNDED_CURVE() B_SPLINE_CURVE(2,(#4689,#4690,#4691,#4692,
#4693,#4694,#4695),.UNSPECIFIED.,.T.,.F.) B_SPLINE_CURVE_WITH_KNOTS((1,2
    ,2,2,2,1),(-2.094395102393,0.,2.094395102393,4.188790204786,
6.28318530718,8.377580409573),.UNSPECIFIED.) CURVE() 
GEOMETRIC_REPRESENTATION_ITEM() RATIONAL_B_SPLINE_CURVE((1.,0.5,1.,0.5,
1.,0.5,1.)) REPRESENTATION_ITEM('') );
#4689 = CARTESIAN_POINT('',(5.,7.5));
#4690 = CARTESIAN_POINT('',(5.,6.287564434702));
#4691 = CARTESIAN_POINT('',(3.95,6.893782217351));
#4692 = CARTESIAN_POINT('',(2.9,7.5));
#4693 = CARTESIAN_POINT('',(3.95,8.106217782649));
#4694 = CARTESIAN_POINT('',(5.,8.712435565298));
#4695 = CARTESIAN_POINT('',(5.,7.5));
#4696 = ( GEOMETRIC_REPRESENTATION_CONTEXT(2) 
PARAMETRIC_REPRESENTATION_CONTEXT() REPRESENTATION_CONTEXT('2D SPACE',''
  ) );
#4697 = PCURVE('',#4459,#4698);
#4698 = DEFINITIONAL_REPRESENTATION('',(#4699),#4703);
#4699 = LINE('',#4700,#4701);
#4700 = CARTESIAN_POINT('',(4.712388980385,-0.));
#4701 = VECTOR('',#4702,1.);
#4702 = DIRECTION('',(-1.,0.));
#4703 = ( GEOMETRIC_REPRESENTATION_CONTEXT(2) 
PARAMETRIC_REPRESENTATION_CONTEXT() REPRESENTATION_CONTEXT('2D SPACE',''
  ) );
#4704 = ORIENTED_EDGE('',*,*,#4705,.F.);
#4705 = EDGE_CURVE('',#4529,#4678,#4706,.T.);
#4706 = SURFACE_CURVE('',#4707,(#4711,#4718),.PCURVE_S1.);
#4707 = LINE('',#4708,#4709);
#4708 = CARTESIAN_POINT('',(4.1,-48.,31.));
#4709 = VECTOR('',#4710,1.);
#4710 = DIRECTION('',(0.,0.,1.));
#4711 = PCURVE('',#3959,#4712);
#4712 = DEFINITIONAL_REPRESENTATION('',(#4713),#4717);
#4713 = LINE('',#4714,#4715);
#4714 = CARTESIAN_POINT('',(0.,8.2));
#4715 = VECTOR('',#4716,1.);
#4716 = DIRECTION('',(1.,0.));
#4717 = ( GEOMETRIC_REPRESENTATION_CONTEXT(2) 
PARAMETRIC_REPRESENTATION_CONTEXT() REPRESENTATION_CONTEXT('2D SPACE',''
  ) );
#4718 = PCURVE('',#4487,#4719);
#4719 = DEFINITIONAL_REPRESENTATION('',(#4720),#4724);
#4720 = LINE('',#4721,#4722);
#4721 = CARTESIAN_POINT('',(0.,0.));
#4722 = VECTOR('',#4723,1.);
#4723 = DIRECTION('',(1.,0.));
#4724 = ( GEOMETRIC_REPRESENTATION_CONTEXT(2) 
PARAMETRIC_REPRESENTATION_CONTEXT() REPRESENTATION_CONTEXT('2D SPACE',''
  ) );
#4725 = ORIENTED_EDGE('',*,*,#4528,.T.);
#4726 = ADVANCED_FACE('',(#4727),#3931,.T.);
#4727 = FACE_BOUND('',#4728,.F.);
#4728 = EDGE_LOOP('',(#4729,#4730,#4731,#4732));
#4729 = ORIENTED_EDGE('',*,*,#4579,.T.);
#4730 = ORIENTED_EDGE('',*,*,#3915,.T.);
#4731 = ORIENTED_EDGE('',*,*,#4325,.F.);
#4732 = ORIENTED_EDGE('',*,*,#4733,.F.);
#4733 = EDGE_CURVE('',#4580,#4326,#4734,.T.);
#4734 = SURFACE_CURVE('',#4735,(#4739,#4746),.PCURVE_S1.);
#4735 = LINE('',#4736,#4737);
#4736 = CARTESIAN_POINT('',(-4.1,-48.,31.7));
#4737 = VECTOR('',#4738,1.);
#4738 = DIRECTION('',(0.,1.,0.));
#4739 = PCURVE('',#3931,#4740);
#4740 = DEFINITIONAL_REPRESENTATION('',(#4741),#4745);
#4741 = LINE('',#4742,#4743);
#4742 = CARTESIAN_POINT('',(-0.,0.));
#4743 = VECTOR('',#4744,1.);
#4744 = DIRECTION('',(-0.,1.));
#4745 = ( GEOMETRIC_REPRESENTATION_CONTEXT(2) 
PARAMETRIC_REPRESENTATION_CONTEXT() REPRESENTATION_CONTEXT('2D SPACE',''
  ) );
#4746 = PCURVE('',#4369,#4747);
#4747 = DEFINITIONAL_REPRESENTATION('',(#4748),#4752);
#4748 = LINE('',#4749,#4750);
#4749 = CARTESIAN_POINT('',(0.7,0.));
#4750 = VECTOR('',#4751,1.);
#4751 = DIRECTION('',(0.,-1.));
#4752 = ( GEOMETRIC_REPRESENTATION_CONTEXT(2) 
PARAMETRIC_REPRESENTATION_CONTEXT() REPRESENTATION_CONTEXT('2D SPACE',''
  ) );
#4753 = ADVANCED_FACE('',(#4754),#4487,.T.);
#4754 = FACE_BOUND('',#4755,.T.);
#4755 = EDGE_LOOP('',(#4756,#4757,#4758,#4759));
#4756 = ORIENTED_EDGE('',*,*,#4705,.F.);
#4757 = ORIENTED_EDGE('',*,*,#4554,.T.);
#4758 = ORIENTED_EDGE('',*,*,#4471,.T.);
#4759 = ORIENTED_EDGE('',*,*,#4760,.F.);
#4760 = EDGE_CURVE('',#4678,#4439,#4761,.T.);
#4761 = SURFACE_CURVE('',#4762,(#4766,#4773),.PCURVE_S1.);
#4762 = LINE('',#4763,#4764);
#4763 = CARTESIAN_POINT('',(4.1,-48.,35.3));
#4764 = VECTOR('',#4765,1.);
#4765 = DIRECTION('',(0.,1.,0.));
#4766 = PCURVE('',#4487,#4767);
#4767 = DEFINITIONAL_REPRESENTATION('',(#4768),#4772);
#4768 = LINE('',#4769,#4770);
#4769 = CARTESIAN_POINT('',(4.3,0.));
#4770 = VECTOR('',#4771,1.);
#4771 = DIRECTION('',(0.,-1.));
#4772 = ( GEOMETRIC_REPRESENTATION_CONTEXT(2) 
PARAMETRIC_REPRESENTATION_CONTEXT() REPRESENTATION_CONTEXT('2D SPACE',''
  ) );
#4773 = PCURVE('',#4459,#4774);
#4774 = DEFINITIONAL_REPRESENTATION('',(#4775),#4779);
#4775 = LINE('',#4776,#4777);
#4776 = CARTESIAN_POINT('',(-0.,0.));
#4777 = VECTOR('',#4778,1.);
#4778 = DIRECTION('',(-0.,1.));
#4779 = ( GEOMETRIC_REPRESENTATION_CONTEXT(2) 
PARAMETRIC_REPRESENTATION_CONTEXT() REPRESENTATION_CONTEXT('2D SPACE',''
  ) );
#4780 = ADVANCED_FACE('',(#4781),#4459,.T.);
#4781 = FACE_BOUND('',#4782,.F.);
#4782 = EDGE_LOOP('',(#4783,#4784,#4805,#4806));
#4783 = ORIENTED_EDGE('',*,*,#4677,.T.);
#4784 = ORIENTED_EDGE('',*,*,#4785,.T.);
#4785 = EDGE_CURVE('',#4655,#4411,#4786,.T.);
#4786 = SURFACE_CURVE('',#4787,(#4791,#4798),.PCURVE_S1.);
#4787 = LINE('',#4788,#4789);
#4788 = CARTESIAN_POINT('',(3.4,-48.,36.));
#4789 = VECTOR('',#4790,1.);
#4790 = DIRECTION('',(0.,1.,0.));
#4791 = PCURVE('',#4459,#4792);
#4792 = DEFINITIONAL_REPRESENTATION('',(#4793),#4797);
#4793 = LINE('',#4794,#4795);
#4794 = CARTESIAN_POINT('',(-1.570796326795,0.));
#4795 = VECTOR('',#4796,1.);
#4796 = DIRECTION('',(-0.,1.));
#4797 = ( GEOMETRIC_REPRESENTATION_CONTEXT(2) 
PARAMETRIC_REPRESENTATION_CONTEXT() REPRESENTATION_CONTEXT('2D SPACE',''
  ) );
#4798 = PCURVE('',#4426,#4799);
#4799 = DEFINITIONAL_REPRESENTATION('',(#4800),#4804);
#4800 = LINE('',#4801,#4802);
#4801 = CARTESIAN_POINT('',(7.5,0.));
#4802 = VECTOR('',#4803,1.);
#4803 = DIRECTION('',(0.,1.));
#4804 = ( GEOMETRIC_REPRESENTATION_CONTEXT(2) 
PARAMETRIC_REPRESENTATION_CONTEXT() REPRESENTATION_CONTEXT('2D SPACE',''
  ) );
#4805 = ORIENTED_EDGE('',*,*,#4438,.F.);
#4806 = ORIENTED_EDGE('',*,*,#4760,.F.);
#4807 = ADVANCED_FACE('',(#4808),#4426,.T.);
#4808 = FACE_BOUND('',#4809,.T.);
#4809 = EDGE_LOOP('',(#4810,#4811,#4832,#4833));
#4810 = ORIENTED_EDGE('',*,*,#4410,.F.);
#4811 = ORIENTED_EDGE('',*,*,#4812,.F.);
#4812 = EDGE_CURVE('',#4631,#4382,#4813,.T.);
#4813 = SURFACE_CURVE('',#4814,(#4818,#4825),.PCURVE_S1.);
#4814 = LINE('',#4815,#4816);
#4815 = CARTESIAN_POINT('',(-3.4,-48.,36.));
#4816 = VECTOR('',#4817,1.);
#4817 = DIRECTION('',(0.,1.,0.));
#4818 = PCURVE('',#4426,#4819);
#4819 = DEFINITIONAL_REPRESENTATION('',(#4820),#4824);
#4820 = LINE('',#4821,#4822);
#4821 = CARTESIAN_POINT('',(0.7,0.));
#4822 = VECTOR('',#4823,1.);
#4823 = DIRECTION('',(0.,1.));
#4824 = ( GEOMETRIC_REPRESENTATION_CONTEXT(2) 
PARAMETRIC_REPRESENTATION_CONTEXT() REPRESENTATION_CONTEXT('2D SPACE',''
  ) );
#4825 = PCURVE('',#4398,#4826);
#4826 = DEFINITIONAL_REPRESENTATION('',(#4827),#4831);
#4827 = LINE('',#4828,#4829);
#4828 = CARTESIAN_POINT('',(1.570796326795,0.));
#4829 = VECTOR('',#4830,1.);
#4830 = DIRECTION('',(0.,1.));
#4831 = ( GEOMETRIC_REPRESENTATION_CONTEXT(2) 
PARAMETRIC_REPRESENTATION_CONTEXT() REPRESENTATION_CONTEXT('2D SPACE',''
  ) );
#4832 = ORIENTED_EDGE('',*,*,#4654,.T.);
#4833 = ORIENTED_EDGE('',*,*,#4785,.T.);
#4834 = ADVANCED_FACE('',(#4835),#4398,.T.);
#4835 = FACE_BOUND('',#4836,.T.);
#4836 = EDGE_LOOP('',(#4837,#4838,#4839,#4840));
#4837 = ORIENTED_EDGE('',*,*,#4630,.T.);
#4838 = ORIENTED_EDGE('',*,*,#4812,.T.);
#4839 = ORIENTED_EDGE('',*,*,#4381,.F.);
#4840 = ORIENTED_EDGE('',*,*,#4841,.F.);
#4841 = EDGE_CURVE('',#4608,#4354,#4842,.T.);
#4842 = SURFACE_CURVE('',#4843,(#4847,#4854),.PCURVE_S1.);
#4843 = LINE('',#4844,#4845);
#4844 = CARTESIAN_POINT('',(-4.1,-48.,35.3));
#4845 = VECTOR('',#4846,1.);
#4846 = DIRECTION('',(0.,1.,0.));
#4847 = PCURVE('',#4398,#4848);
#4848 = DEFINITIONAL_REPRESENTATION('',(#4849),#4853);
#4849 = LINE('',#4850,#4851);
#4850 = CARTESIAN_POINT('',(0.,0.));
#4851 = VECTOR('',#4852,1.);
#4852 = DIRECTION('',(0.,1.));
#4853 = ( GEOMETRIC_REPRESENTATION_CONTEXT(2) 
PARAMETRIC_REPRESENTATION_CONTEXT() REPRESENTATION_CONTEXT('2D SPACE',''
  ) );
#4854 = PCURVE('',#4369,#4855);
#4855 = DEFINITIONAL_REPRESENTATION('',(#4856),#4860);
#4856 = LINE('',#4857,#4858);
#4857 = CARTESIAN_POINT('',(4.3,0.));
#4858 = VECTOR('',#4859,1.);
#4859 = DIRECTION('',(0.,-1.));
#4860 = ( GEOMETRIC_REPRESENTATION_CONTEXT(2) 
PARAMETRIC_REPRESENTATION_CONTEXT() REPRESENTATION_CONTEXT('2D SPACE',''
  ) );
#4861 = ADVANCED_FACE('',(#4862),#4369,.F.);
#4862 = FACE_BOUND('',#4863,.F.);
#4863 = EDGE_LOOP('',(#4864,#4865,#4866,#4867));
#4864 = ORIENTED_EDGE('',*,*,#4607,.F.);
#4865 = ORIENTED_EDGE('',*,*,#4733,.T.);
#4866 = ORIENTED_EDGE('',*,*,#4353,.T.);
#4867 = ORIENTED_EDGE('',*,*,#4841,.F.);
#4868 = ( GEOMETRIC_REPRESENTATION_CONTEXT(3) 
GLOBAL_UNCERTAINTY_ASSIGNED_CONTEXT((#4872)) 
GLOBAL_UNIT_ASSIGNED_CONTEXT((#4869,#4870,#4871)) REPRESENTATION_CONTEXT
('Context #1','3D Context with UNIT and UNCERTAINTY') );
#4869 = ( LENGTH_UNIT() NAMED_UNIT(*) SI_UNIT(.MILLI.,.METRE.) );
#4870 = ( NAMED_UNIT(*) PLANE_ANGLE_UNIT() SI_UNIT($,.RADIAN.) );
#4871 = ( NAMED_UNIT(*) SI_UNIT($,.STERADIAN.) SOLID_ANGLE_UNIT() );
#4872 = UNCERTAINTY_MEASURE_WITH_UNIT(LENGTH_MEASURE(2.E-07),#4869,
  'distance_accuracy_value','confusion accuracy');
#4873 = PRODUCT_RELATED_PRODUCT_CATEGORY('part',$,(#7));
ENDSEC;
END-ISO-10303-21;
