ISO-10303-21;
HEADER;
FILE_DESCRIPTION(('Open CASCADE Model'),'2;1');
FILE_NAME('Open CASCADE Shape Model','2026-09-25T22:08:44',('Author'),(
    'Open CASCADE'),'Open CASCADE STEP processor 7.9','Open CASCADE 7.9'
  ,'Unknown');
FILE_SCHEMA(('AUTOMOTIVE_DESIGN { 1 0 10303 214 1 1 1 1 }'));
ENDSEC;
DATA;
#1 = APPLICATION_PROTOCOL_DEFINITION('international standard',
  'automotive_design',2000,#2);
#2 = APPLICATION_CONTEXT(
  'core data for automotive mechanical design processes');
#3 = SHAPE_DEFINITION_REPRESENTATION(#4,#10);
#4 = PRODUCT_DEFINITION_SHAPE('','',#5);
#5 = PRODUCT_DEFINITION('design','',#6,#9);
#6 = PRODUCT_DEFINITION_FORMATION('','',#7);
#7 = PRODUCT('Open CASCADE STEP translator 7.9 2',
  'Open CASCADE STEP translator 7.9 2','',(#8));
#8 = PRODUCT_CONTEXT('',#2,'mechanical');
#9 = PRODUCT_DEFINITION_CONTEXT('part definition',#2,'design');
#10 = ADVANCED_BREP_SHAPE_REPRESENTATION('',(#11,#15),#15815);
#11 = AXIS2_PLACEMENT_3D('',#12,#13,#14);
#12 = CARTESIAN_POINT('',(0.,0.,0.));
#13 = DIRECTION('',(0.,0.,1.));
#14 = DIRECTION('',(1.,0.,-0.));
#15 = MANIFOLD_SOLID_BREP('',#16);
#16 = CLOSED_SHELL('',(#17,#2448,#2502,#2685,#2771,#3051,#3128,#3361,
    #3416,#3649,#3756,#3795,#3834,#3862,#3867,#3895,#3900,#4056,#4110,
    #4159,#4209,#4358,#4467,#4661,#4898,#4952,#5213,#5357,#5891,#5919,
    #5947,#5976,#5981,#6010,#6015,#6234,#6463,#6517,#6786,#6905,#6986,
    #7158,#7197,#7477,#7535,#8249,#8312,#8566,#8624,#8672,#8724,#8772,
    #8826,#8874,#8926,#8974,#9550,#9598,#10143,#10198,#10253,#10302,
    #10356,#10426,#10675,#10724,#10778,#10826,#10889,#10916,#10965,
    #11010,#11101,#11150,#11220,#11250,#11304,#11409,#11467,#11515,
    #11567,#11615,#11667,#11715,#11767,#11795,#11858,#11913,#11968,
    #12018,#12063,#12117,#12231,#12301,#12330,#12412,#12461,#12519,
    #12582,#12830,#13096,#13171,#13218,#13294,#13348,#13424,#13469,
    #13547,#13601,#13646,#13653,#13678,#13745,#13836,#13918,#14000,
    #14025,#14097,#14188,#14242,#14324,#14369,#14419,#14469,#14516,
    #14592,#14646,#14722,#14747,#14774,#14780,#14785,#14811,#14818,
    #14843,#14870,#14895,#14902,#14929,#14956,#14983,#15010,#15037,
    #15063,#15090,#15116,#15123,#15130,#15134,#15138,#15147,#15156,
    #15165,#15169,#15173,#15182,#15232,#15279,#15355,#15409,#15485,
    #15510,#15607,#15635,#15669,#15683,#15738,#15753,#15808));
#17 = ADVANCED_FACE('',(#18),#32,.T.);
#18 = FACE_BOUND('',#19,.T.);
#19 = EDGE_LOOP('',(#20,#50,#77,#78,#107,#226,#249,#278,#306,#378,#439,
    #472,#533,#562,#677,#700,#729,#755,#788,#809,#842,#870,#903,#929,
    #962,#983,#1007,#1035,#1107,#1131,#1192,#1225,#1286,#1406,#1429,
    #1458,#1484,#1554,#1587,#1648,#1674,#1707,#1740,#1766,#1799,#1820,
    #1848,#1881,#1914,#1940,#1973,#1994,#2022,#2055,#2083,#2155,#2179,
    #2274,#2297,#2326,#2354,#2426));
#20 = ORIENTED_EDGE('',*,*,#21,.F.);
#21 = EDGE_CURVE('',#22,#24,#26,.T.);
#22 = VERTEX_POINT('',#23);
#23 = CARTESIAN_POINT('',(42.5,0.,-1.2));
#24 = VERTEX_POINT('',#25);
#25 = CARTESIAN_POINT('',(42.5,0.,4.14));
#26 = SEAM_CURVE('',#27,(#31,#43),.PCURVE_S1.);
#27 = LINE('',#28,#29);
#28 = CARTESIAN_POINT('',(42.5,0.,-2.));
#29 = VECTOR('',#30,1.);
#30 = DIRECTION('',(0.,0.,1.));
#31 = PCURVE('',#32,#37);
#32 = CYLINDRICAL_SURFACE('',#33,42.5);
#33 = AXIS2_PLACEMENT_3D('',#34,#35,#36);
#34 = CARTESIAN_POINT('',(0.,0.,-2.));
#35 = DIRECTION('',(-0.,-0.,-1.));
#36 = DIRECTION('',(1.,0.,0.));
#37 = DEFINITIONAL_REPRESENTATION('',(#38),#42);
#38 = LINE('',#39,#40);
#39 = CARTESIAN_POINT('',(6.283185307179,0.));
#40 = VECTOR('',#41,1.);
#41 = DIRECTION('',(-0.,-1.));
#42 = ( GEOMETRIC_REPRESENTATION_CONTEXT(2) 
PARAMETRIC_REPRESENTATION_CONTEXT() REPRESENTATION_CONTEXT('2D SPACE',''
  ) );
#43 = PCURVE('',#32,#44);
#44 = DEFINITIONAL_REPRESENTATION('',(#45),#49);
#45 = LINE('',#46,#47);
#46 = CARTESIAN_POINT('',(-0.,0.));
#47 = VECTOR('',#48,1.);
#48 = DIRECTION('',(-0.,-1.));
#49 = ( GEOMETRIC_REPRESENTATION_CONTEXT(2) 
PARAMETRIC_REPRESENTATION_CONTEXT() REPRESENTATION_CONTEXT('2D SPACE',''
  ) );
#50 = ORIENTED_EDGE('',*,*,#51,.T.);
#51 = EDGE_CURVE('',#22,#22,#52,.T.);
#52 = SURFACE_CURVE('',#53,(#58,#65),.PCURVE_S1.);
#53 = CIRCLE('',#54,42.5);
#54 = AXIS2_PLACEMENT_3D('',#55,#56,#57);
#55 = CARTESIAN_POINT('',(0.,0.,-1.2));
#56 = DIRECTION('',(0.,0.,1.));
#57 = DIRECTION('',(1.,0.,-0.));
#58 = PCURVE('',#32,#59);
#59 = DEFINITIONAL_REPRESENTATION('',(#60),#64);
#60 = LINE('',#61,#62);
#61 = CARTESIAN_POINT('',(6.28318530718,-0.8));
#62 = VECTOR('',#63,1.);
#63 = DIRECTION('',(-1.,0.));
#64 = ( GEOMETRIC_REPRESENTATION_CONTEXT(2) 
PARAMETRIC_REPRESENTATION_CONTEXT() REPRESENTATION_CONTEXT('2D SPACE',''
  ) );
#65 = PCURVE('',#66,#71);
#66 = TOROIDAL_SURFACE('',#67,41.7,0.8);
#67 = AXIS2_PLACEMENT_3D('',#68,#69,#70);
#68 = CARTESIAN_POINT('',(0.,0.,-1.2));
#69 = DIRECTION('',(-0.,-0.,-1.));
#70 = DIRECTION('',(1.,0.,-0.));
#71 = DEFINITIONAL_REPRESENTATION('',(#72),#76);
#72 = LINE('',#73,#74);
#73 = CARTESIAN_POINT('',(6.28318530718,0.));
#74 = VECTOR('',#75,1.);
#75 = DIRECTION('',(-1.,0.));
#76 = ( GEOMETRIC_REPRESENTATION_CONTEXT(2) 
PARAMETRIC_REPRESENTATION_CONTEXT() REPRESENTATION_CONTEXT('2D SPACE',''
  ) );
#77 = ORIENTED_EDGE('',*,*,#21,.T.);
#78 = ORIENTED_EDGE('',*,*,#79,.T.);
#79 = EDGE_CURVE('',#24,#80,#82,.T.);
#80 = VERTEX_POINT('',#81);
#81 = CARTESIAN_POINT('',(41.192698382116,-10.46,4.14));
#82 = SURFACE_CURVE('',#83,(#88,#95),.PCURVE_S1.);
#83 = CIRCLE('',#84,42.5);
#84 = AXIS2_PLACEMENT_3D('',#85,#86,#87);
#85 = CARTESIAN_POINT('',(0.,0.,4.14));
#86 = DIRECTION('',(0.,0.,-1.));
#87 = DIRECTION('',(1.,0.,0.));
#88 = PCURVE('',#32,#89);
#89 = DEFINITIONAL_REPRESENTATION('',(#90),#94);
#90 = LINE('',#91,#92);
#91 = CARTESIAN_POINT('',(0.,-6.14));
#92 = VECTOR('',#93,1.);
#93 = DIRECTION('',(1.,0.));
#94 = ( GEOMETRIC_REPRESENTATION_CONTEXT(2) 
PARAMETRIC_REPRESENTATION_CONTEXT() REPRESENTATION_CONTEXT('2D SPACE',''
  ) );
#95 = PCURVE('',#96,#101);
#96 = CYLINDRICAL_SURFACE('',#97,42.5);
#97 = AXIS2_PLACEMENT_3D('',#98,#99,#100);
#98 = CARTESIAN_POINT('',(0.,0.,-2.));
#99 = DIRECTION('',(-0.,-0.,-1.));
#100 = DIRECTION('',(1.,0.,0.));
#101 = DEFINITIONAL_REPRESENTATION('',(#102),#106);
#102 = LINE('',#103,#104);
#103 = CARTESIAN_POINT('',(0.,-6.14));
#104 = VECTOR('',#105,1.);
#105 = DIRECTION('',(1.,0.));
#106 = ( GEOMETRIC_REPRESENTATION_CONTEXT(2) 
PARAMETRIC_REPRESENTATION_CONTEXT() REPRESENTATION_CONTEXT('2D SPACE',''
  ) );
#107 = ORIENTED_EDGE('',*,*,#108,.F.);
#108 = EDGE_CURVE('',#109,#80,#111,.T.);
#109 = VERTEX_POINT('',#110);
#110 = CARTESIAN_POINT('',(40.752992528157,-12.06,5.74));
#111 = SURFACE_CURVE('',#112,(#130,#178),.PCURVE_S1.);
#112 = B_SPLINE_CURVE_WITH_KNOTS('',6,(#113,#114,#115,#116,#117,#118,
    #119,#120,#121,#122,#123,#124,#125,#126,#127,#128,#129),
  .UNSPECIFIED.,.F.,.F.,(7,5,5,7),(0.,0.464939131601,0.635086527923,1.),
  .UNSPECIFIED.);
#113 = CARTESIAN_POINT('',(40.752992528157,-12.06,5.74));
#114 = CARTESIAN_POINT('',(40.752992528157,-12.06,5.564357084928));
#115 = CARTESIAN_POINT('',(40.759839639685,-12.03686261754,
    5.388668288007));
#116 = CARTESIAN_POINT('',(40.773541067398,-11.9905615987,5.215413452272
    ));
#117 = CARTESIAN_POINT('',(40.79409157407,-11.92075887216,5.047225063563
    ));
#118 = CARTESIAN_POINT('',(40.821423653488,-11.82693970176,
    4.887213187805));
#119 = CARTESIAN_POINT('',(40.867715181909,-11.66541393703,4.6855960763)
  );
#120 = CARTESIAN_POINT('',(40.88099391484,-11.61887253013,4.633249078967
    ));
#121 = CARTESIAN_POINT('',(40.895130215284,-11.56907267323,
    4.582811802359));
#122 = CARTESIAN_POINT('',(40.910098247779,-11.51603889408,
    4.534538675498));
#123 = CARTESIAN_POINT('',(40.925865627055,-11.45981322195,
    4.488698061811));
#124 = CARTESIAN_POINT('',(40.977840986896,-11.27315441069,
    4.353082497202));
#125 = CARTESIAN_POINT('',(41.017116375465,-11.13026604178,
    4.272221882294));
#126 = CARTESIAN_POINT('',(41.05942028255,-10.97383138249,4.207632855649
    ));
#127 = CARTESIAN_POINT('',(41.1035976199,-10.80717473974,4.162816854273)
  );
#128 = CARTESIAN_POINT('',(41.148408194325,-10.63441991844,4.14));
#129 = CARTESIAN_POINT('',(41.192698382116,-10.46,4.14));
#130 = PCURVE('',#32,#131);
#131 = DEFINITIONAL_REPRESENTATION('',(#132),#177);
#132 = B_SPLINE_CURVE_WITH_KNOTS('',8,(#133,#134,#135,#136,#137,#138,
    #139,#140,#141,#142,#143,#144,#145,#146,#147,#148,#149,#150,#151,
    #152,#153,#154,#155,#156,#157,#158,#159,#160,#161,#162,#163,#164,
    #165,#166,#167,#168,#169,#170,#171,#172,#173,#174,#175,#176),
  .UNSPECIFIED.,.F.,.F.,(9,7,7,7,7,7,9),(0.,0.25,0.4375,0.578125,
    0.630859375,0.677001953125,1.),.UNSPECIFIED.);
#133 = CARTESIAN_POINT('',(0.287717933209,-7.74));
#134 = CARTESIAN_POINT('',(0.287717933209,-7.669166971895));
#135 = CARTESIAN_POINT('',(0.287629994652,-7.598326776467));
#136 = CARTESIAN_POINT('',(0.287454084065,-7.527617301696));
#137 = CARTESIAN_POINT('',(0.287190039701,-7.457178812713));
#138 = CARTESIAN_POINT('',(0.286837592184,-7.387155932752));
#139 = CARTESIAN_POINT('',(0.286396385158,-7.317699624103));
#140 = CARTESIAN_POINT('',(0.285865995938,-7.248969169063));
#141 = CARTESIAN_POINT('',(0.284780926323,-7.130257887256));
#142 = CARTESIAN_POINT('',(0.284265468293,-7.07988533021));
#143 = CARTESIAN_POINT('',(0.283699385725,-7.030088142303));
#144 = CARTESIAN_POINT('',(0.283082468343,-6.980941294812));
#145 = CARTESIAN_POINT('',(0.282414498641,-6.93252371062));
#146 = CARTESIAN_POINT('',(0.281695258586,-6.884918907082));
#147 = CARTESIAN_POINT('',(0.280924536321,-6.838215638907));
#148 = CARTESIAN_POINT('',(0.279485330276,-6.758228217618));
#149 = CARTESIAN_POINT('',(0.278839475179,-6.724509124012));
#150 = CARTESIAN_POINT('',(0.278164341406,-6.691383986958));
#151 = CARTESIAN_POINT('',(0.277460179009,-6.658912549763));
#152 = CARTESIAN_POINT('',(0.276727074271,-6.627143613019));
#153 = CARTESIAN_POINT('',(0.275965081607,-6.596123034995));
#154 = CARTESIAN_POINT('',(0.27517447307,-6.56590856367));
#155 = CARTESIAN_POINT('',(0.274048317979,-6.525543800565));
#156 = CARTESIAN_POINT('',(0.273737189823,-6.514655967169));
#157 = CARTESIAN_POINT('',(0.273422079062,-6.503891726885));
#158 = CARTESIAN_POINT('',(0.273102998921,-6.493253962376));
#159 = CARTESIAN_POINT('',(0.272779963512,-6.482745584386));
#160 = CARTESIAN_POINT('',(0.272452987839,-6.472369531906));
#161 = CARTESIAN_POINT('',(0.272122087811,-6.462128772345));
#162 = CARTESIAN_POINT('',(0.271494323624,-6.44318663988));
#163 = CARTESIAN_POINT('',(0.271198470375,-6.434455702975));
#164 = CARTESIAN_POINT('',(0.270899117009,-6.425816856701));
#165 = CARTESIAN_POINT('',(0.270596609122,-6.417283992756));
#166 = CARTESIAN_POINT('',(0.270291142654,-6.408863575575));
#167 = CARTESIAN_POINT('',(0.269982399069,-6.400549096799));
#168 = CARTESIAN_POINT('',(0.269670675872,-6.392350802643));
#169 = CARTESIAN_POINT('',(0.26715270086,-6.327698367005));
#170 = CARTESIAN_POINT('',(0.264801933,-6.276865530457));
#171 = CARTESIAN_POINT('',(0.262318869,-6.232821760455));
#172 = CARTESIAN_POINT('',(0.259722469644,-6.196463961103));
#173 = CARTESIAN_POINT('',(0.257034695143,-6.168527125324));
#174 = CARTESIAN_POINT('',(0.254279787357,-6.14957654148));
#175 = CARTESIAN_POINT('',(0.251483552027,-6.14));
#176 = CARTESIAN_POINT('',(0.248672640998,-6.14));
#177 = ( GEOMETRIC_REPRESENTATION_CONTEXT(2) 
PARAMETRIC_REPRESENTATION_CONTEXT() REPRESENTATION_CONTEXT('2D SPACE',''
  ) );
#178 = PCURVE('',#96,#179);
#179 = DEFINITIONAL_REPRESENTATION('',(#180),#225);
#180 = B_SPLINE_CURVE_WITH_KNOTS('',8,(#181,#182,#183,#184,#185,#186,
    #187,#188,#189,#190,#191,#192,#193,#194,#195,#196,#197,#198,#199,
    #200,#201,#202,#203,#204,#205,#206,#207,#208,#209,#210,#211,#212,
    #213,#214,#215,#216,#217,#218,#219,#220,#221,#222,#223,#224),
  .UNSPECIFIED.,.F.,.F.,(9,7,7,7,7,7,9),(0.,0.25,0.4375,0.578125,
    0.630859375,0.677001953125,1.),.UNSPECIFIED.);
#181 = CARTESIAN_POINT('',(0.287717933209,-7.74));
#182 = CARTESIAN_POINT('',(0.287717933209,-7.669166971895));
#183 = CARTESIAN_POINT('',(0.287629994652,-7.598326776467));
#184 = CARTESIAN_POINT('',(0.287454084065,-7.527617301696));
#185 = CARTESIAN_POINT('',(0.287190039701,-7.457178812713));
#186 = CARTESIAN_POINT('',(0.286837592184,-7.387155932752));
#187 = CARTESIAN_POINT('',(0.286396385158,-7.317699624103));
#188 = CARTESIAN_POINT('',(0.285865995938,-7.248969169063));
#189 = CARTESIAN_POINT('',(0.284780926323,-7.130257887256));
#190 = CARTESIAN_POINT('',(0.284265468293,-7.07988533021));
#191 = CARTESIAN_POINT('',(0.283699385725,-7.030088142303));
#192 = CARTESIAN_POINT('',(0.283082468343,-6.980941294812));
#193 = CARTESIAN_POINT('',(0.282414498641,-6.93252371062));
#194 = CARTESIAN_POINT('',(0.281695258586,-6.884918907082));
#195 = CARTESIAN_POINT('',(0.280924536321,-6.838215638907));
#196 = CARTESIAN_POINT('',(0.279485330276,-6.758228217618));
#197 = CARTESIAN_POINT('',(0.278839475179,-6.724509124012));
#198 = CARTESIAN_POINT('',(0.278164341406,-6.691383986958));
#199 = CARTESIAN_POINT('',(0.277460179009,-6.658912549763));
#200 = CARTESIAN_POINT('',(0.276727074271,-6.627143613019));
#201 = CARTESIAN_POINT('',(0.275965081607,-6.596123034995));
#202 = CARTESIAN_POINT('',(0.27517447307,-6.56590856367));
#203 = CARTESIAN_POINT('',(0.274048317979,-6.525543800565));
#204 = CARTESIAN_POINT('',(0.273737189823,-6.514655967169));
#205 = CARTESIAN_POINT('',(0.273422079062,-6.503891726885));
#206 = CARTESIAN_POINT('',(0.273102998921,-6.493253962376));
#207 = CARTESIAN_POINT('',(0.272779963512,-6.482745584386));
#208 = CARTESIAN_POINT('',(0.272452987839,-6.472369531906));
#209 = CARTESIAN_POINT('',(0.272122087811,-6.462128772345));
#210 = CARTESIAN_POINT('',(0.271494323624,-6.44318663988));
#211 = CARTESIAN_POINT('',(0.271198470375,-6.434455702975));
#212 = CARTESIAN_POINT('',(0.270899117009,-6.425816856701));
#213 = CARTESIAN_POINT('',(0.270596609122,-6.417283992756));
#214 = CARTESIAN_POINT('',(0.270291142654,-6.408863575575));
#215 = CARTESIAN_POINT('',(0.269982399069,-6.400549096799));
#216 = CARTESIAN_POINT('',(0.269670675872,-6.392350802643));
#217 = CARTESIAN_POINT('',(0.26715270086,-6.327698367005));
#218 = CARTESIAN_POINT('',(0.264801933,-6.276865530457));
#219 = CARTESIAN_POINT('',(0.262318869,-6.232821760455));
#220 = CARTESIAN_POINT('',(0.259722469644,-6.196463961103));
#221 = CARTESIAN_POINT('',(0.257034695143,-6.168527125324));
#222 = CARTESIAN_POINT('',(0.254279787357,-6.14957654148));
#223 = CARTESIAN_POINT('',(0.251483552027,-6.14));
#224 = CARTESIAN_POINT('',(0.248672640998,-6.14));
#225 = ( GEOMETRIC_REPRESENTATION_CONTEXT(2) 
PARAMETRIC_REPRESENTATION_CONTEXT() REPRESENTATION_CONTEXT('2D SPACE',''
  ) );
#226 = ORIENTED_EDGE('',*,*,#227,.F.);
#227 = EDGE_CURVE('',#228,#109,#230,.T.);
#228 = VERTEX_POINT('',#229);
#229 = CARTESIAN_POINT('',(40.752992528157,-12.06,6.));
#230 = SURFACE_CURVE('',#231,(#235,#242),.PCURVE_S1.);
#231 = LINE('',#232,#233);
#232 = CARTESIAN_POINT('',(40.752992528157,-12.06,1.05));
#233 = VECTOR('',#234,1.);
#234 = DIRECTION('',(-0.,-0.,-1.));
#235 = PCURVE('',#32,#236);
#236 = DEFINITIONAL_REPRESENTATION('',(#237),#241);
#237 = LINE('',#238,#239);
#238 = CARTESIAN_POINT('',(0.287717933209,-3.05));
#239 = VECTOR('',#240,1.);
#240 = DIRECTION('',(0.,1.));
#241 = ( GEOMETRIC_REPRESENTATION_CONTEXT(2) 
PARAMETRIC_REPRESENTATION_CONTEXT() REPRESENTATION_CONTEXT('2D SPACE',''
  ) );
#242 = PCURVE('',#96,#243);
#243 = DEFINITIONAL_REPRESENTATION('',(#244),#248);
#244 = LINE('',#245,#246);
#245 = CARTESIAN_POINT('',(0.287717933209,-3.05));
#246 = VECTOR('',#247,1.);
#247 = DIRECTION('',(0.,1.));
#248 = ( GEOMETRIC_REPRESENTATION_CONTEXT(2) 
PARAMETRIC_REPRESENTATION_CONTEXT() REPRESENTATION_CONTEXT('2D SPACE',''
  ) );
#249 = ORIENTED_EDGE('',*,*,#250,.F.);
#250 = EDGE_CURVE('',#251,#228,#253,.T.);
#251 = VERTEX_POINT('',#252);
#252 = CARTESIAN_POINT('',(35.075505014286,-23.99914473461,6.));
#253 = SURFACE_CURVE('',#254,(#259,#266),.PCURVE_S1.);
#254 = CIRCLE('',#255,42.5);
#255 = AXIS2_PLACEMENT_3D('',#256,#257,#258);
#256 = CARTESIAN_POINT('',(0.,0.,6.));
#257 = DIRECTION('',(0.,0.,1.));
#258 = DIRECTION('',(1.,0.,-0.));
#259 = PCURVE('',#32,#260);
#260 = DEFINITIONAL_REPRESENTATION('',(#261),#265);
#261 = LINE('',#262,#263);
#262 = CARTESIAN_POINT('',(6.28318530718,-8.));
#263 = VECTOR('',#264,1.);
#264 = DIRECTION('',(-1.,0.));
#265 = ( GEOMETRIC_REPRESENTATION_CONTEXT(2) 
PARAMETRIC_REPRESENTATION_CONTEXT() REPRESENTATION_CONTEXT('2D SPACE',''
  ) );
#266 = PCURVE('',#267,#272);
#267 = PLANE('',#268);
#268 = AXIS2_PLACEMENT_3D('',#269,#270,#271);
#269 = CARTESIAN_POINT('',(-4.118407928589E-15,3.242876655026E-16,6.));
#270 = DIRECTION('',(0.,0.,1.));
#271 = DIRECTION('',(1.,0.,-0.));
#272 = DEFINITIONAL_REPRESENTATION('',(#273),#277);
#273 = CIRCLE('',#274,42.5);
#274 = AXIS2_PLACEMENT_2D('',#275,#276);
#275 = CARTESIAN_POINT('',(4.118407928589E-15,-3.242876655026E-16));
#276 = DIRECTION('',(1.,0.));
#277 = ( GEOMETRIC_REPRESENTATION_CONTEXT(2) 
PARAMETRIC_REPRESENTATION_CONTEXT() REPRESENTATION_CONTEXT('2D SPACE',''
  ) );
#278 = ORIENTED_EDGE('',*,*,#279,.T.);
#279 = EDGE_CURVE('',#251,#280,#282,.T.);
#280 = VERTEX_POINT('',#281);
#281 = CARTESIAN_POINT('',(35.075505014286,-23.99914473461,5.24));
#282 = SURFACE_CURVE('',#283,(#287,#294),.PCURVE_S1.);
#283 = LINE('',#284,#285);
#284 = CARTESIAN_POINT('',(35.075505014286,-23.99914473461,1.05));
#285 = VECTOR('',#286,1.);
#286 = DIRECTION('',(-0.,-0.,-1.));
#287 = PCURVE('',#32,#288);
#288 = DEFINITIONAL_REPRESENTATION('',(#289),#293);
#289 = LINE('',#290,#291);
#290 = CARTESIAN_POINT('',(0.600052446353,-3.05));
#291 = VECTOR('',#292,1.);
#292 = DIRECTION('',(0.,1.));
#293 = ( GEOMETRIC_REPRESENTATION_CONTEXT(2) 
PARAMETRIC_REPRESENTATION_CONTEXT() REPRESENTATION_CONTEXT('2D SPACE',''
  ) );
#294 = PCURVE('',#295,#300);
#295 = CYLINDRICAL_SURFACE('',#296,42.5);
#296 = AXIS2_PLACEMENT_3D('',#297,#298,#299);
#297 = CARTESIAN_POINT('',(0.,0.,-2.));
#298 = DIRECTION('',(-0.,-0.,-1.));
#299 = DIRECTION('',(1.,0.,0.));
#300 = DEFINITIONAL_REPRESENTATION('',(#301),#305);
#301 = LINE('',#302,#303);
#302 = CARTESIAN_POINT('',(0.600052446353,-3.05));
#303 = VECTOR('',#304,1.);
#304 = DIRECTION('',(0.,1.));
#305 = ( GEOMETRIC_REPRESENTATION_CONTEXT(2) 
PARAMETRIC_REPRESENTATION_CONTEXT() REPRESENTATION_CONTEXT('2D SPACE',''
  ) );
#306 = ORIENTED_EDGE('',*,*,#307,.T.);
#307 = EDGE_CURVE('',#280,#308,#310,.T.);
#308 = VERTEX_POINT('',#309);
#309 = CARTESIAN_POINT('',(34.70728046916,-24.52865024504,4.244191565504
    ));
#310 = SURFACE_CURVE('',#311,(#326,#352),.PCURVE_S1.);
#311 = B_SPLINE_CURVE_WITH_KNOTS('',7,(#312,#313,#314,#315,#316,#317,
    #318,#319,#320,#321,#322,#323,#324,#325),.UNSPECIFIED.,.F.,.F.,(8,6,
    8),(0.,0.61236625699,1.),.UNSPECIFIED.);
#312 = CARTESIAN_POINT('',(35.075505014286,-23.99914473461,5.24));
#313 = CARTESIAN_POINT('',(35.075505014286,-23.99914473461,
    5.102646372541));
#314 = CARTESIAN_POINT('',(35.063969734351,-24.01600387267,
    4.965066207936));
#315 = CARTESIAN_POINT('',(35.04082962051,-24.04982406647,4.829704641932
    ));
#316 = CARTESIAN_POINT('',(35.005885900637,-24.10078537468,
    4.699192741531));
#317 = CARTESIAN_POINT('',(34.958914805935,-24.16899418231,
    4.576575298274));
#318 = CARTESIAN_POINT('',(34.899730744921,-24.25436582251,
    4.465516178654));
#319 = CARTESIAN_POINT('',(34.783339259847,-24.42080071963,
    4.310891897537));
#320 = CARTESIAN_POINT('',(34.733161016402,-24.49225645675,
    4.257227417949));
#321 = CARTESIAN_POINT('',(34.678397666285,-24.56985593027,
    4.211873948925));
#322 = CARTESIAN_POINT('',(34.619785919007,-24.6524289033,4.176476766497
    ));
#323 = CARTESIAN_POINT('',(34.558263676633,-24.73855280959,
    4.152260028361));
#324 = CARTESIAN_POINT('',(34.49491038564,-24.82666075553,4.14));
#325 = CARTESIAN_POINT('',(34.430887387831,-24.9151358352,4.14));
#326 = PCURVE('',#32,#327);
#327 = DEFINITIONAL_REPRESENTATION('',(#328),#351);
#328 = B_SPLINE_CURVE_WITH_KNOTS('',6,(#329,#330,#331,#332,#333,#334,
    #335,#336,#337,#338,#339,#340,#341,#342,#343,#344,#345,#346,#347,
    #348,#349,#350),.UNSPECIFIED.,.F.,.F.,(7,5,5,5,7),(0.,0.5,0.5625,
    0.6171875,1.),.UNSPECIFIED.);
#329 = CARTESIAN_POINT('',(0.600052446353,-7.24));
#330 = CARTESIAN_POINT('',(0.600052446353,-7.109158451439));
#331 = CARTESIAN_POINT('',(0.600501053334,-6.978105952298));
#332 = CARTESIAN_POINT('',(0.601401117937,-6.849168187383));
#333 = CARTESIAN_POINT('',(0.602758452991,-6.72488015157));
#334 = CARTESIAN_POINT('',(0.604577890619,-6.608209851102));
#335 = CARTESIAN_POINT('',(0.607139525058,-6.489882917942));
#336 = CARTESIAN_POINT('',(0.607431300469,-6.47691503234));
#337 = CARTESIAN_POINT('',(0.607730216222,-6.464134269875));
#338 = CARTESIAN_POINT('',(0.608036260923,-6.451548426788));
#339 = CARTESIAN_POINT('',(0.608349420481,-6.439165541324));
#340 = CARTESIAN_POINT('',(0.608949902917,-6.416343734872));
#341 = CARTESIAN_POINT('',(0.609235586269,-6.405854560143));
#342 = CARTESIAN_POINT('',(0.609526563096,-6.395536686544));
#343 = CARTESIAN_POINT('',(0.609823245835,-6.385382620597));
#344 = CARTESIAN_POINT('',(0.610124947329,-6.375419156644));
#345 = CARTESIAN_POINT('',(0.612583865964,-6.29711897051));
#346 = CARTESIAN_POINT('',(0.615009469298,-6.23734360348));
#347 = CARTESIAN_POINT('',(0.617671424565,-6.189708272273));
#348 = CARTESIAN_POINT('',(0.62050888806,-6.156739572196));
#349 = CARTESIAN_POINT('',(0.623447323001,-6.14));
#350 = CARTESIAN_POINT('',(0.626407952566,-6.14));
#351 = ( GEOMETRIC_REPRESENTATION_CONTEXT(2) 
PARAMETRIC_REPRESENTATION_CONTEXT() REPRESENTATION_CONTEXT('2D SPACE',''
  ) );
#352 = PCURVE('',#295,#353);
#353 = DEFINITIONAL_REPRESENTATION('',(#354),#377);
#354 = B_SPLINE_CURVE_WITH_KNOTS('',6,(#355,#356,#357,#358,#359,#360,
    #361,#362,#363,#364,#365,#366,#367,#368,#369,#370,#371,#372,#373,
    #374,#375,#376),.UNSPECIFIED.,.F.,.F.,(7,5,5,5,7),(0.,0.5,0.5625,
    0.6171875,1.),.UNSPECIFIED.);
#355 = CARTESIAN_POINT('',(0.600052446353,-7.24));
#356 = CARTESIAN_POINT('',(0.600052446353,-7.109158451439));
#357 = CARTESIAN_POINT('',(0.600501053334,-6.978105952298));
#358 = CARTESIAN_POINT('',(0.601401117937,-6.849168187383));
#359 = CARTESIAN_POINT('',(0.602758452991,-6.72488015157));
#360 = CARTESIAN_POINT('',(0.604577890619,-6.608209851102));
#361 = CARTESIAN_POINT('',(0.607139525058,-6.489882917942));
#362 = CARTESIAN_POINT('',(0.607431300469,-6.47691503234));
#363 = CARTESIAN_POINT('',(0.607730216222,-6.464134269875));
#364 = CARTESIAN_POINT('',(0.608036260923,-6.451548426788));
#365 = CARTESIAN_POINT('',(0.608349420481,-6.439165541324));
#366 = CARTESIAN_POINT('',(0.608949902917,-6.416343734872));
#367 = CARTESIAN_POINT('',(0.609235586269,-6.405854560143));
#368 = CARTESIAN_POINT('',(0.609526563096,-6.395536686544));
#369 = CARTESIAN_POINT('',(0.609823245835,-6.385382620597));
#370 = CARTESIAN_POINT('',(0.610124947329,-6.375419156644));
#371 = CARTESIAN_POINT('',(0.612583865964,-6.29711897051));
#372 = CARTESIAN_POINT('',(0.615009469298,-6.23734360348));
#373 = CARTESIAN_POINT('',(0.617671424565,-6.189708272273));
#374 = CARTESIAN_POINT('',(0.62050888806,-6.156739572196));
#375 = CARTESIAN_POINT('',(0.623447323001,-6.14));
#376 = CARTESIAN_POINT('',(0.626407952566,-6.14));
#377 = ( GEOMETRIC_REPRESENTATION_CONTEXT(2) 
PARAMETRIC_REPRESENTATION_CONTEXT() REPRESENTATION_CONTEXT('2D SPACE',''
  ) );
#378 = ORIENTED_EDGE('',*,*,#379,.T.);
#379 = EDGE_CURVE('',#308,#380,#382,.T.);
#380 = VERTEX_POINT('',#381);
#381 = CARTESIAN_POINT('',(34.302125027505,-25.0921146697,3.96952285888)
  );
#382 = SURFACE_CURVE('',#383,(#398,#416),.PCURVE_S1.);
#383 = B_SPLINE_CURVE_WITH_KNOTS('',7,(#384,#385,#386,#387,#388,#389,
    #390,#391,#392,#393,#394,#395,#396,#397),.UNSPECIFIED.,.F.,.F.,(8,6,
    8),(0.,0.611549643068,1.),.UNSPECIFIED.);
#384 = CARTESIAN_POINT('',(34.887919033031,-24.27103429078,4.96952285888
    ));
#385 = CARTESIAN_POINT('',(34.887919033031,-24.27103429078,
    4.844579779566));
#386 = CARTESIAN_POINT('',(34.877411359304,-24.28613830999,
    4.719419308307));
#387 = CARTESIAN_POINT('',(34.856329526056,-24.3164421246,4.596290853622
    ));
#388 = CARTESIAN_POINT('',(34.824502143267,-24.36210350562,
    4.477613544565));
#389 = CARTESIAN_POINT('',(34.781751420149,-24.42320080299,
    4.366178867549));
#390 = CARTESIAN_POINT('',(34.727948203382,-24.49963497076,
    4.265319591267));
#391 = CARTESIAN_POINT('',(34.622166765653,-24.64874462993,
    4.124772138191));
#392 = CARTESIAN_POINT('',(34.576498726171,-24.71287896958,
    4.075946063621));
#393 = CARTESIAN_POINT('',(34.526698074661,-24.78250632646,
    4.034727326876));
#394 = CARTESIAN_POINT('',(34.473445272831,-24.85657414177,
    4.002591962634));
#395 = CARTESIAN_POINT('',(34.417599278021,-24.93380694936,
    3.980629981905));
#396 = CARTESIAN_POINT('',(34.360142062433,-25.01280259847,3.96952285888
    ));
#397 = CARTESIAN_POINT('',(34.302125027505,-25.0921146697,3.96952285888)
  );
#398 = PCURVE('',#32,#399);
#399 = DEFINITIONAL_REPRESENTATION('',(#400),#415);
#400 = B_SPLINE_CURVE_WITH_KNOTS('',7,(#401,#402,#403,#404,#405,#406,
    #407,#408,#409,#410,#411,#412,#413,#414),.UNSPECIFIED.,.F.,.F.,(8,6,
    8),(0.,0.611549643068,1.),.UNSPECIFIED.);
#401 = CARTESIAN_POINT('',(0.607824741411,-6.96952285888));
#402 = CARTESIAN_POINT('',(0.607824741411,-6.844579779566));
#403 = CARTESIAN_POINT('',(0.608257671489,-6.719419308307));
#404 = CARTESIAN_POINT('',(0.609126274783,-6.596290853622));
#405 = CARTESIAN_POINT('',(0.610435902263,-6.477613544565));
#406 = CARTESIAN_POINT('',(0.612190454973,-6.366178867549));
#407 = CARTESIAN_POINT('',(0.614389775428,-6.265319591267));
#408 = CARTESIAN_POINT('',(0.618691438614,-6.124772138191));
#409 = CARTESIAN_POINT('',(0.620543961723,-6.075946063621));
#410 = CARTESIAN_POINT('',(0.622558169955,-6.034727326876));
#411 = CARTESIAN_POINT('',(0.624704615245,-6.002591962634));
#412 = CARTESIAN_POINT('',(0.626947150753,-5.980629981905));
#413 = CARTESIAN_POINT('',(0.629245526797,-5.96952285888));
#414 = CARTESIAN_POINT('',(0.631557688832,-5.96952285888));
#415 = ( GEOMETRIC_REPRESENTATION_CONTEXT(2) 
PARAMETRIC_REPRESENTATION_CONTEXT() REPRESENTATION_CONTEXT('2D SPACE',''
  ) );
#416 = PCURVE('',#417,#422);
#417 = CYLINDRICAL_SURFACE('',#418,1.);
#418 = AXIS2_PLACEMENT_3D('',#419,#420,#421);
#419 = CARTESIAN_POINT('',(30.303262590299,-21.36250572414,4.96952285888
    ));
#420 = DIRECTION('',(0.731298112859,-0.682057966839,0.));
#421 = DIRECTION('',(0.682057966839,0.731298112859,0.));
#422 = DEFINITIONAL_REPRESENTATION('',(#423),#438);
#423 = B_SPLINE_CURVE_WITH_KNOTS('',7,(#424,#425,#426,#427,#428,#429,
    #430,#431,#432,#433,#434,#435,#436,#437),.UNSPECIFIED.,.F.,.F.,(8,6,
    8),(0.,0.611549643068,1.),.UNSPECIFIED.);
#424 = CARTESIAN_POINT('',(0.,5.336535685339));
#425 = CARTESIAN_POINT('',(-0.124943079314,5.336535685339));
#426 = CARTESIAN_POINT('',(-0.250103170003,5.339153260005));
#427 = CARTESIAN_POINT('',(-0.376419134463,5.344405113312));
#428 = CARTESIAN_POINT('',(-0.504700073207,5.352273517043));
#429 = CARTESIAN_POINT('',(-0.635844991748,5.362681892328));
#430 = CARTESIAN_POINT('',(-0.770825688132,5.375468234508));
#431 = CARTESIAN_POINT('',(-1.00013852152,5.399811899687));
#432 = CARTESIAN_POINT('',(-1.09173529865,5.410158285905));
#433 = CARTESIAN_POINT('',(-1.185226580362,5.421229056908));
#434 = CARTESIAN_POINT('',(-1.280177567038,5.432803926942));
#435 = CARTESIAN_POINT('',(-1.376266368701,5.444641108047));
#436 = CARTESIAN_POINT('',(-1.473224577898,5.456502366538));
#437 = CARTESIAN_POINT('',(-1.570796326795,5.468170048426));
#438 = ( GEOMETRIC_REPRESENTATION_CONTEXT(2) 
PARAMETRIC_REPRESENTATION_CONTEXT() REPRESENTATION_CONTEXT('2D SPACE',''
  ) );
#439 = ORIENTED_EDGE('',*,*,#440,.T.);
#440 = EDGE_CURVE('',#380,#441,#443,.T.);
#441 = VERTEX_POINT('',#442);
#442 = CARTESIAN_POINT('',(26.869614724768,-32.92831311413,3.96952285888
    ));
#443 = SURFACE_CURVE('',#444,(#449,#456),.PCURVE_S1.);
#444 = CIRCLE('',#445,42.5);
#445 = AXIS2_PLACEMENT_3D('',#446,#447,#448);
#446 = CARTESIAN_POINT('',(0.,0.,3.96952285888));
#447 = DIRECTION('',(0.,0.,-1.));
#448 = DIRECTION('',(1.,0.,0.));
#449 = PCURVE('',#32,#450);
#450 = DEFINITIONAL_REPRESENTATION('',(#451),#455);
#451 = LINE('',#452,#453);
#452 = CARTESIAN_POINT('',(0.,-5.96952285888));
#453 = VECTOR('',#454,1.);
#454 = DIRECTION('',(1.,0.));
#455 = ( GEOMETRIC_REPRESENTATION_CONTEXT(2) 
PARAMETRIC_REPRESENTATION_CONTEXT() REPRESENTATION_CONTEXT('2D SPACE',''
  ) );
#456 = PCURVE('',#457,#462);
#457 = PLANE('',#458);
#458 = AXIS2_PLACEMENT_3D('',#459,#460,#461);
#459 = CARTESIAN_POINT('',(22.254978581595,-29.99182345587,3.96952285888
    ));
#460 = DIRECTION('',(0.,0.,1.));
#461 = DIRECTION('',(0.731298112859,-0.682057966839,0.));
#462 = DEFINITIONAL_REPRESENTATION('',(#463),#471);
#463 = ( BOUNDED_CURVE() B_SPLINE_CURVE(2,(#464,#465,#466,#467,#468,#469
,#470),.UNSPECIFIED.,.T.,.F.) B_SPLINE_CURVE_WITH_KNOTS((1,2,2,2,2,1),(
    -2.094395102393,0.,2.094395102393,4.188790204786,6.28318530718,
8.377580409573),.UNSPECIFIED.) CURVE() GEOMETRIC_REPRESENTATION_ITEM() 
RATIONAL_B_SPLINE_CURVE((1.,0.5,1.,0.5,1.,0.5,1.)) REPRESENTATION_ITEM(
  '') );
#464 = CARTESIAN_POINT('',(-5.651016170049,35.741242041736));
#465 = CARTESIAN_POINT('',(44.556743551543,-18.09119115368));
#466 = CARTESIAN_POINT('',(-27.16739100401,-34.65616994197));
#467 = CARTESIAN_POINT('',(-98.89152555956,-51.22114873027));
#468 = CARTESIAN_POINT('',(-77.3751507256,19.176263253439));
#469 = CARTESIAN_POINT('',(-55.85877589164,89.573675237151));
#470 = CARTESIAN_POINT('',(-5.651016170049,35.741242041736));
#471 = ( GEOMETRIC_REPRESENTATION_CONTEXT(2) 
PARAMETRIC_REPRESENTATION_CONTEXT() REPRESENTATION_CONTEXT('2D SPACE',''
  ) );
#472 = ORIENTED_EDGE('',*,*,#473,.F.);
#473 = EDGE_CURVE('',#474,#441,#476,.T.);
#474 = VERTEX_POINT('',#475);
#475 = CARTESIAN_POINT('',(26.430134357021,-33.28209725768,4.14));
#476 = SURFACE_CURVE('',#477,(#492,#510),.PCURVE_S1.);
#477 = B_SPLINE_CURVE_WITH_KNOTS('',7,(#478,#479,#480,#481,#482,#483,
    #484,#485,#486,#487,#488,#489,#490,#491),.UNSPECIFIED.,.F.,.F.,(8,6,
    8),(0.,0.61121823773,1.),.UNSPECIFIED.);
#478 = CARTESIAN_POINT('',(26.078755770526,-33.55813608443,4.96952285888
    ));
#479 = CARTESIAN_POINT('',(26.078755770526,-33.55813608443,
    4.844553319807));
#480 = CARTESIAN_POINT('',(26.093327567278,-33.54681200208,
    4.719330381925));
#481 = CARTESIAN_POINT('',(26.122578684654,-33.52408043917,4.5961404848)
  );
#482 = CARTESIAN_POINT('',(26.166647686342,-33.48976923555,
    4.477435654425));
#483 = CARTESIAN_POINT('',(26.225578542188,-33.44371494119,
    4.366024749474));
#484 = CARTESIAN_POINT('',(26.299231831283,-33.38581946046,
    4.265236088618));
#485 = CARTESIAN_POINT('',(26.442830503727,-33.27208720418,
    4.124749046817));
#486 = CARTESIAN_POINT('',(26.504630316826,-33.22296314151,
    4.075912853124));
#487 = CARTESIAN_POINT('',(26.571701128101,-33.16941780061,
    4.034694841619));
#488 = CARTESIAN_POINT('',(26.643021613446,-33.11219091705,
    4.002568293824));
#489 = CARTESIAN_POINT('',(26.717356858144,-33.05221284953,
    3.980619162611));
#490 = CARTESIAN_POINT('',(26.793352381813,-32.99054344358,3.96952285888
    ));
#491 = CARTESIAN_POINT('',(26.869614724768,-32.92831311413,3.96952285888
    ));
#492 = PCURVE('',#32,#493);
#493 = DEFINITIONAL_REPRESENTATION('',(#494),#509);
#494 = B_SPLINE_CURVE_WITH_KNOTS('',7,(#495,#496,#497,#498,#499,#500,
    #501,#502,#503,#504,#505,#506,#507,#508),.UNSPECIFIED.,.F.,.F.,(8,6,
    8),(0.,0.61121823773,1.),.UNSPECIFIED.);
#495 = CARTESIAN_POINT('',(0.910162074714,-6.96952285888));
#496 = CARTESIAN_POINT('',(0.910162074714,-6.844553319807));
#497 = CARTESIAN_POINT('',(0.909727848905,-6.719330381925));
#498 = CARTESIAN_POINT('',(0.908856195699,-6.5961404848));
#499 = CARTESIAN_POINT('',(0.907542054426,-6.477435654425));
#500 = CARTESIAN_POINT('',(0.905782249691,-6.366024749474));
#501 = CARTESIAN_POINT('',(0.903577934949,-6.265236088618));
#502 = CARTESIAN_POINT('',(0.89926777283,-6.124749046817));
#503 = CARTESIAN_POINT('',(0.897410234739,-6.075912853124));
#504 = CARTESIAN_POINT('',(0.895390876245,-6.034694841619));
#505 = CARTESIAN_POINT('',(0.893239326818,-6.002568293824));
#506 = CARTESIAN_POINT('',(0.89099193128,-5.980619162611));
#507 = CARTESIAN_POINT('',(0.888689128438,-5.96952285888));
#508 = CARTESIAN_POINT('',(0.886373117208,-5.96952285888));
#509 = ( GEOMETRIC_REPRESENTATION_CONTEXT(2) 
PARAMETRIC_REPRESENTATION_CONTEXT() REPRESENTATION_CONTEXT('2D SPACE',''
  ) );
#510 = PCURVE('',#511,#516);
#511 = CYLINDRICAL_SURFACE('',#512,1.);
#512 = AXIS2_PLACEMENT_3D('',#513,#514,#515);
#513 = CARTESIAN_POINT('',(22.937036548435,-29.26052534301,4.96952285888
    ));
#514 = DIRECTION('',(0.731298112859,-0.682057966839,0.));
#515 = DIRECTION('',(-0.682057966839,-0.731298112859,0.));
#516 = DEFINITIONAL_REPRESENTATION('',(#517),#532);
#517 = B_SPLINE_CURVE_WITH_KNOTS('',7,(#518,#519,#520,#521,#522,#523,
    #524,#525,#526,#527,#528,#529,#530,#531),.UNSPECIFIED.,.F.,.F.,(8,6,
    8),(0.,0.61121823773,1.),.UNSPECIFIED.);
#518 = CARTESIAN_POINT('',(0.,5.228752982804));
#519 = CARTESIAN_POINT('',(0.124969539073,5.228752982804));
#520 = CARTESIAN_POINT('',(0.250192043196,5.231685629691));
#521 = CARTESIAN_POINT('',(0.37657167613,5.23757267304));
#522 = CARTESIAN_POINT('',(0.504894144261,5.24639802103));
#523 = CARTESIAN_POINT('',(0.636039095463,5.258082346329));
#524 = CARTESIAN_POINT('',(0.770961928446,5.272456783771));
#525 = CARTESIAN_POINT('',(1.000176196684,5.299898230458));
#526 = CARTESIAN_POINT('',(1.091799547725,5.311586858842));
#527 = CARTESIAN_POINT('',(1.185306513481,5.324114590205));
#528 = CARTESIAN_POINT('',(1.280261344453,5.337239074702));
#529 = CARTESIAN_POINT('',(1.376340295822,5.350691780081));
#530 = CARTESIAN_POINT('',(1.473272065726,5.364205053483));
#531 = CARTESIAN_POINT('',(1.570796326795,5.37753086899));
#532 = ( GEOMETRIC_REPRESENTATION_CONTEXT(2) 
PARAMETRIC_REPRESENTATION_CONTEXT() REPRESENTATION_CONTEXT('2D SPACE',''
  ) );
#533 = ORIENTED_EDGE('',*,*,#534,.T.);
#534 = EDGE_CURVE('',#474,#535,#537,.T.);
#535 = VERTEX_POINT('',#536);
#536 = CARTESIAN_POINT('',(23.698337566778,-35.27943872244,4.14));
#537 = SURFACE_CURVE('',#538,(#543,#550),.PCURVE_S1.);
#538 = CIRCLE('',#539,42.5);
#539 = AXIS2_PLACEMENT_3D('',#540,#541,#542);
#540 = CARTESIAN_POINT('',(0.,0.,4.14));
#541 = DIRECTION('',(0.,0.,-1.));
#542 = DIRECTION('',(1.,0.,0.));
#543 = PCURVE('',#32,#544);
#544 = DEFINITIONAL_REPRESENTATION('',(#545),#549);
#545 = LINE('',#546,#547);
#546 = CARTESIAN_POINT('',(0.,-6.14));
#547 = VECTOR('',#548,1.);
#548 = DIRECTION('',(1.,0.));
#549 = ( GEOMETRIC_REPRESENTATION_CONTEXT(2) 
PARAMETRIC_REPRESENTATION_CONTEXT() REPRESENTATION_CONTEXT('2D SPACE',''
  ) );
#550 = PCURVE('',#551,#556);
#551 = CYLINDRICAL_SURFACE('',#552,42.5);
#552 = AXIS2_PLACEMENT_3D('',#553,#554,#555);
#553 = CARTESIAN_POINT('',(0.,0.,-2.));
#554 = DIRECTION('',(-0.,-0.,-1.));
#555 = DIRECTION('',(1.,0.,0.));
#556 = DEFINITIONAL_REPRESENTATION('',(#557),#561);
#557 = LINE('',#558,#559);
#558 = CARTESIAN_POINT('',(0.,-6.14));
#559 = VECTOR('',#560,1.);
#560 = DIRECTION('',(1.,0.));
#561 = ( GEOMETRIC_REPRESENTATION_CONTEXT(2) 
PARAMETRIC_REPRESENTATION_CONTEXT() REPRESENTATION_CONTEXT('2D SPACE',''
  ) );
#562 = ORIENTED_EDGE('',*,*,#563,.F.);
#563 = EDGE_CURVE('',#564,#535,#566,.T.);
#564 = VERTEX_POINT('',#565);
#565 = CARTESIAN_POINT('',(22.760407632489,-35.89169603686,5.24));
#566 = SURFACE_CURVE('',#567,(#585,#631),.PCURVE_S1.);
#567 = B_SPLINE_CURVE_WITH_KNOTS('',6,(#568,#569,#570,#571,#572,#573,
    #574,#575,#576,#577,#578,#579,#580,#581,#582,#583,#584),
  .UNSPECIFIED.,.F.,.F.,(7,5,5,7),(0.,0.451213244878,0.621687090873,1.),
  .UNSPECIFIED.);
#568 = CARTESIAN_POINT('',(22.760407632489,-35.89169603686,5.24));
#569 = CARTESIAN_POINT('',(22.760407632489,-35.89169603686,
    5.121744284101));
#570 = CARTESIAN_POINT('',(22.773560920593,-35.88335502764,5.00343636797
    ));
#571 = CARTESIAN_POINT('',(22.799888736203,-35.86665931009,
    4.886757725807));
#572 = CARTESIAN_POINT('',(22.839503907018,-35.84148741702,4.77346458892
    ));
#573 = CARTESIAN_POINT('',(22.892526990723,-35.80765896052,
    4.665603401121));
#574 = CARTESIAN_POINT('',(22.984060903147,-35.74889975936,
    4.528096150133));
#575 = CARTESIAN_POINT('',(23.01107071474,-35.73153125268,4.49154693153)
  );
#576 = CARTESIAN_POINT('',(23.039972825529,-35.71290958973,
    4.456321211327));
#577 = CARTESIAN_POINT('',(23.070738758772,-35.69304345788,
    4.422591819634));
#578 = CARTESIAN_POINT('',(23.103328831912,-35.67194801356,
    4.390538209462));
#579 = CARTESIAN_POINT('',(23.213948858726,-35.60015229097,
    4.293346737004));
#580 = CARTESIAN_POINT('',(23.299591251588,-35.54428947243,
    4.234942174811));
#581 = CARTESIAN_POINT('',(23.39322843696,-35.48283022996,4.188444278301
    ));
#582 = CARTESIAN_POINT('',(23.492660293867,-35.41707451853,
    4.156299715805));
#583 = CARTESIAN_POINT('',(23.595270077056,-35.3486724816,4.14));
#584 = CARTESIAN_POINT('',(23.698337566778,-35.27943872244,4.14));
#585 = PCURVE('',#32,#586);
#586 = DEFINITIONAL_REPRESENTATION('',(#587),#630);
#587 = B_SPLINE_CURVE_WITH_KNOTS('',9,(#588,#589,#590,#591,#592,#593,
    #594,#595,#596,#597,#598,#599,#600,#601,#602,#603,#604,#605,#606,
    #607,#608,#609,#610,#611,#612,#613,#614,#615,#616,#617,#618,#619,
    #620,#621,#622,#623,#624,#625,#626,#627,#628,#629),.UNSPECIFIED.,.F.
  ,.F.,(10,8,8,8,8,10),(0.,0.25,0.4375,0.578125,0.630859375,1.),
  .UNSPECIFIED.);
#588 = CARTESIAN_POINT('',(1.005650465482,-7.24));
#589 = CARTESIAN_POINT('',(1.005650465482,-7.196319354082));
#590 = CARTESIAN_POINT('',(1.005603589885,-7.152632017859));
#591 = CARTESIAN_POINT('',(1.005509815178,-7.10900612398));
#592 = CARTESIAN_POINT('',(1.005369081347,-7.06551058765));
#593 = CARTESIAN_POINT('',(1.005181298336,-7.022215694661));
#594 = CARTESIAN_POINT('',(1.004946352524,-6.97919368943));
#595 = CARTESIAN_POINT('',(1.004664113184,-6.936519363035));
#596 = CARTESIAN_POINT('',(1.004334438956,-6.894270641251));
#597 = CARTESIAN_POINT('',(1.003674243321,-6.821223071086));
#598 = CARTESIAN_POINT('',(1.003364538428,-6.790202304604));
#599 = CARTESIAN_POINT('',(1.003028008572,-6.759501341169));
#600 = CARTESIAN_POINT('',(1.0026645915,-6.729155834478));
#601 = CARTESIAN_POINT('',(1.002274225618,-6.699202785169));
#602 = CARTESIAN_POINT('',(1.001856851862,-6.669680702098));
#603 = CARTESIAN_POINT('',(1.001412415553,-6.64062976361));
#604 = CARTESIAN_POINT('',(1.000940868269,-6.612091978812));
#605 = CARTESIAN_POINT('',(1.000068145777,-6.563125876383));
#606 = CARTESIAN_POINT('',(0.999678830463,-6.542452759675));
#607 = CARTESIAN_POINT('',(0.999274273103,-6.522114464728));
#608 = CARTESIAN_POINT('',(0.998854535122,-6.502133581953));
#609 = CARTESIAN_POINT('',(0.998419691394,-6.482532898635));
#610 = CARTESIAN_POINT('',(0.997969831607,-6.463335471383));
#611 = CARTESIAN_POINT('',(0.997505061631,-6.444564698591));
#612 = CARTESIAN_POINT('',(0.997025504884,-6.426244392894));
#613 = CARTESIAN_POINT('',(0.996345978253,-6.401706776391));
#614 = CARTESIAN_POINT('',(0.996158590643,-6.395081390537));
#615 = CARTESIAN_POINT('',(0.995969184153,-6.388524941594));
#616 = CARTESIAN_POINT('',(0.995777566702,-6.382033071923));
#617 = CARTESIAN_POINT('',(0.995584384343,-6.375625604758));
#618 = CARTESIAN_POINT('',(0.995388348408,-6.369265371729));
#619 = CARTESIAN_POINT('',(0.995191198446,-6.363005857208));
#620 = CARTESIAN_POINT('',(0.994991515764,-6.356804630375));
#621 = CARTESIAN_POINT('',(0.993377376588,-6.307783610602));
#622 = CARTESIAN_POINT('',(0.99186061298,-6.26842627328));
#623 = CARTESIAN_POINT('',(0.990248097963,-6.233323576867));
#624 = CARTESIAN_POINT('',(0.988550836561,-6.203100144869));
#625 = CARTESIAN_POINT('',(0.986781808937,-6.178283016109));
#626 = CARTESIAN_POINT('',(0.984955580927,-6.159298022479));
#627 = CARTESIAN_POINT('',(0.983087914575,-6.146466166686));
#628 = CARTESIAN_POINT('',(0.981195378667,-6.14));
#629 = CARTESIAN_POINT('',(0.979294959269,-6.14));
#630 = ( GEOMETRIC_REPRESENTATION_CONTEXT(2) 
PARAMETRIC_REPRESENTATION_CONTEXT() REPRESENTATION_CONTEXT('2D SPACE',''
  ) );
#631 = PCURVE('',#551,#632);
#632 = DEFINITIONAL_REPRESENTATION('',(#633),#676);
#633 = B_SPLINE_CURVE_WITH_KNOTS('',9,(#634,#635,#636,#637,#638,#639,
    #640,#641,#642,#643,#644,#645,#646,#647,#648,#649,#650,#651,#652,
    #653,#654,#655,#656,#657,#658,#659,#660,#661,#662,#663,#664,#665,
    #666,#667,#668,#669,#670,#671,#672,#673,#674,#675),.UNSPECIFIED.,.F.
  ,.F.,(10,8,8,8,8,10),(0.,0.25,0.4375,0.578125,0.630859375,1.),
  .UNSPECIFIED.);
#634 = CARTESIAN_POINT('',(1.005650465482,-7.24));
#635 = CARTESIAN_POINT('',(1.005650465482,-7.196319354082));
#636 = CARTESIAN_POINT('',(1.005603589885,-7.152632017859));
#637 = CARTESIAN_POINT('',(1.005509815178,-7.10900612398));
#638 = CARTESIAN_POINT('',(1.005369081347,-7.06551058765));
#639 = CARTESIAN_POINT('',(1.005181298336,-7.022215694661));
#640 = CARTESIAN_POINT('',(1.004946352524,-6.97919368943));
#641 = CARTESIAN_POINT('',(1.004664113184,-6.936519363035));
#642 = CARTESIAN_POINT('',(1.004334438956,-6.894270641251));
#643 = CARTESIAN_POINT('',(1.003674243321,-6.821223071086));
#644 = CARTESIAN_POINT('',(1.003364538428,-6.790202304604));
#645 = CARTESIAN_POINT('',(1.003028008572,-6.759501341169));
#646 = CARTESIAN_POINT('',(1.0026645915,-6.729155834478));
#647 = CARTESIAN_POINT('',(1.002274225618,-6.699202785169));
#648 = CARTESIAN_POINT('',(1.001856851862,-6.669680702098));
#649 = CARTESIAN_POINT('',(1.001412415553,-6.64062976361));
#650 = CARTESIAN_POINT('',(1.000940868269,-6.612091978812));
#651 = CARTESIAN_POINT('',(1.000068145777,-6.563125876383));
#652 = CARTESIAN_POINT('',(0.999678830463,-6.542452759675));
#653 = CARTESIAN_POINT('',(0.999274273103,-6.522114464728));
#654 = CARTESIAN_POINT('',(0.998854535122,-6.502133581953));
#655 = CARTESIAN_POINT('',(0.998419691394,-6.482532898635));
#656 = CARTESIAN_POINT('',(0.997969831607,-6.463335471383));
#657 = CARTESIAN_POINT('',(0.997505061631,-6.444564698591));
#658 = CARTESIAN_POINT('',(0.997025504884,-6.426244392894));
#659 = CARTESIAN_POINT('',(0.996345978253,-6.401706776391));
#660 = CARTESIAN_POINT('',(0.996158590643,-6.395081390537));
#661 = CARTESIAN_POINT('',(0.995969184153,-6.388524941594));
#662 = CARTESIAN_POINT('',(0.995777566702,-6.382033071923));
#663 = CARTESIAN_POINT('',(0.995584384343,-6.375625604758));
#664 = CARTESIAN_POINT('',(0.995388348408,-6.369265371729));
#665 = CARTESIAN_POINT('',(0.995191198446,-6.363005857208));
#666 = CARTESIAN_POINT('',(0.994991515764,-6.356804630375));
#667 = CARTESIAN_POINT('',(0.993377376588,-6.307783610602));
#668 = CARTESIAN_POINT('',(0.99186061298,-6.26842627328));
#669 = CARTESIAN_POINT('',(0.990248097963,-6.233323576867));
#670 = CARTESIAN_POINT('',(0.988550836561,-6.203100144869));
#671 = CARTESIAN_POINT('',(0.986781808937,-6.178283016109));
#672 = CARTESIAN_POINT('',(0.984955580927,-6.159298022479));
#673 = CARTESIAN_POINT('',(0.983087914575,-6.146466166686));
#674 = CARTESIAN_POINT('',(0.981195378667,-6.14));
#675 = CARTESIAN_POINT('',(0.979294959269,-6.14));
#676 = ( GEOMETRIC_REPRESENTATION_CONTEXT(2) 
PARAMETRIC_REPRESENTATION_CONTEXT() REPRESENTATION_CONTEXT('2D SPACE',''
  ) );
#677 = ORIENTED_EDGE('',*,*,#678,.F.);
#678 = EDGE_CURVE('',#679,#564,#681,.T.);
#679 = VERTEX_POINT('',#680);
#680 = CARTESIAN_POINT('',(22.760407632489,-35.89169603686,6.));
#681 = SURFACE_CURVE('',#682,(#686,#693),.PCURVE_S1.);
#682 = LINE('',#683,#684);
#683 = CARTESIAN_POINT('',(22.760407632489,-35.89169603686,1.05));
#684 = VECTOR('',#685,1.);
#685 = DIRECTION('',(-0.,-0.,-1.));
#686 = PCURVE('',#32,#687);
#687 = DEFINITIONAL_REPRESENTATION('',(#688),#692);
#688 = LINE('',#689,#690);
#689 = CARTESIAN_POINT('',(1.005650465482,-3.05));
#690 = VECTOR('',#691,1.);
#691 = DIRECTION('',(0.,1.));
#692 = ( GEOMETRIC_REPRESENTATION_CONTEXT(2) 
PARAMETRIC_REPRESENTATION_CONTEXT() REPRESENTATION_CONTEXT('2D SPACE',''
  ) );
#693 = PCURVE('',#551,#694);
#694 = DEFINITIONAL_REPRESENTATION('',(#695),#699);
#695 = LINE('',#696,#697);
#696 = CARTESIAN_POINT('',(1.005650465482,-3.05));
#697 = VECTOR('',#698,1.);
#698 = DIRECTION('',(0.,1.));
#699 = ( GEOMETRIC_REPRESENTATION_CONTEXT(2) 
PARAMETRIC_REPRESENTATION_CONTEXT() REPRESENTATION_CONTEXT('2D SPACE',''
  ) );
#700 = ORIENTED_EDGE('',*,*,#701,.F.);
#701 = EDGE_CURVE('',#702,#679,#704,.T.);
#702 = VERTEX_POINT('',#703);
#703 = CARTESIAN_POINT('',(15.383838221913,-39.61802016206,6.));
#704 = SURFACE_CURVE('',#705,(#710,#717),.PCURVE_S1.);
#705 = CIRCLE('',#706,42.5);
#706 = AXIS2_PLACEMENT_3D('',#707,#708,#709);
#707 = CARTESIAN_POINT('',(0.,0.,6.));
#708 = DIRECTION('',(0.,0.,1.));
#709 = DIRECTION('',(1.,0.,-0.));
#710 = PCURVE('',#32,#711);
#711 = DEFINITIONAL_REPRESENTATION('',(#712),#716);
#712 = LINE('',#713,#714);
#713 = CARTESIAN_POINT('',(6.28318530718,-8.));
#714 = VECTOR('',#715,1.);
#715 = DIRECTION('',(-1.,0.));
#716 = ( GEOMETRIC_REPRESENTATION_CONTEXT(2) 
PARAMETRIC_REPRESENTATION_CONTEXT() REPRESENTATION_CONTEXT('2D SPACE',''
  ) );
#717 = PCURVE('',#718,#723);
#718 = PLANE('',#719);
#719 = AXIS2_PLACEMENT_3D('',#720,#721,#722);
#720 = CARTESIAN_POINT('',(-4.118407928589E-15,3.242876655026E-16,6.));
#721 = DIRECTION('',(0.,0.,1.));
#722 = DIRECTION('',(1.,0.,-0.));
#723 = DEFINITIONAL_REPRESENTATION('',(#724),#728);
#724 = CIRCLE('',#725,42.5);
#725 = AXIS2_PLACEMENT_2D('',#726,#727);
#726 = CARTESIAN_POINT('',(4.118407928589E-15,-3.242876655026E-16));
#727 = DIRECTION('',(1.,0.));
#728 = ( GEOMETRIC_REPRESENTATION_CONTEXT(2) 
PARAMETRIC_REPRESENTATION_CONTEXT() REPRESENTATION_CONTEXT('2D SPACE',''
  ) );
#729 = ORIENTED_EDGE('',*,*,#730,.T.);
#730 = EDGE_CURVE('',#702,#731,#733,.T.);
#731 = VERTEX_POINT('',#732);
#732 = CARTESIAN_POINT('',(15.383838221913,-39.61802016206,1.05));
#733 = SURFACE_CURVE('',#734,(#738,#744),.PCURVE_S1.);
#734 = LINE('',#735,#736);
#735 = CARTESIAN_POINT('',(15.383838221913,-39.61802016206,-2.));
#736 = VECTOR('',#737,1.);
#737 = DIRECTION('',(-0.,-0.,-1.));
#738 = PCURVE('',#32,#739);
#739 = DEFINITIONAL_REPRESENTATION('',(#740),#743);
#740 = B_SPLINE_CURVE_WITH_KNOTS('',1,(#741,#742),.UNSPECIFIED.,.F.,.F.,
  (2,2),(-8.0000006,-3.0499994),.PIECEWISE_BEZIER_KNOTS.);
#741 = CARTESIAN_POINT('',(1.200413136664,-8.0000006));
#742 = CARTESIAN_POINT('',(1.200413136664,-3.0499994));
#743 = ( GEOMETRIC_REPRESENTATION_CONTEXT(2) 
PARAMETRIC_REPRESENTATION_CONTEXT() REPRESENTATION_CONTEXT('2D SPACE',''
  ) );
#744 = PCURVE('',#745,#750);
#745 = CYLINDRICAL_SURFACE('',#746,2.65);
#746 = AXIS2_PLACEMENT_3D('',#747,#748,#749);
#747 = CARTESIAN_POINT('',(13.680805733027,-37.58770483143,1.05));
#748 = DIRECTION('',(-0.,-0.,-1.));
#749 = DIRECTION('',(1.,0.,0.));
#750 = DEFINITIONAL_REPRESENTATION('',(#751),#754);
#751 = B_SPLINE_CURVE_WITH_KNOTS('',1,(#752,#753),.UNSPECIFIED.,.F.,.F.,
  (2,2),(-8.0000006,-3.0499994),.PIECEWISE_BEZIER_KNOTS.);
#752 = CARTESIAN_POINT('',(0.87283932929,-4.9500006));
#753 = CARTESIAN_POINT('',(0.87283932929,5.999999999062E-07));
#754 = ( GEOMETRIC_REPRESENTATION_CONTEXT(2) 
PARAMETRIC_REPRESENTATION_CONTEXT() REPRESENTATION_CONTEXT('2D SPACE',''
  ) );
#755 = ORIENTED_EDGE('',*,*,#756,.T.);
#756 = EDGE_CURVE('',#731,#757,#759,.T.);
#757 = VERTEX_POINT('',#758);
#758 = CARTESIAN_POINT('',(13.68126869675,-40.23770479099,1.05));
#759 = SURFACE_CURVE('',#760,(#765,#772),.PCURVE_S1.);
#760 = CIRCLE('',#761,42.5);
#761 = AXIS2_PLACEMENT_3D('',#762,#763,#764);
#762 = CARTESIAN_POINT('',(0.,0.,1.05));
#763 = DIRECTION('',(0.,0.,-1.));
#764 = DIRECTION('',(1.,0.,0.));
#765 = PCURVE('',#32,#766);
#766 = DEFINITIONAL_REPRESENTATION('',(#767),#771);
#767 = LINE('',#768,#769);
#768 = CARTESIAN_POINT('',(-4.138911435803E-13,-3.05));
#769 = VECTOR('',#770,1.);
#770 = DIRECTION('',(1.,-0.));
#771 = ( GEOMETRIC_REPRESENTATION_CONTEXT(2) 
PARAMETRIC_REPRESENTATION_CONTEXT() REPRESENTATION_CONTEXT('2D SPACE',''
  ) );
#772 = PCURVE('',#773,#778);
#773 = PLANE('',#774);
#774 = AXIS2_PLACEMENT_3D('',#775,#776,#777);
#775 = CARTESIAN_POINT('',(13.680805733027,-37.58770483143,1.05));
#776 = DIRECTION('',(0.,0.,1.));
#777 = DIRECTION('',(1.,0.,-0.));
#778 = DEFINITIONAL_REPRESENTATION('',(#779),#787);
#779 = ( BOUNDED_CURVE() B_SPLINE_CURVE(2,(#780,#781,#782,#783,#784,#785
,#786),.UNSPECIFIED.,.T.,.F.) B_SPLINE_CURVE_WITH_KNOTS((1,2,2,2,2,1),(
    -2.094395102393,0.,2.094395102393,4.188790204786,6.28318530718,
8.377580409573),.UNSPECIFIED.) CURVE() GEOMETRIC_REPRESENTATION_ITEM() 
RATIONAL_B_SPLINE_CURVE((1.,0.5,1.,0.5,1.,0.5,1.)) REPRESENTATION_ITEM(
  '') );
#780 = CARTESIAN_POINT('',(28.819194266973,37.58770483143));
#781 = CARTESIAN_POINT('',(28.819194266973,-36.02445449024));
#782 = CARTESIAN_POINT('',(-34.93080573302,0.781625170591));
#783 = CARTESIAN_POINT('',(-98.68080573302,37.58770483143));
#784 = CARTESIAN_POINT('',(-34.93080573302,74.393784492269));
#785 = CARTESIAN_POINT('',(28.819194266973,111.1998641531));
#786 = CARTESIAN_POINT('',(28.819194266973,37.58770483143));
#787 = ( GEOMETRIC_REPRESENTATION_CONTEXT(2) 
PARAMETRIC_REPRESENTATION_CONTEXT() REPRESENTATION_CONTEXT('2D SPACE',''
  ) );
#788 = ORIENTED_EDGE('',*,*,#789,.F.);
#789 = EDGE_CURVE('',#790,#757,#792,.T.);
#790 = VERTEX_POINT('',#791);
#791 = CARTESIAN_POINT('',(13.68126869675,-40.23770479099,6.));
#792 = SURFACE_CURVE('',#793,(#797,#803),.PCURVE_S1.);
#793 = LINE('',#794,#795);
#794 = CARTESIAN_POINT('',(13.68126869675,-40.23770479099,-2.));
#795 = VECTOR('',#796,1.);
#796 = DIRECTION('',(-0.,-0.,-1.));
#797 = PCURVE('',#32,#798);
#798 = DEFINITIONAL_REPRESENTATION('',(#799),#802);
#799 = B_SPLINE_CURVE_WITH_KNOTS('',1,(#800,#801),.UNSPECIFIED.,.F.,.F.,
  (2,2),(-8.0000006,-3.0499994),.PIECEWISE_BEZIER_KNOTS.);
#800 = CARTESIAN_POINT('',(1.243047816129,-8.0000006));
#801 = CARTESIAN_POINT('',(1.243047816129,-3.0499994));
#802 = ( GEOMETRIC_REPRESENTATION_CONTEXT(2) 
PARAMETRIC_REPRESENTATION_CONTEXT() REPRESENTATION_CONTEXT('2D SPACE',''
  ) );
#803 = PCURVE('',#745,#804);
#804 = DEFINITIONAL_REPRESENTATION('',(#805),#808);
#805 = B_SPLINE_CURVE_WITH_KNOTS('',1,(#806,#807),.UNSPECIFIED.,.F.,.F.,
  (2,2),(-8.0000006,-3.0499994),.PIECEWISE_BEZIER_KNOTS.);
#806 = CARTESIAN_POINT('',(1.570621623502,-4.9500006));
#807 = CARTESIAN_POINT('',(1.570621623502,5.999999999062E-07));
#808 = ( GEOMETRIC_REPRESENTATION_CONTEXT(2) 
PARAMETRIC_REPRESENTATION_CONTEXT() REPRESENTATION_CONTEXT('2D SPACE',''
  ) );
#809 = ORIENTED_EDGE('',*,*,#810,.T.);
#810 = EDGE_CURVE('',#790,#811,#813,.T.);
#811 = VERTEX_POINT('',#812);
#812 = CARTESIAN_POINT('',(11.730517907187,-40.84905078002,6.));
#813 = SURFACE_CURVE('',#814,(#819,#826),.PCURVE_S1.);
#814 = CIRCLE('',#815,42.5);
#815 = AXIS2_PLACEMENT_3D('',#816,#817,#818);
#816 = CARTESIAN_POINT('',(0.,0.,6.));
#817 = DIRECTION('',(0.,0.,-1.));
#818 = DIRECTION('',(0.321912204629,-0.946769524494,0.));
#819 = PCURVE('',#32,#820);
#820 = DEFINITIONAL_REPRESENTATION('',(#821),#825);
#821 = LINE('',#822,#823);
#822 = CARTESIAN_POINT('',(1.243047816128,-8.));
#823 = VECTOR('',#824,1.);
#824 = DIRECTION('',(1.,-0.));
#825 = ( GEOMETRIC_REPRESENTATION_CONTEXT(2) 
PARAMETRIC_REPRESENTATION_CONTEXT() REPRESENTATION_CONTEXT('2D SPACE',''
  ) );
#826 = PCURVE('',#827,#832);
#827 = PLANE('',#828);
#828 = AXIS2_PLACEMENT_3D('',#829,#830,#831);
#829 = CARTESIAN_POINT('',(-4.118407928589E-15,3.242876655026E-16,6.));
#830 = DIRECTION('',(0.,0.,1.));
#831 = DIRECTION('',(1.,0.,-0.));
#832 = DEFINITIONAL_REPRESENTATION('',(#833),#841);
#833 = ( BOUNDED_CURVE() B_SPLINE_CURVE(2,(#834,#835,#836,#837,#838,#839
,#840),.UNSPECIFIED.,.T.,.F.) B_SPLINE_CURVE_WITH_KNOTS((1,2,2,2,2,1),(
    -2.094395102393,0.,2.094395102393,4.188790204786,6.28318530718,
8.377580409573),.UNSPECIFIED.) CURVE() GEOMETRIC_REPRESENTATION_ITEM() 
RATIONAL_B_SPLINE_CURVE((1.,0.5,1.,0.5,1.,0.5,1.)) REPRESENTATION_ITEM(
  '') );
#834 = CARTESIAN_POINT('',(13.681268696752,-40.23770479099));
#835 = CARTESIAN_POINT('',(-56.01248038121,-63.93435728577));
#836 = CARTESIAN_POINT('',(-41.68750888735,8.27052614811));
#837 = CARTESIAN_POINT('',(-27.3625373935,80.47540958199));
#838 = CARTESIAN_POINT('',(28.006240190605,31.967178642885));
#839 = CARTESIAN_POINT('',(83.375017774713,-16.54105229621));
#840 = CARTESIAN_POINT('',(13.681268696752,-40.23770479099));
#841 = ( GEOMETRIC_REPRESENTATION_CONTEXT(2) 
PARAMETRIC_REPRESENTATION_CONTEXT() REPRESENTATION_CONTEXT('2D SPACE',''
  ) );
#842 = ORIENTED_EDGE('',*,*,#843,.T.);
#843 = EDGE_CURVE('',#811,#844,#846,.T.);
#844 = VERTEX_POINT('',#845);
#845 = CARTESIAN_POINT('',(-11.73051790718,-40.84905078002,6.));
#846 = SURFACE_CURVE('',#847,(#852,#859),.PCURVE_S1.);
#847 = CIRCLE('',#848,42.5);
#848 = AXIS2_PLACEMENT_3D('',#849,#850,#851);
#849 = CARTESIAN_POINT('',(0.,0.,6.));
#850 = DIRECTION('',(0.,0.,-1.));
#851 = DIRECTION('',(0.321912204629,-0.946769524494,0.));
#852 = PCURVE('',#32,#853);
#853 = DEFINITIONAL_REPRESENTATION('',(#854),#858);
#854 = LINE('',#855,#856);
#855 = CARTESIAN_POINT('',(1.243047816128,-8.));
#856 = VECTOR('',#857,1.);
#857 = DIRECTION('',(1.,-0.));
#858 = ( GEOMETRIC_REPRESENTATION_CONTEXT(2) 
PARAMETRIC_REPRESENTATION_CONTEXT() REPRESENTATION_CONTEXT('2D SPACE',''
  ) );
#859 = PCURVE('',#718,#860);
#860 = DEFINITIONAL_REPRESENTATION('',(#861),#869);
#861 = ( BOUNDED_CURVE() B_SPLINE_CURVE(2,(#862,#863,#864,#865,#866,#867
,#868),.UNSPECIFIED.,.T.,.F.) B_SPLINE_CURVE_WITH_KNOTS((1,2,2,2,2,1),(
    -2.094395102393,0.,2.094395102393,4.188790204786,6.28318530718,
8.377580409573),.UNSPECIFIED.) CURVE() GEOMETRIC_REPRESENTATION_ITEM() 
RATIONAL_B_SPLINE_CURVE((1.,0.5,1.,0.5,1.,0.5,1.)) REPRESENTATION_ITEM(
  '') );
#862 = CARTESIAN_POINT('',(13.681268696752,-40.23770479099));
#863 = CARTESIAN_POINT('',(-56.01248038121,-63.93435728577));
#864 = CARTESIAN_POINT('',(-41.68750888735,8.27052614811));
#865 = CARTESIAN_POINT('',(-27.3625373935,80.47540958199));
#866 = CARTESIAN_POINT('',(28.006240190605,31.967178642885));
#867 = CARTESIAN_POINT('',(83.375017774713,-16.54105229621));
#868 = CARTESIAN_POINT('',(13.681268696752,-40.23770479099));
#869 = ( GEOMETRIC_REPRESENTATION_CONTEXT(2) 
PARAMETRIC_REPRESENTATION_CONTEXT() REPRESENTATION_CONTEXT('2D SPACE',''
  ) );
#870 = ORIENTED_EDGE('',*,*,#871,.T.);
#871 = EDGE_CURVE('',#844,#872,#874,.T.);
#872 = VERTEX_POINT('',#873);
#873 = CARTESIAN_POINT('',(-13.68126869675,-40.23770479099,6.));
#874 = SURFACE_CURVE('',#875,(#880,#887),.PCURVE_S1.);
#875 = CIRCLE('',#876,42.5);
#876 = AXIS2_PLACEMENT_3D('',#877,#878,#879);
#877 = CARTESIAN_POINT('',(0.,0.,6.));
#878 = DIRECTION('',(0.,0.,-1.));
#879 = DIRECTION('',(0.321912204629,-0.946769524494,0.));
#880 = PCURVE('',#32,#881);
#881 = DEFINITIONAL_REPRESENTATION('',(#882),#886);
#882 = LINE('',#883,#884);
#883 = CARTESIAN_POINT('',(1.243047816128,-8.));
#884 = VECTOR('',#885,1.);
#885 = DIRECTION('',(1.,-0.));
#886 = ( GEOMETRIC_REPRESENTATION_CONTEXT(2) 
PARAMETRIC_REPRESENTATION_CONTEXT() REPRESENTATION_CONTEXT('2D SPACE',''
  ) );
#887 = PCURVE('',#888,#893);
#888 = PLANE('',#889);
#889 = AXIS2_PLACEMENT_3D('',#890,#891,#892);
#890 = CARTESIAN_POINT('',(-4.118407928589E-15,3.242876655026E-16,6.));
#891 = DIRECTION('',(0.,0.,1.));
#892 = DIRECTION('',(1.,0.,-0.));
#893 = DEFINITIONAL_REPRESENTATION('',(#894),#902);
#894 = ( BOUNDED_CURVE() B_SPLINE_CURVE(2,(#895,#896,#897,#898,#899,#900
,#901),.UNSPECIFIED.,.T.,.F.) B_SPLINE_CURVE_WITH_KNOTS((1,2,2,2,2,1),(
    -2.094395102393,0.,2.094395102393,4.188790204786,6.28318530718,
8.377580409573),.UNSPECIFIED.) CURVE() GEOMETRIC_REPRESENTATION_ITEM() 
RATIONAL_B_SPLINE_CURVE((1.,0.5,1.,0.5,1.,0.5,1.)) REPRESENTATION_ITEM(
  '') );
#895 = CARTESIAN_POINT('',(13.681268696752,-40.23770479099));
#896 = CARTESIAN_POINT('',(-56.01248038121,-63.93435728577));
#897 = CARTESIAN_POINT('',(-41.68750888735,8.27052614811));
#898 = CARTESIAN_POINT('',(-27.3625373935,80.47540958199));
#899 = CARTESIAN_POINT('',(28.006240190605,31.967178642885));
#900 = CARTESIAN_POINT('',(83.375017774713,-16.54105229621));
#901 = CARTESIAN_POINT('',(13.681268696752,-40.23770479099));
#902 = ( GEOMETRIC_REPRESENTATION_CONTEXT(2) 
PARAMETRIC_REPRESENTATION_CONTEXT() REPRESENTATION_CONTEXT('2D SPACE',''
  ) );
#903 = ORIENTED_EDGE('',*,*,#904,.T.);
#904 = EDGE_CURVE('',#872,#905,#907,.T.);
#905 = VERTEX_POINT('',#906);
#906 = CARTESIAN_POINT('',(-13.68126869675,-40.23770479099,1.05));
#907 = SURFACE_CURVE('',#908,(#912,#918),.PCURVE_S1.);
#908 = LINE('',#909,#910);
#909 = CARTESIAN_POINT('',(-13.68126869675,-40.23770479099,-2.));
#910 = VECTOR('',#911,1.);
#911 = DIRECTION('',(-0.,-0.,-1.));
#912 = PCURVE('',#32,#913);
#913 = DEFINITIONAL_REPRESENTATION('',(#914),#917);
#914 = B_SPLINE_CURVE_WITH_KNOTS('',1,(#915,#916),.UNSPECIFIED.,.F.,.F.,
  (2,2),(-8.0000006,-3.0499994),.PIECEWISE_BEZIER_KNOTS.);
#915 = CARTESIAN_POINT('',(1.898544837462,-8.0000006));
#916 = CARTESIAN_POINT('',(1.898544837462,-3.0499994));
#917 = ( GEOMETRIC_REPRESENTATION_CONTEXT(2) 
PARAMETRIC_REPRESENTATION_CONTEXT() REPRESENTATION_CONTEXT('2D SPACE',''
  ) );
#918 = PCURVE('',#919,#924);
#919 = CYLINDRICAL_SURFACE('',#920,2.65);
#920 = AXIS2_PLACEMENT_3D('',#921,#922,#923);
#921 = CARTESIAN_POINT('',(-13.68080573302,-37.58770483143,1.05));
#922 = DIRECTION('',(-0.,-0.,-1.));
#923 = DIRECTION('',(1.,0.,0.));
#924 = DEFINITIONAL_REPRESENTATION('',(#925),#928);
#925 = B_SPLINE_CURVE_WITH_KNOTS('',1,(#926,#927),.UNSPECIFIED.,.F.,.F.,
  (2,2),(-8.0000006,-3.0499994),.PIECEWISE_BEZIER_KNOTS.);
#926 = CARTESIAN_POINT('',(1.570971030088,-4.9500006));
#927 = CARTESIAN_POINT('',(1.570971030088,5.999999999062E-07));
#928 = ( GEOMETRIC_REPRESENTATION_CONTEXT(2) 
PARAMETRIC_REPRESENTATION_CONTEXT() REPRESENTATION_CONTEXT('2D SPACE',''
  ) );
#929 = ORIENTED_EDGE('',*,*,#930,.T.);
#930 = EDGE_CURVE('',#905,#931,#933,.T.);
#931 = VERTEX_POINT('',#932);
#932 = CARTESIAN_POINT('',(-15.38383822191,-39.61802016206,1.05));
#933 = SURFACE_CURVE('',#934,(#939,#946),.PCURVE_S1.);
#934 = CIRCLE('',#935,42.5);
#935 = AXIS2_PLACEMENT_3D('',#936,#937,#938);
#936 = CARTESIAN_POINT('',(0.,0.,1.05));
#937 = DIRECTION('',(0.,0.,-1.));
#938 = DIRECTION('',(1.,0.,0.));
#939 = PCURVE('',#32,#940);
#940 = DEFINITIONAL_REPRESENTATION('',(#941),#945);
#941 = LINE('',#942,#943);
#942 = CARTESIAN_POINT('',(-4.138911435803E-13,-3.05));
#943 = VECTOR('',#944,1.);
#944 = DIRECTION('',(1.,-0.));
#945 = ( GEOMETRIC_REPRESENTATION_CONTEXT(2) 
PARAMETRIC_REPRESENTATION_CONTEXT() REPRESENTATION_CONTEXT('2D SPACE',''
  ) );
#946 = PCURVE('',#947,#952);
#947 = PLANE('',#948);
#948 = AXIS2_PLACEMENT_3D('',#949,#950,#951);
#949 = CARTESIAN_POINT('',(-13.68080573302,-37.58770483143,1.05));
#950 = DIRECTION('',(0.,0.,1.));
#951 = DIRECTION('',(1.,0.,-0.));
#952 = DEFINITIONAL_REPRESENTATION('',(#953),#961);
#953 = ( BOUNDED_CURVE() B_SPLINE_CURVE(2,(#954,#955,#956,#957,#958,#959
,#960),.UNSPECIFIED.,.T.,.F.) B_SPLINE_CURVE_WITH_KNOTS((1,2,2,2,2,1),(
    -2.094395102393,0.,2.094395102393,4.188790204786,6.28318530718,
8.377580409573),.UNSPECIFIED.) CURVE() GEOMETRIC_REPRESENTATION_ITEM() 
RATIONAL_B_SPLINE_CURVE((1.,0.5,1.,0.5,1.,0.5,1.)) REPRESENTATION_ITEM(
  '') );
#954 = CARTESIAN_POINT('',(56.18080573302,37.58770483143));
#955 = CARTESIAN_POINT('',(56.18080573302,-36.02445449024));
#956 = CARTESIAN_POINT('',(-7.56919426698,0.781625170591));
#957 = CARTESIAN_POINT('',(-71.31919426698,37.58770483143));
#958 = CARTESIAN_POINT('',(-7.56919426698,74.393784492269));
#959 = CARTESIAN_POINT('',(56.18080573302,111.1998641531));
#960 = CARTESIAN_POINT('',(56.18080573302,37.58770483143));
#961 = ( GEOMETRIC_REPRESENTATION_CONTEXT(2) 
PARAMETRIC_REPRESENTATION_CONTEXT() REPRESENTATION_CONTEXT('2D SPACE',''
  ) );
#962 = ORIENTED_EDGE('',*,*,#963,.F.);
#963 = EDGE_CURVE('',#964,#931,#966,.T.);
#964 = VERTEX_POINT('',#965);
#965 = CARTESIAN_POINT('',(-15.38383822191,-39.61802016206,6.));
#966 = SURFACE_CURVE('',#967,(#971,#977),.PCURVE_S1.);
#967 = LINE('',#968,#969);
#968 = CARTESIAN_POINT('',(-15.38383822191,-39.61802016206,-2.));
#969 = VECTOR('',#970,1.);
#970 = DIRECTION('',(-0.,-0.,-1.));
#971 = PCURVE('',#32,#972);
#972 = DEFINITIONAL_REPRESENTATION('',(#973),#976);
#973 = B_SPLINE_CURVE_WITH_KNOTS('',1,(#974,#975),.UNSPECIFIED.,.F.,.F.,
  (2,2),(-8.0000006,-3.0499994),.PIECEWISE_BEZIER_KNOTS.);
#974 = CARTESIAN_POINT('',(1.941179516926,-8.0000006));
#975 = CARTESIAN_POINT('',(1.941179516926,-3.0499994));
#976 = ( GEOMETRIC_REPRESENTATION_CONTEXT(2) 
PARAMETRIC_REPRESENTATION_CONTEXT() REPRESENTATION_CONTEXT('2D SPACE',''
  ) );
#977 = PCURVE('',#919,#978);
#978 = DEFINITIONAL_REPRESENTATION('',(#979),#982);
#979 = B_SPLINE_CURVE_WITH_KNOTS('',1,(#980,#981),.UNSPECIFIED.,.F.,.F.,
  (2,2),(-8.0000006,-3.0499994),.PIECEWISE_BEZIER_KNOTS.);
#980 = CARTESIAN_POINT('',(2.2687533243,-4.9500006));
#981 = CARTESIAN_POINT('',(2.2687533243,5.999999999062E-07));
#982 = ( GEOMETRIC_REPRESENTATION_CONTEXT(2) 
PARAMETRIC_REPRESENTATION_CONTEXT() REPRESENTATION_CONTEXT('2D SPACE',''
  ) );
#983 = ORIENTED_EDGE('',*,*,#984,.F.);
#984 = EDGE_CURVE('',#985,#964,#987,.T.);
#985 = VERTEX_POINT('',#986);
#986 = CARTESIAN_POINT('',(-22.76040763248,-35.89169603686,6.));
#987 = SURFACE_CURVE('',#988,(#993,#1000),.PCURVE_S1.);
#988 = CIRCLE('',#989,42.5);
#989 = AXIS2_PLACEMENT_3D('',#990,#991,#992);
#990 = CARTESIAN_POINT('',(0.,0.,6.));
#991 = DIRECTION('',(0.,0.,1.));
#992 = DIRECTION('',(1.,0.,-0.));
#993 = PCURVE('',#32,#994);
#994 = DEFINITIONAL_REPRESENTATION('',(#995),#999);
#995 = LINE('',#996,#997);
#996 = CARTESIAN_POINT('',(6.28318530718,-8.));
#997 = VECTOR('',#998,1.);
#998 = DIRECTION('',(-1.,0.));
#999 = ( GEOMETRIC_REPRESENTATION_CONTEXT(2) 
PARAMETRIC_REPRESENTATION_CONTEXT() REPRESENTATION_CONTEXT('2D SPACE',''
  ) );
#1000 = PCURVE('',#718,#1001);
#1001 = DEFINITIONAL_REPRESENTATION('',(#1002),#1006);
#1002 = CIRCLE('',#1003,42.5);
#1003 = AXIS2_PLACEMENT_2D('',#1004,#1005);
#1004 = CARTESIAN_POINT('',(4.118407928589E-15,-3.242876655026E-16));
#1005 = DIRECTION('',(1.,0.));
#1006 = ( GEOMETRIC_REPRESENTATION_CONTEXT(2) 
PARAMETRIC_REPRESENTATION_CONTEXT() REPRESENTATION_CONTEXT('2D SPACE',''
  ) );
#1007 = ORIENTED_EDGE('',*,*,#1008,.T.);
#1008 = EDGE_CURVE('',#985,#1009,#1011,.T.);
#1009 = VERTEX_POINT('',#1010);
#1010 = CARTESIAN_POINT('',(-22.76040763248,-35.89169603686,5.24));
#1011 = SURFACE_CURVE('',#1012,(#1016,#1023),.PCURVE_S1.);
#1012 = LINE('',#1013,#1014);
#1013 = CARTESIAN_POINT('',(-22.76040763248,-35.89169603686,1.05));
#1014 = VECTOR('',#1015,1.);
#1015 = DIRECTION('',(-0.,-0.,-1.));
#1016 = PCURVE('',#32,#1017);
#1017 = DEFINITIONAL_REPRESENTATION('',(#1018),#1022);
#1018 = LINE('',#1019,#1020);
#1019 = CARTESIAN_POINT('',(2.135942188108,-3.05));
#1020 = VECTOR('',#1021,1.);
#1021 = DIRECTION('',(0.,1.));
#1022 = ( GEOMETRIC_REPRESENTATION_CONTEXT(2) 
PARAMETRIC_REPRESENTATION_CONTEXT() REPRESENTATION_CONTEXT('2D SPACE',''
  ) );
#1023 = PCURVE('',#1024,#1029);
#1024 = CYLINDRICAL_SURFACE('',#1025,42.5);
#1025 = AXIS2_PLACEMENT_3D('',#1026,#1027,#1028);
#1026 = CARTESIAN_POINT('',(0.,0.,-2.));
#1027 = DIRECTION('',(-0.,-0.,-1.));
#1028 = DIRECTION('',(1.,0.,0.));
#1029 = DEFINITIONAL_REPRESENTATION('',(#1030),#1034);
#1030 = LINE('',#1031,#1032);
#1031 = CARTESIAN_POINT('',(2.135942188108,-3.05));
#1032 = VECTOR('',#1033,1.);
#1033 = DIRECTION('',(0.,1.));
#1034 = ( GEOMETRIC_REPRESENTATION_CONTEXT(2) 
PARAMETRIC_REPRESENTATION_CONTEXT() REPRESENTATION_CONTEXT('2D SPACE',''
  ) );
#1035 = ORIENTED_EDGE('',*,*,#1036,.T.);
#1036 = EDGE_CURVE('',#1009,#1037,#1039,.T.);
#1037 = VERTEX_POINT('',#1038);
#1038 = CARTESIAN_POINT('',(-23.69833756677,-35.27943872244,4.14));
#1039 = SURFACE_CURVE('',#1040,(#1055,#1081),.PCURVE_S1.);
#1040 = B_SPLINE_CURVE_WITH_KNOTS('',7,(#1041,#1042,#1043,#1044,#1045,
    #1046,#1047,#1048,#1049,#1050,#1051,#1052,#1053,#1054),
  .UNSPECIFIED.,.F.,.F.,(8,6,8),(0.,0.612366256928,1.),.UNSPECIFIED.);
#1041 = CARTESIAN_POINT('',(-22.76040763248,-35.89169603686,5.24));
#1042 = CARTESIAN_POINT('',(-22.76040763248,-35.89169603686,
    5.102646372541));
#1043 = CARTESIAN_POINT('',(-22.77765907588,-35.88075615934,
    4.965066207936));
#1044 = CARTESIAN_POINT('',(-22.81226624566,-35.85881044958,
    4.829704641932));
#1045 = CARTESIAN_POINT('',(-22.86441602785,-35.82566654048,
    4.69919274153));
#1046 = CARTESIAN_POINT('',(-22.93422255208,-35.78110451236,
    4.576575298275));
#1047 = CARTESIAN_POINT('',(-23.02160768013,-35.72493593195,
    4.465516178654));
#1048 = CARTESIAN_POINT('',(-23.19200319388,-35.61442384356,
    4.310891897521));
#1049 = CARTESIAN_POINT('',(-23.2651665975,-35.56676993662,4.25722741797
    ));
#1050 = CARTESIAN_POINT('',(-23.34463001287,-35.51474812943,
    4.211873948925));
#1051 = CARTESIAN_POINT('',(-23.42919820519,-35.45905384203,
    4.176476766484));
#1052 = CARTESIAN_POINT('',(-23.51741674243,-35.40057475832,
    4.152260028366));
#1053 = CARTESIAN_POINT('',(-23.60768201332,-35.34033498344,4.14));
#1054 = CARTESIAN_POINT('',(-23.69833756677,-35.27943872244,4.14));
#1055 = PCURVE('',#32,#1056);
#1056 = DEFINITIONAL_REPRESENTATION('',(#1057),#1080);
#1057 = B_SPLINE_CURVE_WITH_KNOTS('',6,(#1058,#1059,#1060,#1061,#1062,
    #1063,#1064,#1065,#1066,#1067,#1068,#1069,#1070,#1071,#1072,#1073,
    #1074,#1075,#1076,#1077,#1078,#1079),.UNSPECIFIED.,.F.,.F.,(7,5,5,5,
    7),(0.,0.5,0.5625,0.6171875,1.),.UNSPECIFIED.);
#1058 = CARTESIAN_POINT('',(2.135942188108,-7.24));
#1059 = CARTESIAN_POINT('',(2.135942188108,-7.109158451426));
#1060 = CARTESIAN_POINT('',(2.136390795089,-6.978105952271));
#1061 = CARTESIAN_POINT('',(2.137290859693,-6.849168187343));
#1062 = CARTESIAN_POINT('',(2.138648194747,-6.724880151519));
#1063 = CARTESIAN_POINT('',(2.140467632375,-6.608209851043));
#1064 = CARTESIAN_POINT('',(2.143029266815,-6.489882917877));
#1065 = CARTESIAN_POINT('',(2.143321042226,-6.476915032275));
#1066 = CARTESIAN_POINT('',(2.143619957978,-6.464134269809));
#1067 = CARTESIAN_POINT('',(2.143926002679,-6.451548426722));
#1068 = CARTESIAN_POINT('',(2.144239162238,-6.439165541257));
#1069 = CARTESIAN_POINT('',(2.144839644674,-6.416343734805));
#1070 = CARTESIAN_POINT('',(2.145125328026,-6.405854560076));
#1071 = CARTESIAN_POINT('',(2.145416304853,-6.395536686476));
#1072 = CARTESIAN_POINT('',(2.145712987592,-6.385382620531));
#1073 = CARTESIAN_POINT('',(2.146014689086,-6.375419156576));
#1074 = CARTESIAN_POINT('',(2.148473607722,-6.297118970447));
#1075 = CARTESIAN_POINT('',(2.150899211054,-6.237343603465));
#1076 = CARTESIAN_POINT('',(2.153561166322,-6.189708272265));
#1077 = CARTESIAN_POINT('',(2.156398629817,-6.15673957218));
#1078 = CARTESIAN_POINT('',(2.159337064756,-6.14));
#1079 = CARTESIAN_POINT('',(2.162297694321,-6.14));
#1080 = ( GEOMETRIC_REPRESENTATION_CONTEXT(2) 
PARAMETRIC_REPRESENTATION_CONTEXT() REPRESENTATION_CONTEXT('2D SPACE',''
  ) );
#1081 = PCURVE('',#1024,#1082);
#1082 = DEFINITIONAL_REPRESENTATION('',(#1083),#1106);
#1083 = B_SPLINE_CURVE_WITH_KNOTS('',6,(#1084,#1085,#1086,#1087,#1088,
    #1089,#1090,#1091,#1092,#1093,#1094,#1095,#1096,#1097,#1098,#1099,
    #1100,#1101,#1102,#1103,#1104,#1105),.UNSPECIFIED.,.F.,.F.,(7,5,5,5,
    7),(0.,0.5,0.5625,0.6171875,1.),.UNSPECIFIED.);
#1084 = CARTESIAN_POINT('',(2.135942188108,-7.24));
#1085 = CARTESIAN_POINT('',(2.135942188108,-7.109158451426));
#1086 = CARTESIAN_POINT('',(2.136390795089,-6.978105952271));
#1087 = CARTESIAN_POINT('',(2.137290859693,-6.849168187343));
#1088 = CARTESIAN_POINT('',(2.138648194747,-6.724880151519));
#1089 = CARTESIAN_POINT('',(2.140467632375,-6.608209851043));
#1090 = CARTESIAN_POINT('',(2.143029266815,-6.489882917877));
#1091 = CARTESIAN_POINT('',(2.143321042226,-6.476915032275));
#1092 = CARTESIAN_POINT('',(2.143619957978,-6.464134269809));
#1093 = CARTESIAN_POINT('',(2.143926002679,-6.451548426722));
#1094 = CARTESIAN_POINT('',(2.144239162238,-6.439165541257));
#1095 = CARTESIAN_POINT('',(2.144839644674,-6.416343734805));
#1096 = CARTESIAN_POINT('',(2.145125328026,-6.405854560076));
#1097 = CARTESIAN_POINT('',(2.145416304853,-6.395536686476));
#1098 = CARTESIAN_POINT('',(2.145712987592,-6.385382620531));
#1099 = CARTESIAN_POINT('',(2.146014689086,-6.375419156576));
#1100 = CARTESIAN_POINT('',(2.148473607722,-6.297118970447));
#1101 = CARTESIAN_POINT('',(2.150899211054,-6.237343603465));
#1102 = CARTESIAN_POINT('',(2.153561166322,-6.189708272265));
#1103 = CARTESIAN_POINT('',(2.156398629817,-6.15673957218));
#1104 = CARTESIAN_POINT('',(2.159337064756,-6.14));
#1105 = CARTESIAN_POINT('',(2.162297694321,-6.14));
#1106 = ( GEOMETRIC_REPRESENTATION_CONTEXT(2) 
PARAMETRIC_REPRESENTATION_CONTEXT() REPRESENTATION_CONTEXT('2D SPACE',''
  ) );
#1107 = ORIENTED_EDGE('',*,*,#1108,.T.);
#1108 = EDGE_CURVE('',#1037,#1109,#1111,.T.);
#1109 = VERTEX_POINT('',#1110);
#1110 = CARTESIAN_POINT('',(-26.41489384431,-33.29419443676,4.14));
#1111 = SURFACE_CURVE('',#1112,(#1117,#1124),.PCURVE_S1.);
#1112 = CIRCLE('',#1113,42.5);
#1113 = AXIS2_PLACEMENT_3D('',#1114,#1115,#1116);
#1114 = CARTESIAN_POINT('',(0.,0.,4.14));
#1115 = DIRECTION('',(0.,0.,-1.));
#1116 = DIRECTION('',(1.,0.,0.));
#1117 = PCURVE('',#32,#1118);
#1118 = DEFINITIONAL_REPRESENTATION('',(#1119),#1123);
#1119 = LINE('',#1120,#1121);
#1120 = CARTESIAN_POINT('',(0.,-6.14));
#1121 = VECTOR('',#1122,1.);
#1122 = DIRECTION('',(1.,0.));
#1123 = ( GEOMETRIC_REPRESENTATION_CONTEXT(2) 
PARAMETRIC_REPRESENTATION_CONTEXT() REPRESENTATION_CONTEXT('2D SPACE',''
  ) );
#1124 = PCURVE('',#1024,#1125);
#1125 = DEFINITIONAL_REPRESENTATION('',(#1126),#1130);
#1126 = LINE('',#1127,#1128);
#1127 = CARTESIAN_POINT('',(0.,-6.14));
#1128 = VECTOR('',#1129,1.);
#1129 = DIRECTION('',(1.,0.));
#1130 = ( GEOMETRIC_REPRESENTATION_CONTEXT(2) 
PARAMETRIC_REPRESENTATION_CONTEXT() REPRESENTATION_CONTEXT('2D SPACE',''
  ) );
#1131 = ORIENTED_EDGE('',*,*,#1132,.T.);
#1132 = EDGE_CURVE('',#1109,#1133,#1135,.T.);
#1133 = VERTEX_POINT('',#1134);
#1134 = CARTESIAN_POINT('',(-26.85403910271,-32.94101674007,
    3.969521702273));
#1135 = SURFACE_CURVE('',#1136,(#1151,#1169),.PCURVE_S1.);
#1136 = B_SPLINE_CURVE_WITH_KNOTS('',7,(#1137,#1138,#1139,#1140,#1141,
    #1142,#1143,#1144,#1145,#1146,#1147,#1148,#1149,#1150),
  .UNSPECIFIED.,.F.,.F.,(8,6,8),(0.,0.611395971161,1.),.UNSPECIFIED.);
#1137 = CARTESIAN_POINT('',(-26.06382834117,-33.56973119049,
    4.969521702273));
#1138 = CARTESIAN_POINT('',(-26.06382834117,-33.56973119049,
    4.844578363942));
#1139 = CARTESIAN_POINT('',(-26.07838031778,-33.55843288738,
    4.719384688292));
#1140 = CARTESIAN_POINT('',(-26.10759040477,-33.53575404091,
    4.596216557222));
#1141 = CARTESIAN_POINT('',(-26.15160241334,-33.50151874889,
    4.477517248109));
#1142 = CARTESIAN_POINT('',(-26.21047001609,-33.45555659254,
    4.366091607868));
#1143 = CARTESIAN_POINT('',(-26.28406662083,-33.39775977542,
    4.265270738606));
#1144 = CARTESIAN_POINT('',(-26.42756185242,-33.28421594269,
    4.12476597122));
#1145 = CARTESIAN_POINT('',(-26.48929871769,-33.23518816409,
    4.07593358787));
#1146 = CARTESIAN_POINT('',(-26.55631096095,-33.1817402927,
    4.034711431415));
#1147 = CARTESIAN_POINT('',(-26.62757797713,-33.124610809,4.002577688575
    ));
#1148 = CARTESIAN_POINT('',(-26.7018648833,-33.06472913455,
    3.980621878611));
#1149 = CARTESIAN_POINT('',(-26.77781670772,-33.00315444492,
    3.969521702273));
#1150 = CARTESIAN_POINT('',(-26.85403910271,-32.94101674007,
    3.969521702273));
#1151 = PCURVE('',#32,#1152);
#1152 = DEFINITIONAL_REPRESENTATION('',(#1153),#1168);
#1153 = B_SPLINE_CURVE_WITH_KNOTS('',7,(#1154,#1155,#1156,#1157,#1158,
    #1159,#1160,#1161,#1162,#1163,#1164,#1165,#1166,#1167),
  .UNSPECIFIED.,.F.,.F.,(8,6,8),(0.,0.611395971161,1.),.UNSPECIFIED.);
#1154 = CARTESIAN_POINT('',(2.230985832761,-6.969521702273));
#1155 = CARTESIAN_POINT('',(2.230985832761,-6.844578363942));
#1156 = CARTESIAN_POINT('',(2.231419318173,-6.719384688292));
#1157 = CARTESIAN_POINT('',(2.232289448044,-6.596216557222));
#1158 = CARTESIAN_POINT('',(2.233601434028,-6.477517248109));
#1159 = CARTESIAN_POINT('',(2.235358731357,-6.366091607868));
#1160 = CARTESIAN_POINT('',(2.237560563124,-6.265270738606));
#1161 = CARTESIAN_POINT('',(2.241866065096,-6.12476597122));
#1162 = CARTESIAN_POINT('',(2.243721034228,-6.07593358787));
#1163 = CARTESIAN_POINT('',(2.245737885145,-6.034711431415));
#1164 = CARTESIAN_POINT('',(2.247887019327,-6.002577688575));
#1165 = CARTESIAN_POINT('',(2.250132105755,-5.980621878611));
#1166 = CARTESIAN_POINT('',(2.252432706169,-5.969521702273));
#1167 = CARTESIAN_POINT('',(2.254746611523,-5.969521702273));
#1168 = ( GEOMETRIC_REPRESENTATION_CONTEXT(2) 
PARAMETRIC_REPRESENTATION_CONTEXT() REPRESENTATION_CONTEXT('2D SPACE',''
  ) );
#1169 = PCURVE('',#1170,#1175);
#1170 = CYLINDRICAL_SURFACE('',#1171,1.);
#1171 = AXIS2_PLACEMENT_3D('',#1172,#1173,#1174);
#1172 = CARTESIAN_POINT('',(-22.8718563843,-29.16198788264,
    4.969521702273));
#1173 = DIRECTION('',(-0.72536722585,-0.688362105045,0.));
#1174 = DIRECTION('',(0.688362105045,-0.72536722585,0.));
#1175 = DEFINITIONAL_REPRESENTATION('',(#1176),#1191);
#1176 = B_SPLINE_CURVE_WITH_KNOTS('',7,(#1177,#1178,#1179,#1180,#1181,
    #1182,#1183,#1184,#1185,#1186,#1187,#1188,#1189,#1190),
  .UNSPECIFIED.,.F.,.F.,(8,6,8),(0.,0.611395971161,1.),.UNSPECIFIED.);
#1177 = CARTESIAN_POINT('',(0.,5.349475305233));
#1178 = CARTESIAN_POINT('',(-0.124943338331,5.349475305233));
#1179 = CARTESIAN_POINT('',(-0.250136577688,5.352253508431));
#1180 = CARTESIAN_POINT('',(-0.376492449451,5.357830289698));
#1181 = CARTESIAN_POINT('',(-0.504802649023,5.366188880572));
#1182 = CARTESIAN_POINT('',(-0.635952743194,5.377250903578));
#1183 = CARTESIAN_POINT('',(-0.770903507524,5.39085032989));
#1184 = CARTESIAN_POINT('',(-1.000146696273,5.416777796246));
#1185 = CARTESIAN_POINT('',(-1.091755916774,5.427810830052));
#1186 = CARTESIAN_POINT('',(-1.185259720118,5.439627825788));
#1187 = CARTESIAN_POINT('',(-1.280219300529,5.451996811947));
#1188 = CARTESIAN_POINT('',(-1.37630874681,5.46466182351));
#1189 = CARTESIAN_POINT('',(-1.473255063933,5.477369104717));
#1190 = CARTESIAN_POINT('',(-1.570796326795,5.489885090608));
#1191 = ( GEOMETRIC_REPRESENTATION_CONTEXT(2) 
PARAMETRIC_REPRESENTATION_CONTEXT() REPRESENTATION_CONTEXT('2D SPACE',''
  ) );
#1192 = ORIENTED_EDGE('',*,*,#1193,.T.);
#1193 = EDGE_CURVE('',#1133,#1194,#1196,.T.);
#1194 = VERTEX_POINT('',#1195);
#1195 = CARTESIAN_POINT('',(-34.29002811917,-25.10864336411,
    3.969521702273));
#1196 = SURFACE_CURVE('',#1197,(#1202,#1209),.PCURVE_S1.);
#1197 = CIRCLE('',#1198,42.5);
#1198 = AXIS2_PLACEMENT_3D('',#1199,#1200,#1201);
#1199 = CARTESIAN_POINT('',(0.,0.,3.969521702273));
#1200 = DIRECTION('',(0.,0.,-1.));
#1201 = DIRECTION('',(1.,0.,0.));
#1202 = PCURVE('',#32,#1203);
#1203 = DEFINITIONAL_REPRESENTATION('',(#1204),#1208);
#1204 = LINE('',#1205,#1206);
#1205 = CARTESIAN_POINT('',(0.,-5.969521702273));
#1206 = VECTOR('',#1207,1.);
#1207 = DIRECTION('',(1.,0.));
#1208 = ( GEOMETRIC_REPRESENTATION_CONTEXT(2) 
PARAMETRIC_REPRESENTATION_CONTEXT() REPRESENTATION_CONTEXT('2D SPACE',''
  ) );
#1209 = PCURVE('',#1210,#1215);
#1210 = PLANE('',#1211);
#1211 = AXIS2_PLACEMENT_3D('',#1212,#1213,#1214);
#1212 = CARTESIAN_POINT('',(-30.99452922384,-20.60265461761,
    3.969521702273));
#1213 = DIRECTION('',(0.,0.,1.));
#1214 = DIRECTION('',(-0.72536722585,-0.688362105045,0.));
#1215 = DEFINITIONAL_REPRESENTATION('',(#1216),#1224);
#1216 = ( BOUNDED_CURVE() B_SPLINE_CURVE(2,(#1217,#1218,#1219,#1220,
#1221,#1222,#1223),.UNSPECIFIED.,.T.,.F.) B_SPLINE_CURVE_WITH_KNOTS((1,2
    ,2,2,2,1),(-2.094395102393,0.,2.094395102393,4.188790204786,
6.28318530718,8.377580409573),.UNSPECIFIED.) CURVE() 
GEOMETRIC_REPRESENTATION_ITEM() RATIONAL_B_SPLINE_CURVE((1.,0.5,1.,0.5,
1.,0.5,1.)) REPRESENTATION_ITEM('') );
#1217 = CARTESIAN_POINT('',(-67.49260948035,35.646358420729));
#1218 = CARTESIAN_POINT('',(-16.82078853274,89.042206216724));
#1219 = CARTESIAN_POINT('',(4.085461641387,18.461198122077));
#1220 = CARTESIAN_POINT('',(24.991711815519,-52.11980997256));
#1221 = CARTESIAN_POINT('',(-46.58635930622,-34.93464967391));
#1222 = CARTESIAN_POINT('',(-118.1644304279,-17.74948937526));
#1223 = CARTESIAN_POINT('',(-67.49260948035,35.646358420729));
#1224 = ( GEOMETRIC_REPRESENTATION_CONTEXT(2) 
PARAMETRIC_REPRESENTATION_CONTEXT() REPRESENTATION_CONTEXT('2D SPACE',''
  ) );
#1225 = ORIENTED_EDGE('',*,*,#1226,.F.);
#1226 = EDGE_CURVE('',#1227,#1194,#1229,.T.);
#1227 = VERTEX_POINT('',#1228);
#1228 = CARTESIAN_POINT('',(-34.68540964844,-24.55956754249,
    4.227564519023));
#1229 = SURFACE_CURVE('',#1230,(#1245,#1263),.PCURVE_S1.);
#1230 = B_SPLINE_CURVE_WITH_KNOTS('',7,(#1231,#1232,#1233,#1234,#1235,
    #1236,#1237,#1238,#1239,#1240,#1241,#1242,#1243,#1244),
  .UNSPECIFIED.,.F.,.F.,(8,6,8),(0.,0.611384283881,1.),.UNSPECIFIED.);
#1231 = CARTESIAN_POINT('',(-34.87685899754,-24.28692459875,
    4.969521702273));
#1232 = CARTESIAN_POINT('',(-34.87685899754,-24.28692459875,
    4.844553991771));
#1233 = CARTESIAN_POINT('',(-34.86632753132,-24.30204811787,
    4.719366045851));
#1234 = CARTESIAN_POINT('',(-34.84519712218,-24.33239225995,
    4.596217209291));
#1235 = CARTESIAN_POINT('',(-34.81329964698,-24.37810964854,4.477534805)
  );
#1236 = CARTESIAN_POINT('',(-34.77046336209,-24.43926918649,
    4.36611402203));
#1237 = CARTESIAN_POINT('',(-34.71656753942,-24.51575936064,
    4.265284942948));
#1238 = CARTESIAN_POINT('',(-34.61060907432,-24.66497106095,
    4.124754256576));
#1239 = CARTESIAN_POINT('',(-34.56485168156,-24.72916712512,
    4.075924658636));
#1240 = CARTESIAN_POINT('',(-34.51496011897,-24.79885204328,
    4.034709754882));
#1241 = CARTESIAN_POINT('',(-34.46161604228,-24.87297252376,
    4.002581044349));
#1242 = CARTESIAN_POINT('',(-34.40567935239,-24.95025302616,
    3.980625241439));
#1243 = CARTESIAN_POINT('',(-34.34813274456,-25.02929183525,
    3.969521702273));
#1244 = CARTESIAN_POINT('',(-34.29002811917,-25.10864336411,
    3.969521702273));
#1245 = PCURVE('',#32,#1246);
#1246 = DEFINITIONAL_REPRESENTATION('',(#1247),#1262);
#1247 = B_SPLINE_CURVE_WITH_KNOTS('',7,(#1248,#1249,#1250,#1251,#1252,
    #1253,#1254,#1255,#1256,#1257,#1258,#1259,#1260,#1261),
  .UNSPECIFIED.,.F.,.F.,(8,6,8),(0.,0.611384283881,1.),.UNSPECIFIED.);
#1248 = CARTESIAN_POINT('',(2.533312372632,-6.969521702273));
#1249 = CARTESIAN_POINT('',(2.533312372632,-6.844553991771));
#1250 = CARTESIAN_POINT('',(2.53287874616,-6.719366045851));
#1251 = CARTESIAN_POINT('',(2.532008711121,-6.596217209291));
#1252 = CARTESIAN_POINT('',(2.530697059319,-6.477534805));
#1253 = CARTESIAN_POINT('',(2.528940152363,-6.36611402203));
#1254 = CARTESIAN_POINT('',(2.526738499872,-6.265284942948));
#1255 = CARTESIAN_POINT('',(2.52243246787,-6.124754256576));
#1256 = CARTESIAN_POINT('',(2.520577542015,-6.075924658636));
#1257 = CARTESIAN_POINT('',(2.518560987559,-6.034709754882));
#1258 = CARTESIAN_POINT('',(2.51641228224,-6.002581044349));
#1259 = CARTESIAN_POINT('',(2.514167586698,-5.980625241439));
#1260 = CARTESIAN_POINT('',(2.511867151933,-5.969521702273));
#1261 = CARTESIAN_POINT('',(2.509553023505,-5.969521702273));
#1262 = ( GEOMETRIC_REPRESENTATION_CONTEXT(2) 
PARAMETRIC_REPRESENTATION_CONTEXT() REPRESENTATION_CONTEXT('2D SPACE',''
  ) );
#1263 = PCURVE('',#1264,#1269);
#1264 = CYLINDRICAL_SURFACE('',#1265,1.);
#1265 = AXIS2_PLACEMENT_3D('',#1266,#1267,#1268);
#1266 = CARTESIAN_POINT('',(-30.3061671188,-21.32802184346,
    4.969521702273));
#1267 = DIRECTION('',(-0.72536722585,-0.688362105045,0.));
#1268 = DIRECTION('',(-0.688362105045,0.72536722585,0.));
#1269 = DEFINITIONAL_REPRESENTATION('',(#1270),#1285);
#1270 = B_SPLINE_CURVE_WITH_KNOTS('',7,(#1271,#1272,#1273,#1274,#1275,
    #1276,#1277,#1278,#1279,#1280,#1281,#1282,#1283,#1284),
  .UNSPECIFIED.,.F.,.F.,(8,6,8),(0.,0.611384283881,1.),.UNSPECIFIED.);
#1271 = CARTESIAN_POINT('',(0.,5.352226617556));
#1272 = CARTESIAN_POINT('',(0.124967710502,5.352226617556));
#1273 = CARTESIAN_POINT('',(0.250155277804,5.354997894576));
#1274 = CARTESIAN_POINT('',(0.376493501363,5.360558345839));
#1275 = CARTESIAN_POINT('',(0.504785864548,5.368891080585));
#1276 = CARTESIAN_POINT('',(0.635925864745,5.379918951732));
#1277 = CARTESIAN_POINT('',(0.770880332164,5.393477625655));
#1278 = CARTESIAN_POINT('',(1.000165809519,5.419330507891));
#1279 = CARTESIAN_POINT('',(1.091775654335,5.430329732713));
#1280 = CARTESIAN_POINT('',(1.185269860406,5.442108485322));
#1281 = CARTESIAN_POINT('',(1.280216455713,5.454436170364));
#1282 = CARTESIAN_POINT('',(1.3762955522,5.467058498107));
#1283 = CARTESIAN_POINT('',(1.473240306185,5.479723395834));
#1284 = CARTESIAN_POINT('',(1.570796326795,5.49219879035));
#1285 = ( GEOMETRIC_REPRESENTATION_CONTEXT(2) 
PARAMETRIC_REPRESENTATION_CONTEXT() REPRESENTATION_CONTEXT('2D SPACE',''
  ) );
#1286 = ORIENTED_EDGE('',*,*,#1287,.F.);
#1287 = EDGE_CURVE('',#1288,#1227,#1290,.T.);
#1288 = VERTEX_POINT('',#1289);
#1289 = CARTESIAN_POINT('',(-35.07550501428,-23.99914473461,5.24));
#1290 = SURFACE_CURVE('',#1291,(#1309,#1355),.PCURVE_S1.);
#1291 = B_SPLINE_CURVE_WITH_KNOTS('',6,(#1292,#1293,#1294,#1295,#1296,
    #1297,#1298,#1299,#1300,#1301,#1302,#1303,#1304,#1305,#1306,#1307,
    #1308),.UNSPECIFIED.,.F.,.F.,(7,5,5,7),(0.,0.451213245073,
    0.621687091057,1.),.UNSPECIFIED.);
#1292 = CARTESIAN_POINT('',(-35.07550501428,-23.99914473461,5.24));
#1293 = CARTESIAN_POINT('',(-35.07550501428,-23.99914473461,
    5.121744284101));
#1294 = CARTESIAN_POINT('',(-35.06671004304,-24.01199891306,
    5.00343636797));
#1295 = CARTESIAN_POINT('',(-35.04910566855,-24.03772801833,
    4.886757725807));
#1296 = CARTESIAN_POINT('',(-35.02256656,-24.07644057026,4.77346458892)
  );
#1297 = CARTESIAN_POINT('',(-34.98690823194,-24.12825075763,
    4.665603401121));
#1298 = CARTESIAN_POINT('',(-34.92499033784,-24.21767824351,
    4.528096150151));
#1299 = CARTESIAN_POINT('',(-34.90668978274,-24.24406544932,
    4.491546931523));
#1300 = CARTESIAN_POINT('',(-34.88707079448,-24.27230006708,
    4.45632121131));
#1301 = CARTESIAN_POINT('',(-34.86614304896,-24.30235394053,
    4.422591819632));
#1302 = CARTESIAN_POINT('',(-34.84392307828,-24.33418794027,
    4.390538209477));
#1303 = CARTESIAN_POINT('',(-34.76831050842,-24.44223494579,
    4.293346736999));
#1304 = CARTESIAN_POINT('',(-34.70949284361,-24.52587558336,
    4.23494217482));
#1305 = CARTESIAN_POINT('',(-34.6448031498,-24.61731083086,
    4.188444278295));
#1306 = CARTESIAN_POINT('',(-34.5756173732,-24.71438727534,
    4.156299715807));
#1307 = CARTESIAN_POINT('',(-34.50367597517,-24.81454735475,4.14));
#1308 = CARTESIAN_POINT('',(-34.43088738783,-24.9151358352,4.14));
#1309 = PCURVE('',#32,#1310);
#1310 = DEFINITIONAL_REPRESENTATION('',(#1311),#1354);
#1311 = B_SPLINE_CURVE_WITH_KNOTS('',9,(#1312,#1313,#1314,#1315,#1316,
    #1317,#1318,#1319,#1320,#1321,#1322,#1323,#1324,#1325,#1326,#1327,
    #1328,#1329,#1330,#1331,#1332,#1333,#1334,#1335,#1336,#1337,#1338,
    #1339,#1340,#1341,#1342,#1343,#1344,#1345,#1346,#1347,#1348,#1349,
    #1350,#1351,#1352,#1353),.UNSPECIFIED.,.F.,.F.,(10,8,8,8,8,10),(0.,
    0.25,0.4375,0.578125,0.630859375,1.),.UNSPECIFIED.);
#1312 = CARTESIAN_POINT('',(2.541540207237,-7.24));
#1313 = CARTESIAN_POINT('',(2.541540207237,-7.196319354101));
#1314 = CARTESIAN_POINT('',(2.54149333164,-7.152632017896));
#1315 = CARTESIAN_POINT('',(2.541399556934,-7.109006124037));
#1316 = CARTESIAN_POINT('',(2.541258823102,-7.065510587725));
#1317 = CARTESIAN_POINT('',(2.541071040092,-7.022215694754));
#1318 = CARTESIAN_POINT('',(2.54083609428,-6.979193689541));
#1319 = CARTESIAN_POINT('',(2.54055385494,-6.936519363164));
#1320 = CARTESIAN_POINT('',(2.540224180712,-6.894270641397));
#1321 = CARTESIAN_POINT('',(2.539563985078,-6.82122307126));
#1322 = CARTESIAN_POINT('',(2.539254280185,-6.79020230479));
#1323 = CARTESIAN_POINT('',(2.538917750329,-6.759501341366));
#1324 = CARTESIAN_POINT('',(2.538554333257,-6.729155834686));
#1325 = CARTESIAN_POINT('',(2.538163967376,-6.699202785388));
#1326 = CARTESIAN_POINT('',(2.53774659362,-6.669680702326));
#1327 = CARTESIAN_POINT('',(2.537302157312,-6.640629763847));
#1328 = CARTESIAN_POINT('',(2.536830610028,-6.612091979058));
#1329 = CARTESIAN_POINT('',(2.535957887537,-6.563125876642));
#1330 = CARTESIAN_POINT('',(2.535568572223,-6.542452759938));
#1331 = CARTESIAN_POINT('',(2.535164014863,-6.522114464986));
#1332 = CARTESIAN_POINT('',(2.534744276882,-6.5021335822));
#1333 = CARTESIAN_POINT('',(2.534309433154,-6.482532898868));
#1334 = CARTESIAN_POINT('',(2.533859573367,-6.463335471605));
#1335 = CARTESIAN_POINT('',(2.533394803391,-6.444564698809));
#1336 = CARTESIAN_POINT('',(2.532915246645,-6.426244393112));
#1337 = CARTESIAN_POINT('',(2.532235720014,-6.401706776605));
#1338 = CARTESIAN_POINT('',(2.532048332409,-6.395081390757));
#1339 = CARTESIAN_POINT('',(2.531858925872,-6.388524941757));
#1340 = CARTESIAN_POINT('',(2.531667308538,-6.382033072285));
#1341 = CARTESIAN_POINT('',(2.531474126051,-6.375625604977));
#1342 = CARTESIAN_POINT('',(2.531278090202,-6.369265371955));
#1343 = CARTESIAN_POINT('',(2.531080940196,-6.363005857408));
#1344 = CARTESIAN_POINT('',(2.530881257526,-6.356804630567));
#1345 = CARTESIAN_POINT('',(2.529267118348,-6.307783610753));
#1346 = CARTESIAN_POINT('',(2.52775035474,-6.268426273399));
#1347 = CARTESIAN_POINT('',(2.526137839723,-6.233323576957));
#1348 = CARTESIAN_POINT('',(2.524440578321,-6.203100144931));
#1349 = CARTESIAN_POINT('',(2.522671550696,-6.178283016146));
#1350 = CARTESIAN_POINT('',(2.520845322685,-6.159298022496));
#1351 = CARTESIAN_POINT('',(2.518977656332,-6.146466166691));
#1352 = CARTESIAN_POINT('',(2.517085120423,-6.14));
#1353 = CARTESIAN_POINT('',(2.515184701024,-6.14));
#1354 = ( GEOMETRIC_REPRESENTATION_CONTEXT(2) 
PARAMETRIC_REPRESENTATION_CONTEXT() REPRESENTATION_CONTEXT('2D SPACE',''
  ) );
#1355 = PCURVE('',#1356,#1361);
#1356 = CYLINDRICAL_SURFACE('',#1357,42.5);
#1357 = AXIS2_PLACEMENT_3D('',#1358,#1359,#1360);
#1358 = CARTESIAN_POINT('',(0.,0.,-2.));
#1359 = DIRECTION('',(-0.,-0.,-1.));
#1360 = DIRECTION('',(1.,0.,0.));
#1361 = DEFINITIONAL_REPRESENTATION('',(#1362),#1405);
#1362 = B_SPLINE_CURVE_WITH_KNOTS('',9,(#1363,#1364,#1365,#1366,#1367,
    #1368,#1369,#1370,#1371,#1372,#1373,#1374,#1375,#1376,#1377,#1378,
    #1379,#1380,#1381,#1382,#1383,#1384,#1385,#1386,#1387,#1388,#1389,
    #1390,#1391,#1392,#1393,#1394,#1395,#1396,#1397,#1398,#1399,#1400,
    #1401,#1402,#1403,#1404),.UNSPECIFIED.,.F.,.F.,(10,8,8,8,8,10),(0.,
    0.25,0.4375,0.578125,0.630859375,1.),.UNSPECIFIED.);
#1363 = CARTESIAN_POINT('',(2.541540207237,-7.24));
#1364 = CARTESIAN_POINT('',(2.541540207237,-7.196319354101));
#1365 = CARTESIAN_POINT('',(2.54149333164,-7.152632017896));
#1366 = CARTESIAN_POINT('',(2.541399556934,-7.109006124037));
#1367 = CARTESIAN_POINT('',(2.541258823102,-7.065510587725));
#1368 = CARTESIAN_POINT('',(2.541071040092,-7.022215694754));
#1369 = CARTESIAN_POINT('',(2.54083609428,-6.979193689541));
#1370 = CARTESIAN_POINT('',(2.54055385494,-6.936519363164));
#1371 = CARTESIAN_POINT('',(2.540224180712,-6.894270641397));
#1372 = CARTESIAN_POINT('',(2.539563985078,-6.82122307126));
#1373 = CARTESIAN_POINT('',(2.539254280185,-6.79020230479));
#1374 = CARTESIAN_POINT('',(2.538917750329,-6.759501341366));
#1375 = CARTESIAN_POINT('',(2.538554333257,-6.729155834686));
#1376 = CARTESIAN_POINT('',(2.538163967376,-6.699202785388));
#1377 = CARTESIAN_POINT('',(2.53774659362,-6.669680702326));
#1378 = CARTESIAN_POINT('',(2.537302157312,-6.640629763847));
#1379 = CARTESIAN_POINT('',(2.536830610028,-6.612091979058));
#1380 = CARTESIAN_POINT('',(2.535957887537,-6.563125876642));
#1381 = CARTESIAN_POINT('',(2.535568572223,-6.542452759938));
#1382 = CARTESIAN_POINT('',(2.535164014863,-6.522114464986));
#1383 = CARTESIAN_POINT('',(2.534744276882,-6.5021335822));
#1384 = CARTESIAN_POINT('',(2.534309433154,-6.482532898868));
#1385 = CARTESIAN_POINT('',(2.533859573367,-6.463335471605));
#1386 = CARTESIAN_POINT('',(2.533394803391,-6.444564698809));
#1387 = CARTESIAN_POINT('',(2.532915246645,-6.426244393112));
#1388 = CARTESIAN_POINT('',(2.532235720014,-6.401706776605));
#1389 = CARTESIAN_POINT('',(2.532048332409,-6.395081390757));
#1390 = CARTESIAN_POINT('',(2.531858925872,-6.388524941757));
#1391 = CARTESIAN_POINT('',(2.531667308538,-6.382033072285));
#1392 = CARTESIAN_POINT('',(2.531474126051,-6.375625604977));
#1393 = CARTESIAN_POINT('',(2.531278090202,-6.369265371955));
#1394 = CARTESIAN_POINT('',(2.531080940196,-6.363005857408));
#1395 = CARTESIAN_POINT('',(2.530881257526,-6.356804630567));
#1396 = CARTESIAN_POINT('',(2.529267118348,-6.307783610753));
#1397 = CARTESIAN_POINT('',(2.52775035474,-6.268426273399));
#1398 = CARTESIAN_POINT('',(2.526137839723,-6.233323576957));
#1399 = CARTESIAN_POINT('',(2.524440578321,-6.203100144931));
#1400 = CARTESIAN_POINT('',(2.522671550696,-6.178283016146));
#1401 = CARTESIAN_POINT('',(2.520845322685,-6.159298022496));
#1402 = CARTESIAN_POINT('',(2.518977656332,-6.146466166691));
#1403 = CARTESIAN_POINT('',(2.517085120423,-6.14));
#1404 = CARTESIAN_POINT('',(2.515184701024,-6.14));
#1405 = ( GEOMETRIC_REPRESENTATION_CONTEXT(2) 
PARAMETRIC_REPRESENTATION_CONTEXT() REPRESENTATION_CONTEXT('2D SPACE',''
  ) );
#1406 = ORIENTED_EDGE('',*,*,#1407,.F.);
#1407 = EDGE_CURVE('',#1408,#1288,#1410,.T.);
#1408 = VERTEX_POINT('',#1409);
#1409 = CARTESIAN_POINT('',(-35.07550501428,-23.99914473461,6.));
#1410 = SURFACE_CURVE('',#1411,(#1415,#1422),.PCURVE_S1.);
#1411 = LINE('',#1412,#1413);
#1412 = CARTESIAN_POINT('',(-35.07550501428,-23.99914473461,1.05));
#1413 = VECTOR('',#1414,1.);
#1414 = DIRECTION('',(-0.,-0.,-1.));
#1415 = PCURVE('',#32,#1416);
#1416 = DEFINITIONAL_REPRESENTATION('',(#1417),#1421);
#1417 = LINE('',#1418,#1419);
#1418 = CARTESIAN_POINT('',(2.541540207237,-3.05));
#1419 = VECTOR('',#1420,1.);
#1420 = DIRECTION('',(0.,1.));
#1421 = ( GEOMETRIC_REPRESENTATION_CONTEXT(2) 
PARAMETRIC_REPRESENTATION_CONTEXT() REPRESENTATION_CONTEXT('2D SPACE',''
  ) );
#1422 = PCURVE('',#1356,#1423);
#1423 = DEFINITIONAL_REPRESENTATION('',(#1424),#1428);
#1424 = LINE('',#1425,#1426);
#1425 = CARTESIAN_POINT('',(2.541540207237,-3.05));
#1426 = VECTOR('',#1427,1.);
#1427 = DIRECTION('',(0.,1.));
#1428 = ( GEOMETRIC_REPRESENTATION_CONTEXT(2) 
PARAMETRIC_REPRESENTATION_CONTEXT() REPRESENTATION_CONTEXT('2D SPACE',''
  ) );
#1429 = ORIENTED_EDGE('',*,*,#1430,.F.);
#1430 = EDGE_CURVE('',#1431,#1408,#1433,.T.);
#1431 = VERTEX_POINT('',#1432);
#1432 = CARTESIAN_POINT('',(-39.37321424522,-16.,6.));
#1433 = SURFACE_CURVE('',#1434,(#1439,#1446),.PCURVE_S1.);
#1434 = CIRCLE('',#1435,42.5);
#1435 = AXIS2_PLACEMENT_3D('',#1436,#1437,#1438);
#1436 = CARTESIAN_POINT('',(0.,0.,6.));
#1437 = DIRECTION('',(0.,0.,1.));
#1438 = DIRECTION('',(1.,0.,-0.));
#1439 = PCURVE('',#32,#1440);
#1440 = DEFINITIONAL_REPRESENTATION('',(#1441),#1445);
#1441 = LINE('',#1442,#1443);
#1442 = CARTESIAN_POINT('',(6.28318530718,-8.));
#1443 = VECTOR('',#1444,1.);
#1444 = DIRECTION('',(-1.,0.));
#1445 = ( GEOMETRIC_REPRESENTATION_CONTEXT(2) 
PARAMETRIC_REPRESENTATION_CONTEXT() REPRESENTATION_CONTEXT('2D SPACE',''
  ) );
#1446 = PCURVE('',#1447,#1452);
#1447 = PLANE('',#1448);
#1448 = AXIS2_PLACEMENT_3D('',#1449,#1450,#1451);
#1449 = CARTESIAN_POINT('',(-4.118407928589E-15,3.242876655026E-16,6.));
#1450 = DIRECTION('',(0.,0.,1.));
#1451 = DIRECTION('',(1.,0.,-0.));
#1452 = DEFINITIONAL_REPRESENTATION('',(#1453),#1457);
#1453 = CIRCLE('',#1454,42.5);
#1454 = AXIS2_PLACEMENT_2D('',#1455,#1456);
#1455 = CARTESIAN_POINT('',(4.118407928589E-15,-3.242876655026E-16));
#1456 = DIRECTION('',(1.,0.));
#1457 = ( GEOMETRIC_REPRESENTATION_CONTEXT(2) 
PARAMETRIC_REPRESENTATION_CONTEXT() REPRESENTATION_CONTEXT('2D SPACE',''
  ) );
#1458 = ORIENTED_EDGE('',*,*,#1459,.T.);
#1459 = EDGE_CURVE('',#1431,#1460,#1462,.T.);
#1460 = VERTEX_POINT('',#1461);
#1461 = CARTESIAN_POINT('',(-39.37321424522,-16.,4.9));
#1462 = SURFACE_CURVE('',#1463,(#1467,#1473),.PCURVE_S1.);
#1463 = LINE('',#1464,#1465);
#1464 = CARTESIAN_POINT('',(-39.37321424522,-16.,-2.));
#1465 = VECTOR('',#1466,1.);
#1466 = DIRECTION('',(-0.,-0.,-1.));
#1467 = PCURVE('',#32,#1468);
#1468 = DEFINITIONAL_REPRESENTATION('',(#1469),#1472);
#1469 = B_SPLINE_CURVE_WITH_KNOTS('',1,(#1470,#1471),.UNSPECIFIED.,.F.,
  .F.,(2,2),(-8.0000006,-6.725),.PIECEWISE_BEZIER_KNOTS.);
#1470 = CARTESIAN_POINT('',(2.755609016493,-8.0000006));
#1471 = CARTESIAN_POINT('',(2.755609016493,-6.725));
#1472 = ( GEOMETRIC_REPRESENTATION_CONTEXT(2) 
PARAMETRIC_REPRESENTATION_CONTEXT() REPRESENTATION_CONTEXT('2D SPACE',''
  ) );
#1473 = PCURVE('',#1474,#1479);
#1474 = PLANE('',#1475);
#1475 = AXIS2_PLACEMENT_3D('',#1476,#1477,#1478);
#1476 = CARTESIAN_POINT('',(-44.5,-16.,3.8));
#1477 = DIRECTION('',(0.,1.,0.));
#1478 = DIRECTION('',(0.,0.,1.));
#1479 = DEFINITIONAL_REPRESENTATION('',(#1480),#1483);
#1480 = B_SPLINE_CURVE_WITH_KNOTS('',1,(#1481,#1482),.UNSPECIFIED.,.F.,
  .F.,(2,2),(-8.0000006,-6.725),.PIECEWISE_BEZIER_KNOTS.);
#1481 = CARTESIAN_POINT('',(2.2000006,5.12678575478));
#1482 = CARTESIAN_POINT('',(0.925,5.12678575478));
#1483 = ( GEOMETRIC_REPRESENTATION_CONTEXT(2) 
PARAMETRIC_REPRESENTATION_CONTEXT() REPRESENTATION_CONTEXT('2D SPACE',''
  ) );
#1484 = ORIENTED_EDGE('',*,*,#1485,.T.);
#1485 = EDGE_CURVE('',#1460,#1486,#1488,.T.);
#1486 = VERTEX_POINT('',#1487);
#1487 = CARTESIAN_POINT('',(-39.80251248351,-14.9,3.8));
#1488 = SURFACE_CURVE('',#1489,(#1507,#1528),.PCURVE_S1.);
#1489 = B_SPLINE_CURVE_WITH_KNOTS('',6,(#1490,#1491,#1492,#1493,#1494,
    #1495,#1496,#1497,#1498,#1499,#1500,#1501,#1502,#1503,#1504,#1505,
    #1506),.UNSPECIFIED.,.F.,.F.,(7,5,5,7),(0.,0.422138047227,
    0.60317227774,1.),.UNSPECIFIED.);
#1490 = CARTESIAN_POINT('',(-39.37321424522,-16.,4.9));
#1491 = CARTESIAN_POINT('',(-39.37321424522,-16.,4.786539201262));
#1492 = CARTESIAN_POINT('',(-39.37892117131,-15.98595627506,
    4.673011279027));
#1493 = CARTESIAN_POINT('',(-39.39034747048,-15.95783801617,
    4.561125523452));
#1494 = CARTESIAN_POINT('',(-39.40743575007,-15.91567934545,
    4.452622357862));
#1495 = CARTESIAN_POINT('',(-39.43004402975,-15.85961104896,
    4.349359520103));
#1496 = CARTESIAN_POINT('',(-39.46989304385,-15.76003107299,
    4.212299441542));
#1497 = CARTESIAN_POINT('',(-39.48282216987,-15.72764354851,
    4.172520346738));
#1498 = CARTESIAN_POINT('',(-39.49669274814,-15.69279958135,
    4.134290358468));
#1499 = CARTESIAN_POINT('',(-39.51147042761,-15.65555824087,
    4.097802247102));
#1500 = CARTESIAN_POINT('',(-39.52711402215,-15.61599420474,
    4.063250132974));
#1501 = CARTESIAN_POINT('',(-39.57965915593,-15.48257979091,
    3.959763305681));
#1502 = CARTESIAN_POINT('',(-39.61988114907,-15.37970698968,
    3.898528577713));
#1503 = CARTESIAN_POINT('',(-39.66344999519,-15.26725004613,
    3.850141770177));
#1504 = CARTESIAN_POINT('',(-39.70923628153,-15.14775202422,3.8168446917
    ));
#1505 = CARTESIAN_POINT('',(-39.75599538634,-15.02426156649,3.8));
#1506 = CARTESIAN_POINT('',(-39.80251248351,-14.9,3.8));
#1507 = PCURVE('',#32,#1508);
#1508 = DEFINITIONAL_REPRESENTATION('',(#1509),#1527);
#1509 = B_SPLINE_CURVE_WITH_KNOTS('',6,(#1510,#1511,#1512,#1513,#1514,
    #1515,#1516,#1517,#1518,#1519,#1520,#1521,#1522,#1523,#1524,#1525,
    #1526),.UNSPECIFIED.,.F.,.F.,(7,5,5,7),(0.,0.422138047227,
    0.60317227774,1.),.UNSPECIFIED.);
#1510 = CARTESIAN_POINT('',(2.755609016493,-6.9));
#1511 = CARTESIAN_POINT('',(2.755609016493,-6.786539201262));
#1512 = CARTESIAN_POINT('',(2.755965698782,-6.673011279027));
#1513 = CARTESIAN_POINT('',(2.756679845289,-6.561125523452));
#1514 = CARTESIAN_POINT('',(2.757750203545,-6.452622357862));
#1515 = CARTESIAN_POINT('',(2.759172665526,-6.349359520103));
#1516 = CARTESIAN_POINT('',(2.761696365292,-6.212299441542));
#1517 = CARTESIAN_POINT('',(2.762516902156,-6.172520346738));
#1518 = CARTESIAN_POINT('',(2.76339933124,-6.134290358468));
#1519 = CARTESIAN_POINT('',(2.764342063421,-6.097802247102));
#1520 = CARTESIAN_POINT('',(2.765343109783,-6.063250132974));
#1521 = CARTESIAN_POINT('',(2.768716967916,-5.959763305681));
#1522 = CARTESIAN_POINT('',(2.77131593473,-5.898528577713));
#1523 = CARTESIAN_POINT('',(2.774153603543,-5.850141770177));
#1524 = CARTESIAN_POINT('',(2.777164612734,-5.8168446917));
#1525 = CARTESIAN_POINT('',(2.780271569845,-5.8));
#1526 = CARTESIAN_POINT('',(2.783393522675,-5.8));
#1527 = ( GEOMETRIC_REPRESENTATION_CONTEXT(2) 
PARAMETRIC_REPRESENTATION_CONTEXT() REPRESENTATION_CONTEXT('2D SPACE',''
  ) );
#1528 = PCURVE('',#1529,#1534);
#1529 = CYLINDRICAL_SURFACE('',#1530,1.1);
#1530 = AXIS2_PLACEMENT_3D('',#1531,#1532,#1533);
#1531 = CARTESIAN_POINT('',(-44.5,-14.9,4.9));
#1532 = DIRECTION('',(1.,0.,0.));
#1533 = DIRECTION('',(0.,-1.,0.));
#1534 = DEFINITIONAL_REPRESENTATION('',(#1535),#1553);
#1535 = B_SPLINE_CURVE_WITH_KNOTS('',6,(#1536,#1537,#1538,#1539,#1540,
    #1541,#1542,#1543,#1544,#1545,#1546,#1547,#1548,#1549,#1550,#1551,
    #1552),.UNSPECIFIED.,.F.,.F.,(7,5,5,7),(0.,0.422138047227,
    0.60317227774,1.),.UNSPECIFIED.);
#1536 = CARTESIAN_POINT('',(0.,5.12678575478));
#1537 = CARTESIAN_POINT('',(0.103146180671,5.12678575478));
#1538 = CARTESIAN_POINT('',(0.206353745353,5.121078828688));
#1539 = CARTESIAN_POINT('',(0.310041702779,5.109652529513));
#1540 = CARTESIAN_POINT('',(0.414622573645,5.092564249924));
#1541 = CARTESIAN_POINT('',(0.520529697545,5.069955970247));
#1542 = CARTESIAN_POINT('',(0.674543855821,5.030106956144));
#1543 = CARTESIAN_POINT('',(0.721106603024,5.017177830124));
#1544 = CARTESIAN_POINT('',(0.76802019233,5.003307251852));
#1545 = CARTESIAN_POINT('',(0.815302154185,4.988529572385));
#1546 = CARTESIAN_POINT('',(0.862974129477,4.972885977841));
#1547 = CARTESIAN_POINT('',(1.016470378772,4.920340844069));
#1548 = CARTESIAN_POINT('',(1.124485087471,4.880118850927));
#1549 = CARTESIAN_POINT('',(1.234336181446,4.836550004807));
#1550 = CARTESIAN_POINT('',(1.345567625034,4.790763718461));
#1551 = CARTESIAN_POINT('',(1.457831266344,4.744004613659));
#1552 = CARTESIAN_POINT('',(1.570796326795,4.69748751649));
#1553 = ( GEOMETRIC_REPRESENTATION_CONTEXT(2) 
PARAMETRIC_REPRESENTATION_CONTEXT() REPRESENTATION_CONTEXT('2D SPACE',''
  ) );
#1554 = ORIENTED_EDGE('',*,*,#1555,.T.);
#1555 = EDGE_CURVE('',#1486,#1556,#1558,.T.);
#1556 = VERTEX_POINT('',#1557);
#1557 = CARTESIAN_POINT('',(-40.162669234,13.9,3.8));
#1558 = SURFACE_CURVE('',#1559,(#1564,#1571),.PCURVE_S1.);
#1559 = CIRCLE('',#1560,42.5);
#1560 = AXIS2_PLACEMENT_3D('',#1561,#1562,#1563);
#1561 = CARTESIAN_POINT('',(0.,0.,3.8));
#1562 = DIRECTION('',(-4.910291583744E-17,1.60973733587E-16,-1.));
#1563 = DIRECTION('',(-0.936529705494,-0.350588235294,
    -1.044915787883E-17));
#1564 = PCURVE('',#32,#1565);
#1565 = DEFINITIONAL_REPRESENTATION('',(#1566),#1570);
#1566 = LINE('',#1567,#1568);
#1567 = CARTESIAN_POINT('',(2.783393522675,-5.8));
#1568 = VECTOR('',#1569,1.);
#1569 = DIRECTION('',(1.,0.));
#1570 = ( GEOMETRIC_REPRESENTATION_CONTEXT(2) 
PARAMETRIC_REPRESENTATION_CONTEXT() REPRESENTATION_CONTEXT('2D SPACE',''
  ) );
#1571 = PCURVE('',#1572,#1577);
#1572 = PLANE('',#1573);
#1573 = AXIS2_PLACEMENT_3D('',#1574,#1575,#1576);
#1574 = CARTESIAN_POINT('',(-44.5,-16.,3.8));
#1575 = DIRECTION('',(0.,0.,1.));
#1576 = DIRECTION('',(1.,0.,0.));
#1577 = DEFINITIONAL_REPRESENTATION('',(#1578),#1586);
#1578 = ( BOUNDED_CURVE() B_SPLINE_CURVE(2,(#1579,#1580,#1581,#1582,
#1583,#1584,#1585),.UNSPECIFIED.,.T.,.F.) B_SPLINE_CURVE_WITH_KNOTS((1,2
    ,2,2,2,1),(-2.094395102393,0.,2.094395102393,4.188790204786,
6.28318530718,8.377580409573),.UNSPECIFIED.) CURVE() 
GEOMETRIC_REPRESENTATION_ITEM() RATIONAL_B_SPLINE_CURVE((1.,0.5,1.,0.5,
1.,0.5,1.)) REPRESENTATION_ITEM('') );
#1579 = CARTESIAN_POINT('',(4.69748751649,1.1));
#1580 = CARTESIAN_POINT('',(-21.11006951628,70.039973890334));
#1581 = CARTESIAN_POINT('',(51.497477725367,57.919986945167));
#1582 = CARTESIAN_POINT('',(124.10502496702,45.8));
#1583 = CARTESIAN_POINT('',(77.305034758143,-11.01998694516));
#1584 = CARTESIAN_POINT('',(30.505044549266,-67.83997389033));
#1585 = CARTESIAN_POINT('',(4.69748751649,1.1));
#1586 = ( GEOMETRIC_REPRESENTATION_CONTEXT(2) 
PARAMETRIC_REPRESENTATION_CONTEXT() REPRESENTATION_CONTEXT('2D SPACE',''
  ) );
#1587 = ORIENTED_EDGE('',*,*,#1588,.F.);
#1588 = EDGE_CURVE('',#1589,#1556,#1591,.T.);
#1589 = VERTEX_POINT('',#1590);
#1590 = CARTESIAN_POINT('',(-39.76493430146,15.,4.9));
#1591 = SURFACE_CURVE('',#1592,(#1607,#1625),.PCURVE_S1.);
#1592 = B_SPLINE_CURVE_WITH_KNOTS('',7,(#1593,#1594,#1595,#1596,#1597,
    #1598,#1599,#1600,#1601,#1602,#1603,#1604,#1605,#1606),
  .UNSPECIFIED.,.F.,.F.,(8,6,8),(0.,0.605151835192,1.),.UNSPECIFIED.);
#1593 = CARTESIAN_POINT('',(-39.76493430146,15.,4.9));
#1594 = CARTESIAN_POINT('',(-39.76493430146,15.,4.761454879973));
#1595 = CARTESIAN_POINT('',(-39.77261363724,14.979642085699,
    4.622596724665));
#1596 = CARTESIAN_POINT('',(-39.78803525236,14.938759602541,
    4.486299809396));
#1597 = CARTESIAN_POINT('',(-39.81112474062,14.877350234916,
    4.355555654133));
#1598 = CARTESIAN_POINT('',(-39.84163854068,14.795654673655,
    4.233582417138));
#1599 = CARTESIAN_POINT('',(-39.87914254745,14.694227328225,
    4.12393396394));
#1600 = CARTESIAN_POINT('',(-39.95155042442,14.495881124468,
    3.970080877592));
#1601 = CARTESIAN_POINT('',(-39.98289673929,14.409457818469,
    3.916230498881));
#1602 = CARTESIAN_POINT('',(-40.01658052105,14.315870463181,
    3.871052217055));
#1603 = CARTESIAN_POINT('',(-40.05204402689,14.216447613862,
    3.835978992559));
#1604 = CARTESIAN_POINT('',(-40.08865223826,14.112795073138,
    3.812073379161));
#1605 = CARTESIAN_POINT('',(-40.12574352452,14.006693169497,3.8));
#1606 = CARTESIAN_POINT('',(-40.162669234,13.9,3.8));
#1607 = PCURVE('',#32,#1608);
#1608 = DEFINITIONAL_REPRESENTATION('',(#1609),#1624);
#1609 = B_SPLINE_CURVE_WITH_KNOTS('',7,(#1610,#1611,#1612,#1613,#1614,
    #1615,#1616,#1617,#1618,#1619,#1620,#1621,#1622,#1623),
  .UNSPECIFIED.,.F.,.F.,(8,6,8),(0.,0.605151835192,1.),.UNSPECIFIED.);
#1610 = CARTESIAN_POINT('',(3.502305373953,-6.9));
#1611 = CARTESIAN_POINT('',(3.502305373953,-6.761454879973));
#1612 = CARTESIAN_POINT('',(3.50179341756,-6.622596724665));
#1613 = CARTESIAN_POINT('',(3.500765313424,-6.486299809396));
#1614 = CARTESIAN_POINT('',(3.499221627419,-6.355555654133));
#1615 = CARTESIAN_POINT('',(3.497169683662,-6.233582417138));
#1616 = CARTESIAN_POINT('',(3.494625257021,-6.12393396394));
#1617 = CARTESIAN_POINT('',(3.489657033166,-5.970080877592));
#1618 = CARTESIAN_POINT('',(3.487493920806,-5.916230498881));
#1619 = CARTESIAN_POINT('',(3.485153591193,-5.871052217055));
#1620 = CARTESIAN_POINT('',(3.482669885067,-5.835978992559));
#1621 = CARTESIAN_POINT('',(3.480083381663,-5.812073379161));
#1622 = CARTESIAN_POINT('',(3.477438728578,-5.8));
#1623 = CARTESIAN_POINT('',(3.474782202716,-5.8));
#1624 = ( GEOMETRIC_REPRESENTATION_CONTEXT(2) 
PARAMETRIC_REPRESENTATION_CONTEXT() REPRESENTATION_CONTEXT('2D SPACE',''
  ) );
#1625 = PCURVE('',#1626,#1631);
#1626 = CYLINDRICAL_SURFACE('',#1627,1.1);
#1627 = AXIS2_PLACEMENT_3D('',#1628,#1629,#1630);
#1628 = CARTESIAN_POINT('',(-44.5,13.9,4.9));
#1629 = DIRECTION('',(1.,0.,0.));
#1630 = DIRECTION('',(-0.,1.,0.));
#1631 = DEFINITIONAL_REPRESENTATION('',(#1632),#1647);
#1632 = B_SPLINE_CURVE_WITH_KNOTS('',7,(#1633,#1634,#1635,#1636,#1637,
    #1638,#1639,#1640,#1641,#1642,#1643,#1644,#1645,#1646),
  .UNSPECIFIED.,.F.,.F.,(8,6,8),(0.,0.605151835192,1.),.UNSPECIFIED.);
#1633 = CARTESIAN_POINT('',(0.,4.735065698533));
#1634 = CARTESIAN_POINT('',(-0.125950109115,4.735065698533));
#1635 = CARTESIAN_POINT('',(-0.252184474721,4.727386362752));
#1636 = CARTESIAN_POINT('',(-0.379355700714,4.711964747637));
#1637 = CARTESIAN_POINT('',(-0.50806720463,4.688875259373));
#1638 = CARTESIAN_POINT('',(-0.639012442902,4.658361459318));
#1639 = CARTESIAN_POINT('',(-0.772965181576,4.620857452548));
#1640 = CARTESIAN_POINT('',(-1.001166898788,4.548449575575));
#1641 = CARTESIAN_POINT('',(-1.093251230319,4.51710326071));
#1642 = CARTESIAN_POINT('',(-1.18684583639,4.483419478948));
#1643 = CARTESIAN_POINT('',(-1.281625467201,4.447955973101));
#1644 = CARTESIAN_POINT('',(-1.377346567653,4.411347761736));
#1645 = CARTESIAN_POINT('',(-1.473802536343,4.374256475475));
#1646 = CARTESIAN_POINT('',(-1.570796326795,4.337330765996));
#1647 = ( GEOMETRIC_REPRESENTATION_CONTEXT(2) 
PARAMETRIC_REPRESENTATION_CONTEXT() REPRESENTATION_CONTEXT('2D SPACE',''
  ) );
#1648 = ORIENTED_EDGE('',*,*,#1649,.F.);
#1649 = EDGE_CURVE('',#1650,#1589,#1652,.T.);
#1650 = VERTEX_POINT('',#1651);
#1651 = CARTESIAN_POINT('',(-39.76493430146,15.,6.));
#1652 = SURFACE_CURVE('',#1653,(#1657,#1663),.PCURVE_S1.);
#1653 = LINE('',#1654,#1655);
#1654 = CARTESIAN_POINT('',(-39.76493430146,15.,-2.));
#1655 = VECTOR('',#1656,1.);
#1656 = DIRECTION('',(-0.,-0.,-1.));
#1657 = PCURVE('',#32,#1658);
#1658 = DEFINITIONAL_REPRESENTATION('',(#1659),#1662);
#1659 = B_SPLINE_CURVE_WITH_KNOTS('',1,(#1660,#1661),.UNSPECIFIED.,.F.,
  .F.,(2,2),(-8.0000006,-6.725),.PIECEWISE_BEZIER_KNOTS.);
#1660 = CARTESIAN_POINT('',(3.502305373953,-8.0000006));
#1661 = CARTESIAN_POINT('',(3.502305373953,-6.725));
#1662 = ( GEOMETRIC_REPRESENTATION_CONTEXT(2) 
PARAMETRIC_REPRESENTATION_CONTEXT() REPRESENTATION_CONTEXT('2D SPACE',''
  ) );
#1663 = PCURVE('',#1664,#1669);
#1664 = PLANE('',#1665);
#1665 = AXIS2_PLACEMENT_3D('',#1666,#1667,#1668);
#1666 = CARTESIAN_POINT('',(-44.5,15.,3.8));
#1667 = DIRECTION('',(0.,1.,0.));
#1668 = DIRECTION('',(0.,0.,1.));
#1669 = DEFINITIONAL_REPRESENTATION('',(#1670),#1673);
#1670 = B_SPLINE_CURVE_WITH_KNOTS('',1,(#1671,#1672),.UNSPECIFIED.,.F.,
  .F.,(2,2),(-8.0000006,-6.725),.PIECEWISE_BEZIER_KNOTS.);
#1671 = CARTESIAN_POINT('',(2.2000006,4.735065698533));
#1672 = CARTESIAN_POINT('',(0.925,4.735065698533));
#1673 = ( GEOMETRIC_REPRESENTATION_CONTEXT(2) 
PARAMETRIC_REPRESENTATION_CONTEXT() REPRESENTATION_CONTEXT('2D SPACE',''
  ) );
#1674 = ORIENTED_EDGE('',*,*,#1675,.T.);
#1675 = EDGE_CURVE('',#1650,#1676,#1678,.T.);
#1676 = VERTEX_POINT('',#1677);
#1677 = CARTESIAN_POINT('',(-17.27116565114,38.83241992267,6.));
#1678 = SURFACE_CURVE('',#1679,(#1684,#1691),.PCURVE_S1.);
#1679 = CIRCLE('',#1680,42.5);
#1680 = AXIS2_PLACEMENT_3D('',#1681,#1682,#1683);
#1681 = CARTESIAN_POINT('',(0.,0.,6.));
#1682 = DIRECTION('',(0.,0.,-1.));
#1683 = DIRECTION('',(-0.935645512976,0.352941176471,0.));
#1684 = PCURVE('',#32,#1685);
#1685 = DEFINITIONAL_REPRESENTATION('',(#1686),#1690);
#1686 = LINE('',#1687,#1688);
#1687 = CARTESIAN_POINT('',(3.502305373953,-8.));
#1688 = VECTOR('',#1689,1.);
#1689 = DIRECTION('',(1.,-0.));
#1690 = ( GEOMETRIC_REPRESENTATION_CONTEXT(2) 
PARAMETRIC_REPRESENTATION_CONTEXT() REPRESENTATION_CONTEXT('2D SPACE',''
  ) );
#1691 = PCURVE('',#1692,#1697);
#1692 = PLANE('',#1693);
#1693 = AXIS2_PLACEMENT_3D('',#1694,#1695,#1696);
#1694 = CARTESIAN_POINT('',(-4.118407928589E-15,3.242876655026E-16,6.));
#1695 = DIRECTION('',(0.,0.,1.));
#1696 = DIRECTION('',(1.,0.,-0.));
#1697 = DEFINITIONAL_REPRESENTATION('',(#1698),#1706);
#1698 = ( BOUNDED_CURVE() B_SPLINE_CURVE(2,(#1699,#1700,#1701,#1702,
#1703,#1704,#1705),.UNSPECIFIED.,.T.,.F.) B_SPLINE_CURVE_WITH_KNOTS((1,2
    ,2,2,2,1),(-2.094395102393,0.,2.094395102393,4.188790204786,
6.28318530718,8.377580409573),.UNSPECIFIED.) CURVE() 
GEOMETRIC_REPRESENTATION_ITEM() RATIONAL_B_SPLINE_CURVE((1.,0.5,1.,0.5,
1.,0.5,1.)) REPRESENTATION_ITEM('') );
#1699 = CARTESIAN_POINT('',(-39.76493430146,15.));
#1700 = CARTESIAN_POINT('',(-13.78417218793,83.87488656978));
#1701 = CARTESIAN_POINT('',(32.8728482075,26.93744328489));
#1702 = CARTESIAN_POINT('',(79.529868602934,-30.));
#1703 = CARTESIAN_POINT('',(6.892086093967,-41.93744328489));
#1704 = CARTESIAN_POINT('',(-65.745696415,-53.87488656978));
#1705 = CARTESIAN_POINT('',(-39.76493430146,15.));
#1706 = ( GEOMETRIC_REPRESENTATION_CONTEXT(2) 
PARAMETRIC_REPRESENTATION_CONTEXT() REPRESENTATION_CONTEXT('2D SPACE',''
  ) );
#1707 = ORIENTED_EDGE('',*,*,#1708,.T.);
#1708 = EDGE_CURVE('',#1676,#1709,#1711,.T.);
#1709 = VERTEX_POINT('',#1710);
#1710 = CARTESIAN_POINT('',(-15.38383822191,39.618020162068,6.));
#1711 = SURFACE_CURVE('',#1712,(#1717,#1724),.PCURVE_S1.);
#1712 = CIRCLE('',#1713,42.5);
#1713 = AXIS2_PLACEMENT_3D('',#1714,#1715,#1716);
#1714 = CARTESIAN_POINT('',(0.,0.,6.));
#1715 = DIRECTION('',(0.,0.,-1.));
#1716 = DIRECTION('',(-0.935645512976,0.352941176471,0.));
#1717 = PCURVE('',#32,#1718);
#1718 = DEFINITIONAL_REPRESENTATION('',(#1719),#1723);
#1719 = LINE('',#1720,#1721);
#1720 = CARTESIAN_POINT('',(3.502305373953,-8.));
#1721 = VECTOR('',#1722,1.);
#1722 = DIRECTION('',(1.,-0.));
#1723 = ( GEOMETRIC_REPRESENTATION_CONTEXT(2) 
PARAMETRIC_REPRESENTATION_CONTEXT() REPRESENTATION_CONTEXT('2D SPACE',''
  ) );
#1724 = PCURVE('',#1725,#1730);
#1725 = PLANE('',#1726);
#1726 = AXIS2_PLACEMENT_3D('',#1727,#1728,#1729);
#1727 = CARTESIAN_POINT('',(-4.118407928589E-15,3.242876655026E-16,6.));
#1728 = DIRECTION('',(0.,0.,1.));
#1729 = DIRECTION('',(1.,0.,-0.));
#1730 = DEFINITIONAL_REPRESENTATION('',(#1731),#1739);
#1731 = ( BOUNDED_CURVE() B_SPLINE_CURVE(2,(#1732,#1733,#1734,#1735,
#1736,#1737,#1738),.UNSPECIFIED.,.T.,.F.) B_SPLINE_CURVE_WITH_KNOTS((1,2
    ,2,2,2,1),(-2.094395102393,0.,2.094395102393,4.188790204786,
6.28318530718,8.377580409573),.UNSPECIFIED.) CURVE() 
GEOMETRIC_REPRESENTATION_ITEM() RATIONAL_B_SPLINE_CURVE((1.,0.5,1.,0.5,
1.,0.5,1.)) REPRESENTATION_ITEM('') );
#1732 = CARTESIAN_POINT('',(-39.76493430146,15.));
#1733 = CARTESIAN_POINT('',(-13.78417218793,83.87488656978));
#1734 = CARTESIAN_POINT('',(32.8728482075,26.93744328489));
#1735 = CARTESIAN_POINT('',(79.529868602934,-30.));
#1736 = CARTESIAN_POINT('',(6.892086093967,-41.93744328489));
#1737 = CARTESIAN_POINT('',(-65.745696415,-53.87488656978));
#1738 = CARTESIAN_POINT('',(-39.76493430146,15.));
#1739 = ( GEOMETRIC_REPRESENTATION_CONTEXT(2) 
PARAMETRIC_REPRESENTATION_CONTEXT() REPRESENTATION_CONTEXT('2D SPACE',''
  ) );
#1740 = ORIENTED_EDGE('',*,*,#1741,.T.);
#1741 = EDGE_CURVE('',#1709,#1742,#1744,.T.);
#1742 = VERTEX_POINT('',#1743);
#1743 = CARTESIAN_POINT('',(-15.38383822191,39.618020162068,1.05));
#1744 = SURFACE_CURVE('',#1745,(#1749,#1755),.PCURVE_S1.);
#1745 = LINE('',#1746,#1747);
#1746 = CARTESIAN_POINT('',(-15.38383822191,39.618020162068,-2.));
#1747 = VECTOR('',#1748,1.);
#1748 = DIRECTION('',(-0.,-0.,-1.));
#1749 = PCURVE('',#32,#1750);
#1750 = DEFINITIONAL_REPRESENTATION('',(#1751),#1754);
#1751 = B_SPLINE_CURVE_WITH_KNOTS('',1,(#1752,#1753),.UNSPECIFIED.,.F.,
  .F.,(2,2),(-8.0000006,-3.0499994),.PIECEWISE_BEZIER_KNOTS.);
#1752 = CARTESIAN_POINT('',(4.342005790254,-8.0000006));
#1753 = CARTESIAN_POINT('',(4.342005790254,-3.0499994));
#1754 = ( GEOMETRIC_REPRESENTATION_CONTEXT(2) 
PARAMETRIC_REPRESENTATION_CONTEXT() REPRESENTATION_CONTEXT('2D SPACE',''
  ) );
#1755 = PCURVE('',#1756,#1761);
#1756 = CYLINDRICAL_SURFACE('',#1757,2.65);
#1757 = AXIS2_PLACEMENT_3D('',#1758,#1759,#1760);
#1758 = CARTESIAN_POINT('',(-13.68080573302,37.587704831436,1.05));
#1759 = DIRECTION('',(-0.,-0.,-1.));
#1760 = DIRECTION('',(1.,0.,0.));
#1761 = DEFINITIONAL_REPRESENTATION('',(#1762),#1765);
#1762 = B_SPLINE_CURVE_WITH_KNOTS('',1,(#1763,#1764),.UNSPECIFIED.,.F.,
  .F.,(2,2),(-8.0000006,-3.0499994),.PIECEWISE_BEZIER_KNOTS.);
#1763 = CARTESIAN_POINT('',(4.01443198288,-4.9500006));
#1764 = CARTESIAN_POINT('',(4.01443198288,5.999999999062E-07));
#1765 = ( GEOMETRIC_REPRESENTATION_CONTEXT(2) 
PARAMETRIC_REPRESENTATION_CONTEXT() REPRESENTATION_CONTEXT('2D SPACE',''
  ) );
#1766 = ORIENTED_EDGE('',*,*,#1767,.T.);
#1767 = EDGE_CURVE('',#1742,#1768,#1770,.T.);
#1768 = VERTEX_POINT('',#1769);
#1769 = CARTESIAN_POINT('',(-13.68126869675,40.237704790996,1.05));
#1770 = SURFACE_CURVE('',#1771,(#1776,#1783),.PCURVE_S1.);
#1771 = CIRCLE('',#1772,42.5);
#1772 = AXIS2_PLACEMENT_3D('',#1773,#1774,#1775);
#1773 = CARTESIAN_POINT('',(0.,0.,1.05));
#1774 = DIRECTION('',(0.,0.,-1.));
#1775 = DIRECTION('',(1.,0.,0.));
#1776 = PCURVE('',#32,#1777);
#1777 = DEFINITIONAL_REPRESENTATION('',(#1778),#1782);
#1778 = LINE('',#1779,#1780);
#1779 = CARTESIAN_POINT('',(-4.138911435803E-13,-3.05));
#1780 = VECTOR('',#1781,1.);
#1781 = DIRECTION('',(1.,-0.));
#1782 = ( GEOMETRIC_REPRESENTATION_CONTEXT(2) 
PARAMETRIC_REPRESENTATION_CONTEXT() REPRESENTATION_CONTEXT('2D SPACE',''
  ) );
#1783 = PCURVE('',#1784,#1789);
#1784 = PLANE('',#1785);
#1785 = AXIS2_PLACEMENT_3D('',#1786,#1787,#1788);
#1786 = CARTESIAN_POINT('',(-13.68080573302,37.587704831436,1.05));
#1787 = DIRECTION('',(0.,0.,1.));
#1788 = DIRECTION('',(1.,0.,-0.));
#1789 = DEFINITIONAL_REPRESENTATION('',(#1790),#1798);
#1790 = ( BOUNDED_CURVE() B_SPLINE_CURVE(2,(#1791,#1792,#1793,#1794,
#1795,#1796,#1797),.UNSPECIFIED.,.T.,.F.) B_SPLINE_CURVE_WITH_KNOTS((1,2
    ,2,2,2,1),(-2.094395102393,0.,2.094395102393,4.188790204786,
6.28318530718,8.377580409573),.UNSPECIFIED.) CURVE() 
GEOMETRIC_REPRESENTATION_ITEM() RATIONAL_B_SPLINE_CURVE((1.,0.5,1.,0.5,
1.,0.5,1.)) REPRESENTATION_ITEM('') );
#1791 = CARTESIAN_POINT('',(56.18080573302,-37.58770483143));
#1792 = CARTESIAN_POINT('',(56.18080573302,-111.1998641531));
#1793 = CARTESIAN_POINT('',(-7.56919426698,-74.39378449227));
#1794 = CARTESIAN_POINT('',(-71.31919426698,-37.58770483143));
#1795 = CARTESIAN_POINT('',(-7.56919426698,-0.781625170597));
#1796 = CARTESIAN_POINT('',(56.18080573302,36.024454490241));
#1797 = CARTESIAN_POINT('',(56.18080573302,-37.58770483143));
#1798 = ( GEOMETRIC_REPRESENTATION_CONTEXT(2) 
PARAMETRIC_REPRESENTATION_CONTEXT() REPRESENTATION_CONTEXT('2D SPACE',''
  ) );
#1799 = ORIENTED_EDGE('',*,*,#1800,.F.);
#1800 = EDGE_CURVE('',#1801,#1768,#1803,.T.);
#1801 = VERTEX_POINT('',#1802);
#1802 = CARTESIAN_POINT('',(-13.68126869675,40.237704790996,6.));
#1803 = SURFACE_CURVE('',#1804,(#1808,#1814),.PCURVE_S1.);
#1804 = LINE('',#1805,#1806);
#1805 = CARTESIAN_POINT('',(-13.68126869675,40.237704790996,-2.));
#1806 = VECTOR('',#1807,1.);
#1807 = DIRECTION('',(-0.,-0.,-1.));
#1808 = PCURVE('',#32,#1809);
#1809 = DEFINITIONAL_REPRESENTATION('',(#1810),#1813);
#1810 = B_SPLINE_CURVE_WITH_KNOTS('',1,(#1811,#1812),.UNSPECIFIED.,.F.,
  .F.,(2,2),(-8.0000006,-3.0499994),.PIECEWISE_BEZIER_KNOTS.);
#1811 = CARTESIAN_POINT('',(4.384640469718,-8.0000006));
#1812 = CARTESIAN_POINT('',(4.384640469718,-3.0499994));
#1813 = ( GEOMETRIC_REPRESENTATION_CONTEXT(2) 
PARAMETRIC_REPRESENTATION_CONTEXT() REPRESENTATION_CONTEXT('2D SPACE',''
  ) );
#1814 = PCURVE('',#1756,#1815);
#1815 = DEFINITIONAL_REPRESENTATION('',(#1816),#1819);
#1816 = B_SPLINE_CURVE_WITH_KNOTS('',1,(#1817,#1818),.UNSPECIFIED.,.F.,
  .F.,(2,2),(-8.0000006,-3.0499994),.PIECEWISE_BEZIER_KNOTS.);
#1817 = CARTESIAN_POINT('',(4.712214277092,-4.9500006));
#1818 = CARTESIAN_POINT('',(4.712214277092,5.999999999062E-07));
#1819 = ( GEOMETRIC_REPRESENTATION_CONTEXT(2) 
PARAMETRIC_REPRESENTATION_CONTEXT() REPRESENTATION_CONTEXT('2D SPACE',''
  ) );
#1820 = ORIENTED_EDGE('',*,*,#1821,.T.);
#1821 = EDGE_CURVE('',#1801,#1822,#1824,.T.);
#1822 = VERTEX_POINT('',#1823);
#1823 = CARTESIAN_POINT('',(-11.73051790718,40.849050780026,6.));
#1824 = SURFACE_CURVE('',#1825,(#1830,#1837),.PCURVE_S1.);
#1825 = CIRCLE('',#1826,42.5);
#1826 = AXIS2_PLACEMENT_3D('',#1827,#1828,#1829);
#1827 = CARTESIAN_POINT('',(0.,0.,6.));
#1828 = DIRECTION('',(0.,0.,-1.));
#1829 = DIRECTION('',(-0.321912204629,0.946769524494,0.));
#1830 = PCURVE('',#32,#1831);
#1831 = DEFINITIONAL_REPRESENTATION('',(#1832),#1836);
#1832 = LINE('',#1833,#1834);
#1833 = CARTESIAN_POINT('',(4.384640469718,-8.));
#1834 = VECTOR('',#1835,1.);
#1835 = DIRECTION('',(1.,-0.));
#1836 = ( GEOMETRIC_REPRESENTATION_CONTEXT(2) 
PARAMETRIC_REPRESENTATION_CONTEXT() REPRESENTATION_CONTEXT('2D SPACE',''
  ) );
#1837 = PCURVE('',#1725,#1838);
#1838 = DEFINITIONAL_REPRESENTATION('',(#1839),#1847);
#1839 = ( BOUNDED_CURVE() B_SPLINE_CURVE(2,(#1840,#1841,#1842,#1843,
#1844,#1845,#1846),.UNSPECIFIED.,.T.,.F.) B_SPLINE_CURVE_WITH_KNOTS((1,2
    ,2,2,2,1),(-2.094395102393,0.,2.094395102393,4.188790204786,
6.28318530718,8.377580409573),.UNSPECIFIED.) CURVE() 
GEOMETRIC_REPRESENTATION_ITEM() RATIONAL_B_SPLINE_CURVE((1.,0.5,1.,0.5,
1.,0.5,1.)) REPRESENTATION_ITEM('') );
#1840 = CARTESIAN_POINT('',(-13.68126869675,40.237704790996));
#1841 = CARTESIAN_POINT('',(56.012480381212,63.934357285768));
#1842 = CARTESIAN_POINT('',(41.687508887356,-8.270526148112));
#1843 = CARTESIAN_POINT('',(27.3625373935,-80.47540958199));
#1844 = CARTESIAN_POINT('',(-28.0062401906,-31.96717864288));
#1845 = CARTESIAN_POINT('',(-83.37501777471,16.541052296223));
#1846 = CARTESIAN_POINT('',(-13.68126869675,40.237704790996));
#1847 = ( GEOMETRIC_REPRESENTATION_CONTEXT(2) 
PARAMETRIC_REPRESENTATION_CONTEXT() REPRESENTATION_CONTEXT('2D SPACE',''
  ) );
#1848 = ORIENTED_EDGE('',*,*,#1849,.T.);
#1849 = EDGE_CURVE('',#1822,#1850,#1852,.T.);
#1850 = VERTEX_POINT('',#1851);
#1851 = CARTESIAN_POINT('',(11.730517907188,40.849050780026,6.));
#1852 = SURFACE_CURVE('',#1853,(#1858,#1865),.PCURVE_S1.);
#1853 = CIRCLE('',#1854,42.5);
#1854 = AXIS2_PLACEMENT_3D('',#1855,#1856,#1857);
#1855 = CARTESIAN_POINT('',(0.,0.,6.));
#1856 = DIRECTION('',(0.,0.,-1.));
#1857 = DIRECTION('',(-0.321912204629,0.946769524494,0.));
#1858 = PCURVE('',#32,#1859);
#1859 = DEFINITIONAL_REPRESENTATION('',(#1860),#1864);
#1860 = LINE('',#1861,#1862);
#1861 = CARTESIAN_POINT('',(4.384640469718,-8.));
#1862 = VECTOR('',#1863,1.);
#1863 = DIRECTION('',(1.,-0.));
#1864 = ( GEOMETRIC_REPRESENTATION_CONTEXT(2) 
PARAMETRIC_REPRESENTATION_CONTEXT() REPRESENTATION_CONTEXT('2D SPACE',''
  ) );
#1865 = PCURVE('',#1866,#1871);
#1866 = PLANE('',#1867);
#1867 = AXIS2_PLACEMENT_3D('',#1868,#1869,#1870);
#1868 = CARTESIAN_POINT('',(-4.118407928589E-15,3.242876655026E-16,6.));
#1869 = DIRECTION('',(0.,0.,1.));
#1870 = DIRECTION('',(1.,0.,-0.));
#1871 = DEFINITIONAL_REPRESENTATION('',(#1872),#1880);
#1872 = ( BOUNDED_CURVE() B_SPLINE_CURVE(2,(#1873,#1874,#1875,#1876,
#1877,#1878,#1879),.UNSPECIFIED.,.T.,.F.) B_SPLINE_CURVE_WITH_KNOTS((1,2
    ,2,2,2,1),(-2.094395102393,0.,2.094395102393,4.188790204786,
6.28318530718,8.377580409573),.UNSPECIFIED.) CURVE() 
GEOMETRIC_REPRESENTATION_ITEM() RATIONAL_B_SPLINE_CURVE((1.,0.5,1.,0.5,
1.,0.5,1.)) REPRESENTATION_ITEM('') );
#1873 = CARTESIAN_POINT('',(-13.68126869675,40.237704790996));
#1874 = CARTESIAN_POINT('',(56.012480381212,63.934357285768));
#1875 = CARTESIAN_POINT('',(41.687508887356,-8.270526148112));
#1876 = CARTESIAN_POINT('',(27.3625373935,-80.47540958199));
#1877 = CARTESIAN_POINT('',(-28.0062401906,-31.96717864288));
#1878 = CARTESIAN_POINT('',(-83.37501777471,16.541052296223));
#1879 = CARTESIAN_POINT('',(-13.68126869675,40.237704790996));
#1880 = ( GEOMETRIC_REPRESENTATION_CONTEXT(2) 
PARAMETRIC_REPRESENTATION_CONTEXT() REPRESENTATION_CONTEXT('2D SPACE',''
  ) );
#1881 = ORIENTED_EDGE('',*,*,#1882,.T.);
#1882 = EDGE_CURVE('',#1850,#1883,#1885,.T.);
#1883 = VERTEX_POINT('',#1884);
#1884 = CARTESIAN_POINT('',(13.681268696751,40.237704790996,6.));
#1885 = SURFACE_CURVE('',#1886,(#1891,#1898),.PCURVE_S1.);
#1886 = CIRCLE('',#1887,42.5);
#1887 = AXIS2_PLACEMENT_3D('',#1888,#1889,#1890);
#1888 = CARTESIAN_POINT('',(0.,0.,6.));
#1889 = DIRECTION('',(0.,0.,-1.));
#1890 = DIRECTION('',(-0.321912204629,0.946769524494,0.));
#1891 = PCURVE('',#32,#1892);
#1892 = DEFINITIONAL_REPRESENTATION('',(#1893),#1897);
#1893 = LINE('',#1894,#1895);
#1894 = CARTESIAN_POINT('',(4.384640469718,-8.));
#1895 = VECTOR('',#1896,1.);
#1896 = DIRECTION('',(1.,-0.));
#1897 = ( GEOMETRIC_REPRESENTATION_CONTEXT(2) 
PARAMETRIC_REPRESENTATION_CONTEXT() REPRESENTATION_CONTEXT('2D SPACE',''
  ) );
#1898 = PCURVE('',#1899,#1904);
#1899 = PLANE('',#1900);
#1900 = AXIS2_PLACEMENT_3D('',#1901,#1902,#1903);
#1901 = CARTESIAN_POINT('',(-4.118407928589E-15,3.242876655026E-16,6.));
#1902 = DIRECTION('',(0.,0.,1.));
#1903 = DIRECTION('',(1.,0.,-0.));
#1904 = DEFINITIONAL_REPRESENTATION('',(#1905),#1913);
#1905 = ( BOUNDED_CURVE() B_SPLINE_CURVE(2,(#1906,#1907,#1908,#1909,
#1910,#1911,#1912),.UNSPECIFIED.,.T.,.F.) B_SPLINE_CURVE_WITH_KNOTS((1,2
    ,2,2,2,1),(-2.094395102393,0.,2.094395102393,4.188790204786,
6.28318530718,8.377580409573),.UNSPECIFIED.) CURVE() 
GEOMETRIC_REPRESENTATION_ITEM() RATIONAL_B_SPLINE_CURVE((1.,0.5,1.,0.5,
1.,0.5,1.)) REPRESENTATION_ITEM('') );
#1906 = CARTESIAN_POINT('',(-13.68126869675,40.237704790996));
#1907 = CARTESIAN_POINT('',(56.012480381212,63.934357285768));
#1908 = CARTESIAN_POINT('',(41.687508887356,-8.270526148112));
#1909 = CARTESIAN_POINT('',(27.3625373935,-80.47540958199));
#1910 = CARTESIAN_POINT('',(-28.0062401906,-31.96717864288));
#1911 = CARTESIAN_POINT('',(-83.37501777471,16.541052296223));
#1912 = CARTESIAN_POINT('',(-13.68126869675,40.237704790996));
#1913 = ( GEOMETRIC_REPRESENTATION_CONTEXT(2) 
PARAMETRIC_REPRESENTATION_CONTEXT() REPRESENTATION_CONTEXT('2D SPACE',''
  ) );
#1914 = ORIENTED_EDGE('',*,*,#1915,.T.);
#1915 = EDGE_CURVE('',#1883,#1916,#1918,.T.);
#1916 = VERTEX_POINT('',#1917);
#1917 = CARTESIAN_POINT('',(13.68126869675,40.237704790996,1.05));
#1918 = SURFACE_CURVE('',#1919,(#1923,#1929),.PCURVE_S1.);
#1919 = LINE('',#1920,#1921);
#1920 = CARTESIAN_POINT('',(13.68126869675,40.237704790996,-2.));
#1921 = VECTOR('',#1922,1.);
#1922 = DIRECTION('',(-0.,-0.,-1.));
#1923 = PCURVE('',#32,#1924);
#1924 = DEFINITIONAL_REPRESENTATION('',(#1925),#1928);
#1925 = B_SPLINE_CURVE_WITH_KNOTS('',1,(#1926,#1927),.UNSPECIFIED.,.F.,
  .F.,(2,2),(-8.0000006,-3.0499994),.PIECEWISE_BEZIER_KNOTS.);
#1926 = CARTESIAN_POINT('',(5.040137491052,-8.0000006));
#1927 = CARTESIAN_POINT('',(5.040137491052,-3.0499994));
#1928 = ( GEOMETRIC_REPRESENTATION_CONTEXT(2) 
PARAMETRIC_REPRESENTATION_CONTEXT() REPRESENTATION_CONTEXT('2D SPACE',''
  ) );
#1929 = PCURVE('',#1930,#1935);
#1930 = CYLINDRICAL_SURFACE('',#1931,2.65);
#1931 = AXIS2_PLACEMENT_3D('',#1932,#1933,#1934);
#1932 = CARTESIAN_POINT('',(13.680805733027,37.587704831436,1.05));
#1933 = DIRECTION('',(-0.,-0.,-1.));
#1934 = DIRECTION('',(1.,0.,0.));
#1935 = DEFINITIONAL_REPRESENTATION('',(#1936),#1939);
#1936 = B_SPLINE_CURVE_WITH_KNOTS('',1,(#1937,#1938),.UNSPECIFIED.,.F.,
  .F.,(2,2),(-8.0000006,-3.0499994),.PIECEWISE_BEZIER_KNOTS.);
#1937 = CARTESIAN_POINT('',(4.712563683678,-4.9500006));
#1938 = CARTESIAN_POINT('',(4.712563683678,5.999999999062E-07));
#1939 = ( GEOMETRIC_REPRESENTATION_CONTEXT(2) 
PARAMETRIC_REPRESENTATION_CONTEXT() REPRESENTATION_CONTEXT('2D SPACE',''
  ) );
#1940 = ORIENTED_EDGE('',*,*,#1941,.T.);
#1941 = EDGE_CURVE('',#1916,#1942,#1944,.T.);
#1942 = VERTEX_POINT('',#1943);
#1943 = CARTESIAN_POINT('',(15.383838221913,39.618020162068,1.05));
#1944 = SURFACE_CURVE('',#1945,(#1950,#1957),.PCURVE_S1.);
#1945 = CIRCLE('',#1946,42.5);
#1946 = AXIS2_PLACEMENT_3D('',#1947,#1948,#1949);
#1947 = CARTESIAN_POINT('',(0.,0.,1.05));
#1948 = DIRECTION('',(0.,0.,-1.));
#1949 = DIRECTION('',(1.,0.,0.));
#1950 = PCURVE('',#32,#1951);
#1951 = DEFINITIONAL_REPRESENTATION('',(#1952),#1956);
#1952 = LINE('',#1953,#1954);
#1953 = CARTESIAN_POINT('',(-4.138911435803E-13,-3.05));
#1954 = VECTOR('',#1955,1.);
#1955 = DIRECTION('',(1.,-0.));
#1956 = ( GEOMETRIC_REPRESENTATION_CONTEXT(2) 
PARAMETRIC_REPRESENTATION_CONTEXT() REPRESENTATION_CONTEXT('2D SPACE',''
  ) );
#1957 = PCURVE('',#1958,#1963);
#1958 = PLANE('',#1959);
#1959 = AXIS2_PLACEMENT_3D('',#1960,#1961,#1962);
#1960 = CARTESIAN_POINT('',(13.680805733027,37.587704831436,1.05));
#1961 = DIRECTION('',(0.,0.,1.));
#1962 = DIRECTION('',(1.,0.,-0.));
#1963 = DEFINITIONAL_REPRESENTATION('',(#1964),#1972);
#1964 = ( BOUNDED_CURVE() B_SPLINE_CURVE(2,(#1965,#1966,#1967,#1968,
#1969,#1970,#1971),.UNSPECIFIED.,.T.,.F.) B_SPLINE_CURVE_WITH_KNOTS((1,2
    ,2,2,2,1),(-2.094395102393,0.,2.094395102393,4.188790204786,
6.28318530718,8.377580409573),.UNSPECIFIED.) CURVE() 
GEOMETRIC_REPRESENTATION_ITEM() RATIONAL_B_SPLINE_CURVE((1.,0.5,1.,0.5,
1.,0.5,1.)) REPRESENTATION_ITEM('') );
#1965 = CARTESIAN_POINT('',(28.819194266973,-37.58770483143));
#1966 = CARTESIAN_POINT('',(28.819194266973,-111.1998641531));
#1967 = CARTESIAN_POINT('',(-34.93080573302,-74.39378449227));
#1968 = CARTESIAN_POINT('',(-98.68080573302,-37.58770483143));
#1969 = CARTESIAN_POINT('',(-34.93080573302,-0.781625170597));
#1970 = CARTESIAN_POINT('',(28.819194266973,36.024454490241));
#1971 = CARTESIAN_POINT('',(28.819194266973,-37.58770483143));
#1972 = ( GEOMETRIC_REPRESENTATION_CONTEXT(2) 
PARAMETRIC_REPRESENTATION_CONTEXT() REPRESENTATION_CONTEXT('2D SPACE',''
  ) );
#1973 = ORIENTED_EDGE('',*,*,#1974,.F.);
#1974 = EDGE_CURVE('',#1975,#1942,#1977,.T.);
#1975 = VERTEX_POINT('',#1976);
#1976 = CARTESIAN_POINT('',(15.383838221913,39.618020162068,6.));
#1977 = SURFACE_CURVE('',#1978,(#1982,#1988),.PCURVE_S1.);
#1978 = LINE('',#1979,#1980);
#1979 = CARTESIAN_POINT('',(15.383838221913,39.618020162068,-2.));
#1980 = VECTOR('',#1981,1.);
#1981 = DIRECTION('',(-0.,-0.,-1.));
#1982 = PCURVE('',#32,#1983);
#1983 = DEFINITIONAL_REPRESENTATION('',(#1984),#1987);
#1984 = B_SPLINE_CURVE_WITH_KNOTS('',1,(#1985,#1986),.UNSPECIFIED.,.F.,
  .F.,(2,2),(-8.0000006,-3.0499994),.PIECEWISE_BEZIER_KNOTS.);
#1985 = CARTESIAN_POINT('',(5.082772170516,-8.0000006));
#1986 = CARTESIAN_POINT('',(5.082772170516,-3.0499994));
#1987 = ( GEOMETRIC_REPRESENTATION_CONTEXT(2) 
PARAMETRIC_REPRESENTATION_CONTEXT() REPRESENTATION_CONTEXT('2D SPACE',''
  ) );
#1988 = PCURVE('',#1930,#1989);
#1989 = DEFINITIONAL_REPRESENTATION('',(#1990),#1993);
#1990 = B_SPLINE_CURVE_WITH_KNOTS('',1,(#1991,#1992),.UNSPECIFIED.,.F.,
  .F.,(2,2),(-8.0000006,-3.0499994),.PIECEWISE_BEZIER_KNOTS.);
#1991 = CARTESIAN_POINT('',(5.41034597789,-4.9500006));
#1992 = CARTESIAN_POINT('',(5.41034597789,5.999999999062E-07));
#1993 = ( GEOMETRIC_REPRESENTATION_CONTEXT(2) 
PARAMETRIC_REPRESENTATION_CONTEXT() REPRESENTATION_CONTEXT('2D SPACE',''
  ) );
#1994 = ORIENTED_EDGE('',*,*,#1995,.T.);
#1995 = EDGE_CURVE('',#1975,#1996,#1998,.T.);
#1996 = VERTEX_POINT('',#1997);
#1997 = CARTESIAN_POINT('',(17.271165651149,38.83241992267,6.));
#1998 = SURFACE_CURVE('',#1999,(#2004,#2011),.PCURVE_S1.);
#1999 = CIRCLE('',#2000,42.5);
#2000 = AXIS2_PLACEMENT_3D('',#2001,#2002,#2003);
#2001 = CARTESIAN_POINT('',(0.,0.,6.));
#2002 = DIRECTION('',(0.,0.,-1.));
#2003 = DIRECTION('',(0.361972664045,0.932188709696,0.));
#2004 = PCURVE('',#32,#2005);
#2005 = DEFINITIONAL_REPRESENTATION('',(#2006),#2010);
#2006 = LINE('',#2007,#2008);
#2007 = CARTESIAN_POINT('',(5.082772170516,-8.));
#2008 = VECTOR('',#2009,1.);
#2009 = DIRECTION('',(1.,-0.));
#2010 = ( GEOMETRIC_REPRESENTATION_CONTEXT(2) 
PARAMETRIC_REPRESENTATION_CONTEXT() REPRESENTATION_CONTEXT('2D SPACE',''
  ) );
#2011 = PCURVE('',#1899,#2012);
#2012 = DEFINITIONAL_REPRESENTATION('',(#2013),#2021);
#2013 = ( BOUNDED_CURVE() B_SPLINE_CURVE(2,(#2014,#2015,#2016,#2017,
#2018,#2019,#2020),.UNSPECIFIED.,.T.,.F.) B_SPLINE_CURVE_WITH_KNOTS((1,2
    ,2,2,2,1),(-2.094395102393,0.,2.094395102393,4.188790204786,
6.28318530718,8.377580409573),.UNSPECIFIED.) CURVE() 
GEOMETRIC_REPRESENTATION_ITEM() RATIONAL_B_SPLINE_CURVE((1.,0.5,1.,0.5,
1.,0.5,1.)) REPRESENTATION_ITEM('') );
#2014 = CARTESIAN_POINT('',(15.383838221913,39.618020162068));
#2015 = CARTESIAN_POINT('',(84.004262037903,12.972430746295));
#2016 = CARTESIAN_POINT('',(26.618292797038,-33.13180478892));
#2017 = CARTESIAN_POINT('',(-30.76767644382,-79.23604032413));
#2018 = CARTESIAN_POINT('',(-42.00213101895,-6.486215373147));
#2019 = CARTESIAN_POINT('',(-53.23658559407,66.263609577841));
#2020 = CARTESIAN_POINT('',(15.383838221913,39.618020162068));
#2021 = ( GEOMETRIC_REPRESENTATION_CONTEXT(2) 
PARAMETRIC_REPRESENTATION_CONTEXT() REPRESENTATION_CONTEXT('2D SPACE',''
  ) );
#2022 = ORIENTED_EDGE('',*,*,#2023,.T.);
#2023 = EDGE_CURVE('',#1996,#2024,#2026,.T.);
#2024 = VERTEX_POINT('',#2025);
#2025 = CARTESIAN_POINT('',(21.835670732013,36.461671432932,6.));
#2026 = SURFACE_CURVE('',#2027,(#2032,#2039),.PCURVE_S1.);
#2027 = CIRCLE('',#2028,42.5);
#2028 = AXIS2_PLACEMENT_3D('',#2029,#2030,#2031);
#2029 = CARTESIAN_POINT('',(0.,0.,6.));
#2030 = DIRECTION('',(0.,0.,-1.));
#2031 = DIRECTION('',(0.361972664045,0.932188709696,0.));
#2032 = PCURVE('',#32,#2033);
#2033 = DEFINITIONAL_REPRESENTATION('',(#2034),#2038);
#2034 = LINE('',#2035,#2036);
#2035 = CARTESIAN_POINT('',(5.082772170516,-8.));
#2036 = VECTOR('',#2037,1.);
#2037 = DIRECTION('',(1.,-0.));
#2038 = ( GEOMETRIC_REPRESENTATION_CONTEXT(2) 
PARAMETRIC_REPRESENTATION_CONTEXT() REPRESENTATION_CONTEXT('2D SPACE',''
  ) );
#2039 = PCURVE('',#2040,#2045);
#2040 = PLANE('',#2041);
#2041 = AXIS2_PLACEMENT_3D('',#2042,#2043,#2044);
#2042 = CARTESIAN_POINT('',(-4.118407928589E-15,3.242876655026E-16,6.));
#2043 = DIRECTION('',(0.,0.,1.));
#2044 = DIRECTION('',(1.,0.,-0.));
#2045 = DEFINITIONAL_REPRESENTATION('',(#2046),#2054);
#2046 = ( BOUNDED_CURVE() B_SPLINE_CURVE(2,(#2047,#2048,#2049,#2050,
#2051,#2052,#2053),.UNSPECIFIED.,.T.,.F.) B_SPLINE_CURVE_WITH_KNOTS((1,2
    ,2,2,2,1),(-2.094395102393,0.,2.094395102393,4.188790204786,
6.28318530718,8.377580409573),.UNSPECIFIED.) CURVE() 
GEOMETRIC_REPRESENTATION_ITEM() RATIONAL_B_SPLINE_CURVE((1.,0.5,1.,0.5,
1.,0.5,1.)) REPRESENTATION_ITEM('') );
#2047 = CARTESIAN_POINT('',(15.383838221913,39.618020162068));
#2048 = CARTESIAN_POINT('',(84.004262037903,12.972430746295));
#2049 = CARTESIAN_POINT('',(26.618292797038,-33.13180478892));
#2050 = CARTESIAN_POINT('',(-30.76767644382,-79.23604032413));
#2051 = CARTESIAN_POINT('',(-42.00213101895,-6.486215373147));
#2052 = CARTESIAN_POINT('',(-53.23658559407,66.263609577841));
#2053 = CARTESIAN_POINT('',(15.383838221913,39.618020162068));
#2054 = ( GEOMETRIC_REPRESENTATION_CONTEXT(2) 
PARAMETRIC_REPRESENTATION_CONTEXT() REPRESENTATION_CONTEXT('2D SPACE',''
  ) );
#2055 = ORIENTED_EDGE('',*,*,#2056,.T.);
#2056 = EDGE_CURVE('',#2024,#2057,#2059,.T.);
#2057 = VERTEX_POINT('',#2058);
#2058 = CARTESIAN_POINT('',(21.835670732013,36.461671432932,5.34));
#2059 = SURFACE_CURVE('',#2060,(#2064,#2071),.PCURVE_S1.);
#2060 = LINE('',#2061,#2062);
#2061 = CARTESIAN_POINT('',(21.835670732013,36.461671432932,1.05));
#2062 = VECTOR('',#2063,1.);
#2063 = DIRECTION('',(-0.,-0.,-1.));
#2064 = PCURVE('',#32,#2065);
#2065 = DEFINITIONAL_REPRESENTATION('',(#2066),#2070);
#2066 = LINE('',#2067,#2068);
#2067 = CARTESIAN_POINT('',(5.251974550979,-3.05));
#2068 = VECTOR('',#2069,1.);
#2069 = DIRECTION('',(0.,1.));
#2070 = ( GEOMETRIC_REPRESENTATION_CONTEXT(2) 
PARAMETRIC_REPRESENTATION_CONTEXT() REPRESENTATION_CONTEXT('2D SPACE',''
  ) );
#2071 = PCURVE('',#2072,#2077);
#2072 = CYLINDRICAL_SURFACE('',#2073,42.5);
#2073 = AXIS2_PLACEMENT_3D('',#2074,#2075,#2076);
#2074 = CARTESIAN_POINT('',(0.,0.,-2.));
#2075 = DIRECTION('',(-0.,-0.,-1.));
#2076 = DIRECTION('',(1.,0.,0.));
#2077 = DEFINITIONAL_REPRESENTATION('',(#2078),#2082);
#2078 = LINE('',#2079,#2080);
#2079 = CARTESIAN_POINT('',(5.251974550979,-3.05));
#2080 = VECTOR('',#2081,1.);
#2081 = DIRECTION('',(0.,1.));
#2082 = ( GEOMETRIC_REPRESENTATION_CONTEXT(2) 
PARAMETRIC_REPRESENTATION_CONTEXT() REPRESENTATION_CONTEXT('2D SPACE',''
  ) );
#2083 = ORIENTED_EDGE('',*,*,#2084,.T.);
#2084 = EDGE_CURVE('',#2057,#2085,#2087,.T.);
#2085 = VERTEX_POINT('',#2086);
#2086 = CARTESIAN_POINT('',(22.88847858175,35.810159846233,4.14));
#2087 = SURFACE_CURVE('',#2088,(#2103,#2129),.PCURVE_S1.);
#2088 = B_SPLINE_CURVE_WITH_KNOTS('',7,(#2089,#2090,#2091,#2092,#2093,
    #2094,#2095,#2096,#2097,#2098,#2099,#2100,#2101,#2102),
  .UNSPECIFIED.,.F.,.F.,(8,6,8),(0.,0.611999095878,1.),.UNSPECIFIED.);
#2089 = CARTESIAN_POINT('',(21.835670732013,36.461671432932,5.34));
#2090 = CARTESIAN_POINT('',(21.835670732013,36.461671432932,
    5.190050208884));
#2091 = CARTESIAN_POINT('',(21.855094103109,36.450039401106,
    5.039846568937));
#2092 = CARTESIAN_POINT('',(21.894061648869,36.42670318786,
    4.892100258747));
#2093 = CARTESIAN_POINT('',(21.952749256357,36.391468212969,
    4.74971430392));
#2094 = CARTESIAN_POINT('',(22.031233485765,36.344110043602,
    4.616015959054));
#2095 = CARTESIAN_POINT('',(22.129360583312,36.284435544291,
    4.494982923082));
#2096 = CARTESIAN_POINT('',(22.32057474242,36.16696731613,4.326405978071
    ));
#2097 = CARTESIAN_POINT('',(22.402706000774,36.11626739474,
    4.267874346905));
#2098 = CARTESIAN_POINT('',(22.491865692828,36.060910610919,
    4.218414521815));
#2099 = CARTESIAN_POINT('',(22.586718628603,36.001621785629,
    4.17980690509));
#2100 = CARTESIAN_POINT('',(22.685641324857,35.9393317247,4.153384135156
    ));
#2101 = CARTESIAN_POINT('',(22.786843908075,35.875120825507,4.14));
#2102 = CARTESIAN_POINT('',(22.88847858175,35.810159846233,4.14));
#2103 = PCURVE('',#32,#2104);
#2104 = DEFINITIONAL_REPRESENTATION('',(#2105),#2128);
#2105 = B_SPLINE_CURVE_WITH_KNOTS('',6,(#2106,#2107,#2108,#2109,#2110,
    #2111,#2112,#2113,#2114,#2115,#2116,#2117,#2118,#2119,#2120,#2121,
    #2122,#2123,#2124,#2125,#2126,#2127),.UNSPECIFIED.,.F.,.F.,(7,5,5,5,
    7),(0.,0.5,0.5625,0.6171875,1.),.UNSPECIFIED.);
#2106 = CARTESIAN_POINT('',(5.251974550979,-7.34));
#2107 = CARTESIAN_POINT('',(5.251974550979,-7.197073789694));
#2108 = CARTESIAN_POINT('',(5.252472339624,-7.05391085837));
#2109 = CARTESIAN_POINT('',(5.25347115861,-6.913094937415));
#2110 = CARTESIAN_POINT('',(5.254976565266,-6.77742586199));
#2111 = CARTESIAN_POINT('',(5.256992543906,-6.650149267729));
#2112 = CARTESIAN_POINT('',(5.25982770728,-6.521136873749));
#2113 = CARTESIAN_POINT('',(5.26015060286,-6.506999028966));
#2114 = CARTESIAN_POINT('',(5.260481363194,-6.493066272747));
#2115 = CARTESIAN_POINT('',(5.260819972987,-6.479347066132));
#2116 = CARTESIAN_POINT('',(5.261166413987,-6.465850127192));
#2117 = CARTESIAN_POINT('',(5.261830633974,-6.440976982314));
#2118 = CARTESIAN_POINT('',(5.262146605151,-6.429545894417));
#2119 = CARTESIAN_POINT('',(5.262468416642,-6.418301658618));
#2120 = CARTESIAN_POINT('',(5.262796471041,-6.40723773878));
#2121 = CARTESIAN_POINT('',(5.263130066965,-6.396381345628));
#2122 = CARTESIAN_POINT('',(5.265848609532,-6.311070362023));
#2123 = CARTESIAN_POINT('',(5.26852805561,-6.245993309883));
#2124 = CARTESIAN_POINT('',(5.271466740206,-6.194139639087));
#2125 = CARTESIAN_POINT('',(5.274598008564,-6.15823985553));
#2126 = CARTESIAN_POINT('',(5.277840257157,-6.14));
#2127 = CARTESIAN_POINT('',(5.281107156849,-6.14));
#2128 = ( GEOMETRIC_REPRESENTATION_CONTEXT(2) 
PARAMETRIC_REPRESENTATION_CONTEXT() REPRESENTATION_CONTEXT('2D SPACE',''
  ) );
#2129 = PCURVE('',#2072,#2130);
#2130 = DEFINITIONAL_REPRESENTATION('',(#2131),#2154);
#2131 = B_SPLINE_CURVE_WITH_KNOTS('',6,(#2132,#2133,#2134,#2135,#2136,
    #2137,#2138,#2139,#2140,#2141,#2142,#2143,#2144,#2145,#2146,#2147,
    #2148,#2149,#2150,#2151,#2152,#2153),.UNSPECIFIED.,.F.,.F.,(7,5,5,5,
    7),(0.,0.5,0.5625,0.6171875,1.),.UNSPECIFIED.);
#2132 = CARTESIAN_POINT('',(5.251974550979,-7.34));
#2133 = CARTESIAN_POINT('',(5.251974550979,-7.197073789694));
#2134 = CARTESIAN_POINT('',(5.252472339624,-7.05391085837));
#2135 = CARTESIAN_POINT('',(5.25347115861,-6.913094937415));
#2136 = CARTESIAN_POINT('',(5.254976565266,-6.77742586199));
#2137 = CARTESIAN_POINT('',(5.256992543906,-6.650149267729));
#2138 = CARTESIAN_POINT('',(5.25982770728,-6.521136873749));
#2139 = CARTESIAN_POINT('',(5.26015060286,-6.506999028966));
#2140 = CARTESIAN_POINT('',(5.260481363194,-6.493066272747));
#2141 = CARTESIAN_POINT('',(5.260819972987,-6.479347066132));
#2142 = CARTESIAN_POINT('',(5.261166413987,-6.465850127192));
#2143 = CARTESIAN_POINT('',(5.261830633974,-6.440976982314));
#2144 = CARTESIAN_POINT('',(5.262146605151,-6.429545894417));
#2145 = CARTESIAN_POINT('',(5.262468416642,-6.418301658618));
#2146 = CARTESIAN_POINT('',(5.262796471041,-6.40723773878));
#2147 = CARTESIAN_POINT('',(5.263130066965,-6.396381345628));
#2148 = CARTESIAN_POINT('',(5.265848609532,-6.311070362023));
#2149 = CARTESIAN_POINT('',(5.26852805561,-6.245993309883));
#2150 = CARTESIAN_POINT('',(5.271466740206,-6.194139639087));
#2151 = CARTESIAN_POINT('',(5.274598008564,-6.15823985553));
#2152 = CARTESIAN_POINT('',(5.277840257157,-6.14));
#2153 = CARTESIAN_POINT('',(5.281107156849,-6.14));
#2154 = ( GEOMETRIC_REPRESENTATION_CONTEXT(2) 
PARAMETRIC_REPRESENTATION_CONTEXT() REPRESENTATION_CONTEXT('2D SPACE',''
  ) );
#2155 = ORIENTED_EDGE('',*,*,#2156,.T.);
#2156 = EDGE_CURVE('',#2085,#2157,#2159,.T.);
#2157 = VERTEX_POINT('',#2158);
#2158 = CARTESIAN_POINT('',(36.587141647202,21.624778983555,4.14));
#2159 = SURFACE_CURVE('',#2160,(#2165,#2172),.PCURVE_S1.);
#2160 = CIRCLE('',#2161,42.5);
#2161 = AXIS2_PLACEMENT_3D('',#2162,#2163,#2164);
#2162 = CARTESIAN_POINT('',(0.,0.,4.14));
#2163 = DIRECTION('',(0.,0.,-1.));
#2164 = DIRECTION('',(1.,0.,0.));
#2165 = PCURVE('',#32,#2166);
#2166 = DEFINITIONAL_REPRESENTATION('',(#2167),#2171);
#2167 = LINE('',#2168,#2169);
#2168 = CARTESIAN_POINT('',(0.,-6.14));
#2169 = VECTOR('',#2170,1.);
#2170 = DIRECTION('',(1.,0.));
#2171 = ( GEOMETRIC_REPRESENTATION_CONTEXT(2) 
PARAMETRIC_REPRESENTATION_CONTEXT() REPRESENTATION_CONTEXT('2D SPACE',''
  ) );
#2172 = PCURVE('',#2072,#2173);
#2173 = DEFINITIONAL_REPRESENTATION('',(#2174),#2178);
#2174 = LINE('',#2175,#2176);
#2175 = CARTESIAN_POINT('',(0.,-6.14));
#2176 = VECTOR('',#2177,1.);
#2177 = DIRECTION('',(1.,0.));
#2178 = ( GEOMETRIC_REPRESENTATION_CONTEXT(2) 
PARAMETRIC_REPRESENTATION_CONTEXT() REPRESENTATION_CONTEXT('2D SPACE',''
  ) );
#2179 = ORIENTED_EDGE('',*,*,#2180,.F.);
#2180 = EDGE_CURVE('',#2181,#2157,#2183,.T.);
#2181 = VERTEX_POINT('',#2182);
#2182 = CARTESIAN_POINT('',(37.201513886566,20.549875049442,5.34));
#2183 = SURFACE_CURVE('',#2184,(#2202,#2238),.PCURVE_S1.);
#2184 = B_SPLINE_CURVE_WITH_KNOTS('',6,(#2185,#2186,#2187,#2188,#2189,
    #2190,#2191,#2192,#2193,#2194,#2195,#2196,#2197,#2198,#2199,#2200,
    #2201),.UNSPECIFIED.,.F.,.F.,(7,5,5,7),(0.,0.450806988948,
    0.621328738058,1.),.UNSPECIFIED.);
#2185 = CARTESIAN_POINT('',(37.201513886566,20.549875049442,5.34));
#2186 = CARTESIAN_POINT('',(37.201513886566,20.549875049442,
    5.210939141119));
#2187 = CARTESIAN_POINT('',(37.19317246261,20.564975627213,
    5.081817294416));
#2188 = CARTESIAN_POINT('',(37.176475124337,20.595202561012,
    4.954496340371));
#2189 = CARTESIAN_POINT('',(37.151301900705,20.640665941219,
    4.830911101311));
#2190 = CARTESIAN_POINT('',(37.117471920953,20.701470753226,
    4.713299644328));
#2191 = CARTESIAN_POINT('',(37.058679798769,20.806377408383,
    4.563361466885));
#2192 = CARTESIAN_POINT('',(37.041284428935,20.837354194656,
    4.52348128487));
#2193 = CARTESIAN_POINT('',(37.022631295647,20.870494372555,
    4.485051857609));
#2194 = CARTESIAN_POINT('',(37.002728324504,20.905763671584,
    4.448260665736));
#2195 = CARTESIAN_POINT('',(36.98158975215,20.943115081285,
    4.413302208503));
#2196 = CARTESIAN_POINT('',(36.909598443116,21.069922912702,
    4.307265763118));
#2197 = CARTESIAN_POINT('',(36.853553931835,21.168063137535,
    4.243571673697));
#2198 = CARTESIAN_POINT('',(36.791851979162,21.275323077578,
    4.192863534375));
#2199 = CARTESIAN_POINT('',(36.725762361895,21.389202035558,
    4.157794692953));
#2200 = CARTESIAN_POINT('',(36.656919933399,21.506720526498,4.14));
#2201 = CARTESIAN_POINT('',(36.587141647202,21.624778983555,4.14));
#2202 = PCURVE('',#32,#2203);
#2203 = DEFINITIONAL_REPRESENTATION('',(#2204),#2237);
#2204 = B_SPLINE_CURVE_WITH_KNOTS('',6,(#2205,#2206,#2207,#2208,#2209,
    #2210,#2211,#2212,#2213,#2214,#2215,#2216,#2217,#2218,#2219,#2220,
    #2221,#2222,#2223,#2224,#2225,#2226,#2227,#2228,#2229,#2230,#2231,
    #2232,#2233,#2234,#2235,#2236),.UNSPECIFIED.,.F.,.F.,(7,5,5,5,5,5,7)
  ,(0.,0.25,0.4375,0.578125,0.6044921875,0.629211425781,1.),
  .UNSPECIFIED.);
#2205 = CARTESIAN_POINT('',(5.778506321625,-7.34));
#2206 = CARTESIAN_POINT('',(5.778506321625,-7.268427873766));
#2207 = CARTESIAN_POINT('',(5.778381487625,-7.196836958371));
#2208 = CARTESIAN_POINT('',(5.778131703302,-7.125544957889));
#2209 = CARTESIAN_POINT('',(5.777756567599,-7.054875988639));
#2210 = CARTESIAN_POINT('',(5.77725553423,-6.9851737923));
#2211 = CARTESIAN_POINT('',(5.776157438923,-6.865545816533));
#2212 = CARTESIAN_POINT('',(5.775615698895,-6.815032332873));
#2213 = CARTESIAN_POINT('',(5.775002599645,-6.765433465546));
#2214 = CARTESIAN_POINT('',(5.774317908866,-6.716918639721));
#2215 = CARTESIAN_POINT('',(5.773561433281,-6.669671344546));
#2216 = CARTESIAN_POINT('',(5.772111777433,-6.589558785668));
#2217 = CARTESIAN_POINT('',(5.771450004991,-6.556048365933));
#2218 = CARTESIAN_POINT('',(5.770748013907,-6.523464742352));
#2219 = CARTESIAN_POINT('',(5.770006169735,-6.491911137296));
#2220 = CARTESIAN_POINT('',(5.769224978245,-6.461493316355));
#2221 = CARTESIAN_POINT('',(5.76825141178,-6.426852581578));
#2222 = CARTESIAN_POINT('',(5.768096331735,-6.421426814214));
#2223 = CARTESIAN_POINT('',(5.767939897155,-6.41604559513));
#2224 = CARTESIAN_POINT('',(5.767782112726,-6.410709654395));
#2225 = CARTESIAN_POINT('',(5.76762298333,-6.405419726242));
#2226 = CARTESIAN_POINT('',(5.767312074101,-6.395261070532));
#2227 = CARTESIAN_POINT('',(5.767160472473,-6.390387164951));
#2228 = CARTESIAN_POINT('',(5.767007609198,-6.385552275059));
#2229 = CARTESIAN_POINT('',(5.76685377366,-6.380765718442));
#2230 = CARTESIAN_POINT('',(5.766698583874,-6.376016200036));
#2231 = CARTESIAN_POINT('',(5.764195979857,-6.300692769044));
#2232 = CARTESIAN_POINT('',(5.761571732487,-6.239389978254));
#2233 = CARTESIAN_POINT('',(5.758709561217,-6.19069615659));
#2234 = CARTESIAN_POINT('',(5.755671676412,-6.15706143911));
#2235 = CARTESIAN_POINT('',(5.752533319481,-6.14));
#2236 = CARTESIAN_POINT('',(5.749373715755,-6.14));
#2237 = ( GEOMETRIC_REPRESENTATION_CONTEXT(2) 
PARAMETRIC_REPRESENTATION_CONTEXT() REPRESENTATION_CONTEXT('2D SPACE',''
  ) );
#2238 = PCURVE('',#2072,#2239);
#2239 = DEFINITIONAL_REPRESENTATION('',(#2240),#2273);
#2240 = B_SPLINE_CURVE_WITH_KNOTS('',6,(#2241,#2242,#2243,#2244,#2245,
    #2246,#2247,#2248,#2249,#2250,#2251,#2252,#2253,#2254,#2255,#2256,
    #2257,#2258,#2259,#2260,#2261,#2262,#2263,#2264,#2265,#2266,#2267,
    #2268,#2269,#2270,#2271,#2272),.UNSPECIFIED.,.F.,.F.,(7,5,5,5,5,5,7)
  ,(0.,0.25,0.4375,0.578125,0.6044921875,0.629211425781,1.),
  .UNSPECIFIED.);
#2241 = CARTESIAN_POINT('',(5.778506321625,-7.34));
#2242 = CARTESIAN_POINT('',(5.778506321625,-7.268427873766));
#2243 = CARTESIAN_POINT('',(5.778381487625,-7.196836958371));
#2244 = CARTESIAN_POINT('',(5.778131703302,-7.125544957889));
#2245 = CARTESIAN_POINT('',(5.777756567599,-7.054875988639));
#2246 = CARTESIAN_POINT('',(5.77725553423,-6.9851737923));
#2247 = CARTESIAN_POINT('',(5.776157438923,-6.865545816533));
#2248 = CARTESIAN_POINT('',(5.775615698895,-6.815032332873));
#2249 = CARTESIAN_POINT('',(5.775002599645,-6.765433465546));
#2250 = CARTESIAN_POINT('',(5.774317908866,-6.716918639721));
#2251 = CARTESIAN_POINT('',(5.773561433281,-6.669671344546));
#2252 = CARTESIAN_POINT('',(5.772111777433,-6.589558785668));
#2253 = CARTESIAN_POINT('',(5.771450004991,-6.556048365933));
#2254 = CARTESIAN_POINT('',(5.770748013907,-6.523464742352));
#2255 = CARTESIAN_POINT('',(5.770006169735,-6.491911137296));
#2256 = CARTESIAN_POINT('',(5.769224978245,-6.461493316355));
#2257 = CARTESIAN_POINT('',(5.76825141178,-6.426852581578));
#2258 = CARTESIAN_POINT('',(5.768096331735,-6.421426814214));
#2259 = CARTESIAN_POINT('',(5.767939897155,-6.41604559513));
#2260 = CARTESIAN_POINT('',(5.767782112726,-6.410709654395));
#2261 = CARTESIAN_POINT('',(5.76762298333,-6.405419726242));
#2262 = CARTESIAN_POINT('',(5.767312074101,-6.395261070532));
#2263 = CARTESIAN_POINT('',(5.767160472473,-6.390387164951));
#2264 = CARTESIAN_POINT('',(5.767007609198,-6.385552275059));
#2265 = CARTESIAN_POINT('',(5.76685377366,-6.380765718442));
#2266 = CARTESIAN_POINT('',(5.766698583874,-6.376016200036));
#2267 = CARTESIAN_POINT('',(5.764195979857,-6.300692769044));
#2268 = CARTESIAN_POINT('',(5.761571732487,-6.239389978254));
#2269 = CARTESIAN_POINT('',(5.758709561217,-6.19069615659));
#2270 = CARTESIAN_POINT('',(5.755671676412,-6.15706143911));
#2271 = CARTESIAN_POINT('',(5.752533319481,-6.14));
#2272 = CARTESIAN_POINT('',(5.749373715755,-6.14));
#2273 = ( GEOMETRIC_REPRESENTATION_CONTEXT(2) 
PARAMETRIC_REPRESENTATION_CONTEXT() REPRESENTATION_CONTEXT('2D SPACE',''
  ) );
#2274 = ORIENTED_EDGE('',*,*,#2275,.F.);
#2275 = EDGE_CURVE('',#2276,#2181,#2278,.T.);
#2276 = VERTEX_POINT('',#2277);
#2277 = CARTESIAN_POINT('',(37.201513886566,20.549875049442,6.));
#2278 = SURFACE_CURVE('',#2279,(#2283,#2290),.PCURVE_S1.);
#2279 = LINE('',#2280,#2281);
#2280 = CARTESIAN_POINT('',(37.201513886566,20.549875049442,1.05));
#2281 = VECTOR('',#2282,1.);
#2282 = DIRECTION('',(-0.,-0.,-1.));
#2283 = PCURVE('',#32,#2284);
#2284 = DEFINITIONAL_REPRESENTATION('',(#2285),#2289);
#2285 = LINE('',#2286,#2287);
#2286 = CARTESIAN_POINT('',(5.778506321625,-3.05));
#2287 = VECTOR('',#2288,1.);
#2288 = DIRECTION('',(0.,1.));
#2289 = ( GEOMETRIC_REPRESENTATION_CONTEXT(2) 
PARAMETRIC_REPRESENTATION_CONTEXT() REPRESENTATION_CONTEXT('2D SPACE',''
  ) );
#2290 = PCURVE('',#2072,#2291);
#2291 = DEFINITIONAL_REPRESENTATION('',(#2292),#2296);
#2292 = LINE('',#2293,#2294);
#2293 = CARTESIAN_POINT('',(5.778506321625,-3.05));
#2294 = VECTOR('',#2295,1.);
#2295 = DIRECTION('',(0.,1.));
#2296 = ( GEOMETRIC_REPRESENTATION_CONTEXT(2) 
PARAMETRIC_REPRESENTATION_CONTEXT() REPRESENTATION_CONTEXT('2D SPACE',''
  ) );
#2297 = ORIENTED_EDGE('',*,*,#2298,.F.);
#2298 = EDGE_CURVE('',#2299,#2276,#2301,.T.);
#2299 = VERTEX_POINT('',#2300);
#2300 = CARTESIAN_POINT('',(40.443620016017,13.06,6.));
#2301 = SURFACE_CURVE('',#2302,(#2307,#2314),.PCURVE_S1.);
#2302 = CIRCLE('',#2303,42.5);
#2303 = AXIS2_PLACEMENT_3D('',#2304,#2305,#2306);
#2304 = CARTESIAN_POINT('',(0.,0.,6.));
#2305 = DIRECTION('',(0.,0.,1.));
#2306 = DIRECTION('',(1.,0.,-0.));
#2307 = PCURVE('',#32,#2308);
#2308 = DEFINITIONAL_REPRESENTATION('',(#2309),#2313);
#2309 = LINE('',#2310,#2311);
#2310 = CARTESIAN_POINT('',(6.28318530718,-8.));
#2311 = VECTOR('',#2312,1.);
#2312 = DIRECTION('',(-1.,0.));
#2313 = ( GEOMETRIC_REPRESENTATION_CONTEXT(2) 
PARAMETRIC_REPRESENTATION_CONTEXT() REPRESENTATION_CONTEXT('2D SPACE',''
  ) );
#2314 = PCURVE('',#2315,#2320);
#2315 = PLANE('',#2316);
#2316 = AXIS2_PLACEMENT_3D('',#2317,#2318,#2319);
#2317 = CARTESIAN_POINT('',(-4.118407928589E-15,3.242876655026E-16,6.));
#2318 = DIRECTION('',(0.,0.,1.));
#2319 = DIRECTION('',(1.,0.,-0.));
#2320 = DEFINITIONAL_REPRESENTATION('',(#2321),#2325);
#2321 = CIRCLE('',#2322,42.5);
#2322 = AXIS2_PLACEMENT_2D('',#2323,#2324);
#2323 = CARTESIAN_POINT('',(4.118407928589E-15,-3.242876655026E-16));
#2324 = DIRECTION('',(1.,0.));
#2325 = ( GEOMETRIC_REPRESENTATION_CONTEXT(2) 
PARAMETRIC_REPRESENTATION_CONTEXT() REPRESENTATION_CONTEXT('2D SPACE',''
  ) );
#2326 = ORIENTED_EDGE('',*,*,#2327,.T.);
#2327 = EDGE_CURVE('',#2299,#2328,#2330,.T.);
#2328 = VERTEX_POINT('',#2329);
#2329 = CARTESIAN_POINT('',(40.443620016017,13.06,5.74));
#2330 = SURFACE_CURVE('',#2331,(#2335,#2342),.PCURVE_S1.);
#2331 = LINE('',#2332,#2333);
#2332 = CARTESIAN_POINT('',(40.443620016017,13.06,1.05));
#2333 = VECTOR('',#2334,1.);
#2334 = DIRECTION('',(-0.,-0.,-1.));
#2335 = PCURVE('',#32,#2336);
#2336 = DEFINITIONAL_REPRESENTATION('',(#2337),#2341);
#2337 = LINE('',#2338,#2339);
#2338 = CARTESIAN_POINT('',(5.970837049779,-3.05));
#2339 = VECTOR('',#2340,1.);
#2340 = DIRECTION('',(0.,1.));
#2341 = ( GEOMETRIC_REPRESENTATION_CONTEXT(2) 
PARAMETRIC_REPRESENTATION_CONTEXT() REPRESENTATION_CONTEXT('2D SPACE',''
  ) );
#2342 = PCURVE('',#2343,#2348);
#2343 = CYLINDRICAL_SURFACE('',#2344,42.5);
#2344 = AXIS2_PLACEMENT_3D('',#2345,#2346,#2347);
#2345 = CARTESIAN_POINT('',(0.,0.,-2.));
#2346 = DIRECTION('',(-0.,-0.,-1.));
#2347 = DIRECTION('',(1.,0.,0.));
#2348 = DEFINITIONAL_REPRESENTATION('',(#2349),#2353);
#2349 = LINE('',#2350,#2351);
#2350 = CARTESIAN_POINT('',(5.970837049779,-3.05));
#2351 = VECTOR('',#2352,1.);
#2352 = DIRECTION('',(0.,1.));
#2353 = ( GEOMETRIC_REPRESENTATION_CONTEXT(2) 
PARAMETRIC_REPRESENTATION_CONTEXT() REPRESENTATION_CONTEXT('2D SPACE',''
  ) );
#2354 = ORIENTED_EDGE('',*,*,#2355,.T.);
#2355 = EDGE_CURVE('',#2328,#2356,#2358,.T.);
#2356 = VERTEX_POINT('',#2357);
#2357 = CARTESIAN_POINT('',(40.925766944555,11.46,4.14));
#2358 = SURFACE_CURVE('',#2359,(#2374,#2400),.PCURVE_S1.);
#2359 = B_SPLINE_CURVE_WITH_KNOTS('',7,(#2360,#2361,#2362,#2363,#2364,
    #2365,#2366,#2367,#2368,#2369,#2370,#2371,#2372,#2373),
  .UNSPECIFIED.,.F.,.F.,(8,6,8),(0.,0.455016339681,1.),.UNSPECIFIED.);
#2360 = CARTESIAN_POINT('',(40.443620016017,13.06,5.74));
#2361 = CARTESIAN_POINT('',(40.443620016017,13.06,5.592644077047));
#2362 = CARTESIAN_POINT('',(40.448732913132,13.044166740051,
    5.445254805837));
#2363 = CARTESIAN_POINT('',(40.458962192797,13.012488715969,
    5.299202905143));
#2364 = CARTESIAN_POINT('',(40.474303431039,12.964847744119,
    5.155896707021));
#2365 = CARTESIAN_POINT('',(40.494729323738,12.901058684845,
    5.01688495839));
#2366 = CARTESIAN_POINT('',(40.520172439712,12.820916125031,
    4.88397248448));
#2367 = CARTESIAN_POINT('',(40.58683654655,12.608466380264,4.61008392388
    ));
#2368 = CARTESIAN_POINT('',(40.630856377504,12.466830780784,
    4.469942254519));
#2369 = CARTESIAN_POINT('',(40.682050969742,12.299899973246,
    4.346636262333));
#2370 = CARTESIAN_POINT('',(40.739085337675,12.110533173163,
    4.246973211374));
#2371 = CARTESIAN_POINT('',(40.800086257156,11.9033126607,4.176636042377
    ));
#2372 = CARTESIAN_POINT('',(40.863000129489,11.684151836406,4.14));
#2373 = CARTESIAN_POINT('',(40.925766944555,11.46,4.14));
#2374 = PCURVE('',#32,#2375);
#2375 = DEFINITIONAL_REPRESENTATION('',(#2376),#2399);
#2376 = B_SPLINE_CURVE_WITH_KNOTS('',6,(#2377,#2378,#2379,#2380,#2381,
    #2382,#2383,#2384,#2385,#2386,#2387,#2388,#2389,#2390,#2391,#2392,
    #2393,#2394,#2395,#2396,#2397,#2398),.UNSPECIFIED.,.F.,.F.,(7,5,5,5,
    7),(0.,0.25,0.4375,0.455078125,1.),.UNSPECIFIED.);
#2377 = CARTESIAN_POINT('',(5.970837049779,-7.74));
#2378 = CARTESIAN_POINT('',(5.970837049779,-7.645544467059));
#2379 = CARTESIAN_POINT('',(5.971002503254,-7.551074804202));
#2380 = CARTESIAN_POINT('',(5.971333490092,-7.456989045068));
#2381 = CARTESIAN_POINT('',(5.971830592474,-7.363692689594));
#2382 = CARTESIAN_POINT('',(5.972494704765,-7.271617957331));
#2383 = CARTESIAN_POINT('',(5.973950947363,-7.11346185332));
#2384 = CARTESIAN_POINT('',(5.974669565976,-7.046636826108));
#2385 = CARTESIAN_POINT('',(5.975483126729,-6.980969803375));
#2386 = CARTESIAN_POINT('',(5.976392094827,-6.916677249073));
#2387 = CARTESIAN_POINT('',(5.977396921778,-6.853995330023));
#2388 = CARTESIAN_POINT('',(5.978601219516,-6.787484030567));
#2389 = CARTESIAN_POINT('',(5.97870528993,-6.781799564431));
#2390 = CARTESIAN_POINT('',(5.978810209313,-6.776131619464));
#2391 = CARTESIAN_POINT('',(5.978915974212,-6.770480609332));
#2392 = CARTESIAN_POINT('',(5.979022582461,-6.764846882239));
#2393 = CARTESIAN_POINT('',(5.982461287364,-6.585114988918));
#2394 = CARTESIAN_POINT('',(5.986680743887,-6.423775397129));
#2395 = CARTESIAN_POINT('',(5.99176015347,-6.288702511692));
#2396 = CARTESIAN_POINT('',(5.99753749093,-6.191278742947));
#2397 = CARTESIAN_POINT('',(6.003769662665,-6.14));
#2398 = CARTESIAN_POINT('',(6.010158811791,-6.14));
#2399 = ( GEOMETRIC_REPRESENTATION_CONTEXT(2) 
PARAMETRIC_REPRESENTATION_CONTEXT() REPRESENTATION_CONTEXT('2D SPACE',''
  ) );
#2400 = PCURVE('',#2343,#2401);
#2401 = DEFINITIONAL_REPRESENTATION('',(#2402),#2425);
#2402 = B_SPLINE_CURVE_WITH_KNOTS('',6,(#2403,#2404,#2405,#2406,#2407,
    #2408,#2409,#2410,#2411,#2412,#2413,#2414,#2415,#2416,#2417,#2418,
    #2419,#2420,#2421,#2422,#2423,#2424),.UNSPECIFIED.,.F.,.F.,(7,5,5,5,
    7),(0.,0.25,0.4375,0.455078125,1.),.UNSPECIFIED.);
#2403 = CARTESIAN_POINT('',(5.970837049779,-7.74));
#2404 = CARTESIAN_POINT('',(5.970837049779,-7.645544467059));
#2405 = CARTESIAN_POINT('',(5.971002503254,-7.551074804202));
#2406 = CARTESIAN_POINT('',(5.971333490092,-7.456989045068));
#2407 = CARTESIAN_POINT('',(5.971830592474,-7.363692689594));
#2408 = CARTESIAN_POINT('',(5.972494704765,-7.271617957331));
#2409 = CARTESIAN_POINT('',(5.973950947363,-7.11346185332));
#2410 = CARTESIAN_POINT('',(5.974669565976,-7.046636826108));
#2411 = CARTESIAN_POINT('',(5.975483126729,-6.980969803375));
#2412 = CARTESIAN_POINT('',(5.976392094827,-6.916677249073));
#2413 = CARTESIAN_POINT('',(5.977396921778,-6.853995330023));
#2414 = CARTESIAN_POINT('',(5.978601219516,-6.787484030567));
#2415 = CARTESIAN_POINT('',(5.97870528993,-6.781799564431));
#2416 = CARTESIAN_POINT('',(5.978810209313,-6.776131619464));
#2417 = CARTESIAN_POINT('',(5.978915974212,-6.770480609332));
#2418 = CARTESIAN_POINT('',(5.979022582461,-6.764846882239));
#2419 = CARTESIAN_POINT('',(5.982461287364,-6.585114988918));
#2420 = CARTESIAN_POINT('',(5.986680743887,-6.423775397129));
#2421 = CARTESIAN_POINT('',(5.99176015347,-6.288702511692));
#2422 = CARTESIAN_POINT('',(5.99753749093,-6.191278742947));
#2423 = CARTESIAN_POINT('',(6.003769662665,-6.14));
#2424 = CARTESIAN_POINT('',(6.010158811791,-6.14));
#2425 = ( GEOMETRIC_REPRESENTATION_CONTEXT(2) 
PARAMETRIC_REPRESENTATION_CONTEXT() REPRESENTATION_CONTEXT('2D SPACE',''
  ) );
#2426 = ORIENTED_EDGE('',*,*,#2427,.T.);
#2427 = EDGE_CURVE('',#2356,#24,#2428,.T.);
#2428 = SURFACE_CURVE('',#2429,(#2434,#2441),.PCURVE_S1.);
#2429 = CIRCLE('',#2430,42.5);
#2430 = AXIS2_PLACEMENT_3D('',#2431,#2432,#2433);
#2431 = CARTESIAN_POINT('',(0.,0.,4.14));
#2432 = DIRECTION('',(0.,0.,-1.));
#2433 = DIRECTION('',(1.,0.,0.));
#2434 = PCURVE('',#32,#2435);
#2435 = DEFINITIONAL_REPRESENTATION('',(#2436),#2440);
#2436 = LINE('',#2437,#2438);
#2437 = CARTESIAN_POINT('',(0.,-6.14));
#2438 = VECTOR('',#2439,1.);
#2439 = DIRECTION('',(1.,0.));
#2440 = ( GEOMETRIC_REPRESENTATION_CONTEXT(2) 
PARAMETRIC_REPRESENTATION_CONTEXT() REPRESENTATION_CONTEXT('2D SPACE',''
  ) );
#2441 = PCURVE('',#2343,#2442);
#2442 = DEFINITIONAL_REPRESENTATION('',(#2443),#2447);
#2443 = LINE('',#2444,#2445);
#2444 = CARTESIAN_POINT('',(0.,-6.14));
#2445 = VECTOR('',#2446,1.);
#2446 = DIRECTION('',(1.,0.));
#2447 = ( GEOMETRIC_REPRESENTATION_CONTEXT(2) 
PARAMETRIC_REPRESENTATION_CONTEXT() REPRESENTATION_CONTEXT('2D SPACE',''
  ) );
#2448 = ADVANCED_FACE('',(#2449),#66,.T.);
#2449 = FACE_BOUND('',#2450,.T.);
#2450 = EDGE_LOOP('',(#2451,#2473,#2474,#2475));
#2451 = ORIENTED_EDGE('',*,*,#2452,.F.);
#2452 = EDGE_CURVE('',#22,#2453,#2455,.T.);
#2453 = VERTEX_POINT('',#2454);
#2454 = CARTESIAN_POINT('',(41.7,0.,-2.));
#2455 = SEAM_CURVE('',#2456,(#2461,#2467),.PCURVE_S1.);
#2456 = CIRCLE('',#2457,0.8);
#2457 = AXIS2_PLACEMENT_3D('',#2458,#2459,#2460);
#2458 = CARTESIAN_POINT('',(41.7,0.,-1.2));
#2459 = DIRECTION('',(0.,1.,0.));
#2460 = DIRECTION('',(1.,0.,-0.));
#2461 = PCURVE('',#66,#2462);
#2462 = DEFINITIONAL_REPRESENTATION('',(#2463),#2466);
#2463 = B_SPLINE_CURVE_WITH_KNOTS('',1,(#2464,#2465),.UNSPECIFIED.,.F.,
  .F.,(2,2),(0.,1.570796326795),.PIECEWISE_BEZIER_KNOTS.);
#2464 = CARTESIAN_POINT('',(-4.138911435803E-13,0.));
#2465 = CARTESIAN_POINT('',(-4.138911435803E-13,1.570796326795));
#2466 = ( GEOMETRIC_REPRESENTATION_CONTEXT(2) 
PARAMETRIC_REPRESENTATION_CONTEXT() REPRESENTATION_CONTEXT('2D SPACE',''
  ) );
#2467 = PCURVE('',#66,#2468);
#2468 = DEFINITIONAL_REPRESENTATION('',(#2469),#2472);
#2469 = B_SPLINE_CURVE_WITH_KNOTS('',1,(#2470,#2471),.UNSPECIFIED.,.F.,
  .F.,(2,2),(0.,1.570796326795),.PIECEWISE_BEZIER_KNOTS.);
#2470 = CARTESIAN_POINT('',(6.28318530718,0.));
#2471 = CARTESIAN_POINT('',(6.28318530718,1.570796326795));
#2472 = ( GEOMETRIC_REPRESENTATION_CONTEXT(2) 
PARAMETRIC_REPRESENTATION_CONTEXT() REPRESENTATION_CONTEXT('2D SPACE',''
  ) );
#2473 = ORIENTED_EDGE('',*,*,#51,.F.);
#2474 = ORIENTED_EDGE('',*,*,#2452,.T.);
#2475 = ORIENTED_EDGE('',*,*,#2476,.T.);
#2476 = EDGE_CURVE('',#2453,#2453,#2477,.T.);
#2477 = SURFACE_CURVE('',#2478,(#2483,#2490),.PCURVE_S1.);
#2478 = CIRCLE('',#2479,41.7);
#2479 = AXIS2_PLACEMENT_3D('',#2480,#2481,#2482);
#2480 = CARTESIAN_POINT('',(0.,0.,-2.));
#2481 = DIRECTION('',(0.,0.,1.));
#2482 = DIRECTION('',(1.,0.,-0.));
#2483 = PCURVE('',#66,#2484);
#2484 = DEFINITIONAL_REPRESENTATION('',(#2485),#2489);
#2485 = LINE('',#2486,#2487);
#2486 = CARTESIAN_POINT('',(6.28318530718,1.570796326795));
#2487 = VECTOR('',#2488,1.);
#2488 = DIRECTION('',(-1.,0.));
#2489 = ( GEOMETRIC_REPRESENTATION_CONTEXT(2) 
PARAMETRIC_REPRESENTATION_CONTEXT() REPRESENTATION_CONTEXT('2D SPACE',''
  ) );
#2490 = PCURVE('',#2491,#2496);
#2491 = PLANE('',#2492);
#2492 = AXIS2_PLACEMENT_3D('',#2493,#2494,#2495);
#2493 = CARTESIAN_POINT('',(-4.118407928589E-15,3.242876655026E-16,-2.)
  );
#2494 = DIRECTION('',(0.,0.,1.));
#2495 = DIRECTION('',(1.,0.,-0.));
#2496 = DEFINITIONAL_REPRESENTATION('',(#2497),#2501);
#2497 = CIRCLE('',#2498,41.7);
#2498 = AXIS2_PLACEMENT_2D('',#2499,#2500);
#2499 = CARTESIAN_POINT('',(4.118407928589E-15,-3.242876655026E-16));
#2500 = DIRECTION('',(1.,0.));
#2501 = ( GEOMETRIC_REPRESENTATION_CONTEXT(2) 
PARAMETRIC_REPRESENTATION_CONTEXT() REPRESENTATION_CONTEXT('2D SPACE',''
  ) );
#2502 = ADVANCED_FACE('',(#2503),#2343,.T.);
#2503 = FACE_BOUND('',#2504,.T.);
#2504 = EDGE_LOOP('',(#2505,#2528,#2529,#2530,#2531,#2560,#2587,#2663));
#2505 = ORIENTED_EDGE('',*,*,#2506,.F.);
#2506 = EDGE_CURVE('',#24,#2507,#2509,.T.);
#2507 = VERTEX_POINT('',#2508);
#2508 = CARTESIAN_POINT('',(42.5,0.,4.2));
#2509 = SURFACE_CURVE('',#2510,(#2514,#2521),.PCURVE_S1.);
#2510 = LINE('',#2511,#2512);
#2511 = CARTESIAN_POINT('',(42.5,0.,-2.));
#2512 = VECTOR('',#2513,1.);
#2513 = DIRECTION('',(0.,0.,1.));
#2514 = PCURVE('',#2343,#2515);
#2515 = DEFINITIONAL_REPRESENTATION('',(#2516),#2520);
#2516 = LINE('',#2517,#2518);
#2517 = CARTESIAN_POINT('',(6.283185307179,0.));
#2518 = VECTOR('',#2519,1.);
#2519 = DIRECTION('',(-0.,-1.));
#2520 = ( GEOMETRIC_REPRESENTATION_CONTEXT(2) 
PARAMETRIC_REPRESENTATION_CONTEXT() REPRESENTATION_CONTEXT('2D SPACE',''
  ) );
#2521 = PCURVE('',#96,#2522);
#2522 = DEFINITIONAL_REPRESENTATION('',(#2523),#2527);
#2523 = LINE('',#2524,#2525);
#2524 = CARTESIAN_POINT('',(-0.,0.));
#2525 = VECTOR('',#2526,1.);
#2526 = DIRECTION('',(-0.,-1.));
#2527 = ( GEOMETRIC_REPRESENTATION_CONTEXT(2) 
PARAMETRIC_REPRESENTATION_CONTEXT() REPRESENTATION_CONTEXT('2D SPACE',''
  ) );
#2528 = ORIENTED_EDGE('',*,*,#2427,.F.);
#2529 = ORIENTED_EDGE('',*,*,#2355,.F.);
#2530 = ORIENTED_EDGE('',*,*,#2327,.F.);
#2531 = ORIENTED_EDGE('',*,*,#2532,.F.);
#2532 = EDGE_CURVE('',#2533,#2299,#2535,.T.);
#2533 = VERTEX_POINT('',#2534);
#2534 = CARTESIAN_POINT('',(40.46294601237,13.,6.));
#2535 = SURFACE_CURVE('',#2536,(#2541,#2548),.PCURVE_S1.);
#2536 = CIRCLE('',#2537,42.5);
#2537 = AXIS2_PLACEMENT_3D('',#2538,#2539,#2540);
#2538 = CARTESIAN_POINT('',(0.,0.,6.));
#2539 = DIRECTION('',(0.,0.,1.));
#2540 = DIRECTION('',(1.,0.,-0.));
#2541 = PCURVE('',#2343,#2542);
#2542 = DEFINITIONAL_REPRESENTATION('',(#2543),#2547);
#2543 = LINE('',#2544,#2545);
#2544 = CARTESIAN_POINT('',(6.28318530718,-8.));
#2545 = VECTOR('',#2546,1.);
#2546 = DIRECTION('',(-1.,0.));
#2547 = ( GEOMETRIC_REPRESENTATION_CONTEXT(2) 
PARAMETRIC_REPRESENTATION_CONTEXT() REPRESENTATION_CONTEXT('2D SPACE',''
  ) );
#2548 = PCURVE('',#2549,#2554);
#2549 = PLANE('',#2550);
#2550 = AXIS2_PLACEMENT_3D('',#2551,#2552,#2553);
#2551 = CARTESIAN_POINT('',(-4.118407928589E-15,3.242876655026E-16,6.));
#2552 = DIRECTION('',(0.,0.,1.));
#2553 = DIRECTION('',(1.,0.,-0.));
#2554 = DEFINITIONAL_REPRESENTATION('',(#2555),#2559);
#2555 = CIRCLE('',#2556,42.5);
#2556 = AXIS2_PLACEMENT_2D('',#2557,#2558);
#2557 = CARTESIAN_POINT('',(4.118407928589E-15,-3.242876655026E-16));
#2558 = DIRECTION('',(1.,0.));
#2559 = ( GEOMETRIC_REPRESENTATION_CONTEXT(2) 
PARAMETRIC_REPRESENTATION_CONTEXT() REPRESENTATION_CONTEXT('2D SPACE',''
  ) );
#2560 = ORIENTED_EDGE('',*,*,#2561,.T.);
#2561 = EDGE_CURVE('',#2533,#2562,#2564,.T.);
#2562 = VERTEX_POINT('',#2563);
#2563 = CARTESIAN_POINT('',(40.46294601237,13.,5.8));
#2564 = SURFACE_CURVE('',#2565,(#2569,#2575),.PCURVE_S1.);
#2565 = LINE('',#2566,#2567);
#2566 = CARTESIAN_POINT('',(40.46294601237,13.,-2.));
#2567 = VECTOR('',#2568,1.);
#2568 = DIRECTION('',(-0.,-0.,-1.));
#2569 = PCURVE('',#2343,#2570);
#2570 = DEFINITIONAL_REPRESENTATION('',(#2571),#2574);
#2571 = B_SPLINE_CURVE_WITH_KNOTS('',1,(#2572,#2573),.UNSPECIFIED.,.F.,
  .F.,(2,2),(-8.0000006,-6.92),.PIECEWISE_BEZIER_KNOTS.);
#2572 = CARTESIAN_POINT('',(5.97232024186,-8.0000006));
#2573 = CARTESIAN_POINT('',(5.97232024186,-6.92));
#2574 = ( GEOMETRIC_REPRESENTATION_CONTEXT(2) 
PARAMETRIC_REPRESENTATION_CONTEXT() REPRESENTATION_CONTEXT('2D SPACE',''
  ) );
#2575 = PCURVE('',#2576,#2581);
#2576 = CYLINDRICAL_SURFACE('',#2577,42.5);
#2577 = AXIS2_PLACEMENT_3D('',#2578,#2579,#2580);
#2578 = CARTESIAN_POINT('',(0.,0.,1.05));
#2579 = DIRECTION('',(-0.,-0.,-1.));
#2580 = DIRECTION('',(1.,0.,0.));
#2581 = DEFINITIONAL_REPRESENTATION('',(#2582),#2586);
#2582 = LINE('',#2583,#2584);
#2583 = CARTESIAN_POINT('',(-0.31086506532,3.05));
#2584 = VECTOR('',#2585,1.);
#2585 = DIRECTION('',(-0.,1.));
#2586 = ( GEOMETRIC_REPRESENTATION_CONTEXT(2) 
PARAMETRIC_REPRESENTATION_CONTEXT() REPRESENTATION_CONTEXT('2D SPACE',''
  ) );
#2587 = ORIENTED_EDGE('',*,*,#2588,.T.);
#2588 = EDGE_CURVE('',#2562,#2589,#2591,.T.);
#2589 = VERTEX_POINT('',#2590);
#2590 = CARTESIAN_POINT('',(40.942520684491,11.4,4.2));
#2591 = SURFACE_CURVE('',#2592,(#2607,#2625),.PCURVE_S1.);
#2592 = B_SPLINE_CURVE_WITH_KNOTS('',7,(#2593,#2594,#2595,#2596,#2597,
    #2598,#2599,#2600,#2601,#2602,#2603,#2604,#2605,#2606),
  .UNSPECIFIED.,.F.,.F.,(8,6,8),(0.,0.455113284239,1.),.UNSPECIFIED.);
#2593 = CARTESIAN_POINT('',(40.46294601237,13.,5.8));
#2594 = CARTESIAN_POINT('',(40.46294601237,13.,5.652652829237));
#2595 = CARTESIAN_POINT('',(40.468032385536,12.984168619723,
    5.505272822077));
#2596 = CARTESIAN_POINT('',(40.478208532469,12.952494558206,
    5.359228151478));
#2597 = CARTESIAN_POINT('',(40.493470315428,12.904858367929,
    5.215924772951));
#2598 = CARTESIAN_POINT('',(40.513791077948,12.841072401882,
    5.076909743252));
#2599 = CARTESIAN_POINT('',(40.539104347277,12.760927729264,
    4.943987444565));
#2600 = CARTESIAN_POINT('',(40.605417226721,12.548497741367,
    4.670124354371));
#2601 = CARTESIAN_POINT('',(40.649198917346,12.406890696733,
    4.529996497856));
#2602 = CARTESIAN_POINT('',(40.700118577716,12.239978956354,
    4.406685630119));
#2603 = CARTESIAN_POINT('',(40.756847783346,12.050617084175,
    4.307006635936));
#2604 = CARTESIAN_POINT('',(40.817521635002,11.843384909599,
    4.236650252691));
#2605 = CARTESIAN_POINT('',(40.880095936961,11.624195308507,4.2));
#2606 = CARTESIAN_POINT('',(40.942520684491,11.4,4.2));
#2607 = PCURVE('',#2343,#2608);
#2608 = DEFINITIONAL_REPRESENTATION('',(#2609),#2624);
#2609 = B_SPLINE_CURVE_WITH_KNOTS('',7,(#2610,#2611,#2612,#2613,#2614,
    #2615,#2616,#2617,#2618,#2619,#2620,#2621,#2622,#2623),
  .UNSPECIFIED.,.F.,.F.,(8,6,8),(0.,0.455113284239,1.),.UNSPECIFIED.);
#2610 = CARTESIAN_POINT('',(5.97232024186,-7.8));
#2611 = CARTESIAN_POINT('',(5.97232024186,-7.652652829237));
#2612 = CARTESIAN_POINT('',(5.972711498427,-7.505272822077));
#2613 = CARTESIAN_POINT('',(5.973494289084,-7.359228151478));
#2614 = CARTESIAN_POINT('',(5.974671260129,-7.215924772951));
#2615 = CARTESIAN_POINT('',(5.976246423002,-7.076909743252));
#2616 = CARTESIAN_POINT('',(5.978223992867,-6.943987444565));
#2617 = CARTESIAN_POINT('',(5.983460220027,-6.670124354371));
#2618 = CARTESIAN_POINT('',(5.986947753842,-6.529996497856));
#2619 = CARTESIAN_POINT('',(5.991053730909,-6.406685630119));
#2620 = CARTESIAN_POINT('',(5.995704826728,-6.307006635936));
#2621 = CARTESIAN_POINT('',(6.000785391197,-6.236650252691));
#2622 = CARTESIAN_POINT('',(6.006148725506,-6.2));
#2623 = CARTESIAN_POINT('',(6.011624580553,-6.2));
#2624 = ( GEOMETRIC_REPRESENTATION_CONTEXT(2) 
PARAMETRIC_REPRESENTATION_CONTEXT() REPRESENTATION_CONTEXT('2D SPACE',''
  ) );
#2625 = PCURVE('',#2576,#2626);
#2626 = DEFINITIONAL_REPRESENTATION('',(#2627),#2662);
#2627 = B_SPLINE_CURVE_WITH_KNOTS('',9,(#2628,#2629,#2630,#2631,#2632,
    #2633,#2634,#2635,#2636,#2637,#2638,#2639,#2640,#2641,#2642,#2643,
    #2644,#2645,#2646,#2647,#2648,#2649,#2650,#2651,#2652,#2653,#2654,
    #2655,#2656,#2657,#2658,#2659,#2660,#2661),.UNSPECIFIED.,.F.,.F.,(10
    ,8,8,8,10),(0.,0.25,0.4375,0.455078125,1.),.UNSPECIFIED.);
#2628 = CARTESIAN_POINT('',(-0.31086506532,-4.75));
#2629 = CARTESIAN_POINT('',(-0.31086506532,-4.687046797464));
#2630 = CARTESIAN_POINT('',(-0.310796196827,-4.624087800029));
#2631 = CARTESIAN_POINT('',(-0.310658441191,-4.561217541355));
#2632 = CARTESIAN_POINT('',(-0.310451719078,-4.49853144728));
#2633 = CARTESIAN_POINT('',(-0.310175899558,-4.436126756174));
#2634 = CARTESIAN_POINT('',(-0.309830809195,-4.374103439279));
#2635 = CARTESIAN_POINT('',(-0.309416241131,-4.312565121057));
#2636 = CARTESIAN_POINT('',(-0.308931964177,-4.251619999537));
#2637 = CARTESIAN_POINT('',(-0.307962057687,-4.146203092002));
#2638 = CARTESIAN_POINT('',(-0.307507033678,-4.10142204801));
#2639 = CARTESIAN_POINT('',(-0.307012556217,-4.057086623954));
#2640 = CARTESIAN_POINT('',(-0.306478516937,-4.013246556193));
#2641 = CARTESIAN_POINT('',(-0.305904805212,-3.969953571111));
#2642 = CARTESIAN_POINT('',(-0.305291310614,-3.927261628066));
#2643 = CARTESIAN_POINT('',(-0.304637925373,-3.885227162334));
#2644 = CARTESIAN_POINT('',(-0.303944546826,-3.843909328045));
#2645 = CARTESIAN_POINT('',(-0.303142317353,-3.799569701737));
#2646 = CARTESIAN_POINT('',(-0.303073202487,-3.795776006822));
#2647 = CARTESIAN_POINT('',(-0.303003735204,-3.791989207578));
#2648 = CARTESIAN_POINT('',(-0.302933915426,-3.788209355423));
#2649 = CARTESIAN_POINT('',(-0.302863743076,-3.784436502007));
#2650 = CARTESIAN_POINT('',(-0.302793218077,-3.780670699212));
#2651 = CARTESIAN_POINT('',(-0.302722340354,-3.776911999155));
#2652 = CARTESIAN_POINT('',(-0.302651109831,-3.773160454193));
#2653 = CARTESIAN_POINT('',(-0.300360441136,-3.653341661395));
#2654 = CARTESIAN_POINT('',(-0.297771372118,-3.542579221304));
#2655 = CARTESIAN_POINT('',(-0.294818406815,-3.440317603183));
#2656 = CARTESIAN_POINT('',(-0.291525396438,-3.349589278271));
#2657 = CARTESIAN_POINT('',(-0.287926456418,-3.272972705657));
#2658 = CARTESIAN_POINT('',(-0.284070753816,-3.212924209476));
#2659 = CARTESIAN_POINT('',(-0.280013610563,-3.171381204621));
#2660 = CARTESIAN_POINT('',(-0.275819999812,-3.15));
#2661 = CARTESIAN_POINT('',(-0.271560726627,-3.15));
#2662 = ( GEOMETRIC_REPRESENTATION_CONTEXT(2) 
PARAMETRIC_REPRESENTATION_CONTEXT() REPRESENTATION_CONTEXT('2D SPACE',''
  ) );
#2663 = ORIENTED_EDGE('',*,*,#2664,.T.);
#2664 = EDGE_CURVE('',#2589,#2507,#2665,.T.);
#2665 = SURFACE_CURVE('',#2666,(#2671,#2678),.PCURVE_S1.);
#2666 = CIRCLE('',#2667,42.5);
#2667 = AXIS2_PLACEMENT_3D('',#2668,#2669,#2670);
#2668 = CARTESIAN_POINT('',(0.,0.,4.2));
#2669 = DIRECTION('',(0.,0.,-1.));
#2670 = DIRECTION('',(1.,0.,0.));
#2671 = PCURVE('',#2343,#2672);
#2672 = DEFINITIONAL_REPRESENTATION('',(#2673),#2677);
#2673 = LINE('',#2674,#2675);
#2674 = CARTESIAN_POINT('',(-4.138911435803E-13,-6.2));
#2675 = VECTOR('',#2676,1.);
#2676 = DIRECTION('',(1.,-0.));
#2677 = ( GEOMETRIC_REPRESENTATION_CONTEXT(2) 
PARAMETRIC_REPRESENTATION_CONTEXT() REPRESENTATION_CONTEXT('2D SPACE',''
  ) );
#2678 = PCURVE('',#2576,#2679);
#2679 = DEFINITIONAL_REPRESENTATION('',(#2680),#2684);
#2680 = LINE('',#2681,#2682);
#2681 = CARTESIAN_POINT('',(-6.28318530718,-3.15));
#2682 = VECTOR('',#2683,1.);
#2683 = DIRECTION('',(1.,-0.));
#2684 = ( GEOMETRIC_REPRESENTATION_CONTEXT(2) 
PARAMETRIC_REPRESENTATION_CONTEXT() REPRESENTATION_CONTEXT('2D SPACE',''
  ) );
#2685 = ADVANCED_FACE('',(#2686),#2315,.T.);
#2686 = FACE_BOUND('',#2687,.T.);
#2687 = EDGE_LOOP('',(#2688,#2711,#2712,#2740));
#2688 = ORIENTED_EDGE('',*,*,#2689,.F.);
#2689 = EDGE_CURVE('',#2299,#2690,#2692,.T.);
#2690 = VERTEX_POINT('',#2691);
#2691 = CARTESIAN_POINT('',(37.11952181804,13.060000000001,6.));
#2692 = SURFACE_CURVE('',#2693,(#2697,#2704),.PCURVE_S1.);
#2693 = LINE('',#2694,#2695);
#2694 = CARTESIAN_POINT('',(14.,13.06,6.));
#2695 = VECTOR('',#2696,1.);
#2696 = DIRECTION('',(-1.,0.,0.));
#2697 = PCURVE('',#2315,#2698);
#2698 = DEFINITIONAL_REPRESENTATION('',(#2699),#2703);
#2699 = LINE('',#2700,#2701);
#2700 = CARTESIAN_POINT('',(14.,13.06));
#2701 = VECTOR('',#2702,1.);
#2702 = DIRECTION('',(-1.,0.));
#2703 = ( GEOMETRIC_REPRESENTATION_CONTEXT(2) 
PARAMETRIC_REPRESENTATION_CONTEXT() REPRESENTATION_CONTEXT('2D SPACE',''
  ) );
#2704 = PCURVE('',#2549,#2705);
#2705 = DEFINITIONAL_REPRESENTATION('',(#2706),#2710);
#2706 = LINE('',#2707,#2708);
#2707 = CARTESIAN_POINT('',(14.,13.06));
#2708 = VECTOR('',#2709,1.);
#2709 = DIRECTION('',(-1.,0.));
#2710 = ( GEOMETRIC_REPRESENTATION_CONTEXT(2) 
PARAMETRIC_REPRESENTATION_CONTEXT() REPRESENTATION_CONTEXT('2D SPACE',''
  ) );
#2711 = ORIENTED_EDGE('',*,*,#2298,.T.);
#2712 = ORIENTED_EDGE('',*,*,#2713,.T.);
#2713 = EDGE_CURVE('',#2276,#2714,#2716,.T.);
#2714 = VERTEX_POINT('',#2715);
#2715 = CARTESIAN_POINT('',(34.847871732375,18.276989241228,6.));
#2716 = SURFACE_CURVE('',#2717,(#2721,#2728),.PCURVE_S1.);
#2717 = LINE('',#2718,#2719);
#2718 = CARTESIAN_POINT('',(17.394008881848,1.421989809451,6.));
#2719 = VECTOR('',#2720,1.);
#2720 = DIRECTION('',(-0.719339800339,-0.694658370459,0.));
#2721 = PCURVE('',#2315,#2722);
#2722 = DEFINITIONAL_REPRESENTATION('',(#2723),#2727);
#2723 = LINE('',#2724,#2725);
#2724 = CARTESIAN_POINT('',(17.394008881848,1.421989809451));
#2725 = VECTOR('',#2726,1.);
#2726 = DIRECTION('',(-0.719339800339,-0.694658370459));
#2727 = ( GEOMETRIC_REPRESENTATION_CONTEXT(2) 
PARAMETRIC_REPRESENTATION_CONTEXT() REPRESENTATION_CONTEXT('2D SPACE',''
  ) );
#2728 = PCURVE('',#2729,#2734);
#2729 = PLANE('',#2730);
#2730 = AXIS2_PLACEMENT_3D('',#2731,#2732,#2733);
#2731 = CARTESIAN_POINT('',(-4.118407928589E-15,3.242876655026E-16,6.));
#2732 = DIRECTION('',(0.,0.,1.));
#2733 = DIRECTION('',(1.,0.,-0.));
#2734 = DEFINITIONAL_REPRESENTATION('',(#2735),#2739);
#2735 = LINE('',#2736,#2737);
#2736 = CARTESIAN_POINT('',(17.394008881848,1.421989809451));
#2737 = VECTOR('',#2738,1.);
#2738 = DIRECTION('',(-0.719339800339,-0.694658370459));
#2739 = ( GEOMETRIC_REPRESENTATION_CONTEXT(2) 
PARAMETRIC_REPRESENTATION_CONTEXT() REPRESENTATION_CONTEXT('2D SPACE',''
  ) );
#2740 = ORIENTED_EDGE('',*,*,#2741,.T.);
#2741 = EDGE_CURVE('',#2714,#2690,#2742,.T.);
#2742 = SURFACE_CURVE('',#2743,(#2748,#2759),.PCURVE_S1.);
#2743 = CIRCLE('',#2744,39.35);
#2744 = AXIS2_PLACEMENT_3D('',#2745,#2746,#2747);
#2745 = CARTESIAN_POINT('',(0.,0.,6.));
#2746 = DIRECTION('',(0.,0.,-1.));
#2747 = DIRECTION('',(0.40212044906,0.915586776034,0.));
#2748 = PCURVE('',#2315,#2749);
#2749 = DEFINITIONAL_REPRESENTATION('',(#2750),#2758);
#2750 = ( BOUNDED_CURVE() B_SPLINE_CURVE(2,(#2751,#2752,#2753,#2754,
#2755,#2756,#2757),.UNSPECIFIED.,.T.,.F.) B_SPLINE_CURVE_WITH_KNOTS((1,2
    ,2,2,2,1),(-2.094395102393,0.,2.094395102393,4.188790204786,
6.28318530718,8.377580409573),.UNSPECIFIED.) CURVE() 
GEOMETRIC_REPRESENTATION_ITEM() RATIONAL_B_SPLINE_CURVE((1.,0.5,1.,0.5,
1.,0.5,1.)) REPRESENTATION_ITEM('') );
#2751 = CARTESIAN_POINT('',(15.823439670507,36.028339636928));
#2752 = CARTESIAN_POINT('',(78.226354434014,8.62133817711));
#2753 = CARTESIAN_POINT('',(23.2897375465,-31.71767054837));
#2754 = CARTESIAN_POINT('',(-31.64687934101,-72.05667927385));
#2755 = CARTESIAN_POINT('',(-39.113177217,-4.310669088555));
#2756 = CARTESIAN_POINT('',(-46.579475093,63.435341096746));
#2757 = CARTESIAN_POINT('',(15.823439670507,36.028339636928));
#2758 = ( GEOMETRIC_REPRESENTATION_CONTEXT(2) 
PARAMETRIC_REPRESENTATION_CONTEXT() REPRESENTATION_CONTEXT('2D SPACE',''
  ) );
#2759 = PCURVE('',#2760,#2765);
#2760 = CYLINDRICAL_SURFACE('',#2761,39.35);
#2761 = AXIS2_PLACEMENT_3D('',#2762,#2763,#2764);
#2762 = CARTESIAN_POINT('',(0.,0.,1.05));
#2763 = DIRECTION('',(-0.,-0.,-1.));
#2764 = DIRECTION('',(1.,0.,0.));
#2765 = DEFINITIONAL_REPRESENTATION('',(#2766),#2770);
#2766 = LINE('',#2767,#2768);
#2767 = CARTESIAN_POINT('',(-1.156964709811,-4.95));
#2768 = VECTOR('',#2769,1.);
#2769 = DIRECTION('',(1.,-0.));
#2770 = ( GEOMETRIC_REPRESENTATION_CONTEXT(2) 
PARAMETRIC_REPRESENTATION_CONTEXT() REPRESENTATION_CONTEXT('2D SPACE',''
  ) );
#2771 = ADVANCED_FACE('',(#2772),#2072,.T.);
#2772 = FACE_BOUND('',#2773,.T.);
#2773 = EDGE_LOOP('',(#2774,#2798,#2799,#2800,#2801,#2802,#2803,#2836,
    #2863,#2927,#2951,#3031));
#2774 = ORIENTED_EDGE('',*,*,#2775,.F.);
#2775 = EDGE_CURVE('',#2276,#2776,#2778,.T.);
#2776 = VERTEX_POINT('',#2777);
#2777 = CARTESIAN_POINT('',(37.171433209021,20.604236292259,6.));
#2778 = SURFACE_CURVE('',#2779,(#2784,#2791),.PCURVE_S1.);
#2779 = CIRCLE('',#2780,42.5);
#2780 = AXIS2_PLACEMENT_3D('',#2781,#2782,#2783);
#2781 = CARTESIAN_POINT('',(0.,0.,6.));
#2782 = DIRECTION('',(0.,0.,1.));
#2783 = DIRECTION('',(1.,0.,-0.));
#2784 = PCURVE('',#2072,#2785);
#2785 = DEFINITIONAL_REPRESENTATION('',(#2786),#2790);
#2786 = LINE('',#2787,#2788);
#2787 = CARTESIAN_POINT('',(6.28318530718,-8.));
#2788 = VECTOR('',#2789,1.);
#2789 = DIRECTION('',(-1.,0.));
#2790 = ( GEOMETRIC_REPRESENTATION_CONTEXT(2) 
PARAMETRIC_REPRESENTATION_CONTEXT() REPRESENTATION_CONTEXT('2D SPACE',''
  ) );
#2791 = PCURVE('',#2729,#2792);
#2792 = DEFINITIONAL_REPRESENTATION('',(#2793),#2797);
#2793 = CIRCLE('',#2794,42.5);
#2794 = AXIS2_PLACEMENT_2D('',#2795,#2796);
#2795 = CARTESIAN_POINT('',(4.118407928589E-15,-3.242876655026E-16));
#2796 = DIRECTION('',(1.,0.));
#2797 = ( GEOMETRIC_REPRESENTATION_CONTEXT(2) 
PARAMETRIC_REPRESENTATION_CONTEXT() REPRESENTATION_CONTEXT('2D SPACE',''
  ) );
#2798 = ORIENTED_EDGE('',*,*,#2275,.T.);
#2799 = ORIENTED_EDGE('',*,*,#2180,.T.);
#2800 = ORIENTED_EDGE('',*,*,#2156,.F.);
#2801 = ORIENTED_EDGE('',*,*,#2084,.F.);
#2802 = ORIENTED_EDGE('',*,*,#2056,.F.);
#2803 = ORIENTED_EDGE('',*,*,#2804,.T.);
#2804 = EDGE_CURVE('',#2024,#2805,#2807,.T.);
#2805 = VERTEX_POINT('',#2806);
#2806 = CARTESIAN_POINT('',(21.888949058923,36.42971189971,6.));
#2807 = SURFACE_CURVE('',#2808,(#2813,#2820),.PCURVE_S1.);
#2808 = CIRCLE('',#2809,42.5);
#2809 = AXIS2_PLACEMENT_3D('',#2810,#2811,#2812);
#2810 = CARTESIAN_POINT('',(0.,0.,6.));
#2811 = DIRECTION('',(0.,0.,-1.));
#2812 = DIRECTION('',(0.361972664045,0.932188709696,0.));
#2813 = PCURVE('',#2072,#2814);
#2814 = DEFINITIONAL_REPRESENTATION('',(#2815),#2819);
#2815 = LINE('',#2816,#2817);
#2816 = CARTESIAN_POINT('',(5.082772170516,-8.));
#2817 = VECTOR('',#2818,1.);
#2818 = DIRECTION('',(1.,-0.));
#2819 = ( GEOMETRIC_REPRESENTATION_CONTEXT(2) 
PARAMETRIC_REPRESENTATION_CONTEXT() REPRESENTATION_CONTEXT('2D SPACE',''
  ) );
#2820 = PCURVE('',#2821,#2826);
#2821 = PLANE('',#2822);
#2822 = AXIS2_PLACEMENT_3D('',#2823,#2824,#2825);
#2823 = CARTESIAN_POINT('',(-4.118407928589E-15,3.242876655026E-16,6.));
#2824 = DIRECTION('',(0.,0.,1.));
#2825 = DIRECTION('',(1.,0.,-0.));
#2826 = DEFINITIONAL_REPRESENTATION('',(#2827),#2835);
#2827 = ( BOUNDED_CURVE() B_SPLINE_CURVE(2,(#2828,#2829,#2830,#2831,
#2832,#2833,#2834),.UNSPECIFIED.,.T.,.F.) B_SPLINE_CURVE_WITH_KNOTS((1,2
    ,2,2,2,1),(-2.094395102393,0.,2.094395102393,4.188790204786,
6.28318530718,8.377580409573),.UNSPECIFIED.) CURVE() 
GEOMETRIC_REPRESENTATION_ITEM() RATIONAL_B_SPLINE_CURVE((1.,0.5,1.,0.5,
1.,0.5,1.)) REPRESENTATION_ITEM('') );
#2828 = CARTESIAN_POINT('',(15.383838221913,39.618020162068));
#2829 = CARTESIAN_POINT('',(84.004262037903,12.972430746295));
#2830 = CARTESIAN_POINT('',(26.618292797038,-33.13180478892));
#2831 = CARTESIAN_POINT('',(-30.76767644382,-79.23604032413));
#2832 = CARTESIAN_POINT('',(-42.00213101895,-6.486215373147));
#2833 = CARTESIAN_POINT('',(-53.23658559407,66.263609577841));
#2834 = CARTESIAN_POINT('',(15.383838221913,39.618020162068));
#2835 = ( GEOMETRIC_REPRESENTATION_CONTEXT(2) 
PARAMETRIC_REPRESENTATION_CONTEXT() REPRESENTATION_CONTEXT('2D SPACE',''
  ) );
#2836 = ORIENTED_EDGE('',*,*,#2837,.T.);
#2837 = EDGE_CURVE('',#2805,#2838,#2840,.T.);
#2838 = VERTEX_POINT('',#2839);
#2839 = CARTESIAN_POINT('',(21.888949058923,36.42971189971,5.4));
#2840 = SURFACE_CURVE('',#2841,(#2845,#2851),.PCURVE_S1.);
#2841 = LINE('',#2842,#2843);
#2842 = CARTESIAN_POINT('',(21.888949058923,36.42971189971,-2.));
#2843 = VECTOR('',#2844,1.);
#2844 = DIRECTION('',(-0.,-0.,-1.));
#2845 = PCURVE('',#2072,#2846);
#2846 = DEFINITIONAL_REPRESENTATION('',(#2847),#2850);
#2847 = B_SPLINE_CURVE_WITH_KNOTS('',1,(#2848,#2849),.UNSPECIFIED.,.F.,
  .F.,(2,2),(-8.0000006,-6.58),.PIECEWISE_BEZIER_KNOTS.);
#2848 = CARTESIAN_POINT('',(5.253436406002,-8.0000006));
#2849 = CARTESIAN_POINT('',(5.253436406002,-6.58));
#2850 = ( GEOMETRIC_REPRESENTATION_CONTEXT(2) 
PARAMETRIC_REPRESENTATION_CONTEXT() REPRESENTATION_CONTEXT('2D SPACE',''
  ) );
#2851 = PCURVE('',#2852,#2857);
#2852 = CYLINDRICAL_SURFACE('',#2853,42.5);
#2853 = AXIS2_PLACEMENT_3D('',#2854,#2855,#2856);
#2854 = CARTESIAN_POINT('',(0.,0.,1.05));
#2855 = DIRECTION('',(-0.,-0.,-1.));
#2856 = DIRECTION('',(1.,0.,0.));
#2857 = DEFINITIONAL_REPRESENTATION('',(#2858),#2862);
#2858 = LINE('',#2859,#2860);
#2859 = CARTESIAN_POINT('',(-1.029748901178,3.05));
#2860 = VECTOR('',#2861,1.);
#2861 = DIRECTION('',(-0.,1.));
#2862 = ( GEOMETRIC_REPRESENTATION_CONTEXT(2) 
PARAMETRIC_REPRESENTATION_CONTEXT() REPRESENTATION_CONTEXT('2D SPACE',''
  ) );
#2863 = ORIENTED_EDGE('',*,*,#2864,.T.);
#2864 = EDGE_CURVE('',#2838,#2865,#2867,.T.);
#2865 = VERTEX_POINT('',#2866);
#2866 = CARTESIAN_POINT('',(22.940419068781,35.776908376056,4.2));
#2867 = SURFACE_CURVE('',#2868,(#2883,#2901),.PCURVE_S1.);
#2868 = B_SPLINE_CURVE_WITH_KNOTS('',7,(#2869,#2870,#2871,#2872,#2873,
    #2874,#2875,#2876,#2877,#2878,#2879,#2880,#2881,#2882),
  .UNSPECIFIED.,.F.,.F.,(8,6,8),(0.,0.612064295135,1.),.UNSPECIFIED.);
#2869 = CARTESIAN_POINT('',(21.888949058923,36.42971189971,5.4));
#2870 = CARTESIAN_POINT('',(21.888949058923,36.42971189971,
    5.250061528084));
#2871 = CARTESIAN_POINT('',(21.908344852353,36.4180578266,5.099870402217
    ));
#2872 = CARTESIAN_POINT('',(21.947256535615,36.39467771664,
    4.952133428546));
#2873 = CARTESIAN_POINT('',(22.005862055523,36.359375417314,
    4.809749935104));
#2874 = CARTESIAN_POINT('',(22.084242094328,36.311923926681,
    4.67604535685));
#2875 = CARTESIAN_POINT('',(22.182248552971,36.25212687962,
    4.554998452795));
#2876 = CARTESIAN_POINT('',(22.373228244278,36.134418938977,
    4.386414092515));
#2877 = CARTESIAN_POINT('',(22.455249117475,36.083622042465,
    4.327884351839));
#2878 = CARTESIAN_POINT('',(22.544292992957,36.028157490623,
    4.27842280061));
#2879 = CARTESIAN_POINT('',(22.639026222426,35.968751766475,
    4.23981194453));
#2880 = CARTESIAN_POINT('',(22.737826868324,35.906337913091,
    4.21338603635));
#2881 = CARTESIAN_POINT('',(22.83890658743,35.841998932189,4.2));
#2882 = CARTESIAN_POINT('',(22.940419068781,35.776908376056,4.2));
#2883 = PCURVE('',#2072,#2884);
#2884 = DEFINITIONAL_REPRESENTATION('',(#2885),#2900);
#2885 = B_SPLINE_CURVE_WITH_KNOTS('',7,(#2886,#2887,#2888,#2889,#2890,
    #2891,#2892,#2893,#2894,#2895,#2896,#2897,#2898,#2899),
  .UNSPECIFIED.,.F.,.F.,(8,6,8),(0.,0.612064295135,1.),.UNSPECIFIED.);
#2886 = CARTESIAN_POINT('',(5.253436406002,-7.4));
#2887 = CARTESIAN_POINT('',(5.253436406002,-7.250061528084));
#2888 = CARTESIAN_POINT('',(5.253968823252,-7.099870402217));
#2889 = CARTESIAN_POINT('',(5.255036951719,-6.952133428546));
#2890 = CARTESIAN_POINT('',(5.256646758475,-6.809749935104));
#2891 = CARTESIAN_POINT('',(5.258802619355,-6.67604535685));
#2892 = CARTESIAN_POINT('',(5.261503964336,-6.554998452795));
#2893 = CARTESIAN_POINT('',(5.266782550798,-6.386414092515));
#2894 = CARTESIAN_POINT('',(5.269052584928,-6.327884351839));
#2895 = CARTESIAN_POINT('',(5.27152093184,-6.27842280061));
#2896 = CARTESIAN_POINT('',(5.274151937211,-6.23981194453));
#2897 = CARTESIAN_POINT('',(5.276901638851,-6.21338603635));
#2898 = CARTESIAN_POINT('',(5.279720895948,-6.2));
#2899 = CARTESIAN_POINT('',(5.282558270275,-6.2));
#2900 = ( GEOMETRIC_REPRESENTATION_CONTEXT(2) 
PARAMETRIC_REPRESENTATION_CONTEXT() REPRESENTATION_CONTEXT('2D SPACE',''
  ) );
#2901 = PCURVE('',#2852,#2902);
#2902 = DEFINITIONAL_REPRESENTATION('',(#2903),#2926);
#2903 = B_SPLINE_CURVE_WITH_KNOTS('',6,(#2904,#2905,#2906,#2907,#2908,
    #2909,#2910,#2911,#2912,#2913,#2914,#2915,#2916,#2917,#2918,#2919,
    #2920,#2921,#2922,#2923,#2924,#2925),.UNSPECIFIED.,.F.,.F.,(7,5,5,5,
    7),(0.,0.5,0.5625,0.6171875,1.),.UNSPECIFIED.);
#2904 = CARTESIAN_POINT('',(-1.029748901178,-4.35));
#2905 = CARTESIAN_POINT('',(-1.029748901178,-4.207099802565));
#2906 = CARTESIAN_POINT('',(-1.029251489251,-4.063964052357));
#2907 = CARTESIAN_POINT('',(-1.028253440181,-3.923171472631));
#2908 = CARTESIAN_POINT('',(-1.026749132759,-3.787517552846));
#2909 = CARTESIAN_POINT('',(-1.024734459975,-3.660245435929));
#2910 = CARTESIAN_POINT('',(-1.021900825596,-3.531227152129));
#2911 = CARTESIAN_POINT('',(-1.021578100736,-3.517088501181));
#2912 = CARTESIAN_POINT('',(-1.021247511658,-3.503154788963));
#2913 = CARTESIAN_POINT('',(-1.020909073347,-3.489434479274));
#2914 = CARTESIAN_POINT('',(-1.020562803744,-3.475936293858));
#2915 = CARTESIAN_POINT('',(-1.019898904374,-3.451060551659));
#2916 = CARTESIAN_POINT('',(-1.019583081784,-3.439628121776));
#2917 = CARTESIAN_POINT('',(-1.019261421737,-3.428382551388));
#2918 = CARTESIAN_POINT('',(-1.018933511921,-3.417316995225));
#2919 = CARTESIAN_POINT('',(-1.018600064582,-3.406459038227));
#2920 = CARTESIAN_POINT('',(-1.015882695207,-3.321134561641));
#2921 = CARTESIAN_POINT('',(-1.013204129401,-3.256038212644));
#2922 = CARTESIAN_POINT('',(-1.010266149358,-3.204164399327));
#2923 = CARTESIAN_POINT('',(-1.007135421987,-3.168248579206));
#2924 = CARTESIAN_POINT('',(-1.003893590453,-3.15));
#2925 = CARTESIAN_POINT('',(-1.000627036905,-3.15));
#2926 = ( GEOMETRIC_REPRESENTATION_CONTEXT(2) 
PARAMETRIC_REPRESENTATION_CONTEXT() REPRESENTATION_CONTEXT('2D SPACE',''
  ) );
#2927 = ORIENTED_EDGE('',*,*,#2928,.T.);
#2928 = EDGE_CURVE('',#2865,#2929,#2931,.T.);
#2929 = VERTEX_POINT('',#2930);
#2930 = CARTESIAN_POINT('',(36.555723129778,21.677848289418,4.2));
#2931 = SURFACE_CURVE('',#2932,(#2937,#2944),.PCURVE_S1.);
#2932 = CIRCLE('',#2933,42.5);
#2933 = AXIS2_PLACEMENT_3D('',#2934,#2935,#2936);
#2934 = CARTESIAN_POINT('',(0.,0.,4.2));
#2935 = DIRECTION('',(0.,0.,-1.));
#2936 = DIRECTION('',(1.,0.,0.));
#2937 = PCURVE('',#2072,#2938);
#2938 = DEFINITIONAL_REPRESENTATION('',(#2939),#2943);
#2939 = LINE('',#2940,#2941);
#2940 = CARTESIAN_POINT('',(-4.138911435803E-13,-6.2));
#2941 = VECTOR('',#2942,1.);
#2942 = DIRECTION('',(1.,-0.));
#2943 = ( GEOMETRIC_REPRESENTATION_CONTEXT(2) 
PARAMETRIC_REPRESENTATION_CONTEXT() REPRESENTATION_CONTEXT('2D SPACE',''
  ) );
#2944 = PCURVE('',#2852,#2945);
#2945 = DEFINITIONAL_REPRESENTATION('',(#2946),#2950);
#2946 = LINE('',#2947,#2948);
#2947 = CARTESIAN_POINT('',(-6.28318530718,-3.15));
#2948 = VECTOR('',#2949,1.);
#2949 = DIRECTION('',(1.,-0.));
#2950 = ( GEOMETRIC_REPRESENTATION_CONTEXT(2) 
PARAMETRIC_REPRESENTATION_CONTEXT() REPRESENTATION_CONTEXT('2D SPACE',''
  ) );
#2951 = ORIENTED_EDGE('',*,*,#2952,.F.);
#2952 = EDGE_CURVE('',#2953,#2929,#2955,.T.);
#2953 = VERTEX_POINT('',#2954);
#2954 = CARTESIAN_POINT('',(37.171433209021,20.604236292259,5.4));
#2955 = SURFACE_CURVE('',#2956,(#2974,#2995),.PCURVE_S1.);
#2956 = B_SPLINE_CURVE_WITH_KNOTS('',6,(#2957,#2958,#2959,#2960,#2961,
    #2962,#2963,#2964,#2965,#2966,#2967,#2968,#2969,#2970,#2971,#2972,
    #2973),.UNSPECIFIED.,.F.,.F.,(7,5,5,7),(0.,0.450871198282,
    0.621393734092,1.),.UNSPECIFIED.);
#2957 = CARTESIAN_POINT('',(37.171433209021,20.604236292259,5.4));
#2958 = CARTESIAN_POINT('',(37.171433209021,20.604236292259,
    5.270944566594));
#2959 = CARTESIAN_POINT('',(37.16307370702,20.619317465744,
    5.141828560698));
#2960 = CARTESIAN_POINT('',(37.146340281511,20.649505376129,
    5.01451143478));
#2961 = CARTESIAN_POINT('',(37.121112001917,20.694911487398,
    4.89092585073));
#2962 = CARTESIAN_POINT('',(37.08720633894,20.755643439673,
    4.773308914479));
#2963 = CARTESIAN_POINT('',(37.028280928481,20.860429042123,
    4.623363631284));
#2964 = CARTESIAN_POINT('',(37.010847692699,20.891367435181,
    4.583484677361));
#2965 = CARTESIAN_POINT('',(36.99215370437,20.924467151182,
    4.545055553864));
#2966 = CARTESIAN_POINT('',(36.97220681048,20.959694169243,
    4.508263806782));
#2967 = CARTESIAN_POINT('',(36.951021179945,20.997001746985,
    4.473304057099));
#2968 = CARTESIAN_POINT('',(36.878876808682,21.123648930398,
    4.367274545207));
#2969 = CARTESIAN_POINT('',(36.822713672959,21.221665205897,
    4.303581073129));
#2970 = CARTESIAN_POINT('',(36.760878919281,21.328795189923,
    4.252869738844));
#2971 = CARTESIAN_POINT('',(36.694645699156,21.442540519279,
    4.217797077293));
#2972 = CARTESIAN_POINT('',(36.625653212777,21.559924004755,4.2));
#2973 = CARTESIAN_POINT('',(36.555723129778,21.677848289418,4.2));
#2974 = PCURVE('',#2072,#2975);
#2975 = DEFINITIONAL_REPRESENTATION('',(#2976),#2994);
#2976 = B_SPLINE_CURVE_WITH_KNOTS('',6,(#2977,#2978,#2979,#2980,#2981,
    #2982,#2983,#2984,#2985,#2986,#2987,#2988,#2989,#2990,#2991,#2992,
    #2993),.UNSPECIFIED.,.F.,.F.,(7,5,5,7),(0.,0.450871198282,
    0.621393734092,1.),.UNSPECIFIED.);
#2977 = CARTESIAN_POINT('',(5.777044466603,-7.4));
#2978 = CARTESIAN_POINT('',(5.777044466603,-7.270944566594));
#2979 = CARTESIAN_POINT('',(5.776638747573,-7.141828560698));
#2980 = CARTESIAN_POINT('',(5.775826618968,-7.01451143478));
#2981 = CARTESIAN_POINT('',(5.7746044073,-6.89092585073));
#2982 = CARTESIAN_POINT('',(5.772967815706,-6.773308914479));
#2983 = CARTESIAN_POINT('',(5.770139170686,-6.623363631284));
#2984 = CARTESIAN_POINT('',(5.769303594616,-6.583484677361));
#2985 = CARTESIAN_POINT('',(5.768409150659,-6.545055553864));
#2986 = CARTESIAN_POINT('',(5.767456625557,-6.508263806782));
#2987 = CARTESIAN_POINT('',(5.766447138943,-6.473304057099));
#2988 = CARTESIAN_POINT('',(5.763017625727,-6.367274545207));
#2989 = CARTESIAN_POINT('',(5.760359592794,-6.303581073129));
#2990 = CARTESIAN_POINT('',(5.757449153514,-6.252869738844));
#2991 = CARTESIAN_POINT('',(5.754352159814,-6.217797077293));
#2992 = CARTESIAN_POINT('',(5.751148479828,-6.2));
#2993 = CARTESIAN_POINT('',(5.74792260233,-6.2));
#2994 = ( GEOMETRIC_REPRESENTATION_CONTEXT(2) 
PARAMETRIC_REPRESENTATION_CONTEXT() REPRESENTATION_CONTEXT('2D SPACE',''
  ) );
#2995 = PCURVE('',#2852,#2996);
#2996 = DEFINITIONAL_REPRESENTATION('',(#2997),#3030);
#2997 = B_SPLINE_CURVE_WITH_KNOTS('',6,(#2998,#2999,#3000,#3001,#3002,
    #3003,#3004,#3005,#3006,#3007,#3008,#3009,#3010,#3011,#3012,#3013,
    #3014,#3015,#3016,#3017,#3018,#3019,#3020,#3021,#3022,#3023,#3024,
    #3025,#3026,#3027,#3028,#3029),.UNSPECIFIED.,.F.,.F.,(7,5,5,5,5,5,7)
  ,(0.,0.25,0.4375,0.578125,0.6044921875,0.629211425781,1.),
  .UNSPECIFIED.);
#2998 = CARTESIAN_POINT('',(-0.506140840577,-4.35));
#2999 = CARTESIAN_POINT('',(-0.506140840577,-4.278441074803));
#3000 = CARTESIAN_POINT('',(-0.506265579521,-4.206863493435));
#3001 = CARTESIAN_POINT('',(-0.506515172788,-4.135584410631));
#3002 = CARTESIAN_POINT('',(-0.506890024717,-4.06492741407));
#3003 = CARTESIAN_POINT('',(-0.507390688631,-3.99523577927));
#3004 = CARTESIAN_POINT('',(-0.508488005527,-3.87562318339));
#3005 = CARTESIAN_POINT('',(-0.509029369565,-3.825115293797));
#3006 = CARTESIAN_POINT('',(-0.509642054796,-3.775520870688));
#3007 = CARTESIAN_POINT('',(-0.510326298924,-3.727009219781));
#3008 = CARTESIAN_POINT('',(-0.511082301538,-3.679763754419));
#3009 = CARTESIAN_POINT('',(-0.512531096071,-3.59965200599));
#3010 = CARTESIAN_POINT('',(-0.513192488754,-3.566141150344));
#3011 = CARTESIAN_POINT('',(-0.513894094398,-3.533556220747));
#3012 = CARTESIAN_POINT('',(-0.514635550717,-3.502000481774));
#3013 = CARTESIAN_POINT('',(-0.515416355099,-3.471579781385));
#3014 = CARTESIAN_POINT('',(-0.516389468241,-3.436934781877));
#3015 = CARTESIAN_POINT('',(-0.516544476891,-3.431508316447));
#3016 = CARTESIAN_POINT('',(-0.516700840284,-3.426126375072));
#3017 = CARTESIAN_POINT('',(-0.516858553761,-3.42078968832));
#3018 = CARTESIAN_POINT('',(-0.517017612466,-3.415498990953));
#3019 = CARTESIAN_POINT('',(-0.517328385289,-3.405338801036));
#3020 = CARTESIAN_POINT('',(-0.517479920902,-3.400464141819));
#3021 = CARTESIAN_POINT('',(-0.517632719359,-3.395628447749));
#3022 = CARTESIAN_POINT('',(-0.517786489841,-3.390841090543));
#3023 = CARTESIAN_POINT('',(-0.517941613217,-3.386090798692));
#3024 = CARTESIAN_POINT('',(-0.520443175185,-3.310754222329));
#3025 = CARTESIAN_POINT('',(-0.523066592257,-3.249432552803));
#3026 = CARTESIAN_POINT('',(-0.525928101709,-3.200719449554));
#3027 = CARTESIAN_POINT('',(-0.528965477273,-3.16706958469));
#3028 = CARTESIAN_POINT('',(-0.532103437227,-3.15));
#3029 = CARTESIAN_POINT('',(-0.53526270485,-3.15));
#3030 = ( GEOMETRIC_REPRESENTATION_CONTEXT(2) 
PARAMETRIC_REPRESENTATION_CONTEXT() REPRESENTATION_CONTEXT('2D SPACE',''
  ) );
#3031 = ORIENTED_EDGE('',*,*,#3032,.F.);
#3032 = EDGE_CURVE('',#2776,#2953,#3033,.T.);
#3033 = SURFACE_CURVE('',#3034,(#3038,#3044),.PCURVE_S1.);
#3034 = LINE('',#3035,#3036);
#3035 = CARTESIAN_POINT('',(37.171433209021,20.604236292259,-2.));
#3036 = VECTOR('',#3037,1.);
#3037 = DIRECTION('',(-0.,-0.,-1.));
#3038 = PCURVE('',#2072,#3039);
#3039 = DEFINITIONAL_REPRESENTATION('',(#3040),#3043);
#3040 = B_SPLINE_CURVE_WITH_KNOTS('',1,(#3041,#3042),.UNSPECIFIED.,.F.,
  .F.,(2,2),(-8.0000006,-6.58),.PIECEWISE_BEZIER_KNOTS.);
#3041 = CARTESIAN_POINT('',(5.777044466603,-8.0000006));
#3042 = CARTESIAN_POINT('',(5.777044466603,-6.58));
#3043 = ( GEOMETRIC_REPRESENTATION_CONTEXT(2) 
PARAMETRIC_REPRESENTATION_CONTEXT() REPRESENTATION_CONTEXT('2D SPACE',''
  ) );
#3044 = PCURVE('',#2852,#3045);
#3045 = DEFINITIONAL_REPRESENTATION('',(#3046),#3050);
#3046 = LINE('',#3047,#3048);
#3047 = CARTESIAN_POINT('',(-0.506140840577,3.05));
#3048 = VECTOR('',#3049,1.);
#3049 = DIRECTION('',(-0.,1.));
#3050 = ( GEOMETRIC_REPRESENTATION_CONTEXT(2) 
PARAMETRIC_REPRESENTATION_CONTEXT() REPRESENTATION_CONTEXT('2D SPACE',''
  ) );
#3051 = ADVANCED_FACE('',(#3052),#2040,.T.);
#3052 = FACE_BOUND('',#3053,.T.);
#3053 = EDGE_LOOP('',(#3054,#3077,#3078,#3102));
#3054 = ORIENTED_EDGE('',*,*,#3055,.F.);
#3055 = EDGE_CURVE('',#2024,#3056,#3058,.T.);
#3056 = VERTEX_POINT('',#3057);
#3057 = CARTESIAN_POINT('',(19.482028577821,34.188785624718,6.));
#3058 = SURFACE_CURVE('',#3059,(#3063,#3070),.PCURVE_S1.);
#3059 = LINE('',#3060,#3061);
#3060 = CARTESIAN_POINT('',(2.028165727295,17.333786192942,6.));
#3061 = VECTOR('',#3062,1.);
#3062 = DIRECTION('',(-0.719339800339,-0.694658370459,0.));
#3063 = PCURVE('',#2040,#3064);
#3064 = DEFINITIONAL_REPRESENTATION('',(#3065),#3069);
#3065 = LINE('',#3066,#3067);
#3066 = CARTESIAN_POINT('',(2.028165727295,17.333786192942));
#3067 = VECTOR('',#3068,1.);
#3068 = DIRECTION('',(-0.719339800339,-0.694658370459));
#3069 = ( GEOMETRIC_REPRESENTATION_CONTEXT(2) 
PARAMETRIC_REPRESENTATION_CONTEXT() REPRESENTATION_CONTEXT('2D SPACE',''
  ) );
#3070 = PCURVE('',#2821,#3071);
#3071 = DEFINITIONAL_REPRESENTATION('',(#3072),#3076);
#3072 = LINE('',#3073,#3074);
#3073 = CARTESIAN_POINT('',(2.028165727295,17.333786192942));
#3074 = VECTOR('',#3075,1.);
#3075 = DIRECTION('',(-0.719339800339,-0.694658370459));
#3076 = ( GEOMETRIC_REPRESENTATION_CONTEXT(2) 
PARAMETRIC_REPRESENTATION_CONTEXT() REPRESENTATION_CONTEXT('2D SPACE',''
  ) );
#3077 = ORIENTED_EDGE('',*,*,#2023,.F.);
#3078 = ORIENTED_EDGE('',*,*,#3079,.F.);
#3079 = EDGE_CURVE('',#3080,#1996,#3082,.T.);
#3080 = VERTEX_POINT('',#3081);
#3081 = CARTESIAN_POINT('',(16.884179755968,35.543592586684,6.));
#3082 = SURFACE_CURVE('',#3083,(#3088,#3095),.PCURVE_S1.);
#3083 = CIRCLE('',#3084,3.8);
#3084 = AXIS2_PLACEMENT_3D('',#3085,#3086,#3087);
#3085 = CARTESIAN_POINT('',(13.680805733027,37.587704831436,6.));
#3086 = DIRECTION('',(-0.,0.,1.));
#3087 = DIRECTION('',(0.797273972894,-0.603617604238,0.));
#3088 = PCURVE('',#2040,#3089);
#3089 = DEFINITIONAL_REPRESENTATION('',(#3090),#3094);
#3090 = CIRCLE('',#3091,3.8);
#3091 = AXIS2_PLACEMENT_2D('',#3092,#3093);
#3092 = CARTESIAN_POINT('',(13.680805733027,37.587704831436));
#3093 = DIRECTION('',(0.797273972894,-0.603617604238));
#3094 = ( GEOMETRIC_REPRESENTATION_CONTEXT(2) 
PARAMETRIC_REPRESENTATION_CONTEXT() REPRESENTATION_CONTEXT('2D SPACE',''
  ) );
#3095 = PCURVE('',#1899,#3096);
#3096 = DEFINITIONAL_REPRESENTATION('',(#3097),#3101);
#3097 = CIRCLE('',#3098,3.8);
#3098 = AXIS2_PLACEMENT_2D('',#3099,#3100);
#3099 = CARTESIAN_POINT('',(13.680805733027,37.587704831436));
#3100 = DIRECTION('',(0.797273972894,-0.603617604238));
#3101 = ( GEOMETRIC_REPRESENTATION_CONTEXT(2) 
PARAMETRIC_REPRESENTATION_CONTEXT() REPRESENTATION_CONTEXT('2D SPACE',''
  ) );
#3102 = ORIENTED_EDGE('',*,*,#3103,.T.);
#3103 = EDGE_CURVE('',#3080,#3056,#3104,.T.);
#3104 = SURFACE_CURVE('',#3105,(#3110,#3121),.PCURVE_S1.);
#3105 = CIRCLE('',#3106,39.35);
#3106 = AXIS2_PLACEMENT_3D('',#3107,#3108,#3109);
#3107 = CARTESIAN_POINT('',(0.,0.,6.));
#3108 = DIRECTION('',(0.,0.,-1.));
#3109 = DIRECTION('',(0.40212044906,0.915586776034,0.));
#3110 = PCURVE('',#2040,#3111);
#3111 = DEFINITIONAL_REPRESENTATION('',(#3112),#3120);
#3112 = ( BOUNDED_CURVE() B_SPLINE_CURVE(2,(#3113,#3114,#3115,#3116,
#3117,#3118,#3119),.UNSPECIFIED.,.T.,.F.) B_SPLINE_CURVE_WITH_KNOTS((1,2
    ,2,2,2,1),(-2.094395102393,0.,2.094395102393,4.188790204786,
6.28318530718,8.377580409573),.UNSPECIFIED.) CURVE() 
GEOMETRIC_REPRESENTATION_ITEM() RATIONAL_B_SPLINE_CURVE((1.,0.5,1.,0.5,
1.,0.5,1.)) REPRESENTATION_ITEM('') );
#3113 = CARTESIAN_POINT('',(15.823439670528,36.028339636919));
#3114 = CARTESIAN_POINT('',(78.226354434019,8.621338177063));
#3115 = CARTESIAN_POINT('',(23.289737546481,-31.71767054838));
#3116 = CARTESIAN_POINT('',(-31.64687934105,-72.05667927383));
#3117 = CARTESIAN_POINT('',(-39.113177217,-4.310669088532));
#3118 = CARTESIAN_POINT('',(-46.57947509296,63.435341096774));
#3119 = CARTESIAN_POINT('',(15.823439670528,36.028339636919));
#3120 = ( GEOMETRIC_REPRESENTATION_CONTEXT(2) 
PARAMETRIC_REPRESENTATION_CONTEXT() REPRESENTATION_CONTEXT('2D SPACE',''
  ) );
#3121 = PCURVE('',#2760,#3122);
#3122 = DEFINITIONAL_REPRESENTATION('',(#3123),#3127);
#3123 = LINE('',#3124,#3125);
#3124 = CARTESIAN_POINT('',(-1.156964709811,-4.95));
#3125 = VECTOR('',#3126,1.);
#3126 = DIRECTION('',(1.,-0.));
#3127 = ( GEOMETRIC_REPRESENTATION_CONTEXT(2) 
PARAMETRIC_REPRESENTATION_CONTEXT() REPRESENTATION_CONTEXT('2D SPACE',''
  ) );
#3128 = ADVANCED_FACE('',(#3129,#3330),#1899,.T.);
#3129 = FACE_BOUND('',#3130,.T.);
#3130 = EDGE_LOOP('',(#3131,#3132,#3133,#3155,#3156,#3180,#3213,#3242,
    #3275,#3304));
#3131 = ORIENTED_EDGE('',*,*,#3079,.T.);
#3132 = ORIENTED_EDGE('',*,*,#1995,.F.);
#3133 = ORIENTED_EDGE('',*,*,#3134,.T.);
#3134 = EDGE_CURVE('',#1975,#1883,#3135,.T.);
#3135 = SURFACE_CURVE('',#3136,(#3141,#3148),.PCURVE_S1.);
#3136 = CIRCLE('',#3137,2.65);
#3137 = AXIS2_PLACEMENT_3D('',#3138,#3139,#3140);
#3138 = CARTESIAN_POINT('',(13.680805733027,37.587704831436,6.));
#3139 = DIRECTION('',(0.,0.,1.));
#3140 = DIRECTION('',(1.,0.,-0.));
#3141 = PCURVE('',#1899,#3142);
#3142 = DEFINITIONAL_REPRESENTATION('',(#3143),#3147);
#3143 = CIRCLE('',#3144,2.65);
#3144 = AXIS2_PLACEMENT_2D('',#3145,#3146);
#3145 = CARTESIAN_POINT('',(13.680805733027,37.587704831436));
#3146 = DIRECTION('',(1.,0.));
#3147 = ( GEOMETRIC_REPRESENTATION_CONTEXT(2) 
PARAMETRIC_REPRESENTATION_CONTEXT() REPRESENTATION_CONTEXT('2D SPACE',''
  ) );
#3148 = PCURVE('',#1930,#3149);
#3149 = DEFINITIONAL_REPRESENTATION('',(#3150),#3154);
#3150 = LINE('',#3151,#3152);
#3151 = CARTESIAN_POINT('',(6.28318530718,-4.95));
#3152 = VECTOR('',#3153,1.);
#3153 = DIRECTION('',(-1.,0.));
#3154 = ( GEOMETRIC_REPRESENTATION_CONTEXT(2) 
PARAMETRIC_REPRESENTATION_CONTEXT() REPRESENTATION_CONTEXT('2D SPACE',''
  ) );
#3155 = ORIENTED_EDGE('',*,*,#1882,.F.);
#3156 = ORIENTED_EDGE('',*,*,#3157,.T.);
#3157 = EDGE_CURVE('',#1850,#3158,#3160,.T.);
#3158 = VERTEX_POINT('',#3159);
#3159 = CARTESIAN_POINT('',(9.912948839786,38.08091313637,6.));
#3160 = SURFACE_CURVE('',#3161,(#3166,#3173),.PCURVE_S1.);
#3161 = CIRCLE('',#3162,3.8);
#3162 = AXIS2_PLACEMENT_3D('',#3163,#3164,#3165);
#3163 = CARTESIAN_POINT('',(13.680805733027,37.587704831436,6.));
#3164 = DIRECTION('',(-0.,0.,1.));
#3165 = DIRECTION('',(0.797273972894,-0.603617604238,0.));
#3166 = PCURVE('',#1899,#3167);
#3167 = DEFINITIONAL_REPRESENTATION('',(#3168),#3172);
#3168 = CIRCLE('',#3169,3.8);
#3169 = AXIS2_PLACEMENT_2D('',#3170,#3171);
#3170 = CARTESIAN_POINT('',(13.680805733027,37.587704831436));
#3171 = DIRECTION('',(0.797273972894,-0.603617604238));
#3172 = ( GEOMETRIC_REPRESENTATION_CONTEXT(2) 
PARAMETRIC_REPRESENTATION_CONTEXT() REPRESENTATION_CONTEXT('2D SPACE',''
  ) );
#3173 = PCURVE('',#1866,#3174);
#3174 = DEFINITIONAL_REPRESENTATION('',(#3175),#3179);
#3175 = CIRCLE('',#3176,3.8);
#3176 = AXIS2_PLACEMENT_2D('',#3177,#3178);
#3177 = CARTESIAN_POINT('',(13.680805733027,37.587704831436));
#3178 = DIRECTION('',(0.797273972894,-0.603617604238));
#3179 = ( GEOMETRIC_REPRESENTATION_CONTEXT(2) 
PARAMETRIC_REPRESENTATION_CONTEXT() REPRESENTATION_CONTEXT('2D SPACE',''
  ) );
#3180 = ORIENTED_EDGE('',*,*,#3181,.T.);
#3181 = EDGE_CURVE('',#3158,#3182,#3184,.T.);
#3182 = VERTEX_POINT('',#3183);
#3183 = CARTESIAN_POINT('',(11.037112285555,37.770420336502,6.));
#3184 = SURFACE_CURVE('',#3185,(#3190,#3201),.PCURVE_S1.);
#3185 = CIRCLE('',#3186,39.35);
#3186 = AXIS2_PLACEMENT_3D('',#3187,#3188,#3189);
#3187 = CARTESIAN_POINT('',(0.,0.,6.));
#3188 = DIRECTION('',(0.,0.,-1.));
#3189 = DIRECTION('',(-0.28048569976,0.959858204231,0.));
#3190 = PCURVE('',#1899,#3191);
#3191 = DEFINITIONAL_REPRESENTATION('',(#3192),#3200);
#3192 = ( BOUNDED_CURVE() B_SPLINE_CURVE(2,(#3193,#3194,#3195,#3196,
#3197,#3198,#3199),.UNSPECIFIED.,.T.,.F.) B_SPLINE_CURVE_WITH_KNOTS((1,2
    ,2,2,2,1),(-2.094395102393,0.,2.094395102393,4.188790204786,
6.28318530718,8.377580409573),.UNSPECIFIED.) CURVE() 
GEOMETRIC_REPRESENTATION_ITEM() RATIONAL_B_SPLINE_CURVE((1.,0.5,1.,0.5,
1.,0.5,1.)) REPRESENTATION_ITEM('') );
#3193 = CARTESIAN_POINT('',(-11.03711228555,37.770420336503));
#3194 = CARTESIAN_POINT('',(54.383174760506,56.887259583919));
#3195 = CARTESIAN_POINT('',(38.228699665804,-9.326790544544));
#3196 = CARTESIAN_POINT('',(22.074224571101,-75.540840673));
#3197 = CARTESIAN_POINT('',(-27.19158738025,-28.44362979196));
#3198 = CARTESIAN_POINT('',(-76.4573993316,18.653581089087));
#3199 = CARTESIAN_POINT('',(-11.03711228555,37.770420336503));
#3200 = ( GEOMETRIC_REPRESENTATION_CONTEXT(2) 
PARAMETRIC_REPRESENTATION_CONTEXT() REPRESENTATION_CONTEXT('2D SPACE',''
  ) );
#3201 = PCURVE('',#3202,#3207);
#3202 = CYLINDRICAL_SURFACE('',#3203,39.35);
#3203 = AXIS2_PLACEMENT_3D('',#3204,#3205,#3206);
#3204 = CARTESIAN_POINT('',(0.,0.,1.05));
#3205 = DIRECTION('',(-0.,-0.,-1.));
#3206 = DIRECTION('',(1.,0.,0.));
#3207 = DEFINITIONAL_REPRESENTATION('',(#3208),#3212);
#3208 = LINE('',#3209,#3210);
#3209 = CARTESIAN_POINT('',(4.428088896571,-4.95));
#3210 = VECTOR('',#3211,1.);
#3211 = DIRECTION('',(1.,-0.));
#3212 = ( GEOMETRIC_REPRESENTATION_CONTEXT(2) 
PARAMETRIC_REPRESENTATION_CONTEXT() REPRESENTATION_CONTEXT('2D SPACE',''
  ) );
#3213 = ORIENTED_EDGE('',*,*,#3214,.T.);
#3214 = EDGE_CURVE('',#3182,#3215,#3217,.T.);
#3215 = VERTEX_POINT('',#3216);
#3216 = CARTESIAN_POINT('',(11.519380947316,36.054491573043,6.));
#3217 = SURFACE_CURVE('',#3218,(#3223,#3230),.PCURVE_S1.);
#3218 = CIRCLE('',#3219,2.65);
#3219 = AXIS2_PLACEMENT_3D('',#3220,#3221,#3222);
#3220 = CARTESIAN_POINT('',(13.680805733027,37.587704831436,6.));
#3221 = DIRECTION('',(0.,0.,1.));
#3222 = DIRECTION('',(1.,0.,-0.));
#3223 = PCURVE('',#1899,#3224);
#3224 = DEFINITIONAL_REPRESENTATION('',(#3225),#3229);
#3225 = CIRCLE('',#3226,2.65);
#3226 = AXIS2_PLACEMENT_2D('',#3227,#3228);
#3227 = CARTESIAN_POINT('',(13.680805733027,37.587704831436));
#3228 = DIRECTION('',(1.,0.));
#3229 = ( GEOMETRIC_REPRESENTATION_CONTEXT(2) 
PARAMETRIC_REPRESENTATION_CONTEXT() REPRESENTATION_CONTEXT('2D SPACE',''
  ) );
#3230 = PCURVE('',#3231,#3236);
#3231 = CYLINDRICAL_SURFACE('',#3232,2.65);
#3232 = AXIS2_PLACEMENT_3D('',#3233,#3234,#3235);
#3233 = CARTESIAN_POINT('',(13.680805733027,37.587704831436,1.05));
#3234 = DIRECTION('',(-0.,-0.,-1.));
#3235 = DIRECTION('',(1.,0.,0.));
#3236 = DEFINITIONAL_REPRESENTATION('',(#3237),#3241);
#3237 = LINE('',#3238,#3239);
#3238 = CARTESIAN_POINT('',(6.28318530718,-4.95));
#3239 = VECTOR('',#3240,1.);
#3240 = DIRECTION('',(-1.,0.));
#3241 = ( GEOMETRIC_REPRESENTATION_CONTEXT(2) 
PARAMETRIC_REPRESENTATION_CONTEXT() REPRESENTATION_CONTEXT('2D SPACE',''
  ) );
#3242 = ORIENTED_EDGE('',*,*,#3243,.T.);
#3243 = EDGE_CURVE('',#3215,#3244,#3246,.T.);
#3244 = VERTEX_POINT('',#3245);
#3245 = CARTESIAN_POINT('',(14.351022693838,35.023858263203,6.));
#3246 = SURFACE_CURVE('',#3247,(#3252,#3263),.PCURVE_S1.);
#3247 = CIRCLE('',#3248,37.85);
#3248 = AXIS2_PLACEMENT_3D('',#3249,#3250,#3251);
#3249 = CARTESIAN_POINT('',(0.,0.,6.));
#3250 = DIRECTION('',(0.,0.,-1.));
#3251 = DIRECTION('',(1.,0.,0.));
#3252 = PCURVE('',#1899,#3253);
#3253 = DEFINITIONAL_REPRESENTATION('',(#3254),#3262);
#3254 = ( BOUNDED_CURVE() B_SPLINE_CURVE(2,(#3255,#3256,#3257,#3258,
#3259,#3260,#3261),.UNSPECIFIED.,.T.,.F.) B_SPLINE_CURVE_WITH_KNOTS((1,2
    ,2,2,2,1),(-2.094395102393,0.,2.094395102393,4.188790204786,
6.28318530718,8.377580409573),.UNSPECIFIED.) CURVE() 
GEOMETRIC_REPRESENTATION_ITEM() RATIONAL_B_SPLINE_CURVE((1.,0.5,1.,0.5,
1.,0.5,1.)) REPRESENTATION_ITEM('') );
#3255 = CARTESIAN_POINT('',(37.85,-3.242876655026E-16));
#3256 = CARTESIAN_POINT('',(37.85,-65.55812306648));
#3257 = CARTESIAN_POINT('',(-18.925,-32.77906153324));
#3258 = CARTESIAN_POINT('',(-75.7,-9.594863935048E-15));
#3259 = CARTESIAN_POINT('',(-18.925,32.779061533241));
#3260 = CARTESIAN_POINT('',(37.85,65.558123066482));
#3261 = CARTESIAN_POINT('',(37.85,-3.242876655026E-16));
#3262 = ( GEOMETRIC_REPRESENTATION_CONTEXT(2) 
PARAMETRIC_REPRESENTATION_CONTEXT() REPRESENTATION_CONTEXT('2D SPACE',''
  ) );
#3263 = PCURVE('',#3264,#3269);
#3264 = CYLINDRICAL_SURFACE('',#3265,37.85);
#3265 = AXIS2_PLACEMENT_3D('',#3266,#3267,#3268);
#3266 = CARTESIAN_POINT('',(0.,0.,0.));
#3267 = DIRECTION('',(-0.,-0.,-1.));
#3268 = DIRECTION('',(1.,0.,0.));
#3269 = DEFINITIONAL_REPRESENTATION('',(#3270),#3274);
#3270 = LINE('',#3271,#3272);
#3271 = CARTESIAN_POINT('',(-4.138911435803E-13,-6.));
#3272 = VECTOR('',#3273,1.);
#3273 = DIRECTION('',(1.,-0.));
#3274 = ( GEOMETRIC_REPRESENTATION_CONTEXT(2) 
PARAMETRIC_REPRESENTATION_CONTEXT() REPRESENTATION_CONTEXT('2D SPACE',''
  ) );
#3275 = ORIENTED_EDGE('',*,*,#3276,.T.);
#3276 = EDGE_CURVE('',#3244,#3277,#3279,.T.);
#3277 = VERTEX_POINT('',#3278);
#3278 = CARTESIAN_POINT('',(15.823439670528,36.028339636919,6.));
#3279 = SURFACE_CURVE('',#3280,(#3285,#3292),.PCURVE_S1.);
#3280 = CIRCLE('',#3281,2.65);
#3281 = AXIS2_PLACEMENT_3D('',#3282,#3283,#3284);
#3282 = CARTESIAN_POINT('',(13.680805733027,37.587704831436,6.));
#3283 = DIRECTION('',(0.,0.,1.));
#3284 = DIRECTION('',(1.,0.,-0.));
#3285 = PCURVE('',#1899,#3286);
#3286 = DEFINITIONAL_REPRESENTATION('',(#3287),#3291);
#3287 = CIRCLE('',#3288,2.65);
#3288 = AXIS2_PLACEMENT_2D('',#3289,#3290);
#3289 = CARTESIAN_POINT('',(13.680805733027,37.587704831436));
#3290 = DIRECTION('',(1.,0.));
#3291 = ( GEOMETRIC_REPRESENTATION_CONTEXT(2) 
PARAMETRIC_REPRESENTATION_CONTEXT() REPRESENTATION_CONTEXT('2D SPACE',''
  ) );
#3292 = PCURVE('',#3293,#3298);
#3293 = CYLINDRICAL_SURFACE('',#3294,2.65);
#3294 = AXIS2_PLACEMENT_3D('',#3295,#3296,#3297);
#3295 = CARTESIAN_POINT('',(13.680805733027,37.587704831436,1.05));
#3296 = DIRECTION('',(-0.,-0.,-1.));
#3297 = DIRECTION('',(1.,0.,0.));
#3298 = DEFINITIONAL_REPRESENTATION('',(#3299),#3303);
#3299 = LINE('',#3300,#3301);
#3300 = CARTESIAN_POINT('',(6.28318530718,-4.95));
#3301 = VECTOR('',#3302,1.);
#3302 = DIRECTION('',(-1.,0.));
#3303 = ( GEOMETRIC_REPRESENTATION_CONTEXT(2) 
PARAMETRIC_REPRESENTATION_CONTEXT() REPRESENTATION_CONTEXT('2D SPACE',''
  ) );
#3304 = ORIENTED_EDGE('',*,*,#3305,.T.);
#3305 = EDGE_CURVE('',#3277,#3080,#3306,.T.);
#3306 = SURFACE_CURVE('',#3307,(#3312,#3323),.PCURVE_S1.);
#3307 = CIRCLE('',#3308,39.35);
#3308 = AXIS2_PLACEMENT_3D('',#3309,#3310,#3311);
#3309 = CARTESIAN_POINT('',(0.,0.,6.));
#3310 = DIRECTION('',(0.,0.,-1.));
#3311 = DIRECTION('',(0.40212044906,0.915586776034,0.));
#3312 = PCURVE('',#1899,#3313);
#3313 = DEFINITIONAL_REPRESENTATION('',(#3314),#3322);
#3314 = ( BOUNDED_CURVE() B_SPLINE_CURVE(2,(#3315,#3316,#3317,#3318,
#3319,#3320,#3321),.UNSPECIFIED.,.T.,.F.) B_SPLINE_CURVE_WITH_KNOTS((1,2
    ,2,2,2,1),(-2.094395102393,0.,2.094395102393,4.188790204786,
6.28318530718,8.377580409573),.UNSPECIFIED.) CURVE() 
GEOMETRIC_REPRESENTATION_ITEM() RATIONAL_B_SPLINE_CURVE((1.,0.5,1.,0.5,
1.,0.5,1.)) REPRESENTATION_ITEM('') );
#3315 = CARTESIAN_POINT('',(15.823439670528,36.028339636919));
#3316 = CARTESIAN_POINT('',(78.226354434019,8.621338177063));
#3317 = CARTESIAN_POINT('',(23.289737546481,-31.71767054838));
#3318 = CARTESIAN_POINT('',(-31.64687934105,-72.05667927383));
#3319 = CARTESIAN_POINT('',(-39.113177217,-4.310669088532));
#3320 = CARTESIAN_POINT('',(-46.57947509296,63.435341096774));
#3321 = CARTESIAN_POINT('',(15.823439670528,36.028339636919));
#3322 = ( GEOMETRIC_REPRESENTATION_CONTEXT(2) 
PARAMETRIC_REPRESENTATION_CONTEXT() REPRESENTATION_CONTEXT('2D SPACE',''
  ) );
#3323 = PCURVE('',#2760,#3324);
#3324 = DEFINITIONAL_REPRESENTATION('',(#3325),#3329);
#3325 = LINE('',#3326,#3327);
#3326 = CARTESIAN_POINT('',(-1.156964709811,-4.95));
#3327 = VECTOR('',#3328,1.);
#3328 = DIRECTION('',(1.,-0.));
#3329 = ( GEOMETRIC_REPRESENTATION_CONTEXT(2) 
PARAMETRIC_REPRESENTATION_CONTEXT() REPRESENTATION_CONTEXT('2D SPACE',''
  ) );
#3330 = FACE_BOUND('',#3331,.T.);
#3331 = EDGE_LOOP('',(#3332));
#3332 = ORIENTED_EDGE('',*,*,#3333,.F.);
#3333 = EDGE_CURVE('',#3334,#3334,#3336,.T.);
#3334 = VERTEX_POINT('',#3335);
#3335 = CARTESIAN_POINT('',(15.080805733027,37.587704831436,6.));
#3336 = SURFACE_CURVE('',#3337,(#3342,#3349),.PCURVE_S1.);
#3337 = CIRCLE('',#3338,1.4);
#3338 = AXIS2_PLACEMENT_3D('',#3339,#3340,#3341);
#3339 = CARTESIAN_POINT('',(13.680805733027,37.587704831436,6.));
#3340 = DIRECTION('',(0.,0.,1.));
#3341 = DIRECTION('',(1.,0.,-0.));
#3342 = PCURVE('',#1899,#3343);
#3343 = DEFINITIONAL_REPRESENTATION('',(#3344),#3348);
#3344 = CIRCLE('',#3345,1.4);
#3345 = AXIS2_PLACEMENT_2D('',#3346,#3347);
#3346 = CARTESIAN_POINT('',(13.680805733027,37.587704831436));
#3347 = DIRECTION('',(1.,0.));
#3348 = ( GEOMETRIC_REPRESENTATION_CONTEXT(2) 
PARAMETRIC_REPRESENTATION_CONTEXT() REPRESENTATION_CONTEXT('2D SPACE',''
  ) );
#3349 = PCURVE('',#3350,#3355);
#3350 = PLANE('',#3351);
#3351 = AXIS2_PLACEMENT_3D('',#3352,#3353,#3354);
#3352 = CARTESIAN_POINT('',(-4.118407928589E-15,3.242876655026E-16,6.));
#3353 = DIRECTION('',(0.,0.,1.));
#3354 = DIRECTION('',(1.,0.,-0.));
#3355 = DEFINITIONAL_REPRESENTATION('',(#3356),#3360);
#3356 = CIRCLE('',#3357,1.4);
#3357 = AXIS2_PLACEMENT_2D('',#3358,#3359);
#3358 = CARTESIAN_POINT('',(13.680805733027,37.587704831436));
#3359 = DIRECTION('',(1.,0.));
#3360 = ( GEOMETRIC_REPRESENTATION_CONTEXT(2) 
PARAMETRIC_REPRESENTATION_CONTEXT() REPRESENTATION_CONTEXT('2D SPACE',''
  ) );
#3361 = ADVANCED_FACE('',(#3362),#1866,.T.);
#3362 = FACE_BOUND('',#3363,.T.);
#3363 = EDGE_LOOP('',(#3364,#3365,#3366,#3390));
#3364 = ORIENTED_EDGE('',*,*,#3157,.F.);
#3365 = ORIENTED_EDGE('',*,*,#1849,.F.);
#3366 = ORIENTED_EDGE('',*,*,#3367,.F.);
#3367 = EDGE_CURVE('',#3368,#1822,#3370,.T.);
#3368 = VERTEX_POINT('',#3369);
#3369 = CARTESIAN_POINT('',(-9.912948839786,38.08091313637,6.));
#3370 = SURFACE_CURVE('',#3371,(#3376,#3383),.PCURVE_S1.);
#3371 = CIRCLE('',#3372,3.8);
#3372 = AXIS2_PLACEMENT_3D('',#3373,#3374,#3375);
#3373 = CARTESIAN_POINT('',(-13.68080573302,37.587704831436,6.));
#3374 = DIRECTION('',(0.,0.,1.));
#3375 = DIRECTION('',(1.,0.,0.));
#3376 = PCURVE('',#1866,#3377);
#3377 = DEFINITIONAL_REPRESENTATION('',(#3378),#3382);
#3378 = CIRCLE('',#3379,3.8);
#3379 = AXIS2_PLACEMENT_2D('',#3380,#3381);
#3380 = CARTESIAN_POINT('',(-13.68080573302,37.587704831436));
#3381 = DIRECTION('',(1.,0.));
#3382 = ( GEOMETRIC_REPRESENTATION_CONTEXT(2) 
PARAMETRIC_REPRESENTATION_CONTEXT() REPRESENTATION_CONTEXT('2D SPACE',''
  ) );
#3383 = PCURVE('',#1725,#3384);
#3384 = DEFINITIONAL_REPRESENTATION('',(#3385),#3389);
#3385 = CIRCLE('',#3386,3.8);
#3386 = AXIS2_PLACEMENT_2D('',#3387,#3388);
#3387 = CARTESIAN_POINT('',(-13.68080573302,37.587704831436));
#3388 = DIRECTION('',(1.,0.));
#3389 = ( GEOMETRIC_REPRESENTATION_CONTEXT(2) 
PARAMETRIC_REPRESENTATION_CONTEXT() REPRESENTATION_CONTEXT('2D SPACE',''
  ) );
#3390 = ORIENTED_EDGE('',*,*,#3391,.T.);
#3391 = EDGE_CURVE('',#3368,#3158,#3392,.T.);
#3392 = SURFACE_CURVE('',#3393,(#3398,#3409),.PCURVE_S1.);
#3393 = CIRCLE('',#3394,39.35);
#3394 = AXIS2_PLACEMENT_3D('',#3395,#3396,#3397);
#3395 = CARTESIAN_POINT('',(0.,0.,6.));
#3396 = DIRECTION('',(0.,0.,-1.));
#3397 = DIRECTION('',(-0.28048569976,0.959858204231,0.));
#3398 = PCURVE('',#1866,#3399);
#3399 = DEFINITIONAL_REPRESENTATION('',(#3400),#3408);
#3400 = ( BOUNDED_CURVE() B_SPLINE_CURVE(2,(#3401,#3402,#3403,#3404,
#3405,#3406,#3407),.UNSPECIFIED.,.T.,.F.) B_SPLINE_CURVE_WITH_KNOTS((1,2
    ,2,2,2,1),(-2.094395102393,0.,2.094395102393,4.188790204786,
6.28318530718,8.377580409573),.UNSPECIFIED.) CURVE() 
GEOMETRIC_REPRESENTATION_ITEM() RATIONAL_B_SPLINE_CURVE((1.,0.5,1.,0.5,
1.,0.5,1.)) REPRESENTATION_ITEM('') );
#3401 = CARTESIAN_POINT('',(-11.03711228555,37.770420336503));
#3402 = CARTESIAN_POINT('',(54.383174760506,56.887259583919));
#3403 = CARTESIAN_POINT('',(38.228699665804,-9.326790544544));
#3404 = CARTESIAN_POINT('',(22.074224571101,-75.540840673));
#3405 = CARTESIAN_POINT('',(-27.19158738025,-28.44362979196));
#3406 = CARTESIAN_POINT('',(-76.4573993316,18.653581089087));
#3407 = CARTESIAN_POINT('',(-11.03711228555,37.770420336503));
#3408 = ( GEOMETRIC_REPRESENTATION_CONTEXT(2) 
PARAMETRIC_REPRESENTATION_CONTEXT() REPRESENTATION_CONTEXT('2D SPACE',''
  ) );
#3409 = PCURVE('',#3202,#3410);
#3410 = DEFINITIONAL_REPRESENTATION('',(#3411),#3415);
#3411 = LINE('',#3412,#3413);
#3412 = CARTESIAN_POINT('',(4.428088896571,-4.95));
#3413 = VECTOR('',#3414,1.);
#3414 = DIRECTION('',(1.,-0.));
#3415 = ( GEOMETRIC_REPRESENTATION_CONTEXT(2) 
PARAMETRIC_REPRESENTATION_CONTEXT() REPRESENTATION_CONTEXT('2D SPACE',''
  ) );
#3416 = ADVANCED_FACE('',(#3417,#3618),#1725,.T.);
#3417 = FACE_BOUND('',#3418,.T.);
#3418 = EDGE_LOOP('',(#3419,#3420,#3421,#3443,#3444,#3468,#3501,#3530,
    #3563,#3592));
#3419 = ORIENTED_EDGE('',*,*,#3367,.T.);
#3420 = ORIENTED_EDGE('',*,*,#1821,.F.);
#3421 = ORIENTED_EDGE('',*,*,#3422,.T.);
#3422 = EDGE_CURVE('',#1801,#1709,#3423,.T.);
#3423 = SURFACE_CURVE('',#3424,(#3429,#3436),.PCURVE_S1.);
#3424 = CIRCLE('',#3425,2.65);
#3425 = AXIS2_PLACEMENT_3D('',#3426,#3427,#3428);
#3426 = CARTESIAN_POINT('',(-13.68080573302,37.587704831436,6.));
#3427 = DIRECTION('',(0.,0.,1.));
#3428 = DIRECTION('',(1.,0.,-0.));
#3429 = PCURVE('',#1725,#3430);
#3430 = DEFINITIONAL_REPRESENTATION('',(#3431),#3435);
#3431 = CIRCLE('',#3432,2.65);
#3432 = AXIS2_PLACEMENT_2D('',#3433,#3434);
#3433 = CARTESIAN_POINT('',(-13.68080573302,37.587704831436));
#3434 = DIRECTION('',(1.,0.));
#3435 = ( GEOMETRIC_REPRESENTATION_CONTEXT(2) 
PARAMETRIC_REPRESENTATION_CONTEXT() REPRESENTATION_CONTEXT('2D SPACE',''
  ) );
#3436 = PCURVE('',#1756,#3437);
#3437 = DEFINITIONAL_REPRESENTATION('',(#3438),#3442);
#3438 = LINE('',#3439,#3440);
#3439 = CARTESIAN_POINT('',(6.28318530718,-4.95));
#3440 = VECTOR('',#3441,1.);
#3441 = DIRECTION('',(-1.,0.));
#3442 = ( GEOMETRIC_REPRESENTATION_CONTEXT(2) 
PARAMETRIC_REPRESENTATION_CONTEXT() REPRESENTATION_CONTEXT('2D SPACE',''
  ) );
#3443 = ORIENTED_EDGE('',*,*,#1708,.F.);
#3444 = ORIENTED_EDGE('',*,*,#3445,.T.);
#3445 = EDGE_CURVE('',#1676,#3446,#3448,.T.);
#3446 = VERTEX_POINT('',#3447);
#3447 = CARTESIAN_POINT('',(-16.88417975596,35.543592586684,6.));
#3448 = SURFACE_CURVE('',#3449,(#3454,#3461),.PCURVE_S1.);
#3449 = CIRCLE('',#3450,3.8);
#3450 = AXIS2_PLACEMENT_3D('',#3451,#3452,#3453);
#3451 = CARTESIAN_POINT('',(-13.68080573302,37.587704831436,6.));
#3452 = DIRECTION('',(0.,0.,1.));
#3453 = DIRECTION('',(1.,0.,0.));
#3454 = PCURVE('',#1725,#3455);
#3455 = DEFINITIONAL_REPRESENTATION('',(#3456),#3460);
#3456 = CIRCLE('',#3457,3.8);
#3457 = AXIS2_PLACEMENT_2D('',#3458,#3459);
#3458 = CARTESIAN_POINT('',(-13.68080573302,37.587704831436));
#3459 = DIRECTION('',(1.,0.));
#3460 = ( GEOMETRIC_REPRESENTATION_CONTEXT(2) 
PARAMETRIC_REPRESENTATION_CONTEXT() REPRESENTATION_CONTEXT('2D SPACE',''
  ) );
#3461 = PCURVE('',#1692,#3462);
#3462 = DEFINITIONAL_REPRESENTATION('',(#3463),#3467);
#3463 = CIRCLE('',#3464,3.8);
#3464 = AXIS2_PLACEMENT_2D('',#3465,#3466);
#3465 = CARTESIAN_POINT('',(-13.68080573302,37.587704831436));
#3466 = DIRECTION('',(1.,0.));
#3467 = ( GEOMETRIC_REPRESENTATION_CONTEXT(2) 
PARAMETRIC_REPRESENTATION_CONTEXT() REPRESENTATION_CONTEXT('2D SPACE',''
  ) );
#3468 = ORIENTED_EDGE('',*,*,#3469,.T.);
#3469 = EDGE_CURVE('',#3446,#3470,#3472,.T.);
#3470 = VERTEX_POINT('',#3471);
#3471 = CARTESIAN_POINT('',(-15.82343967052,36.028339636919,6.));
#3472 = SURFACE_CURVE('',#3473,(#3478,#3489),.PCURVE_S1.);
#3473 = CIRCLE('',#3474,39.35);
#3474 = AXIS2_PLACEMENT_3D('',#3475,#3476,#3477);
#3475 = CARTESIAN_POINT('',(0.,0.,6.));
#3476 = DIRECTION('',(0.,0.,-1.));
#3477 = DIRECTION('',(-0.934569184638,0.355781448539,0.));
#3478 = PCURVE('',#1725,#3479);
#3479 = DEFINITIONAL_REPRESENTATION('',(#3480),#3488);
#3480 = ( BOUNDED_CURVE() B_SPLINE_CURVE(2,(#3481,#3482,#3483,#3484,
#3485,#3486,#3487),.UNSPECIFIED.,.T.,.F.) B_SPLINE_CURVE_WITH_KNOTS((1,2
    ,2,2,2,1),(-2.094395102393,0.,2.094395102393,4.188790204786,
6.28318530718,8.377580409573),.UNSPECIFIED.) CURVE() 
GEOMETRIC_REPRESENTATION_ITEM() RATIONAL_B_SPLINE_CURVE((1.,0.5,1.,0.5,
1.,0.5,1.)) REPRESENTATION_ITEM('') );
#3481 = CARTESIAN_POINT('',(-36.77529741552,14.));
#3482 = CARTESIAN_POINT('',(-12.52658610955,77.696683587138));
#3483 = CARTESIAN_POINT('',(30.512004360743,24.848341793569));
#3484 = CARTESIAN_POINT('',(73.550594831041,-28.));
#3485 = CARTESIAN_POINT('',(6.263293054778,-38.84834179356));
#3486 = CARTESIAN_POINT('',(-61.02400872148,-49.69668358713));
#3487 = CARTESIAN_POINT('',(-36.77529741552,14.));
#3488 = ( GEOMETRIC_REPRESENTATION_CONTEXT(2) 
PARAMETRIC_REPRESENTATION_CONTEXT() REPRESENTATION_CONTEXT('2D SPACE',''
  ) );
#3489 = PCURVE('',#3490,#3495);
#3490 = CYLINDRICAL_SURFACE('',#3491,39.35);
#3491 = AXIS2_PLACEMENT_3D('',#3492,#3493,#3494);
#3492 = CARTESIAN_POINT('',(0.,0.,1.05));
#3493 = DIRECTION('',(-0.,-0.,-1.));
#3494 = DIRECTION('',(1.,0.,0.));
#3495 = DEFINITIONAL_REPRESENTATION('',(#3496),#3500);
#3496 = LINE('',#3497,#3498);
#3497 = CARTESIAN_POINT('',(3.50534274703,-4.95));
#3498 = VECTOR('',#3499,1.);
#3499 = DIRECTION('',(1.,-0.));
#3500 = ( GEOMETRIC_REPRESENTATION_CONTEXT(2) 
PARAMETRIC_REPRESENTATION_CONTEXT() REPRESENTATION_CONTEXT('2D SPACE',''
  ) );
#3501 = ORIENTED_EDGE('',*,*,#3502,.T.);
#3502 = EDGE_CURVE('',#3470,#3503,#3505,.T.);
#3503 = VERTEX_POINT('',#3504);
#3504 = CARTESIAN_POINT('',(-14.35102269383,35.023858263203,6.));
#3505 = SURFACE_CURVE('',#3506,(#3511,#3518),.PCURVE_S1.);
#3506 = CIRCLE('',#3507,2.65);
#3507 = AXIS2_PLACEMENT_3D('',#3508,#3509,#3510);
#3508 = CARTESIAN_POINT('',(-13.68080573302,37.587704831436,6.));
#3509 = DIRECTION('',(0.,0.,1.));
#3510 = DIRECTION('',(-0.808541108491,-0.588439696044,0.));
#3511 = PCURVE('',#1725,#3512);
#3512 = DEFINITIONAL_REPRESENTATION('',(#3513),#3517);
#3513 = CIRCLE('',#3514,2.65);
#3514 = AXIS2_PLACEMENT_2D('',#3515,#3516);
#3515 = CARTESIAN_POINT('',(-13.68080573302,37.587704831436));
#3516 = DIRECTION('',(-0.808541108491,-0.588439696044));
#3517 = ( GEOMETRIC_REPRESENTATION_CONTEXT(2) 
PARAMETRIC_REPRESENTATION_CONTEXT() REPRESENTATION_CONTEXT('2D SPACE',''
  ) );
#3518 = PCURVE('',#3519,#3524);
#3519 = CYLINDRICAL_SURFACE('',#3520,2.65);
#3520 = AXIS2_PLACEMENT_3D('',#3521,#3522,#3523);
#3521 = CARTESIAN_POINT('',(-13.68080573302,37.587704831436,1.05));
#3522 = DIRECTION('',(-0.,-0.,-1.));
#3523 = DIRECTION('',(1.,0.,0.));
#3524 = DEFINITIONAL_REPRESENTATION('',(#3525),#3529);
#3525 = LINE('',#3526,#3527);
#3526 = CARTESIAN_POINT('',(2.512464947962,-4.95));
#3527 = VECTOR('',#3528,1.);
#3528 = DIRECTION('',(-1.,0.));
#3529 = ( GEOMETRIC_REPRESENTATION_CONTEXT(2) 
PARAMETRIC_REPRESENTATION_CONTEXT() REPRESENTATION_CONTEXT('2D SPACE',''
  ) );
#3530 = ORIENTED_EDGE('',*,*,#3531,.T.);
#3531 = EDGE_CURVE('',#3503,#3532,#3534,.T.);
#3532 = VERTEX_POINT('',#3533);
#3533 = CARTESIAN_POINT('',(-11.51938094731,36.054491573043,6.));
#3534 = SURFACE_CURVE('',#3535,(#3540,#3551),.PCURVE_S1.);
#3535 = CIRCLE('',#3536,37.85);
#3536 = AXIS2_PLACEMENT_3D('',#3537,#3538,#3539);
#3537 = CARTESIAN_POINT('',(0.,0.,6.));
#3538 = DIRECTION('',(0.,0.,-1.));
#3539 = DIRECTION('',(1.,0.,0.));
#3540 = PCURVE('',#1725,#3541);
#3541 = DEFINITIONAL_REPRESENTATION('',(#3542),#3550);
#3542 = ( BOUNDED_CURVE() B_SPLINE_CURVE(2,(#3543,#3544,#3545,#3546,
#3547,#3548,#3549),.UNSPECIFIED.,.T.,.F.) B_SPLINE_CURVE_WITH_KNOTS((1,2
    ,2,2,2,1),(-2.094395102393,0.,2.094395102393,4.188790204786,
6.28318530718,8.377580409573),.UNSPECIFIED.) CURVE() 
GEOMETRIC_REPRESENTATION_ITEM() RATIONAL_B_SPLINE_CURVE((1.,0.5,1.,0.5,
1.,0.5,1.)) REPRESENTATION_ITEM('') );
#3543 = CARTESIAN_POINT('',(37.85,-3.242876655026E-16));
#3544 = CARTESIAN_POINT('',(37.85,-65.55812306648));
#3545 = CARTESIAN_POINT('',(-18.925,-32.77906153324));
#3546 = CARTESIAN_POINT('',(-75.7,-9.594863935048E-15));
#3547 = CARTESIAN_POINT('',(-18.925,32.779061533241));
#3548 = CARTESIAN_POINT('',(37.85,65.558123066482));
#3549 = CARTESIAN_POINT('',(37.85,-3.242876655026E-16));
#3550 = ( GEOMETRIC_REPRESENTATION_CONTEXT(2) 
PARAMETRIC_REPRESENTATION_CONTEXT() REPRESENTATION_CONTEXT('2D SPACE',''
  ) );
#3551 = PCURVE('',#3552,#3557);
#3552 = CYLINDRICAL_SURFACE('',#3553,37.85);
#3553 = AXIS2_PLACEMENT_3D('',#3554,#3555,#3556);
#3554 = CARTESIAN_POINT('',(0.,0.,0.));
#3555 = DIRECTION('',(-0.,-0.,-1.));
#3556 = DIRECTION('',(1.,0.,0.));
#3557 = DEFINITIONAL_REPRESENTATION('',(#3558),#3562);
#3558 = LINE('',#3559,#3560);
#3559 = CARTESIAN_POINT('',(-4.138911435803E-13,-6.));
#3560 = VECTOR('',#3561,1.);
#3561 = DIRECTION('',(1.,-0.));
#3562 = ( GEOMETRIC_REPRESENTATION_CONTEXT(2) 
PARAMETRIC_REPRESENTATION_CONTEXT() REPRESENTATION_CONTEXT('2D SPACE',''
  ) );
#3563 = ORIENTED_EDGE('',*,*,#3564,.T.);
#3564 = EDGE_CURVE('',#3532,#3565,#3567,.T.);
#3565 = VERTEX_POINT('',#3566);
#3566 = CARTESIAN_POINT('',(-11.03711228555,37.770420336502,6.));
#3567 = SURFACE_CURVE('',#3568,(#3573,#3580),.PCURVE_S1.);
#3568 = CIRCLE('',#3569,2.65);
#3569 = AXIS2_PLACEMENT_3D('',#3570,#3571,#3572);
#3570 = CARTESIAN_POINT('',(-13.68080573302,37.587704831436,6.));
#3571 = DIRECTION('',(0.,0.,1.));
#3572 = DIRECTION('',(-0.808541108491,-0.588439696044,0.));
#3573 = PCURVE('',#1725,#3574);
#3574 = DEFINITIONAL_REPRESENTATION('',(#3575),#3579);
#3575 = CIRCLE('',#3576,2.65);
#3576 = AXIS2_PLACEMENT_2D('',#3577,#3578);
#3577 = CARTESIAN_POINT('',(-13.68080573302,37.587704831436));
#3578 = DIRECTION('',(-0.808541108491,-0.588439696044));
#3579 = ( GEOMETRIC_REPRESENTATION_CONTEXT(2) 
PARAMETRIC_REPRESENTATION_CONTEXT() REPRESENTATION_CONTEXT('2D SPACE',''
  ) );
#3580 = PCURVE('',#3581,#3586);
#3581 = CYLINDRICAL_SURFACE('',#3582,2.65);
#3582 = AXIS2_PLACEMENT_3D('',#3583,#3584,#3585);
#3583 = CARTESIAN_POINT('',(-13.68080573302,37.587704831436,1.05));
#3584 = DIRECTION('',(-0.,-0.,-1.));
#3585 = DIRECTION('',(1.,0.,0.));
#3586 = DEFINITIONAL_REPRESENTATION('',(#3587),#3591);
#3587 = LINE('',#3588,#3589);
#3588 = CARTESIAN_POINT('',(2.512464947962,-4.95));
#3589 = VECTOR('',#3590,1.);
#3590 = DIRECTION('',(-1.,0.));
#3591 = ( GEOMETRIC_REPRESENTATION_CONTEXT(2) 
PARAMETRIC_REPRESENTATION_CONTEXT() REPRESENTATION_CONTEXT('2D SPACE',''
  ) );
#3592 = ORIENTED_EDGE('',*,*,#3593,.T.);
#3593 = EDGE_CURVE('',#3565,#3368,#3594,.T.);
#3594 = SURFACE_CURVE('',#3595,(#3600,#3611),.PCURVE_S1.);
#3595 = CIRCLE('',#3596,39.35);
#3596 = AXIS2_PLACEMENT_3D('',#3597,#3598,#3599);
#3597 = CARTESIAN_POINT('',(0.,0.,6.));
#3598 = DIRECTION('',(0.,0.,-1.));
#3599 = DIRECTION('',(-0.28048569976,0.959858204231,0.));
#3600 = PCURVE('',#1725,#3601);
#3601 = DEFINITIONAL_REPRESENTATION('',(#3602),#3610);
#3602 = ( BOUNDED_CURVE() B_SPLINE_CURVE(2,(#3603,#3604,#3605,#3606,
#3607,#3608,#3609),.UNSPECIFIED.,.T.,.F.) B_SPLINE_CURVE_WITH_KNOTS((1,2
    ,2,2,2,1),(-2.094395102393,0.,2.094395102393,4.188790204786,
6.28318530718,8.377580409573),.UNSPECIFIED.) CURVE() 
GEOMETRIC_REPRESENTATION_ITEM() RATIONAL_B_SPLINE_CURVE((1.,0.5,1.,0.5,
1.,0.5,1.)) REPRESENTATION_ITEM('') );
#3603 = CARTESIAN_POINT('',(-11.03711228555,37.770420336503));
#3604 = CARTESIAN_POINT('',(54.383174760506,56.887259583919));
#3605 = CARTESIAN_POINT('',(38.228699665804,-9.326790544544));
#3606 = CARTESIAN_POINT('',(22.074224571101,-75.540840673));
#3607 = CARTESIAN_POINT('',(-27.19158738025,-28.44362979196));
#3608 = CARTESIAN_POINT('',(-76.4573993316,18.653581089087));
#3609 = CARTESIAN_POINT('',(-11.03711228555,37.770420336503));
#3610 = ( GEOMETRIC_REPRESENTATION_CONTEXT(2) 
PARAMETRIC_REPRESENTATION_CONTEXT() REPRESENTATION_CONTEXT('2D SPACE',''
  ) );
#3611 = PCURVE('',#3202,#3612);
#3612 = DEFINITIONAL_REPRESENTATION('',(#3613),#3617);
#3613 = LINE('',#3614,#3615);
#3614 = CARTESIAN_POINT('',(4.428088896571,-4.95));
#3615 = VECTOR('',#3616,1.);
#3616 = DIRECTION('',(1.,-0.));
#3617 = ( GEOMETRIC_REPRESENTATION_CONTEXT(2) 
PARAMETRIC_REPRESENTATION_CONTEXT() REPRESENTATION_CONTEXT('2D SPACE',''
  ) );
#3618 = FACE_BOUND('',#3619,.T.);
#3619 = EDGE_LOOP('',(#3620));
#3620 = ORIENTED_EDGE('',*,*,#3621,.F.);
#3621 = EDGE_CURVE('',#3622,#3622,#3624,.T.);
#3622 = VERTEX_POINT('',#3623);
#3623 = CARTESIAN_POINT('',(-12.28080573302,37.587704831436,6.));
#3624 = SURFACE_CURVE('',#3625,(#3630,#3637),.PCURVE_S1.);
#3625 = CIRCLE('',#3626,1.4);
#3626 = AXIS2_PLACEMENT_3D('',#3627,#3628,#3629);
#3627 = CARTESIAN_POINT('',(-13.68080573302,37.587704831436,6.));
#3628 = DIRECTION('',(0.,0.,1.));
#3629 = DIRECTION('',(1.,0.,-0.));
#3630 = PCURVE('',#1725,#3631);
#3631 = DEFINITIONAL_REPRESENTATION('',(#3632),#3636);
#3632 = CIRCLE('',#3633,1.4);
#3633 = AXIS2_PLACEMENT_2D('',#3634,#3635);
#3634 = CARTESIAN_POINT('',(-13.68080573302,37.587704831436));
#3635 = DIRECTION('',(1.,0.));
#3636 = ( GEOMETRIC_REPRESENTATION_CONTEXT(2) 
PARAMETRIC_REPRESENTATION_CONTEXT() REPRESENTATION_CONTEXT('2D SPACE',''
  ) );
#3637 = PCURVE('',#3638,#3643);
#3638 = PLANE('',#3639);
#3639 = AXIS2_PLACEMENT_3D('',#3640,#3641,#3642);
#3640 = CARTESIAN_POINT('',(-4.118407928589E-15,3.242876655026E-16,6.));
#3641 = DIRECTION('',(0.,0.,1.));
#3642 = DIRECTION('',(1.,0.,-0.));
#3643 = DEFINITIONAL_REPRESENTATION('',(#3644),#3648);
#3644 = CIRCLE('',#3645,1.4);
#3645 = AXIS2_PLACEMENT_2D('',#3646,#3647);
#3646 = CARTESIAN_POINT('',(-13.68080573302,37.587704831436));
#3647 = DIRECTION('',(1.,0.));
#3648 = ( GEOMETRIC_REPRESENTATION_CONTEXT(2) 
PARAMETRIC_REPRESENTATION_CONTEXT() REPRESENTATION_CONTEXT('2D SPACE',''
  ) );
#3649 = ADVANCED_FACE('',(#3650),#1692,.T.);
#3650 = FACE_BOUND('',#3651,.T.);
#3651 = EDGE_LOOP('',(#3652,#3653,#3654,#3675,#3702,#3730));
#3652 = ORIENTED_EDGE('',*,*,#3445,.F.);
#3653 = ORIENTED_EDGE('',*,*,#1675,.F.);
#3654 = ORIENTED_EDGE('',*,*,#3655,.F.);
#3655 = EDGE_CURVE('',#3656,#1650,#3658,.T.);
#3656 = VERTEX_POINT('',#3657);
#3657 = CARTESIAN_POINT('',(-38.1,15.,6.));
#3658 = SURFACE_CURVE('',#3659,(#3663,#3669),.PCURVE_S1.);
#3659 = LINE('',#3660,#3661);
#3660 = CARTESIAN_POINT('',(-22.25,15.,6.));
#3661 = VECTOR('',#3662,1.);
#3662 = DIRECTION('',(-1.,0.,0.));
#3663 = PCURVE('',#1692,#3664);
#3664 = DEFINITIONAL_REPRESENTATION('',(#3665),#3668);
#3665 = B_SPLINE_CURVE_WITH_KNOTS('',1,(#3666,#3667),.UNSPECIFIED.,.F.,
  .F.,(2,2),(15.85,17.877920454466),.PIECEWISE_BEZIER_KNOTS.);
#3666 = CARTESIAN_POINT('',(-38.1,15.));
#3667 = CARTESIAN_POINT('',(-40.12792045446,15.));
#3668 = ( GEOMETRIC_REPRESENTATION_CONTEXT(2) 
PARAMETRIC_REPRESENTATION_CONTEXT() REPRESENTATION_CONTEXT('2D SPACE',''
  ) );
#3669 = PCURVE('',#1664,#3670);
#3670 = DEFINITIONAL_REPRESENTATION('',(#3671),#3674);
#3671 = B_SPLINE_CURVE_WITH_KNOTS('',1,(#3672,#3673),.UNSPECIFIED.,.F.,
  .F.,(2,2),(15.85,17.877920454466),.PIECEWISE_BEZIER_KNOTS.);
#3672 = CARTESIAN_POINT('',(2.2,6.4));
#3673 = CARTESIAN_POINT('',(2.2,4.372079545534));
#3674 = ( GEOMETRIC_REPRESENTATION_CONTEXT(2) 
PARAMETRIC_REPRESENTATION_CONTEXT() REPRESENTATION_CONTEXT('2D SPACE',''
  ) );
#3675 = ORIENTED_EDGE('',*,*,#3676,.F.);
#3676 = EDGE_CURVE('',#3677,#3656,#3679,.T.);
#3677 = VERTEX_POINT('',#3678);
#3678 = CARTESIAN_POINT('',(-38.1,14.,6.));
#3679 = SURFACE_CURVE('',#3680,(#3684,#3690),.PCURVE_S1.);
#3680 = LINE('',#3681,#3682);
#3681 = CARTESIAN_POINT('',(-38.1,-8.,6.));
#3682 = VECTOR('',#3683,1.);
#3683 = DIRECTION('',(0.,1.,0.));
#3684 = PCURVE('',#1692,#3685);
#3685 = DEFINITIONAL_REPRESENTATION('',(#3686),#3689);
#3686 = B_SPLINE_CURVE_WITH_KNOTS('',1,(#3687,#3688),.UNSPECIFIED.,.F.,
  .F.,(2,2),(22.,23.),.PIECEWISE_BEZIER_KNOTS.);
#3687 = CARTESIAN_POINT('',(-38.1,14.));
#3688 = CARTESIAN_POINT('',(-38.1,15.));
#3689 = ( GEOMETRIC_REPRESENTATION_CONTEXT(2) 
PARAMETRIC_REPRESENTATION_CONTEXT() REPRESENTATION_CONTEXT('2D SPACE',''
  ) );
#3690 = PCURVE('',#3691,#3696);
#3691 = PLANE('',#3692);
#3692 = AXIS2_PLACEMENT_3D('',#3693,#3694,#3695);
#3693 = CARTESIAN_POINT('',(-38.1,-16.,3.8));
#3694 = DIRECTION('',(1.,0.,0.));
#3695 = DIRECTION('',(0.,0.,1.));
#3696 = DEFINITIONAL_REPRESENTATION('',(#3697),#3701);
#3697 = LINE('',#3698,#3699);
#3698 = CARTESIAN_POINT('',(2.2,-8.));
#3699 = VECTOR('',#3700,1.);
#3700 = DIRECTION('',(0.,-1.));
#3701 = ( GEOMETRIC_REPRESENTATION_CONTEXT(2) 
PARAMETRIC_REPRESENTATION_CONTEXT() REPRESENTATION_CONTEXT('2D SPACE',''
  ) );
#3702 = ORIENTED_EDGE('',*,*,#3703,.F.);
#3703 = EDGE_CURVE('',#3704,#3677,#3706,.T.);
#3704 = VERTEX_POINT('',#3705);
#3705 = CARTESIAN_POINT('',(-36.77529741552,14.,6.));
#3706 = SURFACE_CURVE('',#3707,(#3711,#3718),.PCURVE_S1.);
#3707 = LINE('',#3708,#3709);
#3708 = CARTESIAN_POINT('',(-28.25,14.,6.));
#3709 = VECTOR('',#3710,1.);
#3710 = DIRECTION('',(-1.,0.,0.));
#3711 = PCURVE('',#1692,#3712);
#3712 = DEFINITIONAL_REPRESENTATION('',(#3713),#3717);
#3713 = LINE('',#3714,#3715);
#3714 = CARTESIAN_POINT('',(-28.25,14.));
#3715 = VECTOR('',#3716,1.);
#3716 = DIRECTION('',(-1.,0.));
#3717 = ( GEOMETRIC_REPRESENTATION_CONTEXT(2) 
PARAMETRIC_REPRESENTATION_CONTEXT() REPRESENTATION_CONTEXT('2D SPACE',''
  ) );
#3718 = PCURVE('',#3719,#3724);
#3719 = PLANE('',#3720);
#3720 = AXIS2_PLACEMENT_3D('',#3721,#3722,#3723);
#3721 = CARTESIAN_POINT('',(-56.5,14.,4.2));
#3722 = DIRECTION('',(0.,1.,0.));
#3723 = DIRECTION('',(0.,-0.,1.));
#3724 = DEFINITIONAL_REPRESENTATION('',(#3725),#3729);
#3725 = LINE('',#3726,#3727);
#3726 = CARTESIAN_POINT('',(1.8,28.25));
#3727 = VECTOR('',#3728,1.);
#3728 = DIRECTION('',(0.,-1.));
#3729 = ( GEOMETRIC_REPRESENTATION_CONTEXT(2) 
PARAMETRIC_REPRESENTATION_CONTEXT() REPRESENTATION_CONTEXT('2D SPACE',''
  ) );
#3730 = ORIENTED_EDGE('',*,*,#3731,.T.);
#3731 = EDGE_CURVE('',#3704,#3446,#3732,.T.);
#3732 = SURFACE_CURVE('',#3733,(#3738,#3749),.PCURVE_S1.);
#3733 = CIRCLE('',#3734,39.35);
#3734 = AXIS2_PLACEMENT_3D('',#3735,#3736,#3737);
#3735 = CARTESIAN_POINT('',(0.,0.,6.));
#3736 = DIRECTION('',(0.,0.,-1.));
#3737 = DIRECTION('',(-0.934569184638,0.355781448539,0.));
#3738 = PCURVE('',#1692,#3739);
#3739 = DEFINITIONAL_REPRESENTATION('',(#3740),#3748);
#3740 = ( BOUNDED_CURVE() B_SPLINE_CURVE(2,(#3741,#3742,#3743,#3744,
#3745,#3746,#3747),.UNSPECIFIED.,.T.,.F.) B_SPLINE_CURVE_WITH_KNOTS((1,2
    ,2,2,2,1),(-2.094395102393,0.,2.094395102393,4.188790204786,
6.28318530718,8.377580409573),.UNSPECIFIED.) CURVE() 
GEOMETRIC_REPRESENTATION_ITEM() RATIONAL_B_SPLINE_CURVE((1.,0.5,1.,0.5,
1.,0.5,1.)) REPRESENTATION_ITEM('') );
#3741 = CARTESIAN_POINT('',(-36.77529741552,14.));
#3742 = CARTESIAN_POINT('',(-12.52658610955,77.696683587138));
#3743 = CARTESIAN_POINT('',(30.512004360743,24.848341793569));
#3744 = CARTESIAN_POINT('',(73.550594831041,-28.));
#3745 = CARTESIAN_POINT('',(6.263293054778,-38.84834179356));
#3746 = CARTESIAN_POINT('',(-61.02400872148,-49.69668358713));
#3747 = CARTESIAN_POINT('',(-36.77529741552,14.));
#3748 = ( GEOMETRIC_REPRESENTATION_CONTEXT(2) 
PARAMETRIC_REPRESENTATION_CONTEXT() REPRESENTATION_CONTEXT('2D SPACE',''
  ) );
#3749 = PCURVE('',#3490,#3750);
#3750 = DEFINITIONAL_REPRESENTATION('',(#3751),#3755);
#3751 = LINE('',#3752,#3753);
#3752 = CARTESIAN_POINT('',(3.50534274703,-4.95));
#3753 = VECTOR('',#3754,1.);
#3754 = DIRECTION('',(1.,-0.));
#3755 = ( GEOMETRIC_REPRESENTATION_CONTEXT(2) 
PARAMETRIC_REPRESENTATION_CONTEXT() REPRESENTATION_CONTEXT('2D SPACE',''
  ) );
#3756 = ADVANCED_FACE('',(#3757,#3760),#3350,.T.);
#3757 = FACE_BOUND('',#3758,.T.);
#3758 = EDGE_LOOP('',(#3759));
#3759 = ORIENTED_EDGE('',*,*,#3333,.T.);
#3760 = FACE_BOUND('',#3761,.T.);
#3761 = EDGE_LOOP('',(#3762));
#3762 = ORIENTED_EDGE('',*,*,#3763,.T.);
#3763 = EDGE_CURVE('',#3764,#3764,#3766,.T.);
#3764 = VERTEX_POINT('',#3765);
#3765 = CARTESIAN_POINT('',(14.730805733027,37.587704831436,6.));
#3766 = SURFACE_CURVE('',#3767,(#3772,#3783),.PCURVE_S1.);
#3767 = CIRCLE('',#3768,1.05);
#3768 = AXIS2_PLACEMENT_3D('',#3769,#3770,#3771);
#3769 = CARTESIAN_POINT('',(13.680805733027,37.587704831436,6.));
#3770 = DIRECTION('',(0.,0.,-1.));
#3771 = DIRECTION('',(1.,0.,0.));
#3772 = PCURVE('',#3350,#3773);
#3773 = DEFINITIONAL_REPRESENTATION('',(#3774),#3782);
#3774 = ( BOUNDED_CURVE() B_SPLINE_CURVE(2,(#3775,#3776,#3777,#3778,
#3779,#3780,#3781),.UNSPECIFIED.,.T.,.F.) B_SPLINE_CURVE_WITH_KNOTS((1,2
    ,2,2,2,1),(-2.094395102393,0.,2.094395102393,4.188790204786,
6.28318530718,8.377580409573),.UNSPECIFIED.) CURVE() 
GEOMETRIC_REPRESENTATION_ITEM() RATIONAL_B_SPLINE_CURVE((1.,0.5,1.,0.5,
1.,0.5,1.)) REPRESENTATION_ITEM('') );
#3775 = CARTESIAN_POINT('',(14.730805733027,37.587704831436));
#3776 = CARTESIAN_POINT('',(14.730805733027,35.769051483489));
#3777 = CARTESIAN_POINT('',(13.155805733027,36.678378157462));
#3778 = CARTESIAN_POINT('',(11.580805733027,37.587704831436));
#3779 = CARTESIAN_POINT('',(13.155805733027,38.49703150541));
#3780 = CARTESIAN_POINT('',(14.730805733027,39.406358179383));
#3781 = CARTESIAN_POINT('',(14.730805733027,37.587704831436));
#3782 = ( GEOMETRIC_REPRESENTATION_CONTEXT(2) 
PARAMETRIC_REPRESENTATION_CONTEXT() REPRESENTATION_CONTEXT('2D SPACE',''
  ) );
#3783 = PCURVE('',#3784,#3789);
#3784 = CYLINDRICAL_SURFACE('',#3785,1.05);
#3785 = AXIS2_PLACEMENT_3D('',#3786,#3787,#3788);
#3786 = CARTESIAN_POINT('',(13.680805733027,37.587704831436,1.4));
#3787 = DIRECTION('',(-0.,-0.,-1.));
#3788 = DIRECTION('',(1.,0.,0.));
#3789 = DEFINITIONAL_REPRESENTATION('',(#3790),#3794);
#3790 = LINE('',#3791,#3792);
#3791 = CARTESIAN_POINT('',(-4.138911435803E-13,-4.6));
#3792 = VECTOR('',#3793,1.);
#3793 = DIRECTION('',(1.,-0.));
#3794 = ( GEOMETRIC_REPRESENTATION_CONTEXT(2) 
PARAMETRIC_REPRESENTATION_CONTEXT() REPRESENTATION_CONTEXT('2D SPACE',''
  ) );
#3795 = ADVANCED_FACE('',(#3796,#3799),#3638,.T.);
#3796 = FACE_BOUND('',#3797,.T.);
#3797 = EDGE_LOOP('',(#3798));
#3798 = ORIENTED_EDGE('',*,*,#3621,.T.);
#3799 = FACE_BOUND('',#3800,.T.);
#3800 = EDGE_LOOP('',(#3801));
#3801 = ORIENTED_EDGE('',*,*,#3802,.T.);
#3802 = EDGE_CURVE('',#3803,#3803,#3805,.T.);
#3803 = VERTEX_POINT('',#3804);
#3804 = CARTESIAN_POINT('',(-12.63080573302,37.587704831436,6.));
#3805 = SURFACE_CURVE('',#3806,(#3811,#3822),.PCURVE_S1.);
#3806 = CIRCLE('',#3807,1.05);
#3807 = AXIS2_PLACEMENT_3D('',#3808,#3809,#3810);
#3808 = CARTESIAN_POINT('',(-13.68080573302,37.587704831436,6.));
#3809 = DIRECTION('',(0.,0.,-1.));
#3810 = DIRECTION('',(1.,0.,0.));
#3811 = PCURVE('',#3638,#3812);
#3812 = DEFINITIONAL_REPRESENTATION('',(#3813),#3821);
#3813 = ( BOUNDED_CURVE() B_SPLINE_CURVE(2,(#3814,#3815,#3816,#3817,
#3818,#3819,#3820),.UNSPECIFIED.,.T.,.F.) B_SPLINE_CURVE_WITH_KNOTS((1,2
    ,2,2,2,1),(-2.094395102393,0.,2.094395102393,4.188790204786,
6.28318530718,8.377580409573),.UNSPECIFIED.) CURVE() 
GEOMETRIC_REPRESENTATION_ITEM() RATIONAL_B_SPLINE_CURVE((1.,0.5,1.,0.5,
1.,0.5,1.)) REPRESENTATION_ITEM('') );
#3814 = CARTESIAN_POINT('',(-12.63080573302,37.587704831436));
#3815 = CARTESIAN_POINT('',(-12.63080573302,35.769051483489));
#3816 = CARTESIAN_POINT('',(-14.20580573302,36.678378157462));
#3817 = CARTESIAN_POINT('',(-15.78080573302,37.587704831436));
#3818 = CARTESIAN_POINT('',(-14.20580573302,38.49703150541));
#3819 = CARTESIAN_POINT('',(-12.63080573302,39.406358179383));
#3820 = CARTESIAN_POINT('',(-12.63080573302,37.587704831436));
#3821 = ( GEOMETRIC_REPRESENTATION_CONTEXT(2) 
PARAMETRIC_REPRESENTATION_CONTEXT() REPRESENTATION_CONTEXT('2D SPACE',''
  ) );
#3822 = PCURVE('',#3823,#3828);
#3823 = CYLINDRICAL_SURFACE('',#3824,1.05);
#3824 = AXIS2_PLACEMENT_3D('',#3825,#3826,#3827);
#3825 = CARTESIAN_POINT('',(-13.68080573302,37.587704831436,1.4));
#3826 = DIRECTION('',(-0.,-0.,-1.));
#3827 = DIRECTION('',(1.,0.,0.));
#3828 = DEFINITIONAL_REPRESENTATION('',(#3829),#3833);
#3829 = LINE('',#3830,#3831);
#3830 = CARTESIAN_POINT('',(-4.138911435803E-13,-4.6));
#3831 = VECTOR('',#3832,1.);
#3832 = DIRECTION('',(1.,-0.));
#3833 = ( GEOMETRIC_REPRESENTATION_CONTEXT(2) 
PARAMETRIC_REPRESENTATION_CONTEXT() REPRESENTATION_CONTEXT('2D SPACE',''
  ) );
#3834 = ADVANCED_FACE('',(#3835),#1930,.T.);
#3835 = FACE_BOUND('',#3836,.T.);
#3836 = EDGE_LOOP('',(#3837,#3838,#3839,#3840));
#3837 = ORIENTED_EDGE('',*,*,#1915,.F.);
#3838 = ORIENTED_EDGE('',*,*,#3134,.F.);
#3839 = ORIENTED_EDGE('',*,*,#1974,.T.);
#3840 = ORIENTED_EDGE('',*,*,#3841,.T.);
#3841 = EDGE_CURVE('',#1942,#1916,#3842,.T.);
#3842 = SURFACE_CURVE('',#3843,(#3848,#3855),.PCURVE_S1.);
#3843 = CIRCLE('',#3844,2.65);
#3844 = AXIS2_PLACEMENT_3D('',#3845,#3846,#3847);
#3845 = CARTESIAN_POINT('',(13.680805733027,37.587704831436,1.05));
#3846 = DIRECTION('',(0.,0.,1.));
#3847 = DIRECTION('',(1.,0.,-0.));
#3848 = PCURVE('',#1930,#3849);
#3849 = DEFINITIONAL_REPRESENTATION('',(#3850),#3854);
#3850 = LINE('',#3851,#3852);
#3851 = CARTESIAN_POINT('',(6.28318530718,0.));
#3852 = VECTOR('',#3853,1.);
#3853 = DIRECTION('',(-1.,0.));
#3854 = ( GEOMETRIC_REPRESENTATION_CONTEXT(2) 
PARAMETRIC_REPRESENTATION_CONTEXT() REPRESENTATION_CONTEXT('2D SPACE',''
  ) );
#3855 = PCURVE('',#1958,#3856);
#3856 = DEFINITIONAL_REPRESENTATION('',(#3857),#3861);
#3857 = CIRCLE('',#3858,2.65);
#3858 = AXIS2_PLACEMENT_2D('',#3859,#3860);
#3859 = CARTESIAN_POINT('',(0.,0.));
#3860 = DIRECTION('',(1.,0.));
#3861 = ( GEOMETRIC_REPRESENTATION_CONTEXT(2) 
PARAMETRIC_REPRESENTATION_CONTEXT() REPRESENTATION_CONTEXT('2D SPACE',''
  ) );
#3862 = ADVANCED_FACE('',(#3863),#1958,.F.);
#3863 = FACE_BOUND('',#3864,.F.);
#3864 = EDGE_LOOP('',(#3865,#3866));
#3865 = ORIENTED_EDGE('',*,*,#3841,.T.);
#3866 = ORIENTED_EDGE('',*,*,#1941,.T.);
#3867 = ADVANCED_FACE('',(#3868),#1756,.T.);
#3868 = FACE_BOUND('',#3869,.T.);
#3869 = EDGE_LOOP('',(#3870,#3871,#3872,#3873));
#3870 = ORIENTED_EDGE('',*,*,#1741,.F.);
#3871 = ORIENTED_EDGE('',*,*,#3422,.F.);
#3872 = ORIENTED_EDGE('',*,*,#1800,.T.);
#3873 = ORIENTED_EDGE('',*,*,#3874,.T.);
#3874 = EDGE_CURVE('',#1768,#1742,#3875,.T.);
#3875 = SURFACE_CURVE('',#3876,(#3881,#3888),.PCURVE_S1.);
#3876 = CIRCLE('',#3877,2.65);
#3877 = AXIS2_PLACEMENT_3D('',#3878,#3879,#3880);
#3878 = CARTESIAN_POINT('',(-13.68080573302,37.587704831436,1.05));
#3879 = DIRECTION('',(0.,0.,1.));
#3880 = DIRECTION('',(1.,0.,-0.));
#3881 = PCURVE('',#1756,#3882);
#3882 = DEFINITIONAL_REPRESENTATION('',(#3883),#3887);
#3883 = LINE('',#3884,#3885);
#3884 = CARTESIAN_POINT('',(6.28318530718,0.));
#3885 = VECTOR('',#3886,1.);
#3886 = DIRECTION('',(-1.,0.));
#3887 = ( GEOMETRIC_REPRESENTATION_CONTEXT(2) 
PARAMETRIC_REPRESENTATION_CONTEXT() REPRESENTATION_CONTEXT('2D SPACE',''
  ) );
#3888 = PCURVE('',#1784,#3889);
#3889 = DEFINITIONAL_REPRESENTATION('',(#3890),#3894);
#3890 = CIRCLE('',#3891,2.65);
#3891 = AXIS2_PLACEMENT_2D('',#3892,#3893);
#3892 = CARTESIAN_POINT('',(0.,0.));
#3893 = DIRECTION('',(1.,0.));
#3894 = ( GEOMETRIC_REPRESENTATION_CONTEXT(2) 
PARAMETRIC_REPRESENTATION_CONTEXT() REPRESENTATION_CONTEXT('2D SPACE',''
  ) );
#3895 = ADVANCED_FACE('',(#3896),#1784,.F.);
#3896 = FACE_BOUND('',#3897,.F.);
#3897 = EDGE_LOOP('',(#3898,#3899));
#3898 = ORIENTED_EDGE('',*,*,#1767,.T.);
#3899 = ORIENTED_EDGE('',*,*,#3874,.T.);
#3900 = ADVANCED_FACE('',(#3901),#1664,.T.);
#3901 = FACE_BOUND('',#3902,.T.);
#3902 = EDGE_LOOP('',(#3903,#3926,#3927,#3928,#3951,#3979,#4006,#4032));
#3903 = ORIENTED_EDGE('',*,*,#3904,.F.);
#3904 = EDGE_CURVE('',#3656,#3905,#3907,.T.);
#3905 = VERTEX_POINT('',#3906);
#3906 = CARTESIAN_POINT('',(-38.1,15.,6.25));
#3907 = SURFACE_CURVE('',#3908,(#3912,#3919),.PCURVE_S1.);
#3908 = LINE('',#3909,#3910);
#3909 = CARTESIAN_POINT('',(-38.1,15.,3.8));
#3910 = VECTOR('',#3911,1.);
#3911 = DIRECTION('',(0.,0.,1.));
#3912 = PCURVE('',#1664,#3913);
#3913 = DEFINITIONAL_REPRESENTATION('',(#3914),#3918);
#3914 = LINE('',#3915,#3916);
#3915 = CARTESIAN_POINT('',(0.,6.4));
#3916 = VECTOR('',#3917,1.);
#3917 = DIRECTION('',(1.,0.));
#3918 = ( GEOMETRIC_REPRESENTATION_CONTEXT(2) 
PARAMETRIC_REPRESENTATION_CONTEXT() REPRESENTATION_CONTEXT('2D SPACE',''
  ) );
#3919 = PCURVE('',#3691,#3920);
#3920 = DEFINITIONAL_REPRESENTATION('',(#3921),#3925);
#3921 = LINE('',#3922,#3923);
#3922 = CARTESIAN_POINT('',(0.,-31.));
#3923 = VECTOR('',#3924,1.);
#3924 = DIRECTION('',(1.,0.));
#3925 = ( GEOMETRIC_REPRESENTATION_CONTEXT(2) 
PARAMETRIC_REPRESENTATION_CONTEXT() REPRESENTATION_CONTEXT('2D SPACE',''
  ) );
#3926 = ORIENTED_EDGE('',*,*,#3655,.T.);
#3927 = ORIENTED_EDGE('',*,*,#1649,.T.);
#3928 = ORIENTED_EDGE('',*,*,#3929,.F.);
#3929 = EDGE_CURVE('',#3930,#1589,#3932,.T.);
#3930 = VERTEX_POINT('',#3931);
#3931 = CARTESIAN_POINT('',(-44.5,15.,4.9));
#3932 = SURFACE_CURVE('',#3933,(#3937,#3944),.PCURVE_S1.);
#3933 = LINE('',#3934,#3935);
#3934 = CARTESIAN_POINT('',(-44.5,15.,4.9));
#3935 = VECTOR('',#3936,1.);
#3936 = DIRECTION('',(1.,0.,0.));
#3937 = PCURVE('',#1664,#3938);
#3938 = DEFINITIONAL_REPRESENTATION('',(#3939),#3943);
#3939 = LINE('',#3940,#3941);
#3940 = CARTESIAN_POINT('',(1.1,0.));
#3941 = VECTOR('',#3942,1.);
#3942 = DIRECTION('',(0.,1.));
#3943 = ( GEOMETRIC_REPRESENTATION_CONTEXT(2) 
PARAMETRIC_REPRESENTATION_CONTEXT() REPRESENTATION_CONTEXT('2D SPACE',''
  ) );
#3944 = PCURVE('',#1626,#3945);
#3945 = DEFINITIONAL_REPRESENTATION('',(#3946),#3950);
#3946 = LINE('',#3947,#3948);
#3947 = CARTESIAN_POINT('',(-0.,0.));
#3948 = VECTOR('',#3949,1.);
#3949 = DIRECTION('',(-0.,1.));
#3950 = ( GEOMETRIC_REPRESENTATION_CONTEXT(2) 
PARAMETRIC_REPRESENTATION_CONTEXT() REPRESENTATION_CONTEXT('2D SPACE',''
  ) );
#3951 = ORIENTED_EDGE('',*,*,#3952,.T.);
#3952 = EDGE_CURVE('',#3930,#3953,#3955,.T.);
#3953 = VERTEX_POINT('',#3954);
#3954 = CARTESIAN_POINT('',(-44.5,15.,6.65));
#3955 = SURFACE_CURVE('',#3956,(#3960,#3967),.PCURVE_S1.);
#3956 = LINE('',#3957,#3958);
#3957 = CARTESIAN_POINT('',(-44.5,15.,3.8));
#3958 = VECTOR('',#3959,1.);
#3959 = DIRECTION('',(0.,0.,1.));
#3960 = PCURVE('',#1664,#3961);
#3961 = DEFINITIONAL_REPRESENTATION('',(#3962),#3966);
#3962 = LINE('',#3963,#3964);
#3963 = CARTESIAN_POINT('',(0.,0.));
#3964 = VECTOR('',#3965,1.);
#3965 = DIRECTION('',(1.,0.));
#3966 = ( GEOMETRIC_REPRESENTATION_CONTEXT(2) 
PARAMETRIC_REPRESENTATION_CONTEXT() REPRESENTATION_CONTEXT('2D SPACE',''
  ) );
#3967 = PCURVE('',#3968,#3973);
#3968 = PLANE('',#3969);
#3969 = AXIS2_PLACEMENT_3D('',#3970,#3971,#3972);
#3970 = CARTESIAN_POINT('',(-44.5,-16.,3.8));
#3971 = DIRECTION('',(1.,0.,0.));
#3972 = DIRECTION('',(0.,0.,1.));
#3973 = DEFINITIONAL_REPRESENTATION('',(#3974),#3978);
#3974 = LINE('',#3975,#3976);
#3975 = CARTESIAN_POINT('',(0.,-31.));
#3976 = VECTOR('',#3977,1.);
#3977 = DIRECTION('',(1.,0.));
#3978 = ( GEOMETRIC_REPRESENTATION_CONTEXT(2) 
PARAMETRIC_REPRESENTATION_CONTEXT() REPRESENTATION_CONTEXT('2D SPACE',''
  ) );
#3979 = ORIENTED_EDGE('',*,*,#3980,.T.);
#3980 = EDGE_CURVE('',#3953,#3981,#3983,.T.);
#3981 = VERTEX_POINT('',#3982);
#3982 = CARTESIAN_POINT('',(-39.76493430146,15.,6.65));
#3983 = SURFACE_CURVE('',#3984,(#3988,#3994),.PCURVE_S1.);
#3984 = LINE('',#3985,#3986);
#3985 = CARTESIAN_POINT('',(-59.75,15.,6.65));
#3986 = VECTOR('',#3987,1.);
#3987 = DIRECTION('',(1.,0.,0.));
#3988 = PCURVE('',#1664,#3989);
#3989 = DEFINITIONAL_REPRESENTATION('',(#3990),#3993);
#3990 = B_SPLINE_CURVE_WITH_KNOTS('',1,(#3991,#3992),.UNSPECIFIED.,.F.,
  .F.,(2,2),(15.25,21.65),.PIECEWISE_BEZIER_KNOTS.);
#3991 = CARTESIAN_POINT('',(2.85,0.));
#3992 = CARTESIAN_POINT('',(2.85,6.4));
#3993 = ( GEOMETRIC_REPRESENTATION_CONTEXT(2) 
PARAMETRIC_REPRESENTATION_CONTEXT() REPRESENTATION_CONTEXT('2D SPACE',''
  ) );
#3994 = PCURVE('',#3995,#4000);
#3995 = PLANE('',#3996);
#3996 = AXIS2_PLACEMENT_3D('',#3997,#3998,#3999);
#3997 = CARTESIAN_POINT('',(-75.,-75.,6.65));
#3998 = DIRECTION('',(0.,0.,1.));
#3999 = DIRECTION('',(1.,0.,0.));
#4000 = DEFINITIONAL_REPRESENTATION('',(#4001),#4005);
#4001 = LINE('',#4002,#4003);
#4002 = CARTESIAN_POINT('',(15.25,90.));
#4003 = VECTOR('',#4004,1.);
#4004 = DIRECTION('',(1.,0.));
#4005 = ( GEOMETRIC_REPRESENTATION_CONTEXT(2) 
PARAMETRIC_REPRESENTATION_CONTEXT() REPRESENTATION_CONTEXT('2D SPACE',''
  ) );
#4006 = ORIENTED_EDGE('',*,*,#4007,.T.);
#4007 = EDGE_CURVE('',#3981,#4008,#4010,.T.);
#4008 = VERTEX_POINT('',#4009);
#4009 = CARTESIAN_POINT('',(-39.76493430146,15.,6.25));
#4010 = SURFACE_CURVE('',#4011,(#4015,#4021),.PCURVE_S1.);
#4011 = LINE('',#4012,#4013);
#4012 = CARTESIAN_POINT('',(-39.76493430146,15.,6.25));
#4013 = VECTOR('',#4014,1.);
#4014 = DIRECTION('',(-0.,-0.,-1.));
#4015 = PCURVE('',#1664,#4016);
#4016 = DEFINITIONAL_REPRESENTATION('',(#4017),#4020);
#4017 = B_SPLINE_CURVE_WITH_KNOTS('',1,(#4018,#4019),.UNSPECIFIED.,.F.,
  .F.,(2,2),(-0.575,5.999999999062E-07),.PIECEWISE_BEZIER_KNOTS.);
#4018 = CARTESIAN_POINT('',(3.025,4.735065698533));
#4019 = CARTESIAN_POINT('',(2.4499994,4.735065698533));
#4020 = ( GEOMETRIC_REPRESENTATION_CONTEXT(2) 
PARAMETRIC_REPRESENTATION_CONTEXT() REPRESENTATION_CONTEXT('2D SPACE',''
  ) );
#4021 = PCURVE('',#4022,#4027);
#4022 = CYLINDRICAL_SURFACE('',#4023,42.5);
#4023 = AXIS2_PLACEMENT_3D('',#4024,#4025,#4026);
#4024 = CARTESIAN_POINT('',(0.,0.,6.25));
#4025 = DIRECTION('',(-0.,-0.,-1.));
#4026 = DIRECTION('',(1.,0.,0.));
#4027 = DEFINITIONAL_REPRESENTATION('',(#4028),#4031);
#4028 = B_SPLINE_CURVE_WITH_KNOTS('',1,(#4029,#4030),.UNSPECIFIED.,.F.,
  .F.,(2,2),(-0.575,5.999999999062E-07),.PIECEWISE_BEZIER_KNOTS.);
#4029 = CARTESIAN_POINT('',(-2.780879933226,-0.575));
#4030 = CARTESIAN_POINT('',(-2.780879933226,5.999999999062E-07));
#4031 = ( GEOMETRIC_REPRESENTATION_CONTEXT(2) 
PARAMETRIC_REPRESENTATION_CONTEXT() REPRESENTATION_CONTEXT('2D SPACE',''
  ) );
#4032 = ORIENTED_EDGE('',*,*,#4033,.T.);
#4033 = EDGE_CURVE('',#4008,#3905,#4034,.T.);
#4034 = SURFACE_CURVE('',#4035,(#4039,#4045),.PCURVE_S1.);
#4035 = LINE('',#4036,#4037);
#4036 = CARTESIAN_POINT('',(-22.25,15.,6.25));
#4037 = VECTOR('',#4038,1.);
#4038 = DIRECTION('',(1.,0.,0.));
#4039 = PCURVE('',#1664,#4040);
#4040 = DEFINITIONAL_REPRESENTATION('',(#4041),#4044);
#4041 = B_SPLINE_CURVE_WITH_KNOTS('',1,(#4042,#4043),.UNSPECIFIED.,.F.,
  .F.,(2,2),(-17.87792045446,-15.85),.PIECEWISE_BEZIER_KNOTS.);
#4042 = CARTESIAN_POINT('',(2.45,4.372079545533));
#4043 = CARTESIAN_POINT('',(2.45,6.4));
#4044 = ( GEOMETRIC_REPRESENTATION_CONTEXT(2) 
PARAMETRIC_REPRESENTATION_CONTEXT() REPRESENTATION_CONTEXT('2D SPACE',''
  ) );
#4045 = PCURVE('',#4046,#4051);
#4046 = PLANE('',#4047);
#4047 = AXIS2_PLACEMENT_3D('',#4048,#4049,#4050);
#4048 = CARTESIAN_POINT('',(-4.118407928589E-15,3.242876655026E-16,6.25)
  );
#4049 = DIRECTION('',(0.,0.,1.));
#4050 = DIRECTION('',(1.,0.,-0.));
#4051 = DEFINITIONAL_REPRESENTATION('',(#4052),#4055);
#4052 = B_SPLINE_CURVE_WITH_KNOTS('',1,(#4053,#4054),.UNSPECIFIED.,.F.,
  .F.,(2,2),(-17.87792045446,-15.85),.PIECEWISE_BEZIER_KNOTS.);
#4053 = CARTESIAN_POINT('',(-40.12792045446,15.));
#4054 = CARTESIAN_POINT('',(-38.1,15.));
#4055 = ( GEOMETRIC_REPRESENTATION_CONTEXT(2) 
PARAMETRIC_REPRESENTATION_CONTEXT() REPRESENTATION_CONTEXT('2D SPACE',''
  ) );
#4056 = ADVANCED_FACE('',(#4057),#1626,.T.);
#4057 = FACE_BOUND('',#4058,.F.);
#4058 = EDGE_LOOP('',(#4059,#4060,#4088,#4109));
#4059 = ORIENTED_EDGE('',*,*,#3929,.F.);
#4060 = ORIENTED_EDGE('',*,*,#4061,.T.);
#4061 = EDGE_CURVE('',#3930,#4062,#4064,.T.);
#4062 = VERTEX_POINT('',#4063);
#4063 = CARTESIAN_POINT('',(-44.5,13.9,3.8));
#4064 = SURFACE_CURVE('',#4065,(#4070,#4077),.PCURVE_S1.);
#4065 = CIRCLE('',#4066,1.1);
#4066 = AXIS2_PLACEMENT_3D('',#4067,#4068,#4069);
#4067 = CARTESIAN_POINT('',(-44.5,13.9,4.9));
#4068 = DIRECTION('',(-1.,0.,-0.));
#4069 = DIRECTION('',(-0.,0.,1.));
#4070 = PCURVE('',#1626,#4071);
#4071 = DEFINITIONAL_REPRESENTATION('',(#4072),#4076);
#4072 = LINE('',#4073,#4074);
#4073 = CARTESIAN_POINT('',(1.570796326795,-0.));
#4074 = VECTOR('',#4075,1.);
#4075 = DIRECTION('',(-1.,0.));
#4076 = ( GEOMETRIC_REPRESENTATION_CONTEXT(2) 
PARAMETRIC_REPRESENTATION_CONTEXT() REPRESENTATION_CONTEXT('2D SPACE',''
  ) );
#4077 = PCURVE('',#3968,#4078);
#4078 = DEFINITIONAL_REPRESENTATION('',(#4079),#4087);
#4079 = ( BOUNDED_CURVE() B_SPLINE_CURVE(2,(#4080,#4081,#4082,#4083,
#4084,#4085,#4086),.UNSPECIFIED.,.T.,.F.) B_SPLINE_CURVE_WITH_KNOTS((1,2
    ,2,2,2,1),(-2.094395102393,0.,2.094395102393,4.188790204786,
6.28318530718,8.377580409573),.UNSPECIFIED.) CURVE() 
GEOMETRIC_REPRESENTATION_ITEM() RATIONAL_B_SPLINE_CURVE((1.,0.5,1.,0.5,
1.,0.5,1.)) REPRESENTATION_ITEM('') );
#4080 = CARTESIAN_POINT('',(2.2,-29.9));
#4081 = CARTESIAN_POINT('',(2.2,-31.80525588832));
#4082 = CARTESIAN_POINT('',(0.55,-30.85262794416));
#4083 = CARTESIAN_POINT('',(-1.1,-29.9));
#4084 = CARTESIAN_POINT('',(0.55,-28.94737205583));
#4085 = CARTESIAN_POINT('',(2.2,-27.99474411167));
#4086 = CARTESIAN_POINT('',(2.2,-29.9));
#4087 = ( GEOMETRIC_REPRESENTATION_CONTEXT(2) 
PARAMETRIC_REPRESENTATION_CONTEXT() REPRESENTATION_CONTEXT('2D SPACE',''
  ) );
#4088 = ORIENTED_EDGE('',*,*,#4089,.T.);
#4089 = EDGE_CURVE('',#4062,#1556,#4090,.T.);
#4090 = SURFACE_CURVE('',#4091,(#4095,#4102),.PCURVE_S1.);
#4091 = LINE('',#4092,#4093);
#4092 = CARTESIAN_POINT('',(-44.5,13.9,3.8));
#4093 = VECTOR('',#4094,1.);
#4094 = DIRECTION('',(1.,0.,0.));
#4095 = PCURVE('',#1626,#4096);
#4096 = DEFINITIONAL_REPRESENTATION('',(#4097),#4101);
#4097 = LINE('',#4098,#4099);
#4098 = CARTESIAN_POINT('',(-1.570796326795,0.));
#4099 = VECTOR('',#4100,1.);
#4100 = DIRECTION('',(-0.,1.));
#4101 = ( GEOMETRIC_REPRESENTATION_CONTEXT(2) 
PARAMETRIC_REPRESENTATION_CONTEXT() REPRESENTATION_CONTEXT('2D SPACE',''
  ) );
#4102 = PCURVE('',#1572,#4103);
#4103 = DEFINITIONAL_REPRESENTATION('',(#4104),#4108);
#4104 = LINE('',#4105,#4106);
#4105 = CARTESIAN_POINT('',(0.,29.9));
#4106 = VECTOR('',#4107,1.);
#4107 = DIRECTION('',(1.,0.));
#4108 = ( GEOMETRIC_REPRESENTATION_CONTEXT(2) 
PARAMETRIC_REPRESENTATION_CONTEXT() REPRESENTATION_CONTEXT('2D SPACE',''
  ) );
#4109 = ORIENTED_EDGE('',*,*,#1588,.F.);
#4110 = ADVANCED_FACE('',(#4111),#1572,.F.);
#4111 = FACE_BOUND('',#4112,.F.);
#4112 = EDGE_LOOP('',(#4113,#4136,#4157,#4158));
#4113 = ORIENTED_EDGE('',*,*,#4114,.F.);
#4114 = EDGE_CURVE('',#4115,#4062,#4117,.T.);
#4115 = VERTEX_POINT('',#4116);
#4116 = CARTESIAN_POINT('',(-44.5,-14.9,3.8));
#4117 = SURFACE_CURVE('',#4118,(#4122,#4129),.PCURVE_S1.);
#4118 = LINE('',#4119,#4120);
#4119 = CARTESIAN_POINT('',(-44.5,-14.9,3.8));
#4120 = VECTOR('',#4121,1.);
#4121 = DIRECTION('',(0.,1.,0.));
#4122 = PCURVE('',#1572,#4123);
#4123 = DEFINITIONAL_REPRESENTATION('',(#4124),#4128);
#4124 = LINE('',#4125,#4126);
#4125 = CARTESIAN_POINT('',(0.,1.1));
#4126 = VECTOR('',#4127,1.);
#4127 = DIRECTION('',(0.,1.));
#4128 = ( GEOMETRIC_REPRESENTATION_CONTEXT(2) 
PARAMETRIC_REPRESENTATION_CONTEXT() REPRESENTATION_CONTEXT('2D SPACE',''
  ) );
#4129 = PCURVE('',#3968,#4130);
#4130 = DEFINITIONAL_REPRESENTATION('',(#4131),#4135);
#4131 = LINE('',#4132,#4133);
#4132 = CARTESIAN_POINT('',(-4.440892098501E-16,-1.1));
#4133 = VECTOR('',#4134,1.);
#4134 = DIRECTION('',(0.,-1.));
#4135 = ( GEOMETRIC_REPRESENTATION_CONTEXT(2) 
PARAMETRIC_REPRESENTATION_CONTEXT() REPRESENTATION_CONTEXT('2D SPACE',''
  ) );
#4136 = ORIENTED_EDGE('',*,*,#4137,.T.);
#4137 = EDGE_CURVE('',#4115,#1486,#4138,.T.);
#4138 = SURFACE_CURVE('',#4139,(#4143,#4150),.PCURVE_S1.);
#4139 = LINE('',#4140,#4141);
#4140 = CARTESIAN_POINT('',(-44.5,-14.9,3.8));
#4141 = VECTOR('',#4142,1.);
#4142 = DIRECTION('',(1.,0.,0.));
#4143 = PCURVE('',#1572,#4144);
#4144 = DEFINITIONAL_REPRESENTATION('',(#4145),#4149);
#4145 = LINE('',#4146,#4147);
#4146 = CARTESIAN_POINT('',(0.,1.1));
#4147 = VECTOR('',#4148,1.);
#4148 = DIRECTION('',(1.,0.));
#4149 = ( GEOMETRIC_REPRESENTATION_CONTEXT(2) 
PARAMETRIC_REPRESENTATION_CONTEXT() REPRESENTATION_CONTEXT('2D SPACE',''
  ) );
#4150 = PCURVE('',#1529,#4151);
#4151 = DEFINITIONAL_REPRESENTATION('',(#4152),#4156);
#4152 = LINE('',#4153,#4154);
#4153 = CARTESIAN_POINT('',(1.570796326795,0.));
#4154 = VECTOR('',#4155,1.);
#4155 = DIRECTION('',(0.,1.));
#4156 = ( GEOMETRIC_REPRESENTATION_CONTEXT(2) 
PARAMETRIC_REPRESENTATION_CONTEXT() REPRESENTATION_CONTEXT('2D SPACE',''
  ) );
#4157 = ORIENTED_EDGE('',*,*,#1555,.T.);
#4158 = ORIENTED_EDGE('',*,*,#4089,.F.);
#4159 = ADVANCED_FACE('',(#4160),#1529,.T.);
#4160 = FACE_BOUND('',#4161,.T.);
#4161 = EDGE_LOOP('',(#4162,#4185,#4207,#4208));
#4162 = ORIENTED_EDGE('',*,*,#4163,.F.);
#4163 = EDGE_CURVE('',#4164,#1460,#4166,.T.);
#4164 = VERTEX_POINT('',#4165);
#4165 = CARTESIAN_POINT('',(-44.5,-16.,4.9));
#4166 = SURFACE_CURVE('',#4167,(#4171,#4178),.PCURVE_S1.);
#4167 = LINE('',#4168,#4169);
#4168 = CARTESIAN_POINT('',(-44.5,-16.,4.9));
#4169 = VECTOR('',#4170,1.);
#4170 = DIRECTION('',(1.,0.,0.));
#4171 = PCURVE('',#1529,#4172);
#4172 = DEFINITIONAL_REPRESENTATION('',(#4173),#4177);
#4173 = LINE('',#4174,#4175);
#4174 = CARTESIAN_POINT('',(0.,0.));
#4175 = VECTOR('',#4176,1.);
#4176 = DIRECTION('',(0.,1.));
#4177 = ( GEOMETRIC_REPRESENTATION_CONTEXT(2) 
PARAMETRIC_REPRESENTATION_CONTEXT() REPRESENTATION_CONTEXT('2D SPACE',''
  ) );
#4178 = PCURVE('',#1474,#4179);
#4179 = DEFINITIONAL_REPRESENTATION('',(#4180),#4184);
#4180 = LINE('',#4181,#4182);
#4181 = CARTESIAN_POINT('',(1.1,0.));
#4182 = VECTOR('',#4183,1.);
#4183 = DIRECTION('',(0.,1.));
#4184 = ( GEOMETRIC_REPRESENTATION_CONTEXT(2) 
PARAMETRIC_REPRESENTATION_CONTEXT() REPRESENTATION_CONTEXT('2D SPACE',''
  ) );
#4185 = ORIENTED_EDGE('',*,*,#4186,.T.);
#4186 = EDGE_CURVE('',#4164,#4115,#4187,.T.);
#4187 = SURFACE_CURVE('',#4188,(#4193,#4200),.PCURVE_S1.);
#4188 = CIRCLE('',#4189,1.1);
#4189 = AXIS2_PLACEMENT_3D('',#4190,#4191,#4192);
#4190 = CARTESIAN_POINT('',(-44.5,-14.9,4.9));
#4191 = DIRECTION('',(1.,0.,0.));
#4192 = DIRECTION('',(-0.,0.,1.));
#4193 = PCURVE('',#1529,#4194);
#4194 = DEFINITIONAL_REPRESENTATION('',(#4195),#4199);
#4195 = LINE('',#4196,#4197);
#4196 = CARTESIAN_POINT('',(-1.570796326795,0.));
#4197 = VECTOR('',#4198,1.);
#4198 = DIRECTION('',(1.,0.));
#4199 = ( GEOMETRIC_REPRESENTATION_CONTEXT(2) 
PARAMETRIC_REPRESENTATION_CONTEXT() REPRESENTATION_CONTEXT('2D SPACE',''
  ) );
#4200 = PCURVE('',#3968,#4201);
#4201 = DEFINITIONAL_REPRESENTATION('',(#4202),#4206);
#4202 = CIRCLE('',#4203,1.1);
#4203 = AXIS2_PLACEMENT_2D('',#4204,#4205);
#4204 = CARTESIAN_POINT('',(1.1,-1.1));
#4205 = DIRECTION('',(1.,0.));
#4206 = ( GEOMETRIC_REPRESENTATION_CONTEXT(2) 
PARAMETRIC_REPRESENTATION_CONTEXT() REPRESENTATION_CONTEXT('2D SPACE',''
  ) );
#4207 = ORIENTED_EDGE('',*,*,#4137,.T.);
#4208 = ORIENTED_EDGE('',*,*,#1485,.F.);
#4209 = ADVANCED_FACE('',(#4210),#1474,.F.);
#4210 = FACE_BOUND('',#4211,.F.);
#4211 = EDGE_LOOP('',(#4212,#4237,#4256,#4257,#4258,#4281,#4308,#4334));
#4212 = ORIENTED_EDGE('',*,*,#4213,.F.);
#4213 = EDGE_CURVE('',#4214,#4216,#4218,.T.);
#4214 = VERTEX_POINT('',#4215);
#4215 = CARTESIAN_POINT('',(-38.1,-16.,6.));
#4216 = VERTEX_POINT('',#4217);
#4217 = CARTESIAN_POINT('',(-38.1,-16.,6.25));
#4218 = SURFACE_CURVE('',#4219,(#4223,#4230),.PCURVE_S1.);
#4219 = LINE('',#4220,#4221);
#4220 = CARTESIAN_POINT('',(-38.1,-16.,3.8));
#4221 = VECTOR('',#4222,1.);
#4222 = DIRECTION('',(0.,0.,1.));
#4223 = PCURVE('',#1474,#4224);
#4224 = DEFINITIONAL_REPRESENTATION('',(#4225),#4229);
#4225 = LINE('',#4226,#4227);
#4226 = CARTESIAN_POINT('',(0.,6.4));
#4227 = VECTOR('',#4228,1.);
#4228 = DIRECTION('',(1.,0.));
#4229 = ( GEOMETRIC_REPRESENTATION_CONTEXT(2) 
PARAMETRIC_REPRESENTATION_CONTEXT() REPRESENTATION_CONTEXT('2D SPACE',''
  ) );
#4230 = PCURVE('',#3691,#4231);
#4231 = DEFINITIONAL_REPRESENTATION('',(#4232),#4236);
#4232 = LINE('',#4233,#4234);
#4233 = CARTESIAN_POINT('',(0.,0.));
#4234 = VECTOR('',#4235,1.);
#4235 = DIRECTION('',(1.,0.));
#4236 = ( GEOMETRIC_REPRESENTATION_CONTEXT(2) 
PARAMETRIC_REPRESENTATION_CONTEXT() REPRESENTATION_CONTEXT('2D SPACE',''
  ) );
#4237 = ORIENTED_EDGE('',*,*,#4238,.T.);
#4238 = EDGE_CURVE('',#4214,#1431,#4239,.T.);
#4239 = SURFACE_CURVE('',#4240,(#4244,#4250),.PCURVE_S1.);
#4240 = LINE('',#4241,#4242);
#4241 = CARTESIAN_POINT('',(-22.25,-16.,6.));
#4242 = VECTOR('',#4243,1.);
#4243 = DIRECTION('',(-1.,0.,0.));
#4244 = PCURVE('',#1474,#4245);
#4245 = DEFINITIONAL_REPRESENTATION('',(#4246),#4249);
#4246 = B_SPLINE_CURVE_WITH_KNOTS('',1,(#4247,#4248),.UNSPECIFIED.,.F.,
  .F.,(2,2),(15.85,17.514934301466),.PIECEWISE_BEZIER_KNOTS.);
#4247 = CARTESIAN_POINT('',(2.2,6.4));
#4248 = CARTESIAN_POINT('',(2.2,4.735065698534));
#4249 = ( GEOMETRIC_REPRESENTATION_CONTEXT(2) 
PARAMETRIC_REPRESENTATION_CONTEXT() REPRESENTATION_CONTEXT('2D SPACE',''
  ) );
#4250 = PCURVE('',#1447,#4251);
#4251 = DEFINITIONAL_REPRESENTATION('',(#4252),#4255);
#4252 = B_SPLINE_CURVE_WITH_KNOTS('',1,(#4253,#4254),.UNSPECIFIED.,.F.,
  .F.,(2,2),(15.85,17.514934301466),.PIECEWISE_BEZIER_KNOTS.);
#4253 = CARTESIAN_POINT('',(-38.1,-16.));
#4254 = CARTESIAN_POINT('',(-39.76493430146,-16.));
#4255 = ( GEOMETRIC_REPRESENTATION_CONTEXT(2) 
PARAMETRIC_REPRESENTATION_CONTEXT() REPRESENTATION_CONTEXT('2D SPACE',''
  ) );
#4256 = ORIENTED_EDGE('',*,*,#1459,.T.);
#4257 = ORIENTED_EDGE('',*,*,#4163,.F.);
#4258 = ORIENTED_EDGE('',*,*,#4259,.T.);
#4259 = EDGE_CURVE('',#4164,#4260,#4262,.T.);
#4260 = VERTEX_POINT('',#4261);
#4261 = CARTESIAN_POINT('',(-44.5,-16.,6.65));
#4262 = SURFACE_CURVE('',#4263,(#4267,#4274),.PCURVE_S1.);
#4263 = LINE('',#4264,#4265);
#4264 = CARTESIAN_POINT('',(-44.5,-16.,3.8));
#4265 = VECTOR('',#4266,1.);
#4266 = DIRECTION('',(0.,0.,1.));
#4267 = PCURVE('',#1474,#4268);
#4268 = DEFINITIONAL_REPRESENTATION('',(#4269),#4273);
#4269 = LINE('',#4270,#4271);
#4270 = CARTESIAN_POINT('',(0.,0.));
#4271 = VECTOR('',#4272,1.);
#4272 = DIRECTION('',(1.,0.));
#4273 = ( GEOMETRIC_REPRESENTATION_CONTEXT(2) 
PARAMETRIC_REPRESENTATION_CONTEXT() REPRESENTATION_CONTEXT('2D SPACE',''
  ) );
#4274 = PCURVE('',#3968,#4275);
#4275 = DEFINITIONAL_REPRESENTATION('',(#4276),#4280);
#4276 = LINE('',#4277,#4278);
#4277 = CARTESIAN_POINT('',(0.,0.));
#4278 = VECTOR('',#4279,1.);
#4279 = DIRECTION('',(1.,0.));
#4280 = ( GEOMETRIC_REPRESENTATION_CONTEXT(2) 
PARAMETRIC_REPRESENTATION_CONTEXT() REPRESENTATION_CONTEXT('2D SPACE',''
  ) );
#4281 = ORIENTED_EDGE('',*,*,#4282,.T.);
#4282 = EDGE_CURVE('',#4260,#4283,#4285,.T.);
#4283 = VERTEX_POINT('',#4284);
#4284 = CARTESIAN_POINT('',(-39.37321424522,-16.,6.65));
#4285 = SURFACE_CURVE('',#4286,(#4290,#4296),.PCURVE_S1.);
#4286 = LINE('',#4287,#4288);
#4287 = CARTESIAN_POINT('',(-59.75,-16.,6.65));
#4288 = VECTOR('',#4289,1.);
#4289 = DIRECTION('',(1.,0.,0.));
#4290 = PCURVE('',#1474,#4291);
#4291 = DEFINITIONAL_REPRESENTATION('',(#4292),#4295);
#4292 = B_SPLINE_CURVE_WITH_KNOTS('',1,(#4293,#4294),.UNSPECIFIED.,.F.,
  .F.,(2,2),(15.25,21.65),.PIECEWISE_BEZIER_KNOTS.);
#4293 = CARTESIAN_POINT('',(2.85,0.));
#4294 = CARTESIAN_POINT('',(2.85,6.4));
#4295 = ( GEOMETRIC_REPRESENTATION_CONTEXT(2) 
PARAMETRIC_REPRESENTATION_CONTEXT() REPRESENTATION_CONTEXT('2D SPACE',''
  ) );
#4296 = PCURVE('',#4297,#4302);
#4297 = PLANE('',#4298);
#4298 = AXIS2_PLACEMENT_3D('',#4299,#4300,#4301);
#4299 = CARTESIAN_POINT('',(-75.,-75.,6.65));
#4300 = DIRECTION('',(0.,0.,1.));
#4301 = DIRECTION('',(1.,0.,0.));
#4302 = DEFINITIONAL_REPRESENTATION('',(#4303),#4307);
#4303 = LINE('',#4304,#4305);
#4304 = CARTESIAN_POINT('',(15.25,59.));
#4305 = VECTOR('',#4306,1.);
#4306 = DIRECTION('',(1.,0.));
#4307 = ( GEOMETRIC_REPRESENTATION_CONTEXT(2) 
PARAMETRIC_REPRESENTATION_CONTEXT() REPRESENTATION_CONTEXT('2D SPACE',''
  ) );
#4308 = ORIENTED_EDGE('',*,*,#4309,.T.);
#4309 = EDGE_CURVE('',#4283,#4310,#4312,.T.);
#4310 = VERTEX_POINT('',#4311);
#4311 = CARTESIAN_POINT('',(-39.37321424522,-16.,6.25));
#4312 = SURFACE_CURVE('',#4313,(#4317,#4323),.PCURVE_S1.);
#4313 = LINE('',#4314,#4315);
#4314 = CARTESIAN_POINT('',(-39.37321424522,-16.,6.25));
#4315 = VECTOR('',#4316,1.);
#4316 = DIRECTION('',(-0.,-0.,-1.));
#4317 = PCURVE('',#1474,#4318);
#4318 = DEFINITIONAL_REPRESENTATION('',(#4319),#4322);
#4319 = B_SPLINE_CURVE_WITH_KNOTS('',1,(#4320,#4321),.UNSPECIFIED.,.F.,
  .F.,(2,2),(-0.575,5.999999999062E-07),.PIECEWISE_BEZIER_KNOTS.);
#4320 = CARTESIAN_POINT('',(3.025,5.12678575478));
#4321 = CARTESIAN_POINT('',(2.4499994,5.12678575478));
#4322 = ( GEOMETRIC_REPRESENTATION_CONTEXT(2) 
PARAMETRIC_REPRESENTATION_CONTEXT() REPRESENTATION_CONTEXT('2D SPACE',''
  ) );
#4323 = PCURVE('',#4324,#4329);
#4324 = CYLINDRICAL_SURFACE('',#4325,42.5);
#4325 = AXIS2_PLACEMENT_3D('',#4326,#4327,#4328);
#4326 = CARTESIAN_POINT('',(0.,0.,6.25));
#4327 = DIRECTION('',(-0.,-0.,-1.));
#4328 = DIRECTION('',(1.,0.,0.));
#4329 = DEFINITIONAL_REPRESENTATION('',(#4330),#4333);
#4330 = B_SPLINE_CURVE_WITH_KNOTS('',1,(#4331,#4332),.UNSPECIFIED.,.F.,
  .F.,(2,2),(-0.575,5.999999999062E-07),.PIECEWISE_BEZIER_KNOTS.);
#4331 = CARTESIAN_POINT('',(-3.527576290686,-0.575));
#4332 = CARTESIAN_POINT('',(-3.527576290686,5.999999999062E-07));
#4333 = ( GEOMETRIC_REPRESENTATION_CONTEXT(2) 
PARAMETRIC_REPRESENTATION_CONTEXT() REPRESENTATION_CONTEXT('2D SPACE',''
  ) );
#4334 = ORIENTED_EDGE('',*,*,#4335,.T.);
#4335 = EDGE_CURVE('',#4310,#4216,#4336,.T.);
#4336 = SURFACE_CURVE('',#4337,(#4341,#4347),.PCURVE_S1.);
#4337 = LINE('',#4338,#4339);
#4338 = CARTESIAN_POINT('',(-22.25,-16.,6.25));
#4339 = VECTOR('',#4340,1.);
#4340 = DIRECTION('',(1.,0.,0.));
#4341 = PCURVE('',#1474,#4342);
#4342 = DEFINITIONAL_REPRESENTATION('',(#4343),#4346);
#4343 = B_SPLINE_CURVE_WITH_KNOTS('',1,(#4344,#4345),.UNSPECIFIED.,.F.,
  .F.,(2,2),(-17.51493430146,-15.85),.PIECEWISE_BEZIER_KNOTS.);
#4344 = CARTESIAN_POINT('',(2.45,4.735065698533));
#4345 = CARTESIAN_POINT('',(2.45,6.4));
#4346 = ( GEOMETRIC_REPRESENTATION_CONTEXT(2) 
PARAMETRIC_REPRESENTATION_CONTEXT() REPRESENTATION_CONTEXT('2D SPACE',''
  ) );
#4347 = PCURVE('',#4348,#4353);
#4348 = PLANE('',#4349);
#4349 = AXIS2_PLACEMENT_3D('',#4350,#4351,#4352);
#4350 = CARTESIAN_POINT('',(-4.118407928589E-15,3.242876655026E-16,6.25)
  );
#4351 = DIRECTION('',(0.,0.,1.));
#4352 = DIRECTION('',(1.,0.,-0.));
#4353 = DEFINITIONAL_REPRESENTATION('',(#4354),#4357);
#4354 = B_SPLINE_CURVE_WITH_KNOTS('',1,(#4355,#4356),.UNSPECIFIED.,.F.,
  .F.,(2,2),(-17.51493430146,-15.85),.PIECEWISE_BEZIER_KNOTS.);
#4355 = CARTESIAN_POINT('',(-39.76493430146,-16.));
#4356 = CARTESIAN_POINT('',(-38.1,-16.));
#4357 = ( GEOMETRIC_REPRESENTATION_CONTEXT(2) 
PARAMETRIC_REPRESENTATION_CONTEXT() REPRESENTATION_CONTEXT('2D SPACE',''
  ) );
#4358 = ADVANCED_FACE('',(#4359),#1447,.T.);
#4359 = FACE_BOUND('',#4360,.T.);
#4360 = EDGE_LOOP('',(#4361,#4389,#4417,#4445,#4465,#4466));
#4361 = ORIENTED_EDGE('',*,*,#4362,.T.);
#4362 = EDGE_CURVE('',#1408,#4363,#4365,.T.);
#4363 = VERTEX_POINT('',#4364);
#4364 = CARTESIAN_POINT('',(-32.83775620348,-21.68188800637,6.));
#4365 = SURFACE_CURVE('',#4366,(#4370,#4377),.PCURVE_S1.);
#4366 = LINE('',#4367,#4368);
#4367 = CARTESIAN_POINT('',(-15.01444291425,-3.225306803189,6.));
#4368 = VECTOR('',#4369,1.);
#4369 = DIRECTION('',(0.694658370459,0.719339800339,-0.));
#4370 = PCURVE('',#1447,#4371);
#4371 = DEFINITIONAL_REPRESENTATION('',(#4372),#4376);
#4372 = LINE('',#4373,#4374);
#4373 = CARTESIAN_POINT('',(-15.01444291425,-3.225306803189));
#4374 = VECTOR('',#4375,1.);
#4375 = DIRECTION('',(0.694658370459,0.719339800339));
#4376 = ( GEOMETRIC_REPRESENTATION_CONTEXT(2) 
PARAMETRIC_REPRESENTATION_CONTEXT() REPRESENTATION_CONTEXT('2D SPACE',''
  ) );
#4377 = PCURVE('',#4378,#4383);
#4378 = PLANE('',#4379);
#4379 = AXIS2_PLACEMENT_3D('',#4380,#4381,#4382);
#4380 = CARTESIAN_POINT('',(-4.118407928589E-15,3.242876655026E-16,6.));
#4381 = DIRECTION('',(0.,0.,1.));
#4382 = DIRECTION('',(1.,0.,-0.));
#4383 = DEFINITIONAL_REPRESENTATION('',(#4384),#4388);
#4384 = LINE('',#4385,#4386);
#4385 = CARTESIAN_POINT('',(-15.01444291425,-3.225306803189));
#4386 = VECTOR('',#4387,1.);
#4387 = DIRECTION('',(0.694658370459,0.719339800339));
#4388 = ( GEOMETRIC_REPRESENTATION_CONTEXT(2) 
PARAMETRIC_REPRESENTATION_CONTEXT() REPRESENTATION_CONTEXT('2D SPACE',''
  ) );
#4389 = ORIENTED_EDGE('',*,*,#4390,.T.);
#4390 = EDGE_CURVE('',#4363,#4391,#4393,.T.);
#4391 = VERTEX_POINT('',#4392);
#4392 = CARTESIAN_POINT('',(-36.37887436411,-15.,6.));
#4393 = SURFACE_CURVE('',#4394,(#4399,#4410),.PCURVE_S1.);
#4394 = CIRCLE('',#4395,39.35);
#4395 = AXIS2_PLACEMENT_3D('',#4396,#4397,#4398);
#4396 = CARTESIAN_POINT('',(0.,0.,6.));
#4397 = DIRECTION('',(0.,0.,-1.));
#4398 = DIRECTION('',(0.40212044906,0.915586776034,0.));
#4399 = PCURVE('',#1447,#4400);
#4400 = DEFINITIONAL_REPRESENTATION('',(#4401),#4409);
#4401 = ( BOUNDED_CURVE() B_SPLINE_CURVE(2,(#4402,#4403,#4404,#4405,
#4406,#4407,#4408),.UNSPECIFIED.,.T.,.F.) B_SPLINE_CURVE_WITH_KNOTS((1,2
    ,2,2,2,1),(-2.094395102393,0.,2.094395102393,4.188790204786,
6.28318530718,8.377580409573),.UNSPECIFIED.) CURVE() 
GEOMETRIC_REPRESENTATION_ITEM() RATIONAL_B_SPLINE_CURVE((1.,0.5,1.,0.5,
1.,0.5,1.)) REPRESENTATION_ITEM('') );
#4402 = CARTESIAN_POINT('',(15.823439670507,36.028339636928));
#4403 = CARTESIAN_POINT('',(78.226354434014,8.62133817711));
#4404 = CARTESIAN_POINT('',(23.2897375465,-31.71767054837));
#4405 = CARTESIAN_POINT('',(-31.64687934101,-72.05667927385));
#4406 = CARTESIAN_POINT('',(-39.113177217,-4.310669088555));
#4407 = CARTESIAN_POINT('',(-46.579475093,63.435341096746));
#4408 = CARTESIAN_POINT('',(15.823439670507,36.028339636928));
#4409 = ( GEOMETRIC_REPRESENTATION_CONTEXT(2) 
PARAMETRIC_REPRESENTATION_CONTEXT() REPRESENTATION_CONTEXT('2D SPACE',''
  ) );
#4410 = PCURVE('',#3490,#4411);
#4411 = DEFINITIONAL_REPRESENTATION('',(#4412),#4416);
#4412 = LINE('',#4413,#4414);
#4413 = CARTESIAN_POINT('',(-1.156964709811,-4.95));
#4414 = VECTOR('',#4415,1.);
#4415 = DIRECTION('',(1.,-0.));
#4416 = ( GEOMETRIC_REPRESENTATION_CONTEXT(2) 
PARAMETRIC_REPRESENTATION_CONTEXT() REPRESENTATION_CONTEXT('2D SPACE',''
  ) );
#4417 = ORIENTED_EDGE('',*,*,#4418,.T.);
#4418 = EDGE_CURVE('',#4391,#4419,#4421,.T.);
#4419 = VERTEX_POINT('',#4420);
#4420 = CARTESIAN_POINT('',(-38.1,-15.,6.));
#4421 = SURFACE_CURVE('',#4422,(#4426,#4433),.PCURVE_S1.);
#4422 = LINE('',#4423,#4424);
#4423 = CARTESIAN_POINT('',(-28.25,-15.,6.));
#4424 = VECTOR('',#4425,1.);
#4425 = DIRECTION('',(-1.,0.,0.));
#4426 = PCURVE('',#1447,#4427);
#4427 = DEFINITIONAL_REPRESENTATION('',(#4428),#4432);
#4428 = LINE('',#4429,#4430);
#4429 = CARTESIAN_POINT('',(-28.25,-15.));
#4430 = VECTOR('',#4431,1.);
#4431 = DIRECTION('',(-1.,0.));
#4432 = ( GEOMETRIC_REPRESENTATION_CONTEXT(2) 
PARAMETRIC_REPRESENTATION_CONTEXT() REPRESENTATION_CONTEXT('2D SPACE',''
  ) );
#4433 = PCURVE('',#4434,#4439);
#4434 = PLANE('',#4435);
#4435 = AXIS2_PLACEMENT_3D('',#4436,#4437,#4438);
#4436 = CARTESIAN_POINT('',(-56.5,-15.,4.2));
#4437 = DIRECTION('',(0.,1.,0.));
#4438 = DIRECTION('',(0.,-0.,1.));
#4439 = DEFINITIONAL_REPRESENTATION('',(#4440),#4444);
#4440 = LINE('',#4441,#4442);
#4441 = CARTESIAN_POINT('',(1.8,28.25));
#4442 = VECTOR('',#4443,1.);
#4443 = DIRECTION('',(0.,-1.));
#4444 = ( GEOMETRIC_REPRESENTATION_CONTEXT(2) 
PARAMETRIC_REPRESENTATION_CONTEXT() REPRESENTATION_CONTEXT('2D SPACE',''
  ) );
#4445 = ORIENTED_EDGE('',*,*,#4446,.F.);
#4446 = EDGE_CURVE('',#4214,#4419,#4447,.T.);
#4447 = SURFACE_CURVE('',#4448,(#4452,#4458),.PCURVE_S1.);
#4448 = LINE('',#4449,#4450);
#4449 = CARTESIAN_POINT('',(-38.1,-8.,6.));
#4450 = VECTOR('',#4451,1.);
#4451 = DIRECTION('',(0.,1.,0.));
#4452 = PCURVE('',#1447,#4453);
#4453 = DEFINITIONAL_REPRESENTATION('',(#4454),#4457);
#4454 = B_SPLINE_CURVE_WITH_KNOTS('',1,(#4455,#4456),.UNSPECIFIED.,.F.,
  .F.,(2,2),(-8.,-7.),.PIECEWISE_BEZIER_KNOTS.);
#4455 = CARTESIAN_POINT('',(-38.1,-16.));
#4456 = CARTESIAN_POINT('',(-38.1,-15.));
#4457 = ( GEOMETRIC_REPRESENTATION_CONTEXT(2) 
PARAMETRIC_REPRESENTATION_CONTEXT() REPRESENTATION_CONTEXT('2D SPACE',''
  ) );
#4458 = PCURVE('',#3691,#4459);
#4459 = DEFINITIONAL_REPRESENTATION('',(#4460),#4464);
#4460 = LINE('',#4461,#4462);
#4461 = CARTESIAN_POINT('',(2.2,-8.));
#4462 = VECTOR('',#4463,1.);
#4463 = DIRECTION('',(0.,-1.));
#4464 = ( GEOMETRIC_REPRESENTATION_CONTEXT(2) 
PARAMETRIC_REPRESENTATION_CONTEXT() REPRESENTATION_CONTEXT('2D SPACE',''
  ) );
#4465 = ORIENTED_EDGE('',*,*,#4238,.T.);
#4466 = ORIENTED_EDGE('',*,*,#1430,.T.);
#4467 = ADVANCED_FACE('',(#4468),#1356,.T.);
#4468 = FACE_BOUND('',#4469,.T.);
#4469 = EDGE_LOOP('',(#4470,#4471,#4521,#4616,#4638,#4660));
#4470 = ORIENTED_EDGE('',*,*,#1287,.T.);
#4471 = ORIENTED_EDGE('',*,*,#4472,.F.);
#4472 = EDGE_CURVE('',#4473,#1227,#4475,.T.);
#4473 = VERTEX_POINT('',#4474);
#4474 = CARTESIAN_POINT('',(-34.77811953857,-24.42810678911,
    4.411197064975));
#4475 = SURFACE_CURVE('',#4476,(#4489,#4505),.PCURVE_S1.);
#4476 = B_SPLINE_CURVE_WITH_KNOTS('',6,(#4477,#4478,#4479,#4480,#4481,
    #4482,#4483,#4484,#4485,#4486,#4487,#4488),.UNSPECIFIED.,.F.,.F.,(7,
    5,7),(0.,0.705815121402,1.),.UNSPECIFIED.);
#4477 = CARTESIAN_POINT('',(-34.87685899754,-24.28692459875,
    4.969521702273));
#4478 = CARTESIAN_POINT('',(-34.87685899754,-24.28692459875,
    4.85951629928));
#4479 = CARTESIAN_POINT('',(-34.86846518027,-24.29897845651,
    4.749461760827));
#4480 = CARTESIAN_POINT('',(-34.8516633231,-24.3231062725,4.641007705764
    ));
#4481 = CARTESIAN_POINT('',(-34.82633806529,-24.35940818833,
    4.535885395918));
#4482 = CARTESIAN_POINT('',(-34.79232805158,-24.4079789885,
    4.436112919219));
#4483 = CARTESIAN_POINT('',(-34.73167154264,-24.49412077351,
    4.306002539748));
#4484 = CARTESIAN_POINT('',(-34.71230047647,-24.52158361644,
    4.26911023641));
#4485 = CARTESIAN_POINT('',(-34.69141312602,-24.55113784454,
    4.233828474597));
#4486 = CARTESIAN_POINT('',(-34.66903067913,-24.58273661166,
    4.200389363728));
#4487 = CARTESIAN_POINT('',(-34.64518598148,-24.61631542288,
    4.169031286261));
#4488 = CARTESIAN_POINT('',(-34.61992456078,-24.65179148471,4.1399994));
#4489 = PCURVE('',#1356,#4490);
#4490 = DEFINITIONAL_REPRESENTATION('',(#4491),#4504);
#4491 = B_SPLINE_CURVE_WITH_KNOTS('',6,(#4492,#4493,#4494,#4495,#4496,
    #4497,#4498,#4499,#4500,#4501,#4502,#4503),.UNSPECIFIED.,.F.,.F.,(7,
    5,7),(0.,0.705815121402,1.),.UNSPECIFIED.);
#4492 = CARTESIAN_POINT('',(2.533312372632,-6.969521702273));
#4493 = CARTESIAN_POINT('',(2.533312372632,-6.85951629928));
#4494 = CARTESIAN_POINT('',(2.532966761166,-6.749461760827));
#4495 = CARTESIAN_POINT('',(2.5322749589,-6.641007705764));
#4496 = CARTESIAN_POINT('',(2.531233480964,-6.535885395918));
#4497 = CARTESIAN_POINT('',(2.529838327851,-6.436112919219));
#4498 = CARTESIAN_POINT('',(2.52735939302,-6.306002539748));
#4499 = CARTESIAN_POINT('',(2.52656863491,-6.26911023641));
#4500 = CARTESIAN_POINT('',(2.525717100331,-6.233828474597));
#4501 = CARTESIAN_POINT('',(2.524805976258,-6.200389363728));
#4502 = CARTESIAN_POINT('',(2.523836946266,-6.169031286261));
#4503 = CARTESIAN_POINT('',(2.522812216655,-6.1399994));
#4504 = ( GEOMETRIC_REPRESENTATION_CONTEXT(2) 
PARAMETRIC_REPRESENTATION_CONTEXT() REPRESENTATION_CONTEXT('2D SPACE',''
  ) );
#4505 = PCURVE('',#1264,#4506);
#4506 = DEFINITIONAL_REPRESENTATION('',(#4507),#4520);
#4507 = B_SPLINE_CURVE_WITH_KNOTS('',6,(#4508,#4509,#4510,#4511,#4512,
    #4513,#4514,#4515,#4516,#4517,#4518,#4519),.UNSPECIFIED.,.F.,.F.,(7,
    5,7),(0.,0.705815121402,1.),.UNSPECIFIED.);
#4508 = CARTESIAN_POINT('',(0.,5.352226617556));
#4509 = CARTESIAN_POINT('',(0.110005402993,5.352226617556));
#4510 = CARTESIAN_POINT('',(0.220060848914,5.354435436513));
#4511 = CARTESIAN_POINT('',(0.330906781386,5.358856594195));
#4512 = CARTESIAN_POINT('',(0.443239180279,5.36547534539));
#4513 = CARTESIAN_POINT('',(0.557771616798,5.374239894345));
#4514 = CARTESIAN_POINT('',(0.724487800903,5.389538391184));
#4515 = CARTESIAN_POINT('',(0.774072039744,5.394391635024));
#4516 = CARTESIAN_POINT('',(0.824213018794,5.39958464624));
#4517 = CARTESIAN_POINT('',(0.874934463522,5.405100546681));
#4518 = CARTESIAN_POINT('',(0.926267427545,5.410918765672));
#4519 = CARTESIAN_POINT('',(0.978251777054,5.417015335618));
#4520 = ( GEOMETRIC_REPRESENTATION_CONTEXT(2) 
PARAMETRIC_REPRESENTATION_CONTEXT() REPRESENTATION_CONTEXT('2D SPACE',''
  ) );
#4521 = ORIENTED_EDGE('',*,*,#4522,.F.);
#4522 = EDGE_CURVE('',#4523,#4473,#4525,.T.);
#4523 = VERTEX_POINT('',#4524);
#4524 = CARTESIAN_POINT('',(-35.0408837069,-24.04966671368,5.3));
#4525 = SURFACE_CURVE('',#4526,(#4544,#4565),.PCURVE_S1.);
#4526 = B_SPLINE_CURVE_WITH_KNOTS('',6,(#4527,#4528,#4529,#4530,#4531,
    #4532,#4533,#4534,#4535,#4536,#4537,#4538,#4539,#4540,#4541,#4542,
    #4543),.UNSPECIFIED.,.F.,.F.,(7,5,5,7),(0.,0.451257743867,
    0.621732072323,1.),.UNSPECIFIED.);
#4527 = CARTESIAN_POINT('',(-35.0408837069,-24.04966671368,5.3));
#4528 = CARTESIAN_POINT('',(-35.0408837069,-24.04966671368,
    5.181747730296));
#4529 = CARTESIAN_POINT('',(-35.03207333616,-24.06250366539,
    5.063443558821));
#4530 = CARTESIAN_POINT('',(-35.01443821963,-24.08819816912,
    4.946767371962));
#4531 = CARTESIAN_POINT('',(-34.98785226828,-24.12685949695,
    4.833474008536));
#4532 = CARTESIAN_POINT('',(-34.95212970008,-24.17860332708,
    4.725609310769));
#4533 = CARTESIAN_POINT('',(-34.89009887831,-24.26791893202,
    4.588097529144));
#4534 = CARTESIAN_POINT('',(-34.87176608553,-24.29427154951,
    4.551549093254));
#4535 = CARTESIAN_POINT('',(-34.85211234212,-24.32246951154,
    4.516323566709));
#4536 = CARTESIAN_POINT('',(-34.83114726828,-24.35248481947,
    4.482593821066));
#4537 = CARTESIAN_POINT('',(-34.80888735079,-24.38427851696,
    4.450539387067));
#4538 = CARTESIAN_POINT('',(-34.7331440083,-24.49218173376,
    4.353352279921));
#4539 = CARTESIAN_POINT('',(-34.67422488864,-24.57571126294,
    4.294948060124));
#4540 = CARTESIAN_POINT('',(-34.60942190888,-24.66702819984,
    4.248448129545));
#4541 = CARTESIAN_POINT('',(-34.54011389887,-24.76398142462,
    4.216301181524));
#4542 = CARTESIAN_POINT('',(-34.46804498037,-24.86401586608,4.2));
#4543 = CARTESIAN_POINT('',(-34.39512752918,-24.96447880992,4.2));
#4544 = PCURVE('',#1356,#4545);
#4545 = DEFINITIONAL_REPRESENTATION('',(#4546),#4564);
#4546 = B_SPLINE_CURVE_WITH_KNOTS('',6,(#4547,#4548,#4549,#4550,#4551,
    #4552,#4553,#4554,#4555,#4556,#4557,#4558,#4559,#4560,#4561,#4562,
    #4563),.UNSPECIFIED.,.F.,.F.,(7,5,5,7),(0.,0.451257743867,
    0.621732072323,1.),.UNSPECIFIED.);
#4547 = CARTESIAN_POINT('',(2.540099118463,-7.3));
#4548 = CARTESIAN_POINT('',(2.540099118463,-7.181747730296));
#4549 = CARTESIAN_POINT('',(2.539732776803,-7.063443558821));
#4550 = CARTESIAN_POINT('',(2.538999502486,-6.946767371962));
#4551 = CARTESIAN_POINT('',(2.537895496663,-6.833474008536));
#4552 = CARTESIAN_POINT('',(2.536416041995,-6.725609310769));
#4553 = CARTESIAN_POINT('',(2.53385737667,-6.588097529144));
#4554 = CARTESIAN_POINT('',(2.533102030837,-6.551549093254));
#4555 = CARTESIAN_POINT('',(2.532293291989,-6.516323566709));
#4556 = CARTESIAN_POINT('',(2.531431829242,-6.482593821066));
#4557 = CARTESIAN_POINT('',(2.530518614947,-6.450539387067));
#4558 = CARTESIAN_POINT('',(2.52741664253,-6.353352279921));
#4559 = CARTESIAN_POINT('',(2.525011504893,-6.294948060124));
#4560 = CARTESIAN_POINT('',(2.522376836497,-6.248448129545));
#4561 = CARTESIAN_POINT('',(2.519572663575,-6.216301181524));
#4562 = CARTESIAN_POINT('',(2.516671702769,-6.2));
#4563 = CARTESIAN_POINT('',(2.513750854641,-6.2));
#4564 = ( GEOMETRIC_REPRESENTATION_CONTEXT(2) 
PARAMETRIC_REPRESENTATION_CONTEXT() REPRESENTATION_CONTEXT('2D SPACE',''
  ) );
#4565 = PCURVE('',#4566,#4571);
#4566 = CYLINDRICAL_SURFACE('',#4567,42.5);
#4567 = AXIS2_PLACEMENT_3D('',#4568,#4569,#4570);
#4568 = CARTESIAN_POINT('',(0.,0.,1.05));
#4569 = DIRECTION('',(-0.,-0.,-1.));
#4570 = DIRECTION('',(1.,0.,0.));
#4571 = DEFINITIONAL_REPRESENTATION('',(#4572),#4615);
#4572 = B_SPLINE_CURVE_WITH_KNOTS('',9,(#4573,#4574,#4575,#4576,#4577,
    #4578,#4579,#4580,#4581,#4582,#4583,#4584,#4585,#4586,#4587,#4588,
    #4589,#4590,#4591,#4592,#4593,#4594,#4595,#4596,#4597,#4598,#4599,
    #4600,#4601,#4602,#4603,#4604,#4605,#4606,#4607,#4608,#4609,#4610,
    #4611,#4612,#4613,#4614),.UNSPECIFIED.,.F.,.F.,(10,8,8,8,8,10),(0.,
    0.25,0.4375,0.578125,0.630859375,1.),.UNSPECIFIED.);
#4573 = CARTESIAN_POINT('',(-3.743086188717,-4.25));
#4574 = CARTESIAN_POINT('',(-3.743086188717,-4.206324934286));
#4575 = CARTESIAN_POINT('',(-3.743133038504,-4.162643217743));
#4576 = CARTESIAN_POINT('',(-3.743226761436,-4.119022898622));
#4577 = CARTESIAN_POINT('',(-3.743367417694,-4.075532809547));
#4578 = CARTESIAN_POINT('',(-3.743555097804,-4.032243156804));
#4579 = CARTESIAN_POINT('',(-3.743789916151,-3.98922610963));
#4580 = CARTESIAN_POINT('',(-3.744072004498,-3.946556389504));
#4581 = CARTESIAN_POINT('',(-3.744401505507,-3.90431185943));
#4582 = CARTESIAN_POINT('',(-3.745061361808,-3.831270803588));
#4583 = CARTESIAN_POINT('',(-3.745370909639,-3.800252565015));
#4584 = CARTESIAN_POINT('',(-3.745707271448,-3.769553842491));
#4585 = CARTESIAN_POINT('',(-3.746070510219,-3.739210269224));
#4586 = CARTESIAN_POINT('',(-3.746460688346,-3.709258828241));
#4587 = CARTESIAN_POINT('',(-3.746877865768,-3.679738013972));
#4588 = CARTESIAN_POINT('',(-3.7473220981,-3.650687993842));
#4589 = CARTESIAN_POINT('',(-3.747793434764,-3.622150769852));
#4590 = CARTESIAN_POINT('',(-3.748665778896,-3.57318501791));
#4591 = CARTESIAN_POINT('',(-3.749054928944,-3.552511845608));
#4592 = CARTESIAN_POINT('',(-3.749459318699,-3.532173274299));
#4593 = CARTESIAN_POINT('',(-3.749878887368,-3.512191890238));
#4594 = CARTESIAN_POINT('',(-3.750313560622,-3.492590484342));
#4595 = CARTESIAN_POINT('',(-3.75076324928,-3.473392121618));
#4596 = CARTESIAN_POINT('',(-3.751227847995,-3.454620210603));
#4597 = CARTESIAN_POINT('',(-3.75170723394,-3.436298572799));
#4598 = CARTESIAN_POINT('',(-3.752386527322,-3.411758864345));
#4599 = CARTESIAN_POINT('',(-3.752573851861,-3.405132870331));
#4600 = CARTESIAN_POINT('',(-3.752763192535,-3.398575875568));
#4601 = CARTESIAN_POINT('',(-3.752954754075,-3.392083138158));
#4602 = CARTESIAN_POINT('',(-3.753147862652,-3.385675342605));
#4603 = CARTESIAN_POINT('',(-3.753343845357,-3.379314120775));
#4604 = CARTESIAN_POINT('',(-3.753540930066,-3.37305398872));
#4605 = CARTESIAN_POINT('',(-3.753740550028,-3.366852046625));
#4606 = CARTESIAN_POINT('',(-3.755354193697,-3.317825019827));
#4607 = CARTESIAN_POINT('',(-3.756870560739,-3.278460712715));
#4608 = CARTESIAN_POINT('',(-3.758482719466,-3.243350268074));
#4609 = CARTESIAN_POINT('',(-3.760179665381,-3.213119116464));
#4610 = CARTESIAN_POINT('',(-3.761948416497,-3.188294974992));
#4611 = CARTESIAN_POINT('',(-3.763774403178,-3.16930422442));
#4612 = CARTESIAN_POINT('',(-3.765641858003,-3.156468286281));
#4613 = CARTESIAN_POINT('',(-3.767534205607,-3.15));
#4614 = CARTESIAN_POINT('',(-3.769434452538,-3.15));
#4615 = ( GEOMETRIC_REPRESENTATION_CONTEXT(2) 
PARAMETRIC_REPRESENTATION_CONTEXT() REPRESENTATION_CONTEXT('2D SPACE',''
  ) );
#4616 = ORIENTED_EDGE('',*,*,#4617,.F.);
#4617 = EDGE_CURVE('',#4618,#4523,#4620,.T.);
#4618 = VERTEX_POINT('',#4619);
#4619 = CARTESIAN_POINT('',(-35.0408837069,-24.04966671368,6.));
#4620 = SURFACE_CURVE('',#4621,(#4625,#4631),.PCURVE_S1.);
#4621 = LINE('',#4622,#4623);
#4622 = CARTESIAN_POINT('',(-35.0408837069,-24.04966671368,-2.));
#4623 = VECTOR('',#4624,1.);
#4624 = DIRECTION('',(-0.,-0.,-1.));
#4625 = PCURVE('',#1356,#4626);
#4626 = DEFINITIONAL_REPRESENTATION('',(#4627),#4630);
#4627 = B_SPLINE_CURVE_WITH_KNOTS('',1,(#4628,#4629),.UNSPECIFIED.,.F.,
  .F.,(2,2),(-8.0000006,-6.6),.PIECEWISE_BEZIER_KNOTS.);
#4628 = CARTESIAN_POINT('',(2.540099118463,-8.0000006));
#4629 = CARTESIAN_POINT('',(2.540099118463,-6.6));
#4630 = ( GEOMETRIC_REPRESENTATION_CONTEXT(2) 
PARAMETRIC_REPRESENTATION_CONTEXT() REPRESENTATION_CONTEXT('2D SPACE',''
  ) );
#4631 = PCURVE('',#4566,#4632);
#4632 = DEFINITIONAL_REPRESENTATION('',(#4633),#4637);
#4633 = LINE('',#4634,#4635);
#4634 = CARTESIAN_POINT('',(-3.743086188717,3.05));
#4635 = VECTOR('',#4636,1.);
#4636 = DIRECTION('',(-0.,1.));
#4637 = ( GEOMETRIC_REPRESENTATION_CONTEXT(2) 
PARAMETRIC_REPRESENTATION_CONTEXT() REPRESENTATION_CONTEXT('2D SPACE',''
  ) );
#4638 = ORIENTED_EDGE('',*,*,#4639,.F.);
#4639 = EDGE_CURVE('',#1408,#4618,#4640,.T.);
#4640 = SURFACE_CURVE('',#4641,(#4646,#4653),.PCURVE_S1.);
#4641 = CIRCLE('',#4642,42.5);
#4642 = AXIS2_PLACEMENT_3D('',#4643,#4644,#4645);
#4643 = CARTESIAN_POINT('',(0.,0.,6.));
#4644 = DIRECTION('',(0.,0.,1.));
#4645 = DIRECTION('',(1.,0.,-0.));
#4646 = PCURVE('',#1356,#4647);
#4647 = DEFINITIONAL_REPRESENTATION('',(#4648),#4652);
#4648 = LINE('',#4649,#4650);
#4649 = CARTESIAN_POINT('',(6.28318530718,-8.));
#4650 = VECTOR('',#4651,1.);
#4651 = DIRECTION('',(-1.,0.));
#4652 = ( GEOMETRIC_REPRESENTATION_CONTEXT(2) 
PARAMETRIC_REPRESENTATION_CONTEXT() REPRESENTATION_CONTEXT('2D SPACE',''
  ) );
#4653 = PCURVE('',#4378,#4654);
#4654 = DEFINITIONAL_REPRESENTATION('',(#4655),#4659);
#4655 = CIRCLE('',#4656,42.5);
#4656 = AXIS2_PLACEMENT_2D('',#4657,#4658);
#4657 = CARTESIAN_POINT('',(4.118407928589E-15,-3.242876655026E-16));
#4658 = DIRECTION('',(1.,0.));
#4659 = ( GEOMETRIC_REPRESENTATION_CONTEXT(2) 
PARAMETRIC_REPRESENTATION_CONTEXT() REPRESENTATION_CONTEXT('2D SPACE',''
  ) );
#4660 = ORIENTED_EDGE('',*,*,#1407,.T.);
#4661 = ADVANCED_FACE('',(#4662),#1264,.F.);
#4662 = FACE_BOUND('',#4663,.F.);
#4663 = EDGE_LOOP('',(#4664,#4694,#4749,#4783,#4839,#4860,#4861,#4862));
#4664 = ORIENTED_EDGE('',*,*,#4665,.F.);
#4665 = EDGE_CURVE('',#4666,#4668,#4670,.T.);
#4666 = VERTEX_POINT('',#4667);
#4667 = CARTESIAN_POINT('',(-32.49001194882,-22.02184423624,
    4.969521702273));
#4668 = VERTEX_POINT('',#4669);
#4669 = CARTESIAN_POINT('',(-34.87685899754,-24.28692459875,
    4.969521702273));
#4670 = SURFACE_CURVE('',#4671,(#4675,#4682),.PCURVE_S1.);
#4671 = LINE('',#4672,#4673);
#4672 = CARTESIAN_POINT('',(-30.99452922384,-20.60265461761,
    4.969521702273));
#4673 = VECTOR('',#4674,1.);
#4674 = DIRECTION('',(-0.72536722585,-0.688362105045,0.));
#4675 = PCURVE('',#1264,#4676);
#4676 = DEFINITIONAL_REPRESENTATION('',(#4677),#4681);
#4677 = LINE('',#4678,#4679);
#4678 = CARTESIAN_POINT('',(0.,0.));
#4679 = VECTOR('',#4680,1.);
#4680 = DIRECTION('',(0.,1.));
#4681 = ( GEOMETRIC_REPRESENTATION_CONTEXT(2) 
PARAMETRIC_REPRESENTATION_CONTEXT() REPRESENTATION_CONTEXT('2D SPACE',''
  ) );
#4682 = PCURVE('',#4683,#4688);
#4683 = PLANE('',#4684);
#4684 = AXIS2_PLACEMENT_3D('',#4685,#4686,#4687);
#4685 = CARTESIAN_POINT('',(-30.99452922384,-20.60265461761,
    3.969521702273));
#4686 = DIRECTION('',(0.688362105045,-0.72536722585,0.));
#4687 = DIRECTION('',(0.,0.,1.));
#4688 = DEFINITIONAL_REPRESENTATION('',(#4689),#4693);
#4689 = LINE('',#4690,#4691);
#4690 = CARTESIAN_POINT('',(1.,0.));
#4691 = VECTOR('',#4692,1.);
#4692 = DIRECTION('',(0.,1.));
#4693 = ( GEOMETRIC_REPRESENTATION_CONTEXT(2) 
PARAMETRIC_REPRESENTATION_CONTEXT() REPRESENTATION_CONTEXT('2D SPACE',''
  ) );
#4694 = ORIENTED_EDGE('',*,*,#4695,.T.);
#4695 = EDGE_CURVE('',#4666,#4696,#4698,.T.);
#4696 = VERTEX_POINT('',#4697);
#4697 = CARTESIAN_POINT('',(-32.25259693621,-22.36811325897,
    4.158777299441));
#4698 = SURFACE_CURVE('',#4699,(#4712,#4728),.PCURVE_S1.);
#4699 = B_SPLINE_CURVE_WITH_KNOTS('',6,(#4700,#4701,#4702,#4703,#4704,
    #4705,#4706,#4707,#4708,#4709,#4710,#4711),.UNSPECIFIED.,.F.,.F.,(7,
    5,7),(0.,0.70568785782,1.),.UNSPECIFIED.);
#4700 = CARTESIAN_POINT('',(-32.49001194882,-22.02184423624,
    4.969521702273));
#4701 = CARTESIAN_POINT('',(-32.49001194882,-22.02184423624,
    4.859495267607));
#4702 = CARTESIAN_POINT('',(-32.4817511105,-22.03403194718,
    4.749418348815));
#4703 = CARTESIAN_POINT('',(-32.46521505763,-22.05842822731,
    4.640950099717));
#4704 = CARTESIAN_POINT('',(-32.4402911777,-22.09512659175,
    4.535829788915));
#4705 = CARTESIAN_POINT('',(-32.40682136049,-22.14420861805,
    4.436078501364));
#4706 = CARTESIAN_POINT('',(-32.34711770983,-22.23122669851,
    4.305993429884));
#4707 = CARTESIAN_POINT('',(-32.32804190239,-22.25897755191,
    4.26909625015));
#4708 = CARTESIAN_POINT('',(-32.30747209311,-22.28883735082,
    4.233813570663));
#4709 = CARTESIAN_POINT('',(-32.2854289731,-22.32075743442,
    4.200377009667));
#4710 = CARTESIAN_POINT('',(-32.2619446622,-22.35467130016,
    4.169024225103));
#4711 = CARTESIAN_POINT('',(-32.2370637429,-22.39049399267,4.1399994));
#4712 = PCURVE('',#1264,#4713);
#4713 = DEFINITIONAL_REPRESENTATION('',(#4714),#4727);
#4714 = B_SPLINE_CURVE_WITH_KNOTS('',6,(#4715,#4716,#4717,#4718,#4719,
    #4720,#4721,#4722,#4723,#4724,#4725,#4726),.UNSPECIFIED.,.F.,.F.,(7,
    5,7),(0.,0.70568785782,1.),.UNSPECIFIED.);
#4715 = CARTESIAN_POINT('',(0.,2.061690508863));
#4716 = CARTESIAN_POINT('',(0.110026434665,2.061690508863));
#4717 = CARTESIAN_POINT('',(0.220104248462,2.064087925849));
#4718 = CARTESIAN_POINT('',(0.330965809305,2.068886689798));
#4719 = CARTESIAN_POINT('',(0.443300471771,2.076069487546));
#4720 = CARTESIAN_POINT('',(0.557815717918,2.085577786037));
#4721 = CARTESIAN_POINT('',(0.724499473774,2.102170663626));
#4722 = CARTESIAN_POINT('',(0.774091063089,2.107436333972));
#4723 = CARTESIAN_POINT('',(0.824234826471,2.113070022509));
#4724 = CARTESIAN_POINT('',(0.874954243698,2.11905324163));
#4725 = CARTESIAN_POINT('',(0.92628007122,2.125363512196));
#4726 = CARTESIAN_POINT('',(0.978251777054,2.131974692812));
#4727 = ( GEOMETRIC_REPRESENTATION_CONTEXT(2) 
PARAMETRIC_REPRESENTATION_CONTEXT() REPRESENTATION_CONTEXT('2D SPACE',''
  ) );
#4728 = PCURVE('',#4729,#4734);
#4729 = CYLINDRICAL_SURFACE('',#4730,39.25);
#4730 = AXIS2_PLACEMENT_3D('',#4731,#4732,#4733);
#4731 = CARTESIAN_POINT('',(2.025146430259E-13,-1.910692005867E-15,1.05)
  );
#4732 = DIRECTION('',(-0.,-0.,-1.));
#4733 = DIRECTION('',(1.,0.,0.));
#4734 = DEFINITIONAL_REPRESENTATION('',(#4735),#4748);
#4735 = B_SPLINE_CURVE_WITH_KNOTS('',6,(#4736,#4737,#4738,#4739,#4740,
    #4741,#4742,#4743,#4744,#4745,#4746,#4747),.UNSPECIFIED.,.F.,.F.,(7,
    5,7),(0.,0.70568785782,1.),.UNSPECIFIED.);
#4736 = CARTESIAN_POINT('',(-3.737265803063,-3.919521702273));
#4737 = CARTESIAN_POINT('',(-3.737265803063,-3.809495267607));
#4738 = CARTESIAN_POINT('',(-3.737640924341,-3.699418348815));
#4739 = CARTESIAN_POINT('',(-3.738391812271,-3.590950099717));
#4740 = CARTESIAN_POINT('',(-3.739522048915,-3.485829788915));
#4741 = CARTESIAN_POINT('',(-3.741035614544,-3.386078501364));
#4742 = CARTESIAN_POINT('',(-3.743724287989,-3.255993429884));
#4743 = CARTESIAN_POINT('',(-3.744582245916,-3.21909625015));
#4744 = CARTESIAN_POINT('',(-3.745506044702,-3.183813570663));
#4745 = CARTESIAN_POINT('',(-3.746494365483,-3.150377009667));
#4746 = CARTESIAN_POINT('',(-3.747545350931,-3.119024225103));
#4747 = CARTESIAN_POINT('',(-3.748656577835,-3.0899994));
#4748 = ( GEOMETRIC_REPRESENTATION_CONTEXT(2) 
PARAMETRIC_REPRESENTATION_CONTEXT() REPRESENTATION_CONTEXT('2D SPACE',''
  ) );
#4749 = ORIENTED_EDGE('',*,*,#4750,.F.);
#4750 = EDGE_CURVE('',#4751,#4696,#4753,.T.);
#4751 = VERTEX_POINT('',#4752);
#4752 = CARTESIAN_POINT('',(-32.32689143562,-22.43645671597,
    4.159911363624));
#4753 = SURFACE_CURVE('',#4754,(#4760,#4769),.PCURVE_S1.);
#4754 = B_SPLINE_CURVE_WITH_KNOTS('',4,(#4755,#4756,#4757,#4758,#4759),
  .UNSPECIFIED.,.F.,.F.,(5,5),(0.,1.),.PIECEWISE_BEZIER_KNOTS.);
#4755 = CARTESIAN_POINT('',(-32.35699182266,-22.46412452798,
    4.16038347816));
#4756 = CARTESIAN_POINT('',(-32.29592288175,-22.40800356543,
    4.159418149234));
#4757 = CARTESIAN_POINT('',(-32.23488799448,-22.35184513667,
    4.158494027134));
#4758 = CARTESIAN_POINT('',(-32.17388618665,-22.29565043176,
    4.157609206833));
#4759 = CARTESIAN_POINT('',(-32.11291652253,-22.23942057433,
    4.156761994536));
#4760 = PCURVE('',#1264,#4761);
#4761 = DEFINITIONAL_REPRESENTATION('',(#4762),#4768);
#4762 = B_SPLINE_CURVE_WITH_KNOTS('',4,(#4763,#4764,#4765,#4766,#4767),
  .UNSPECIFIED.,.F.,.F.,(5,5),(0.,1.),.PIECEWISE_BEZIER_KNOTS.);
#4763 = CARTESIAN_POINT('',(0.94268407371,2.269651061611));
#4764 = CARTESIAN_POINT('',(0.944326855821,2.186722109438));
#4765 = CARTESIAN_POINT('',(0.945904467136,2.103792068338));
#4766 = CARTESIAN_POINT('',(0.947419279693,2.020861050862));
#4767 = CARTESIAN_POINT('',(0.94887347412,1.937929151712));
#4768 = ( GEOMETRIC_REPRESENTATION_CONTEXT(2) 
PARAMETRIC_REPRESENTATION_CONTEXT() REPRESENTATION_CONTEXT('2D SPACE',''
  ) );
#4769 = PCURVE('',#4770,#4775);
#4770 = CYLINDRICAL_SURFACE('',#4771,1.1);
#4771 = AXIS2_PLACEMENT_3D('',#4772,#4773,#4774);
#4772 = CARTESIAN_POINT('',(-23.08006335723,-13.16101346501,5.24));
#4773 = DIRECTION('',(-0.694658370459,-0.719339800339,0.));
#4774 = DIRECTION('',(-0.719339800339,0.694658370459,0.));
#4775 = DEFINITIONAL_REPRESENTATION('',(#4776),#4782);
#4776 = B_SPLINE_CURVE_WITH_KNOTS('',4,(#4777,#4778,#4779,#4780,#4781),
  .UNSPECIFIED.,.F.,.F.,(5,5),(0.,1.),.PIECEWISE_BEZIER_KNOTS.);
#4777 = CARTESIAN_POINT('',(1.377985804858,13.136394065229));
#4778 = CARTESIAN_POINT('',(1.3825656008,13.053601972254));
#4779 = CARTESIAN_POINT('',(1.387093140419,12.970806583987));
#4780 = CARTESIAN_POINT('',(1.391570373624,12.88800807976));
#4781 = CARTESIAN_POINT('',(1.395999100138,12.805206617818));
#4782 = ( GEOMETRIC_REPRESENTATION_CONTEXT(2) 
PARAMETRIC_REPRESENTATION_CONTEXT() REPRESENTATION_CONTEXT('2D SPACE',''
  ) );
#4783 = ORIENTED_EDGE('',*,*,#4784,.T.);
#4784 = EDGE_CURVE('',#4751,#4785,#4787,.T.);
#4785 = VERTEX_POINT('',#4786);
#4786 = CARTESIAN_POINT('',(-31.98500469219,-22.92121233356,
    3.969521702273));
#4787 = SURFACE_CURVE('',#4788,(#4803,#4821),.PCURVE_S1.);
#4788 = B_SPLINE_CURVE_WITH_KNOTS('',7,(#4789,#4790,#4791,#4792,#4793,
    #4794,#4795,#4796,#4797,#4798,#4799,#4800,#4801,#4802),
  .UNSPECIFIED.,.F.,.F.,(8,6,8),(0.,0.611150139371,1.),.UNSPECIFIED.);
#4789 = CARTESIAN_POINT('',(-32.56352725282,-22.09160910514,
    4.969521702273));
#4790 = CARTESIAN_POINT('',(-32.56352725282,-22.09160910514,
    4.844514773944));
#4791 = CARTESIAN_POINT('',(-32.55315438867,-22.1068989087,
    4.719284619706));
#4792 = CARTESIAN_POINT('',(-32.53234135211,-22.13757795092,
    4.596105284127));
#4793 = CARTESIAN_POINT('',(-32.500924007,-22.18379005714,4.477415970651
    ));
#4794 = CARTESIAN_POINT('',(-32.45873447895,-22.24558620459,
    4.366016963787));
#4795 = CARTESIAN_POINT('',(-32.40565336867,-22.32282858883,
    4.265234032988));
#4796 = CARTESIAN_POINT('',(-32.30125239962,-22.47346596642,
    4.124732808233));
#4797 = CARTESIAN_POINT('',(-32.2561385134,-22.53829510126,
    4.075899829759));
#4798 = CARTESIAN_POINT('',(-32.20694298754,-22.60864674762,
    4.034690771192));
#4799 = CARTESIAN_POINT('',(-32.1543327155,-22.68345608427,
    4.002570611588));
#4800 = CARTESIAN_POINT('',(-32.09915074673,-22.76143579804,
    3.980621813557));
#4801 = CARTESIAN_POINT('',(-32.04236274416,-22.84117304355,
    3.969521702273));
#4802 = CARTESIAN_POINT('',(-31.98500469219,-22.92121233356,
    3.969521702273));
#4803 = PCURVE('',#1264,#4804);
#4804 = DEFINITIONAL_REPRESENTATION('',(#4805),#4820);
#4805 = B_SPLINE_CURVE_WITH_KNOTS('',7,(#4806,#4807,#4808,#4809,#4810,
    #4811,#4812,#4813,#4814,#4815,#4816,#4817,#4818,#4819),
  .UNSPECIFIED.,.F.,.F.,(8,6,8),(0.,0.611150139371,1.),.UNSPECIFIED.);
#4806 = CARTESIAN_POINT('',(0.,2.163039593));
#4807 = CARTESIAN_POINT('',(0.125006928329,2.163039593));
#4808 = CARTESIAN_POINT('',(0.250236707807,2.16604037867));
#4809 = CARTESIAN_POINT('',(0.376608416783,2.172061574167));
#4810 = CARTESIAN_POINT('',(0.504917430977,2.181083124409));
#4811 = CARTESIAN_POINT('',(0.636049218455,2.193018349639));
#4812 = CARTESIAN_POINT('',(0.770963395263,2.207685782142));
#4813 = CARTESIAN_POINT('',(1.000200803966,2.235649803179));
#4814 = CARTESIAN_POINT('',(1.091825557184,2.247551588415));
#4815 = CARTESIAN_POINT('',(1.185321093134,2.260294173678));
#4816 = CARTESIAN_POINT('',(1.280260102147,2.27362831905));
#4817 = CARTESIAN_POINT('',(1.376326157567,2.287279407371));
#4818 = CARTESIAN_POINT('',(1.473255339656,2.30097534965));
#4819 = CARTESIAN_POINT('',(1.570796326795,2.31446571277));
#4820 = ( GEOMETRIC_REPRESENTATION_CONTEXT(2) 
PARAMETRIC_REPRESENTATION_CONTEXT() REPRESENTATION_CONTEXT('2D SPACE',''
  ) );
#4821 = PCURVE('',#3490,#4822);
#4822 = DEFINITIONAL_REPRESENTATION('',(#4823),#4838);
#4823 = B_SPLINE_CURVE_WITH_KNOTS('',7,(#4824,#4825,#4826,#4827,#4828,
    #4829,#4830,#4831,#4832,#4833,#4834,#4835,#4836,#4837),
  .UNSPECIFIED.,.F.,.F.,(8,6,8),(0.,0.611150139371,1.),.UNSPECIFIED.);
#4824 = CARTESIAN_POINT('',(2.545500129489,-3.919521702273));
#4825 = CARTESIAN_POINT('',(2.545500129489,-3.794514773944));
#4826 = CARTESIAN_POINT('',(2.545030591463,-3.669284619706));
#4827 = CARTESIAN_POINT('',(2.544088464205,-3.546105284127));
#4828 = CARTESIAN_POINT('',(2.542668380525,-3.42741597065));
#4829 = CARTESIAN_POINT('',(2.54076687498,-3.316016963787));
#4830 = CARTESIAN_POINT('',(2.5383851163,-3.215234032988));
#4831 = CARTESIAN_POINT('',(2.533727454984,-3.074732808233));
#4832 = CARTESIAN_POINT('',(2.531720304508,-3.025899829759));
#4833 = CARTESIAN_POINT('',(2.529538710345,-2.984690771192));
#4834 = CARTESIAN_POINT('',(2.52721454783,-2.952570611588));
#4835 = CARTESIAN_POINT('',(2.524786878051,-2.930621813557));
#4836 = CARTESIAN_POINT('',(2.52229915516,-2.919521702273));
#4837 = CARTESIAN_POINT('',(2.519796754715,-2.919521702273));
#4838 = ( GEOMETRIC_REPRESENTATION_CONTEXT(2) 
PARAMETRIC_REPRESENTATION_CONTEXT() REPRESENTATION_CONTEXT('2D SPACE',''
  ) );
#4839 = ORIENTED_EDGE('',*,*,#4840,.T.);
#4840 = EDGE_CURVE('',#4785,#1194,#4841,.T.);
#4841 = SURFACE_CURVE('',#4842,(#4846,#4853),.PCURVE_S1.);
#4842 = LINE('',#4843,#4844);
#4843 = CARTESIAN_POINT('',(-30.3061671188,-21.32802184346,
    3.969521702273));
#4844 = VECTOR('',#4845,1.);
#4845 = DIRECTION('',(-0.72536722585,-0.688362105045,0.));
#4846 = PCURVE('',#1264,#4847);
#4847 = DEFINITIONAL_REPRESENTATION('',(#4848),#4852);
#4848 = LINE('',#4849,#4850);
#4849 = CARTESIAN_POINT('',(1.570796326795,0.));
#4850 = VECTOR('',#4851,1.);
#4851 = DIRECTION('',(0.,1.));
#4852 = ( GEOMETRIC_REPRESENTATION_CONTEXT(2) 
PARAMETRIC_REPRESENTATION_CONTEXT() REPRESENTATION_CONTEXT('2D SPACE',''
  ) );
#4853 = PCURVE('',#1210,#4854);
#4854 = DEFINITIONAL_REPRESENTATION('',(#4855),#4859);
#4855 = LINE('',#4856,#4857);
#4856 = CARTESIAN_POINT('',(-9.100712422679E-16,1.));
#4857 = VECTOR('',#4858,1.);
#4858 = DIRECTION('',(1.,-2.189282256778E-17));
#4859 = ( GEOMETRIC_REPRESENTATION_CONTEXT(2) 
PARAMETRIC_REPRESENTATION_CONTEXT() REPRESENTATION_CONTEXT('2D SPACE',''
  ) );
#4860 = ORIENTED_EDGE('',*,*,#1226,.F.);
#4861 = ORIENTED_EDGE('',*,*,#4472,.F.);
#4862 = ORIENTED_EDGE('',*,*,#4863,.F.);
#4863 = EDGE_CURVE('',#4668,#4473,#4864,.T.);
#4864 = SURFACE_CURVE('',#4865,(#4874,#4886),.PCURVE_S1.);
#4865 = B_SPLINE_CURVE_WITH_KNOTS('',7,(#4866,#4867,#4868,#4869,#4870,
    #4871,#4872,#4873),.UNSPECIFIED.,.F.,.F.,(8,8),(0.,1.),
  .PIECEWISE_BEZIER_KNOTS.);
#4866 = CARTESIAN_POINT('',(-34.87685899754,-24.28692459875,
    4.969521702273));
#4867 = CARTESIAN_POINT('',(-34.87685899754,-24.28692459875,
    4.848749328844));
#4868 = CARTESIAN_POINT('',(-34.86702276604,-24.30104974482,
    4.727802856844));
#4869 = CARTESIAN_POINT('',(-34.84729868835,-24.32937430557,
    4.608707854736));
#4870 = CARTESIAN_POINT('',(-34.81754065552,-24.37203073539,
    4.493629668289));
#4871 = CARTESIAN_POINT('',(-34.77758832327,-24.42909451177,
    4.385048353424));
#4872 = CARTESIAN_POINT('',(-34.72731498045,-24.50050061667,
    4.285908581612));
#4873 = CARTESIAN_POINT('',(-34.66681864444,-24.58580251026,4.1999994));
#4874 = PCURVE('',#1264,#4875);
#4875 = DEFINITIONAL_REPRESENTATION('',(#4876),#4885);
#4876 = B_SPLINE_CURVE_WITH_KNOTS('',7,(#4877,#4878,#4879,#4880,#4881,
    #4882,#4883,#4884),.UNSPECIFIED.,.F.,.F.,(8,8),(0.,1.),
  .PIECEWISE_BEZIER_KNOTS.);
#4877 = CARTESIAN_POINT('',(0.,5.352226617556));
#4878 = CARTESIAN_POINT('',(0.120772373429,5.352226617556));
#4879 = CARTESIAN_POINT('',(0.241718563888,5.354814952889));
#4880 = CARTESIAN_POINT('',(0.363692118809,5.360005307626));
#4881 = CARTESIAN_POINT('',(0.487436805857,5.367782875738));
#4882 = CARTESIAN_POINT('',(0.613768462924,5.378083304549));
#4883 = CARTESIAN_POINT('',(0.743569623791,5.390769926026));
#4884 = CARTESIAN_POINT('',(0.878092798507,5.405606457626));
#4885 = ( GEOMETRIC_REPRESENTATION_CONTEXT(2) 
PARAMETRIC_REPRESENTATION_CONTEXT() REPRESENTATION_CONTEXT('2D SPACE',''
  ) );
#4886 = PCURVE('',#4566,#4887);
#4887 = DEFINITIONAL_REPRESENTATION('',(#4888),#4897);
#4888 = B_SPLINE_CURVE_WITH_KNOTS('',7,(#4889,#4890,#4891,#4892,#4893,
    #4894,#4895,#4896),.UNSPECIFIED.,.F.,.F.,(8,8),(0.,1.),
  .PIECEWISE_BEZIER_KNOTS.);
#4889 = CARTESIAN_POINT('',(-3.749872934547,-3.919521702273));
#4890 = CARTESIAN_POINT('',(-3.749872934547,-3.798749328844));
#4891 = CARTESIAN_POINT('',(-3.750277935279,-3.677802856844));
#4892 = CARTESIAN_POINT('',(-3.751090064688,-3.558707854736));
#4893 = CARTESIAN_POINT('',(-3.752313845324,-3.443629668289));
#4894 = CARTESIAN_POINT('',(-3.753952889696,-3.335048353424));
#4895 = CARTESIAN_POINT('',(-3.756007662253,-3.235908581612));
#4896 = CARTESIAN_POINT('',(-3.758468283012,-3.1499994));
#4897 = ( GEOMETRIC_REPRESENTATION_CONTEXT(2) 
PARAMETRIC_REPRESENTATION_CONTEXT() REPRESENTATION_CONTEXT('2D SPACE',''
  ) );
#4898 = ADVANCED_FACE('',(#4899),#1210,.T.);
#4899 = FACE_BOUND('',#4900,.T.);
#4900 = EDGE_LOOP('',(#4901,#4929,#4930,#4931));
#4901 = ORIENTED_EDGE('',*,*,#4902,.T.);
#4902 = EDGE_CURVE('',#4903,#4785,#4905,.T.);
#4903 = VERTEX_POINT('',#4904);
#4904 = CARTESIAN_POINT('',(-24.54887884652,-30.75345586074,
    3.969521702273));
#4905 = SURFACE_CURVE('',#4906,(#4911,#4922),.PCURVE_S1.);
#4906 = CIRCLE('',#4907,39.35);
#4907 = AXIS2_PLACEMENT_3D('',#4908,#4909,#4910);
#4908 = CARTESIAN_POINT('',(0.,0.,3.969521702273));
#4909 = DIRECTION('',(0.,0.,-1.));
#4910 = DIRECTION('',(1.,0.,0.));
#4911 = PCURVE('',#1210,#4912);
#4912 = DEFINITIONAL_REPRESENTATION('',(#4913),#4921);
#4913 = ( BOUNDED_CURVE() B_SPLINE_CURVE(2,(#4914,#4915,#4916,#4917,
#4918,#4919,#4920),.UNSPECIFIED.,.T.,.F.) B_SPLINE_CURVE_WITH_KNOTS((1,2
    ,2,2,2,1),(-2.094395102393,0.,2.094395102393,4.188790204786,
6.28318530718,8.377580409573),.UNSPECIFIED.) CURVE() 
GEOMETRIC_REPRESENTATION_ITEM() RATIONAL_B_SPLINE_CURVE((1.,0.5,1.,0.5,
1.,0.5,1.)) REPRESENTATION_ITEM('') );
#4914 = CARTESIAN_POINT('',(-65.20770271893,33.478017789835));
#4915 = CARTESIAN_POINT('',(-18.29155791214,82.91629098448));
#4916 = CARTESIAN_POINT('',(1.065170190261,17.566581136849));
#4917 = CARTESIAN_POINT('',(20.421898292664,-47.78312871078));
#4918 = CARTESIAN_POINT('',(-45.85097461652,-31.87169205779));
#4919 = CARTESIAN_POINT('',(-112.1238475257,-15.96025540481));
#4920 = CARTESIAN_POINT('',(-65.20770271893,33.478017789835));
#4921 = ( GEOMETRIC_REPRESENTATION_CONTEXT(2) 
PARAMETRIC_REPRESENTATION_CONTEXT() REPRESENTATION_CONTEXT('2D SPACE',''
  ) );
#4922 = PCURVE('',#3490,#4923);
#4923 = DEFINITIONAL_REPRESENTATION('',(#4924),#4928);
#4924 = LINE('',#4925,#4926);
#4925 = CARTESIAN_POINT('',(0.,-2.919521702273));
#4926 = VECTOR('',#4927,1.);
#4927 = DIRECTION('',(1.,0.));
#4928 = ( GEOMETRIC_REPRESENTATION_CONTEXT(2) 
PARAMETRIC_REPRESENTATION_CONTEXT() REPRESENTATION_CONTEXT('2D SPACE',''
  ) );
#4929 = ORIENTED_EDGE('',*,*,#4840,.T.);
#4930 = ORIENTED_EDGE('',*,*,#1193,.F.);
#4931 = ORIENTED_EDGE('',*,*,#4932,.F.);
#4932 = EDGE_CURVE('',#4903,#1133,#4933,.T.);
#4933 = SURFACE_CURVE('',#4934,(#4938,#4945),.PCURVE_S1.);
#4934 = LINE('',#4935,#4936);
#4935 = CARTESIAN_POINT('',(-22.8718563843,-29.16198788264,
    3.969521702273));
#4936 = VECTOR('',#4937,1.);
#4937 = DIRECTION('',(-0.72536722585,-0.688362105045,0.));
#4938 = PCURVE('',#1210,#4939);
#4939 = DEFINITIONAL_REPRESENTATION('',(#4940),#4944);
#4940 = LINE('',#4941,#4942);
#4941 = CARTESIAN_POINT('',(-6.499165999482E-16,11.8));
#4942 = VECTOR('',#4943,1.);
#4943 = DIRECTION('',(1.,-2.189282256778E-17));
#4944 = ( GEOMETRIC_REPRESENTATION_CONTEXT(2) 
PARAMETRIC_REPRESENTATION_CONTEXT() REPRESENTATION_CONTEXT('2D SPACE',''
  ) );
#4945 = PCURVE('',#1170,#4946);
#4946 = DEFINITIONAL_REPRESENTATION('',(#4947),#4951);
#4947 = LINE('',#4948,#4949);
#4948 = CARTESIAN_POINT('',(-1.570796326795,0.));
#4949 = VECTOR('',#4950,1.);
#4950 = DIRECTION('',(-0.,1.));
#4951 = ( GEOMETRIC_REPRESENTATION_CONTEXT(2) 
PARAMETRIC_REPRESENTATION_CONTEXT() REPRESENTATION_CONTEXT('2D SPACE',''
  ) );
#4952 = ADVANCED_FACE('',(#4953),#1170,.F.);
#4953 = FACE_BOUND('',#4954,.T.);
#4954 = EDGE_LOOP('',(#4955,#4985,#5040,#5066,#5120,#5121,#5122,#5172));
#4955 = ORIENTED_EDGE('',*,*,#4956,.F.);
#4956 = EDGE_CURVE('',#4957,#4959,#4961,.T.);
#4957 = VERTEX_POINT('',#4958);
#4958 = CARTESIAN_POINT('',(-23.67681170573,-31.30448989284,
    4.969521702273));
#4959 = VERTEX_POINT('',#4960);
#4960 = CARTESIAN_POINT('',(-26.06382834117,-33.56973119049,
    4.969521702273));
#4961 = SURFACE_CURVE('',#4962,(#4966,#4973),.PCURVE_S1.);
#4962 = LINE('',#4963,#4964);
#4963 = CARTESIAN_POINT('',(-22.18349427926,-29.88735510849,
    4.969521702273));
#4964 = VECTOR('',#4965,1.);
#4965 = DIRECTION('',(-0.72536722585,-0.688362105045,0.));
#4966 = PCURVE('',#1170,#4967);
#4967 = DEFINITIONAL_REPRESENTATION('',(#4968),#4972);
#4968 = LINE('',#4969,#4970);
#4969 = CARTESIAN_POINT('',(-0.,0.));
#4970 = VECTOR('',#4971,1.);
#4971 = DIRECTION('',(-0.,1.));
#4972 = ( GEOMETRIC_REPRESENTATION_CONTEXT(2) 
PARAMETRIC_REPRESENTATION_CONTEXT() REPRESENTATION_CONTEXT('2D SPACE',''
  ) );
#4973 = PCURVE('',#4974,#4979);
#4974 = PLANE('',#4975);
#4975 = AXIS2_PLACEMENT_3D('',#4976,#4977,#4978);
#4976 = CARTESIAN_POINT('',(-22.18349427926,-29.88735510849,
    3.969521702273));
#4977 = DIRECTION('',(0.688362105045,-0.72536722585,0.));
#4978 = DIRECTION('',(0.,0.,1.));
#4979 = DEFINITIONAL_REPRESENTATION('',(#4980),#4984);
#4980 = LINE('',#4981,#4982);
#4981 = CARTESIAN_POINT('',(1.,0.));
#4982 = VECTOR('',#4983,1.);
#4983 = DIRECTION('',(0.,1.));
#4984 = ( GEOMETRIC_REPRESENTATION_CONTEXT(2) 
PARAMETRIC_REPRESENTATION_CONTEXT() REPRESENTATION_CONTEXT('2D SPACE',''
  ) );
#4985 = ORIENTED_EDGE('',*,*,#4986,.T.);
#4986 = EDGE_CURVE('',#4957,#4987,#4989,.T.);
#4987 = VERTEX_POINT('',#4988);
#4988 = CARTESIAN_POINT('',(-24.03187592417,-31.03274785714,4.14));
#4989 = SURFACE_CURVE('',#4990,(#5003,#5019),.PCURVE_S1.);
#4990 = B_SPLINE_CURVE_WITH_KNOTS('',6,(#4991,#4992,#4993,#4994,#4995,
    #4996,#4997,#4998,#4999,#5000,#5001,#5002),.UNSPECIFIED.,.F.,.F.,(7,
    5,7),(0.,0.705682712603,1.),.UNSPECIFIED.);
#4991 = CARTESIAN_POINT('',(-23.67681170573,-31.30448989284,
    4.969521702273));
#4992 = CARTESIAN_POINT('',(-23.67681170573,-31.30448989284,
    4.859494455318));
#4993 = CARTESIAN_POINT('',(-23.68855578205,-31.29560742426,
    4.749416657595));
#4994 = CARTESIAN_POINT('',(-23.71206404735,-31.27782702777,
    4.640947841694));
#4995 = CARTESIAN_POINT('',(-23.74742382884,-31.25103155243,
    4.535827599331));
#4996 = CARTESIAN_POINT('',(-23.79470798406,-31.21505916419,
    4.436077141805));
#4997 = CARTESIAN_POINT('',(-23.87851898673,-31.15091966246,
    4.305993048446));
#4998 = CARTESIAN_POINT('',(-23.90524560097,-31.13042897165,
    4.269095659376));
#4999 = CARTESIAN_POINT('',(-23.9340009077,-31.10833689592,
    4.233812936331));
#5000 = CARTESIAN_POINT('',(-23.96473734101,-31.08466665355,
    4.200376480457));
#5001 = CARTESIAN_POINT('',(-23.99739010873,-31.05945380278,
    4.169023921023));
#5002 = CARTESIAN_POINT('',(-24.03187663708,-31.03274730506,4.1399994));
#5003 = PCURVE('',#1170,#5004);
#5004 = DEFINITIONAL_REPRESENTATION('',(#5005),#5018);
#5005 = B_SPLINE_CURVE_WITH_KNOTS('',6,(#5006,#5007,#5008,#5009,#5010,
    #5011,#5012,#5013,#5014,#5015,#5016,#5017),.UNSPECIFIED.,.F.,.F.,(7,
    5,7),(0.,0.705682712603,1.),.UNSPECIFIED.);
#5006 = CARTESIAN_POINT('',(0.,2.058705402241));
#5007 = CARTESIAN_POINT('',(-0.110027246955,2.058705402241));
#5008 = CARTESIAN_POINT('',(-0.220105939187,2.061109815529));
#5009 = CARTESIAN_POINT('',(-0.330968122302,2.065922589558));
#5010 = CARTESIAN_POINT('',(-0.44330288402,2.073126426356));
#5011 = CARTESIAN_POINT('',(-0.557817459981,2.082662773962));
#5012 = CARTESIAN_POINT('',(-0.724499962528,2.099305326037));
#5013 = CARTESIAN_POINT('',(-0.774091866223,2.104586921011));
#5014 = CARTESIAN_POINT('',(-0.82423575395,2.11023773032));
#5015 = CARTESIAN_POINT('',(-0.874955090498,2.116239233827));
#5016 = CARTESIAN_POINT('',(-0.926280615703,2.122568910323));
#5017 = CARTESIAN_POINT('',(-0.978251777054,2.129200566737));
#5018 = ( GEOMETRIC_REPRESENTATION_CONTEXT(2) 
PARAMETRIC_REPRESENTATION_CONTEXT() REPRESENTATION_CONTEXT('2D SPACE',''
  ) );
#5019 = PCURVE('',#5020,#5025);
#5020 = CYLINDRICAL_SURFACE('',#5021,39.25);
#5021 = AXIS2_PLACEMENT_3D('',#5022,#5023,#5024);
#5022 = CARTESIAN_POINT('',(2.025146430259E-13,-1.910692005867E-15,1.05)
  );
#5023 = DIRECTION('',(-0.,-0.,-1.));
#5024 = DIRECTION('',(1.,0.,0.));
#5025 = DEFINITIONAL_REPRESENTATION('',(#5026),#5039);
#5026 = B_SPLINE_CURVE_WITH_KNOTS('',6,(#5027,#5028,#5029,#5030,#5031,
    #5032,#5033,#5034,#5035,#5036,#5037,#5038),.UNSPECIFIED.,.F.,.F.,(7,
    5,7),(0.,0.705682712603,1.),.UNSPECIFIED.);
#5027 = CARTESIAN_POINT('',(-4.06484313626,-3.919521702273));
#5028 = CARTESIAN_POINT('',(-4.06484313626,-3.809494455318));
#5029 = CARTESIAN_POINT('',(-4.064467980524,-3.699416657595));
#5030 = CARTESIAN_POINT('',(-4.063717022789,-3.590947841694));
#5031 = CARTESIAN_POINT('',(-4.062586687969,-3.485827599331));
#5032 = CARTESIAN_POINT('',(-4.061073008679,-3.386077141805));
#5033 = CARTESIAN_POINT('',(-4.058384155665,-3.255993048446));
#5034 = CARTESIAN_POINT('',(-4.057526128127,-3.219095659376));
#5035 = CARTESIAN_POINT('',(-4.056602258084,-3.183812936331));
#5036 = CARTESIAN_POINT('',(-4.055613865772,-3.150376480457));
#5037 = CARTESIAN_POINT('',(-4.054562809937,-3.119023921023));
#5038 = CARTESIAN_POINT('',(-4.053451515213,-3.0899994));
#5039 = ( GEOMETRIC_REPRESENTATION_CONTEXT(2) 
PARAMETRIC_REPRESENTATION_CONTEXT() REPRESENTATION_CONTEXT('2D SPACE',''
  ) );
#5040 = ORIENTED_EDGE('',*,*,#5041,.T.);
#5041 = EDGE_CURVE('',#4987,#5042,#5044,.T.);
#5042 = VERTEX_POINT('',#5043);
#5043 = CARTESIAN_POINT('',(-24.10526362779,-31.10239163528,4.14));
#5044 = SURFACE_CURVE('',#5045,(#5049,#5055),.PCURVE_S1.);
#5045 = LINE('',#5046,#5047);
#5046 = CARTESIAN_POINT('',(-22.48742371524,-29.56708696732,4.14));
#5047 = VECTOR('',#5048,1.);
#5048 = DIRECTION('',(-0.72536722585,-0.688362105045,0.));
#5049 = PCURVE('',#1170,#5050);
#5050 = DEFINITIONAL_REPRESENTATION('',(#5051),#5054);
#5051 = B_SPLINE_CURVE_WITH_KNOTS('',1,(#5052,#5053),.UNSPECIFIED.,.F.,
  .F.,(2,2),(1.564624730689,2.544106559663),.PIECEWISE_BEZIER_KNOTS.);
#5052 = CARTESIAN_POINT('',(-0.978250702698,1.564624730689));
#5053 = CARTESIAN_POINT('',(-0.978250702698,2.544106559663));
#5054 = ( GEOMETRIC_REPRESENTATION_CONTEXT(2) 
PARAMETRIC_REPRESENTATION_CONTEXT() REPRESENTATION_CONTEXT('2D SPACE',''
  ) );
#5055 = PCURVE('',#5056,#5061);
#5056 = PLANE('',#5057);
#5057 = AXIS2_PLACEMENT_3D('',#5058,#5059,#5060);
#5058 = CARTESIAN_POINT('',(-23.8713371376,-12.3968892575,4.14));
#5059 = DIRECTION('',(0.,0.,1.));
#5060 = DIRECTION('',(-0.694658370459,-0.719339800339,0.));
#5061 = DEFINITIONAL_REPRESENTATION('',(#5062),#5065);
#5062 = B_SPLINE_CURVE_WITH_KNOTS('',1,(#5063,#5064),.UNSPECIFIED.,.F.,
  .F.,(2,2),(1.564624730689,2.544106559663),.PIECEWISE_BEZIER_KNOTS.);
#5063 = CARTESIAN_POINT('',(12.952995812494,12.854693819638));
#5064 = CARTESIAN_POINT('',(13.931545835228,12.811979579673));
#5065 = ( GEOMETRIC_REPRESENTATION_CONTEXT(2) 
PARAMETRIC_REPRESENTATION_CONTEXT() REPRESENTATION_CONTEXT('2D SPACE',''
  ) );
#5066 = ORIENTED_EDGE('',*,*,#5067,.T.);
#5067 = EDGE_CURVE('',#5042,#4903,#5068,.T.);
#5068 = SURFACE_CURVE('',#5069,(#5084,#5102),.PCURVE_S1.);
#5069 = B_SPLINE_CURVE_WITH_KNOTS('',7,(#5070,#5071,#5072,#5073,#5074,
    #5075,#5076,#5077,#5078,#5079,#5080,#5081,#5082,#5083),
  .UNSPECIFIED.,.F.,.F.,(8,6,8),(0.,0.611159390994,1.),.UNSPECIFIED.);
#5070 = CARTESIAN_POINT('',(-23.7503326621,-31.37426012576,
    4.969521702273));
#5071 = CARTESIAN_POINT('',(-23.7503326621,-31.37426012576,
    4.844538896924));
#5072 = CARTESIAN_POINT('',(-23.76505949108,-31.36311188358,
    4.719302770153));
#5073 = CARTESIAN_POINT('',(-23.79462176741,-31.34073334609,
    4.596103941898));
#5074 = CARTESIAN_POINT('',(-23.83915471366,-31.30695306711,
    4.477397629693));
#5075 = CARTESIAN_POINT('',(-23.8986941506,-31.26160540314,
    4.365993848498));
#5076 = CARTESIAN_POINT('',(-23.97308704378,-31.20458526537,
    4.265219432226));
#5077 = CARTESIAN_POINT('',(-24.11809200966,-31.09252668324,
    4.124744224623));
#5078 = CARTESIAN_POINT('',(-24.18049697397,-31.04411030471,
    4.075908462747));
#5079 = CARTESIAN_POINT('',(-24.24821377777,-30.99132490347,
    4.034692272771));
#5080 = CARTESIAN_POINT('',(-24.3202095042,-30.93489469882,
    4.002567200096));
#5081 = CARTESIAN_POINT('',(-24.39523660675,-30.87573274638,
    3.98061845263));
#5082 = CARTESIAN_POINT('',(-24.47192808384,-30.81488163866,
    3.969521702273));
#5083 = CARTESIAN_POINT('',(-24.54887884652,-30.75345586074,
    3.969521702273));
#5084 = PCURVE('',#1170,#5085);
#5085 = DEFINITIONAL_REPRESENTATION('',(#5086),#5101);
#5086 = B_SPLINE_CURVE_WITH_KNOTS('',7,(#5087,#5088,#5089,#5090,#5091,
    #5092,#5093,#5094,#5095,#5096,#5097,#5098,#5099,#5100),
  .UNSPECIFIED.,.F.,.F.,(8,6,8),(0.,0.611159390994,1.),.UNSPECIFIED.);
#5087 = CARTESIAN_POINT('',(0.,2.160062278812));
#5088 = CARTESIAN_POINT('',(-0.124982805348,2.160062278812));
#5089 = CARTESIAN_POINT('',(-0.250218500447,2.163070610437));
#5090 = CARTESIAN_POINT('',(-0.376608070818,2.169109579632));
#5091 = CARTESIAN_POINT('',(-0.504935076451,2.178159255371));
#5092 = CARTESIAN_POINT('',(-0.636076973221,2.19013159814));
#5093 = CARTESIAN_POINT('',(-0.770987217411,2.204843262619));
#5094 = CARTESIAN_POINT('',(-1.000182177342,2.232888230975));
#5095 = CARTESIAN_POINT('',(-1.091806432623,2.244826746572));
#5096 = CARTESIAN_POINT('',(-1.185311479138,2.257610826776));
#5097 = CARTESIAN_POINT('',(-1.280263285413,2.270989752671));
#5098 = CARTESIAN_POINT('',(-1.376339487993,2.284687107784));
#5099 = CARTESIAN_POINT('',(-1.473270091681,2.298428995169));
#5100 = CARTESIAN_POINT('',(-1.570796326795,2.311963378624));
#5101 = ( GEOMETRIC_REPRESENTATION_CONTEXT(2) 
PARAMETRIC_REPRESENTATION_CONTEXT() REPRESENTATION_CONTEXT('2D SPACE',''
  ) );
#5102 = PCURVE('',#3490,#5103);
#5103 = DEFINITIONAL_REPRESENTATION('',(#5104),#5119);
#5104 = B_SPLINE_CURVE_WITH_KNOTS('',7,(#5105,#5106,#5107,#5108,#5109,
    #5110,#5111,#5112,#5113,#5114,#5115,#5116,#5117,#5118),
  .UNSPECIFIED.,.F.,.F.,(8,6,8),(0.,0.611159390994,1.),.UNSPECIFIED.);
#5105 = CARTESIAN_POINT('',(2.218762763114,-3.919521702273));
#5106 = CARTESIAN_POINT('',(2.218762763114,-3.794538896924));
#5107 = CARTESIAN_POINT('',(2.219232155595,-3.669302770153));
#5108 = CARTESIAN_POINT('',(2.220174399707,-3.546103941898));
#5109 = CARTESIAN_POINT('',(2.221594865875,-3.427397629693));
#5110 = CARTESIAN_POINT('',(2.223496818811,-3.315993848498));
#5111 = CARTESIAN_POINT('',(2.225878795563,-3.215219432226));
#5112 = CARTESIAN_POINT('',(2.230535928849,-3.074744224623));
#5113 = CARTESIAN_POINT('',(2.232543151054,-3.025908462747));
#5114 = CARTESIAN_POINT('',(2.234725087124,-2.984692272771));
#5115 = CARTESIAN_POINT('',(2.237049732381,-2.952567200096));
#5116 = CARTESIAN_POINT('',(2.239477843346,-2.93061845263));
#5117 = CARTESIAN_POINT('',(2.241965765401,-2.919521702273));
#5118 = CARTESIAN_POINT('',(2.244467948018,-2.919521702273));
#5119 = ( GEOMETRIC_REPRESENTATION_CONTEXT(2) 
PARAMETRIC_REPRESENTATION_CONTEXT() REPRESENTATION_CONTEXT('2D SPACE',''
  ) );
#5120 = ORIENTED_EDGE('',*,*,#4932,.T.);
#5121 = ORIENTED_EDGE('',*,*,#1132,.F.);
#5122 = ORIENTED_EDGE('',*,*,#5123,.F.);
#5123 = EDGE_CURVE('',#5124,#1109,#5126,.T.);
#5124 = VERTEX_POINT('',#5125);
#5125 = CARTESIAN_POINT('',(-26.35142317621,-33.34445226102,4.2));
#5126 = SURFACE_CURVE('',#5127,(#5140,#5156),.PCURVE_S1.);
#5127 = B_SPLINE_CURVE_WITH_KNOTS('',6,(#5128,#5129,#5130,#5131,#5132,
    #5133,#5134,#5135,#5136,#5137,#5138,#5139),.UNSPECIFIED.,.F.,.F.,(7,
    5,7),(0.,0.705810758957,1.),.UNSPECIFIED.);
#5128 = CARTESIAN_POINT('',(-26.06382834117,-33.56973119049,
    4.969521702273));
#5129 = CARTESIAN_POINT('',(-26.06382834117,-33.56973119049,
    4.859515612557));
#5130 = CARTESIAN_POINT('',(-26.0754313464,-33.56072255166,
    4.749460328801));
#5131 = CARTESIAN_POINT('',(-26.0986567164,-33.542690009,4.641005792418)
  );
#5132 = CARTESIAN_POINT('',(-26.13359828587,-33.51551329805,
    4.535883540186));
#5133 = CARTESIAN_POINT('',(-26.18034199498,-33.47902661574,
    4.436111767142));
#5134 = CARTESIAN_POINT('',(-26.26322521367,-33.41397854382,
    4.306002215765));
#5135 = CARTESIAN_POINT('',(-26.28964779268,-33.39320719278,
    4.269109734343));
#5136 = CARTESIAN_POINT('',(-26.31808030595,-33.37081304784,
    4.233827935262));
#5137 = CARTESIAN_POINT('',(-26.34847703333,-33.34681972663,
    4.200388913606));
#5138 = CARTESIAN_POINT('',(-26.3807752335,-33.32126340591,
    4.169031027557));
#5139 = CARTESIAN_POINT('',(-26.41489454946,-33.29419387732,4.1399994));
#5140 = PCURVE('',#1170,#5141);
#5141 = DEFINITIONAL_REPRESENTATION('',(#5142),#5155);
#5142 = B_SPLINE_CURVE_WITH_KNOTS('',6,(#5143,#5144,#5145,#5146,#5147,
    #5148,#5149,#5150,#5151,#5152,#5153,#5154),.UNSPECIFIED.,.F.,.F.,(7,
    5,7),(0.,0.705810758957,1.),.UNSPECIFIED.);
#5143 = CARTESIAN_POINT('',(0.,5.349475305233));
#5144 = CARTESIAN_POINT('',(-0.110006089716,5.349475305233));
#5145 = CARTESIAN_POINT('',(-0.220062280522,5.351690539361));
#5146 = CARTESIAN_POINT('',(-0.330908741193,5.356124542541));
#5147 = CARTESIAN_POINT('',(-0.443241224653,5.3627625939));
#5148 = CARTESIAN_POINT('',(-0.557773093005,5.371552899062));
#5149 = CARTESIAN_POINT('',(-0.724488216037,5.386897041756));
#5150 = CARTESIAN_POINT('',(-0.774072722253,5.391764903664));
#5151 = CARTESIAN_POINT('',(-0.824213807317,5.39697363619));
#5152 = CARTESIAN_POINT('',(-0.874935183725,5.402506332908));
#5153 = CARTESIAN_POINT('',(-0.92626789078,5.408342386038));
#5154 = CARTESIAN_POINT('',(-0.978251777054,5.414457781918));
#5155 = ( GEOMETRIC_REPRESENTATION_CONTEXT(2) 
PARAMETRIC_REPRESENTATION_CONTEXT() REPRESENTATION_CONTEXT('2D SPACE',''
  ) );
#5156 = PCURVE('',#1024,#5157);
#5157 = DEFINITIONAL_REPRESENTATION('',(#5158),#5171);
#5158 = B_SPLINE_CURVE_WITH_KNOTS('',6,(#5159,#5160,#5161,#5162,#5163,
    #5164,#5165,#5166,#5167,#5168,#5169,#5170),.UNSPECIFIED.,.F.,.F.,(7,
    5,7),(0.,0.705810758957,1.),.UNSPECIFIED.);
#5159 = CARTESIAN_POINT('',(2.230985832761,-6.969521702273));
#5160 = CARTESIAN_POINT('',(2.230985832761,-6.859515612557));
#5161 = CARTESIAN_POINT('',(2.231331471176,-6.749460328801));
#5162 = CARTESIAN_POINT('',(2.232023328058,-6.641005792418));
#5163 = CARTESIAN_POINT('',(2.233064882837,-6.535883540186));
#5164 = CARTESIAN_POINT('',(2.234460124967,-6.436111767142));
#5165 = CARTESIAN_POINT('',(2.23693920054,-6.306002215765));
#5166 = CARTESIAN_POINT('',(2.237730013174,-6.269109734343));
#5167 = CARTESIAN_POINT('',(2.238581603578,-6.233827935262));
#5168 = CARTESIAN_POINT('',(2.239492783699,-6.200388913606));
#5169 = CARTESIAN_POINT('',(2.240461868848,-6.169031027557));
#5170 = CARTESIAN_POINT('',(2.241486651611,-6.1399994));
#5171 = ( GEOMETRIC_REPRESENTATION_CONTEXT(2) 
PARAMETRIC_REPRESENTATION_CONTEXT() REPRESENTATION_CONTEXT('2D SPACE',''
  ) );
#5172 = ORIENTED_EDGE('',*,*,#5173,.F.);
#5173 = EDGE_CURVE('',#4959,#5124,#5174,.T.);
#5174 = SURFACE_CURVE('',#5175,(#5184,#5196),.PCURVE_S1.);
#5175 = B_SPLINE_CURVE_WITH_KNOTS('',7,(#5176,#5177,#5178,#5179,#5180,
    #5181,#5182,#5183),.UNSPECIFIED.,.F.,.F.,(8,8),(0.,1.),
  .PIECEWISE_BEZIER_KNOTS.);
#5176 = CARTESIAN_POINT('',(-26.06382834117,-33.56973119049,
    4.969521702273));
#5177 = CARTESIAN_POINT('',(-26.06382834117,-33.56973119049,
    4.848748121324));
#5178 = CARTESIAN_POINT('',(-26.07742526136,-33.55917440966,
    4.727800309286));
#5179 = CARTESIAN_POINT('',(-26.10469065067,-33.53800540387,
    4.608704305288));
#5180 = CARTESIAN_POINT('',(-26.14574897738,-33.50607155523,
    4.493625847893));
#5181 = CARTESIAN_POINT('',(-26.20066687412,-33.46320912712,
    4.385045182387));
#5182 = CARTESIAN_POINT('',(-26.26937227143,-33.40929537715,
    4.285906875909));
#5183 = CARTESIAN_POINT('',(-26.35142374928,-33.34445180814,4.1999994));
#5184 = PCURVE('',#1170,#5185);
#5185 = DEFINITIONAL_REPRESENTATION('',(#5186),#5195);
#5186 = B_SPLINE_CURVE_WITH_KNOTS('',7,(#5187,#5188,#5189,#5190,#5191,
    #5192,#5193,#5194),.UNSPECIFIED.,.F.,.F.,(8,8),(0.,1.),
  .PIECEWISE_BEZIER_KNOTS.);
#5187 = CARTESIAN_POINT('',(0.,5.349475305233));
#5188 = CARTESIAN_POINT('',(-0.120773580949,5.349475305233));
#5189 = CARTESIAN_POINT('',(-0.241721111525,5.352071177635));
#5190 = CARTESIAN_POINT('',(-0.363695754345,5.357276656055));
#5191 = CARTESIAN_POINT('',(-0.487441000558,5.365076969329));
#5192 = CARTESIAN_POINT('',(-0.613772418447,5.375407740494));
#5193 = CARTESIAN_POINT('',(-0.74357229471,5.388132201527));
#5194 = CARTESIAN_POINT('',(-0.878092798507,5.403013798726));
#5195 = ( GEOMETRIC_REPRESENTATION_CONTEXT(2) 
PARAMETRIC_REPRESENTATION_CONTEXT() REPRESENTATION_CONTEXT('2D SPACE',''
  ) );
#5196 = PCURVE('',#5197,#5202);
#5197 = CYLINDRICAL_SURFACE('',#5198,42.5);
#5198 = AXIS2_PLACEMENT_3D('',#5199,#5200,#5201);
#5199 = CARTESIAN_POINT('',(0.,0.,1.05));
#5200 = DIRECTION('',(-0.,-0.,-1.));
#5201 = DIRECTION('',(1.,0.,0.));
#5202 = DEFINITIONAL_REPRESENTATION('',(#5203),#5212);
#5203 = B_SPLINE_CURVE_WITH_KNOTS('',7,(#5204,#5205,#5206,#5207,#5208,
    #5209,#5210,#5211),.UNSPECIFIED.,.F.,.F.,(8,8),(0.,1.),
  .PIECEWISE_BEZIER_KNOTS.);
#5204 = CARTESIAN_POINT('',(-4.052199474419,-3.919521702273));
#5205 = CARTESIAN_POINT('',(-4.052199474419,-3.798748121324));
#5206 = CARTESIAN_POINT('',(-4.051794439064,-3.677800309286));
#5207 = CARTESIAN_POINT('',(-4.050982238666,-3.558704305288));
#5208 = CARTESIAN_POINT('',(-4.049758357295,-3.443625847893));
#5209 = CARTESIAN_POINT('',(-4.048119194758,-3.335045182387));
#5210 = CARTESIAN_POINT('',(-4.046064303217,-3.235906875909));
#5211 = CARTESIAN_POINT('',(-4.043603579666,-3.1499994));
#5212 = ( GEOMETRIC_REPRESENTATION_CONTEXT(2) 
PARAMETRIC_REPRESENTATION_CONTEXT() REPRESENTATION_CONTEXT('2D SPACE',''
  ) );
#5213 = ADVANCED_FACE('',(#5214),#1024,.T.);
#5214 = FACE_BOUND('',#5215,.T.);
#5215 = EDGE_LOOP('',(#5216,#5217,#5246,#5268,#5332,#5354,#5355,#5356));
#5216 = ORIENTED_EDGE('',*,*,#1008,.F.);
#5217 = ORIENTED_EDGE('',*,*,#5218,.F.);
#5218 = EDGE_CURVE('',#5219,#985,#5221,.T.);
#5219 = VERTEX_POINT('',#5220);
#5220 = CARTESIAN_POINT('',(-22.81210710114,-35.85885901149,6.));
#5221 = SURFACE_CURVE('',#5222,(#5227,#5234),.PCURVE_S1.);
#5222 = CIRCLE('',#5223,42.5);
#5223 = AXIS2_PLACEMENT_3D('',#5224,#5225,#5226);
#5224 = CARTESIAN_POINT('',(0.,0.,6.));
#5225 = DIRECTION('',(0.,0.,1.));
#5226 = DIRECTION('',(1.,0.,-0.));
#5227 = PCURVE('',#1024,#5228);
#5228 = DEFINITIONAL_REPRESENTATION('',(#5229),#5233);
#5229 = LINE('',#5230,#5231);
#5230 = CARTESIAN_POINT('',(6.28318530718,-8.));
#5231 = VECTOR('',#5232,1.);
#5232 = DIRECTION('',(-1.,0.));
#5233 = ( GEOMETRIC_REPRESENTATION_CONTEXT(2) 
PARAMETRIC_REPRESENTATION_CONTEXT() REPRESENTATION_CONTEXT('2D SPACE',''
  ) );
#5234 = PCURVE('',#5235,#5240);
#5235 = PLANE('',#5236);
#5236 = AXIS2_PLACEMENT_3D('',#5237,#5238,#5239);
#5237 = CARTESIAN_POINT('',(-4.118407928589E-15,3.242876655026E-16,6.));
#5238 = DIRECTION('',(0.,0.,1.));
#5239 = DIRECTION('',(1.,0.,-0.));
#5240 = DEFINITIONAL_REPRESENTATION('',(#5241),#5245);
#5241 = CIRCLE('',#5242,42.5);
#5242 = AXIS2_PLACEMENT_2D('',#5243,#5244);
#5243 = CARTESIAN_POINT('',(4.118407928589E-15,-3.242876655026E-16));
#5244 = DIRECTION('',(1.,0.));
#5245 = ( GEOMETRIC_REPRESENTATION_CONTEXT(2) 
PARAMETRIC_REPRESENTATION_CONTEXT() REPRESENTATION_CONTEXT('2D SPACE',''
  ) );
#5246 = ORIENTED_EDGE('',*,*,#5247,.T.);
#5247 = EDGE_CURVE('',#5219,#5248,#5250,.T.);
#5248 = VERTEX_POINT('',#5249);
#5249 = CARTESIAN_POINT('',(-22.81210710114,-35.85885901149,5.3));
#5250 = SURFACE_CURVE('',#5251,(#5255,#5261),.PCURVE_S1.);
#5251 = LINE('',#5252,#5253);
#5252 = CARTESIAN_POINT('',(-22.81210710114,-35.85885901149,-2.));
#5253 = VECTOR('',#5254,1.);
#5254 = DIRECTION('',(-0.,-0.,-1.));
#5255 = PCURVE('',#1024,#5256);
#5256 = DEFINITIONAL_REPRESENTATION('',(#5257),#5260);
#5257 = B_SPLINE_CURVE_WITH_KNOTS('',1,(#5258,#5259),.UNSPECIFIED.,.F.,
  .F.,(2,2),(-8.0000006,-6.6),.PIECEWISE_BEZIER_KNOTS.);
#5258 = CARTESIAN_POINT('',(2.137383276882,-8.0000006));
#5259 = CARTESIAN_POINT('',(2.137383276882,-6.6));
#5260 = ( GEOMETRIC_REPRESENTATION_CONTEXT(2) 
PARAMETRIC_REPRESENTATION_CONTEXT() REPRESENTATION_CONTEXT('2D SPACE',''
  ) );
#5261 = PCURVE('',#5197,#5262);
#5262 = DEFINITIONAL_REPRESENTATION('',(#5263),#5267);
#5263 = LINE('',#5264,#5265);
#5264 = CARTESIAN_POINT('',(-4.145802030298,3.05));
#5265 = VECTOR('',#5266,1.);
#5266 = DIRECTION('',(-0.,1.));
#5267 = ( GEOMETRIC_REPRESENTATION_CONTEXT(2) 
PARAMETRIC_REPRESENTATION_CONTEXT() REPRESENTATION_CONTEXT('2D SPACE',''
  ) );
#5268 = ORIENTED_EDGE('',*,*,#5269,.T.);
#5269 = EDGE_CURVE('',#5248,#5270,#5272,.T.);
#5270 = VERTEX_POINT('',#5271);
#5271 = CARTESIAN_POINT('',(-23.74889848416,-35.24542269272,4.2));
#5272 = SURFACE_CURVE('',#5273,(#5288,#5306),.PCURVE_S1.);
#5273 = B_SPLINE_CURVE_WITH_KNOTS('',7,(#5274,#5275,#5276,#5277,#5278,
    #5279,#5280,#5281,#5282,#5283,#5284,#5285,#5286,#5287),
  .UNSPECIFIED.,.F.,.F.,(8,6,8),(0.,0.612411321576,1.),.UNSPECIFIED.);
#5274 = CARTESIAN_POINT('',(-22.81210710114,-35.85885901149,5.3));
#5275 = CARTESIAN_POINT('',(-22.81210710114,-35.85885901149,
    5.162653539306));
#5276 = CARTESIAN_POINT('',(-22.82933587444,-35.84789866556,
    5.025081400617));
#5277 = CARTESIAN_POINT('',(-22.86389719079,-35.82591213528,
    4.889725838695));
#5278 = CARTESIAN_POINT('',(-22.91597913929,-35.7927058994,
    4.759215506233));
#5279 = CARTESIAN_POINT('',(-22.98569832261,-35.74805823084,
    4.636594048175));
#5280 = CARTESIAN_POINT('',(-23.07298004519,-35.69177852029,
    4.525526060515));
#5281 = CARTESIAN_POINT('',(-23.24317413503,-35.58104902137,
    4.370897021515));
#5282 = CARTESIAN_POINT('',(-23.31624508761,-35.53330560316,
    4.317233699803));
#5283 = CARTESIAN_POINT('',(-23.39561052829,-35.48118490696,
    4.271879115811));
#5284 = CARTESIAN_POINT('',(-23.48007653802,-35.42538387768,
    4.236479891551));
#5285 = CARTESIAN_POINT('',(-23.56819010023,-35.366792195,4.212261199168
    ));
#5286 = CARTESIAN_POINT('',(-23.65834907448,-35.30643625346,4.2));
#5287 = CARTESIAN_POINT('',(-23.74889848416,-35.24542269272,4.2));
#5288 = PCURVE('',#1024,#5289);
#5289 = DEFINITIONAL_REPRESENTATION('',(#5290),#5305);
#5290 = B_SPLINE_CURVE_WITH_KNOTS('',7,(#5291,#5292,#5293,#5294,#5295,
    #5296,#5297,#5298,#5299,#5300,#5301,#5302,#5303,#5304),
  .UNSPECIFIED.,.F.,.F.,(8,6,8),(0.,0.612411321576,1.),.UNSPECIFIED.);
#5291 = CARTESIAN_POINT('',(2.137383276882,-7.3));
#5292 = CARTESIAN_POINT('',(2.137383276882,-7.162653539306));
#5293 = CARTESIAN_POINT('',(2.137863737947,-7.025081400617));
#5294 = CARTESIAN_POINT('',(2.138827551458,-6.889725838695));
#5295 = CARTESIAN_POINT('',(2.140280896346,-6.759215506233));
#5296 = CARTESIAN_POINT('',(2.142228886095,-6.636594048175));
#5297 = CARTESIAN_POINT('',(2.144672472364,-6.525526060515));
#5298 = CARTESIAN_POINT('',(2.14944998892,-6.370897021515));
#5299 = CARTESIAN_POINT('',(2.151503766867,-6.317233699803));
#5300 = CARTESIAN_POINT('',(2.15373786657,-6.271879115811));
#5301 = CARTESIAN_POINT('',(2.156119818726,-6.236479891551));
#5302 = CARTESIAN_POINT('',(2.158609583368,-6.212261199168));
#5303 = CARTESIAN_POINT('',(2.161162429518,-6.2));
#5304 = CARTESIAN_POINT('',(2.163731540704,-6.2));
#5305 = ( GEOMETRIC_REPRESENTATION_CONTEXT(2) 
PARAMETRIC_REPRESENTATION_CONTEXT() REPRESENTATION_CONTEXT('2D SPACE',''
  ) );
#5306 = PCURVE('',#5197,#5307);
#5307 = DEFINITIONAL_REPRESENTATION('',(#5308),#5331);
#5308 = B_SPLINE_CURVE_WITH_KNOTS('',6,(#5309,#5310,#5311,#5312,#5313,
    #5314,#5315,#5316,#5317,#5318,#5319,#5320,#5321,#5322,#5323,#5324,
    #5325,#5326,#5327,#5328,#5329,#5330),.UNSPECIFIED.,.F.,.F.,(7,5,5,5,
    7),(0.,0.5,0.5625,0.6171875,1.),.UNSPECIFIED.);
#5309 = CARTESIAN_POINT('',(-4.145802030298,-4.25));
#5310 = CARTESIAN_POINT('',(-4.145802030298,-4.119174905957));
#5311 = CARTESIAN_POINT('',(-4.145353668594,-3.988139695118));
#5312 = CARTESIAN_POINT('',(-4.144454106055,-3.859216787739));
#5313 = CARTESIAN_POINT('',(-4.143097489167,-3.734938371445));
#5314 = CARTESIAN_POINT('',(-4.141278908183,-3.61827089287));
#5315 = CARTESIAN_POINT('',(-4.138718284787,-3.49994020703));
#5316 = CARTESIAN_POINT('',(-4.138426622372,-3.486971808266));
#5317 = CARTESIAN_POINT('',(-4.138127820085,-3.474190437702));
#5318 = CARTESIAN_POINT('',(-4.137821889127,-3.461603893387));
#5319 = CARTESIAN_POINT('',(-4.137508843394,-3.449220215952));
#5320 = CARTESIAN_POINT('',(-4.13690857416,-3.426396760027));
#5321 = CARTESIAN_POINT('',(-4.136622989799,-3.415906734584));
#5322 = CARTESIAN_POINT('',(-4.136332113644,-3.405588008946));
#5323 = CARTESIAN_POINT('',(-4.136035527821,-3.395432912941));
#5324 = CARTESIAN_POINT('',(-4.135733925387,-3.385468451116));
#5325 = CARTESIAN_POINT('',(-4.133275792326,-3.307159722492));
#5326 = CARTESIAN_POINT('',(-4.130850787669,-3.24737205547));
#5327 = CARTESIAN_POINT('',(-4.128189323307,-3.199723915996));
#5328 = CARTESIAN_POINT('',(-4.125352249763,-3.166745064186));
#5329 = CARTESIAN_POINT('',(-4.12241412777,-3.15));
#5330 = CARTESIAN_POINT('',(-4.119453766476,-3.15));
#5331 = ( GEOMETRIC_REPRESENTATION_CONTEXT(2) 
PARAMETRIC_REPRESENTATION_CONTEXT() REPRESENTATION_CONTEXT('2D SPACE',''
  ) );
#5332 = ORIENTED_EDGE('',*,*,#5333,.T.);
#5333 = EDGE_CURVE('',#5270,#5124,#5334,.T.);
#5334 = SURFACE_CURVE('',#5335,(#5340,#5347),.PCURVE_S1.);
#5335 = CIRCLE('',#5336,42.5);
#5336 = AXIS2_PLACEMENT_3D('',#5337,#5338,#5339);
#5337 = CARTESIAN_POINT('',(0.,0.,4.2));
#5338 = DIRECTION('',(0.,0.,-1.));
#5339 = DIRECTION('',(1.,0.,0.));
#5340 = PCURVE('',#1024,#5341);
#5341 = DEFINITIONAL_REPRESENTATION('',(#5342),#5346);
#5342 = LINE('',#5343,#5344);
#5343 = CARTESIAN_POINT('',(-4.138911435803E-13,-6.2));
#5344 = VECTOR('',#5345,1.);
#5345 = DIRECTION('',(1.,-0.));
#5346 = ( GEOMETRIC_REPRESENTATION_CONTEXT(2) 
PARAMETRIC_REPRESENTATION_CONTEXT() REPRESENTATION_CONTEXT('2D SPACE',''
  ) );
#5347 = PCURVE('',#5197,#5348);
#5348 = DEFINITIONAL_REPRESENTATION('',(#5349),#5353);
#5349 = LINE('',#5350,#5351);
#5350 = CARTESIAN_POINT('',(-6.28318530718,-3.15));
#5351 = VECTOR('',#5352,1.);
#5352 = DIRECTION('',(1.,-0.));
#5353 = ( GEOMETRIC_REPRESENTATION_CONTEXT(2) 
PARAMETRIC_REPRESENTATION_CONTEXT() REPRESENTATION_CONTEXT('2D SPACE',''
  ) );
#5354 = ORIENTED_EDGE('',*,*,#5123,.T.);
#5355 = ORIENTED_EDGE('',*,*,#1108,.F.);
#5356 = ORIENTED_EDGE('',*,*,#1036,.F.);
#5357 = ADVANCED_FACE('',(#5358,#5821,#5856),#718,.T.);
#5358 = FACE_BOUND('',#5359,.T.);
#5359 = EDGE_LOOP('',(#5360,#5383,#5384,#5408,#5431,#5453,#5454,#5478,
    #5501,#5523,#5524,#5552,#5580,#5609,#5642,#5671,#5704,#5733,#5766,
    #5795));
#5360 = ORIENTED_EDGE('',*,*,#5361,.F.);
#5361 = EDGE_CURVE('',#985,#5362,#5364,.T.);
#5362 = VERTEX_POINT('',#5363);
#5363 = CARTESIAN_POINT('',(-20.52265882168,-33.57443930862,6.));
#5364 = SURFACE_CURVE('',#5365,(#5369,#5376),.PCURVE_S1.);
#5365 = LINE('',#5366,#5367);
#5366 = CARTESIAN_POINT('',(-2.699345532453,-15.11785810544,6.));
#5367 = VECTOR('',#5368,1.);
#5368 = DIRECTION('',(0.694658370459,0.719339800339,-0.));
#5369 = PCURVE('',#718,#5370);
#5370 = DEFINITIONAL_REPRESENTATION('',(#5371),#5375);
#5371 = LINE('',#5372,#5373);
#5372 = CARTESIAN_POINT('',(-2.699345532453,-15.11785810544));
#5373 = VECTOR('',#5374,1.);
#5374 = DIRECTION('',(0.694658370459,0.719339800339));
#5375 = ( GEOMETRIC_REPRESENTATION_CONTEXT(2) 
PARAMETRIC_REPRESENTATION_CONTEXT() REPRESENTATION_CONTEXT('2D SPACE',''
  ) );
#5376 = PCURVE('',#5235,#5377);
#5377 = DEFINITIONAL_REPRESENTATION('',(#5378),#5382);
#5378 = LINE('',#5379,#5380);
#5379 = CARTESIAN_POINT('',(-2.699345532453,-15.11785810544));
#5380 = VECTOR('',#5381,1.);
#5381 = DIRECTION('',(0.694658370459,0.719339800339));
#5382 = ( GEOMETRIC_REPRESENTATION_CONTEXT(2) 
PARAMETRIC_REPRESENTATION_CONTEXT() REPRESENTATION_CONTEXT('2D SPACE',''
  ) );
#5383 = ORIENTED_EDGE('',*,*,#984,.T.);
#5384 = ORIENTED_EDGE('',*,*,#5385,.T.);
#5385 = EDGE_CURVE('',#964,#5386,#5388,.T.);
#5386 = VERTEX_POINT('',#5387);
#5387 = CARTESIAN_POINT('',(-14.77777064571,-40.,6.));
#5388 = SURFACE_CURVE('',#5389,(#5394,#5401),.PCURVE_S1.);
#5389 = CIRCLE('',#5390,2.65);
#5390 = AXIS2_PLACEMENT_3D('',#5391,#5392,#5393);
#5391 = CARTESIAN_POINT('',(-13.68080573302,-37.58770483143,6.));
#5392 = DIRECTION('',(0.,0.,1.));
#5393 = DIRECTION('',(-0.642653769392,-0.766156728539,0.));
#5394 = PCURVE('',#718,#5395);
#5395 = DEFINITIONAL_REPRESENTATION('',(#5396),#5400);
#5396 = CIRCLE('',#5397,2.65);
#5397 = AXIS2_PLACEMENT_2D('',#5398,#5399);
#5398 = CARTESIAN_POINT('',(-13.68080573302,-37.58770483143));
#5399 = DIRECTION('',(-0.642653769392,-0.766156728539));
#5400 = ( GEOMETRIC_REPRESENTATION_CONTEXT(2) 
PARAMETRIC_REPRESENTATION_CONTEXT() REPRESENTATION_CONTEXT('2D SPACE',''
  ) );
#5401 = PCURVE('',#919,#5402);
#5402 = DEFINITIONAL_REPRESENTATION('',(#5403),#5407);
#5403 = LINE('',#5404,#5405);
#5404 = CARTESIAN_POINT('',(2.268753324301,-4.95));
#5405 = VECTOR('',#5406,1.);
#5406 = DIRECTION('',(-1.,0.));
#5407 = ( GEOMETRIC_REPRESENTATION_CONTEXT(2) 
PARAMETRIC_REPRESENTATION_CONTEXT() REPRESENTATION_CONTEXT('2D SPACE',''
  ) );
#5408 = ORIENTED_EDGE('',*,*,#5409,.F.);
#5409 = EDGE_CURVE('',#5410,#5386,#5412,.T.);
#5410 = VERTEX_POINT('',#5411);
#5411 = CARTESIAN_POINT('',(-10.74468039174,-40.,6.));
#5412 = SURFACE_CURVE('',#5413,(#5417,#5424),.PCURVE_S1.);
#5413 = LINE('',#5414,#5415);
#5414 = CARTESIAN_POINT('',(-15.84040286651,-40.,6.));
#5415 = VECTOR('',#5416,1.);
#5416 = DIRECTION('',(-1.,0.,0.));
#5417 = PCURVE('',#718,#5418);
#5418 = DEFINITIONAL_REPRESENTATION('',(#5419),#5423);
#5419 = LINE('',#5420,#5421);
#5420 = CARTESIAN_POINT('',(-15.84040286651,-40.));
#5421 = VECTOR('',#5422,1.);
#5422 = DIRECTION('',(-1.,0.));
#5423 = ( GEOMETRIC_REPRESENTATION_CONTEXT(2) 
PARAMETRIC_REPRESENTATION_CONTEXT() REPRESENTATION_CONTEXT('2D SPACE',''
  ) );
#5424 = PCURVE('',#888,#5425);
#5425 = DEFINITIONAL_REPRESENTATION('',(#5426),#5430);
#5426 = LINE('',#5427,#5428);
#5427 = CARTESIAN_POINT('',(-15.84040286651,-40.));
#5428 = VECTOR('',#5429,1.);
#5429 = DIRECTION('',(-1.,0.));
#5430 = ( GEOMETRIC_REPRESENTATION_CONTEXT(2) 
PARAMETRIC_REPRESENTATION_CONTEXT() REPRESENTATION_CONTEXT('2D SPACE',''
  ) );
#5431 = ORIENTED_EDGE('',*,*,#5432,.F.);
#5432 = EDGE_CURVE('',#844,#5410,#5433,.T.);
#5433 = SURFACE_CURVE('',#5434,(#5439,#5446),.PCURVE_S1.);
#5434 = CIRCLE('',#5435,3.8);
#5435 = AXIS2_PLACEMENT_3D('',#5436,#5437,#5438);
#5436 = CARTESIAN_POINT('',(-13.68080573302,-37.58770483143,6.));
#5437 = DIRECTION('',(0.,0.,1.));
#5438 = DIRECTION('',(1.,0.,0.));
#5439 = PCURVE('',#718,#5440);
#5440 = DEFINITIONAL_REPRESENTATION('',(#5441),#5445);
#5441 = CIRCLE('',#5442,3.8);
#5442 = AXIS2_PLACEMENT_2D('',#5443,#5444);
#5443 = CARTESIAN_POINT('',(-13.68080573302,-37.58770483143));
#5444 = DIRECTION('',(1.,0.));
#5445 = ( GEOMETRIC_REPRESENTATION_CONTEXT(2) 
PARAMETRIC_REPRESENTATION_CONTEXT() REPRESENTATION_CONTEXT('2D SPACE',''
  ) );
#5446 = PCURVE('',#888,#5447);
#5447 = DEFINITIONAL_REPRESENTATION('',(#5448),#5452);
#5448 = CIRCLE('',#5449,3.8);
#5449 = AXIS2_PLACEMENT_2D('',#5450,#5451);
#5450 = CARTESIAN_POINT('',(-13.68080573302,-37.58770483143));
#5451 = DIRECTION('',(1.,0.));
#5452 = ( GEOMETRIC_REPRESENTATION_CONTEXT(2) 
PARAMETRIC_REPRESENTATION_CONTEXT() REPRESENTATION_CONTEXT('2D SPACE',''
  ) );
#5453 = ORIENTED_EDGE('',*,*,#843,.F.);
#5454 = ORIENTED_EDGE('',*,*,#5455,.F.);
#5455 = EDGE_CURVE('',#5456,#811,#5458,.T.);
#5456 = VERTEX_POINT('',#5457);
#5457 = CARTESIAN_POINT('',(10.744680391744,-40.,6.));
#5458 = SURFACE_CURVE('',#5459,(#5464,#5471),.PCURVE_S1.);
#5459 = CIRCLE('',#5460,3.8);
#5460 = AXIS2_PLACEMENT_3D('',#5461,#5462,#5463);
#5461 = CARTESIAN_POINT('',(13.680805733027,-37.58770483143,6.));
#5462 = DIRECTION('',(0.,0.,1.));
#5463 = DIRECTION('',(-0.998745213572,-5.007991980636E-02,0.));
#5464 = PCURVE('',#718,#5465);
#5465 = DEFINITIONAL_REPRESENTATION('',(#5466),#5470);
#5466 = CIRCLE('',#5467,3.8);
#5467 = AXIS2_PLACEMENT_2D('',#5468,#5469);
#5468 = CARTESIAN_POINT('',(13.680805733027,-37.58770483143));
#5469 = DIRECTION('',(-0.998745213572,-5.007991980636E-02));
#5470 = ( GEOMETRIC_REPRESENTATION_CONTEXT(2) 
PARAMETRIC_REPRESENTATION_CONTEXT() REPRESENTATION_CONTEXT('2D SPACE',''
  ) );
#5471 = PCURVE('',#827,#5472);
#5472 = DEFINITIONAL_REPRESENTATION('',(#5473),#5477);
#5473 = CIRCLE('',#5474,3.8);
#5474 = AXIS2_PLACEMENT_2D('',#5475,#5476);
#5475 = CARTESIAN_POINT('',(13.680805733027,-37.58770483143));
#5476 = DIRECTION('',(-0.998745213572,-5.007991980636E-02));
#5477 = ( GEOMETRIC_REPRESENTATION_CONTEXT(2) 
PARAMETRIC_REPRESENTATION_CONTEXT() REPRESENTATION_CONTEXT('2D SPACE',''
  ) );
#5478 = ORIENTED_EDGE('',*,*,#5479,.F.);
#5479 = EDGE_CURVE('',#5480,#5456,#5482,.T.);
#5480 = VERTEX_POINT('',#5481);
#5481 = CARTESIAN_POINT('',(14.777770645726,-40.,6.));
#5482 = SURFACE_CURVE('',#5483,(#5487,#5494),.PCURVE_S1.);
#5483 = LINE('',#5484,#5485);
#5484 = CARTESIAN_POINT('',(-2.159597133487,-40.,6.));
#5485 = VECTOR('',#5486,1.);
#5486 = DIRECTION('',(-1.,0.,0.));
#5487 = PCURVE('',#718,#5488);
#5488 = DEFINITIONAL_REPRESENTATION('',(#5489),#5493);
#5489 = LINE('',#5490,#5491);
#5490 = CARTESIAN_POINT('',(-2.159597133487,-40.));
#5491 = VECTOR('',#5492,1.);
#5492 = DIRECTION('',(-1.,0.));
#5493 = ( GEOMETRIC_REPRESENTATION_CONTEXT(2) 
PARAMETRIC_REPRESENTATION_CONTEXT() REPRESENTATION_CONTEXT('2D SPACE',''
  ) );
#5494 = PCURVE('',#827,#5495);
#5495 = DEFINITIONAL_REPRESENTATION('',(#5496),#5500);
#5496 = LINE('',#5497,#5498);
#5497 = CARTESIAN_POINT('',(-2.159597133487,-40.));
#5498 = VECTOR('',#5499,1.);
#5499 = DIRECTION('',(-1.,0.));
#5500 = ( GEOMETRIC_REPRESENTATION_CONTEXT(2) 
PARAMETRIC_REPRESENTATION_CONTEXT() REPRESENTATION_CONTEXT('2D SPACE',''
  ) );
#5501 = ORIENTED_EDGE('',*,*,#5502,.T.);
#5502 = EDGE_CURVE('',#5480,#702,#5503,.T.);
#5503 = SURFACE_CURVE('',#5504,(#5509,#5516),.PCURVE_S1.);
#5504 = CIRCLE('',#5505,2.65);
#5505 = AXIS2_PLACEMENT_3D('',#5506,#5507,#5508);
#5506 = CARTESIAN_POINT('',(13.680805733027,-37.58770483143,6.));
#5507 = DIRECTION('',(0.,0.,1.));
#5508 = DIRECTION('',(1.747032916977E-04,-0.999999984739,0.));
#5509 = PCURVE('',#718,#5510);
#5510 = DEFINITIONAL_REPRESENTATION('',(#5511),#5515);
#5511 = CIRCLE('',#5512,2.65);
#5512 = AXIS2_PLACEMENT_2D('',#5513,#5514);
#5513 = CARTESIAN_POINT('',(13.680805733027,-37.58770483143));
#5514 = DIRECTION('',(1.747032916977E-04,-0.999999984739));
#5515 = ( GEOMETRIC_REPRESENTATION_CONTEXT(2) 
PARAMETRIC_REPRESENTATION_CONTEXT() REPRESENTATION_CONTEXT('2D SPACE',''
  ) );
#5516 = PCURVE('',#745,#5517);
#5517 = DEFINITIONAL_REPRESENTATION('',(#5518),#5522);
#5518 = LINE('',#5519,#5520);
#5519 = CARTESIAN_POINT('',(1.570621623502,-4.95));
#5520 = VECTOR('',#5521,1.);
#5521 = DIRECTION('',(-1.,0.));
#5522 = ( GEOMETRIC_REPRESENTATION_CONTEXT(2) 
PARAMETRIC_REPRESENTATION_CONTEXT() REPRESENTATION_CONTEXT('2D SPACE',''
  ) );
#5523 = ORIENTED_EDGE('',*,*,#701,.T.);
#5524 = ORIENTED_EDGE('',*,*,#5525,.T.);
#5525 = EDGE_CURVE('',#679,#5526,#5528,.T.);
#5526 = VERTEX_POINT('',#5527);
#5527 = CARTESIAN_POINT('',(20.522658821683,-33.57443930862,6.));
#5528 = SURFACE_CURVE('',#5529,(#5533,#5540),.PCURVE_S1.);
#5529 = LINE('',#5530,#5531);
#5530 = CARTESIAN_POINT('',(2.699345532453,-15.11785810544,6.));
#5531 = VECTOR('',#5532,1.);
#5532 = DIRECTION('',(-0.694658370459,0.719339800339,0.));
#5533 = PCURVE('',#718,#5534);
#5534 = DEFINITIONAL_REPRESENTATION('',(#5535),#5539);
#5535 = LINE('',#5536,#5537);
#5536 = CARTESIAN_POINT('',(2.699345532453,-15.11785810544));
#5537 = VECTOR('',#5538,1.);
#5538 = DIRECTION('',(-0.694658370459,0.719339800339));
#5539 = ( GEOMETRIC_REPRESENTATION_CONTEXT(2) 
PARAMETRIC_REPRESENTATION_CONTEXT() REPRESENTATION_CONTEXT('2D SPACE',''
  ) );
#5540 = PCURVE('',#5541,#5546);
#5541 = PLANE('',#5542);
#5542 = AXIS2_PLACEMENT_3D('',#5543,#5544,#5545);
#5543 = CARTESIAN_POINT('',(-4.118407928589E-15,3.242876655026E-16,6.));
#5544 = DIRECTION('',(0.,0.,1.));
#5545 = DIRECTION('',(1.,0.,-0.));
#5546 = DEFINITIONAL_REPRESENTATION('',(#5547),#5551);
#5547 = LINE('',#5548,#5549);
#5548 = CARTESIAN_POINT('',(2.699345532453,-15.11785810544));
#5549 = VECTOR('',#5550,1.);
#5550 = DIRECTION('',(-0.694658370459,0.719339800339));
#5551 = ( GEOMETRIC_REPRESENTATION_CONTEXT(2) 
PARAMETRIC_REPRESENTATION_CONTEXT() REPRESENTATION_CONTEXT('2D SPACE',''
  ) );
#5552 = ORIENTED_EDGE('',*,*,#5553,.T.);
#5553 = EDGE_CURVE('',#5526,#5554,#5556,.T.);
#5554 = VERTEX_POINT('',#5555);
#5555 = CARTESIAN_POINT('',(15.823439670527,-36.02833963691,6.));
#5556 = SURFACE_CURVE('',#5557,(#5562,#5573),.PCURVE_S1.);
#5557 = CIRCLE('',#5558,39.35);
#5558 = AXIS2_PLACEMENT_3D('',#5559,#5560,#5561);
#5559 = CARTESIAN_POINT('',(0.,0.,6.));
#5560 = DIRECTION('',(0.,0.,-1.));
#5561 = DIRECTION('',(0.40212044906,0.915586776034,0.));
#5562 = PCURVE('',#718,#5563);
#5563 = DEFINITIONAL_REPRESENTATION('',(#5564),#5572);
#5564 = ( BOUNDED_CURVE() B_SPLINE_CURVE(2,(#5565,#5566,#5567,#5568,
#5569,#5570,#5571),.UNSPECIFIED.,.T.,.F.) B_SPLINE_CURVE_WITH_KNOTS((1,2
    ,2,2,2,1),(-2.094395102393,0.,2.094395102393,4.188790204786,
6.28318530718,8.377580409573),.UNSPECIFIED.) CURVE() 
GEOMETRIC_REPRESENTATION_ITEM() RATIONAL_B_SPLINE_CURVE((1.,0.5,1.,0.5,
1.,0.5,1.)) REPRESENTATION_ITEM('') );
#5565 = CARTESIAN_POINT('',(15.823439670507,36.028339636928));
#5566 = CARTESIAN_POINT('',(78.226354434014,8.62133817711));
#5567 = CARTESIAN_POINT('',(23.2897375465,-31.71767054837));
#5568 = CARTESIAN_POINT('',(-31.64687934101,-72.05667927385));
#5569 = CARTESIAN_POINT('',(-39.113177217,-4.310669088555));
#5570 = CARTESIAN_POINT('',(-46.579475093,63.435341096746));
#5571 = CARTESIAN_POINT('',(15.823439670507,36.028339636928));
#5572 = ( GEOMETRIC_REPRESENTATION_CONTEXT(2) 
PARAMETRIC_REPRESENTATION_CONTEXT() REPRESENTATION_CONTEXT('2D SPACE',''
  ) );
#5573 = PCURVE('',#2760,#5574);
#5574 = DEFINITIONAL_REPRESENTATION('',(#5575),#5579);
#5575 = LINE('',#5576,#5577);
#5576 = CARTESIAN_POINT('',(-1.156964709811,-4.95));
#5577 = VECTOR('',#5578,1.);
#5578 = DIRECTION('',(1.,-0.));
#5579 = ( GEOMETRIC_REPRESENTATION_CONTEXT(2) 
PARAMETRIC_REPRESENTATION_CONTEXT() REPRESENTATION_CONTEXT('2D SPACE',''
  ) );
#5580 = ORIENTED_EDGE('',*,*,#5581,.T.);
#5581 = EDGE_CURVE('',#5554,#5582,#5584,.T.);
#5582 = VERTEX_POINT('',#5583);
#5583 = CARTESIAN_POINT('',(14.351022693838,-35.0238582632,6.));
#5584 = SURFACE_CURVE('',#5585,(#5590,#5597),.PCURVE_S1.);
#5585 = CIRCLE('',#5586,2.65);
#5586 = AXIS2_PLACEMENT_3D('',#5587,#5588,#5589);
#5587 = CARTESIAN_POINT('',(13.680805733027,-37.58770483143,6.));
#5588 = DIRECTION('',(0.,0.,1.));
#5589 = DIRECTION('',(1.,0.,-0.));
#5590 = PCURVE('',#718,#5591);
#5591 = DEFINITIONAL_REPRESENTATION('',(#5592),#5596);
#5592 = CIRCLE('',#5593,2.65);
#5593 = AXIS2_PLACEMENT_2D('',#5594,#5595);
#5594 = CARTESIAN_POINT('',(13.680805733027,-37.58770483143));
#5595 = DIRECTION('',(1.,0.));
#5596 = ( GEOMETRIC_REPRESENTATION_CONTEXT(2) 
PARAMETRIC_REPRESENTATION_CONTEXT() REPRESENTATION_CONTEXT('2D SPACE',''
  ) );
#5597 = PCURVE('',#5598,#5603);
#5598 = CYLINDRICAL_SURFACE('',#5599,2.65);
#5599 = AXIS2_PLACEMENT_3D('',#5600,#5601,#5602);
#5600 = CARTESIAN_POINT('',(13.680805733027,-37.58770483143,1.05));
#5601 = DIRECTION('',(-0.,-0.,-1.));
#5602 = DIRECTION('',(1.,0.,0.));
#5603 = DEFINITIONAL_REPRESENTATION('',(#5604),#5608);
#5604 = LINE('',#5605,#5606);
#5605 = CARTESIAN_POINT('',(6.28318530718,-4.95));
#5606 = VECTOR('',#5607,1.);
#5607 = DIRECTION('',(-1.,0.));
#5608 = ( GEOMETRIC_REPRESENTATION_CONTEXT(2) 
PARAMETRIC_REPRESENTATION_CONTEXT() REPRESENTATION_CONTEXT('2D SPACE',''
  ) );
#5609 = ORIENTED_EDGE('',*,*,#5610,.T.);
#5610 = EDGE_CURVE('',#5582,#5611,#5613,.T.);
#5611 = VERTEX_POINT('',#5612);
#5612 = CARTESIAN_POINT('',(11.519380947316,-36.05449157304,6.));
#5613 = SURFACE_CURVE('',#5614,(#5619,#5630),.PCURVE_S1.);
#5614 = CIRCLE('',#5615,37.85);
#5615 = AXIS2_PLACEMENT_3D('',#5616,#5617,#5618);
#5616 = CARTESIAN_POINT('',(0.,0.,6.));
#5617 = DIRECTION('',(0.,0.,-1.));
#5618 = DIRECTION('',(1.,0.,0.));
#5619 = PCURVE('',#718,#5620);
#5620 = DEFINITIONAL_REPRESENTATION('',(#5621),#5629);
#5621 = ( BOUNDED_CURVE() B_SPLINE_CURVE(2,(#5622,#5623,#5624,#5625,
#5626,#5627,#5628),.UNSPECIFIED.,.T.,.F.) B_SPLINE_CURVE_WITH_KNOTS((1,2
    ,2,2,2,1),(-2.094395102393,0.,2.094395102393,4.188790204786,
6.28318530718,8.377580409573),.UNSPECIFIED.) CURVE() 
GEOMETRIC_REPRESENTATION_ITEM() RATIONAL_B_SPLINE_CURVE((1.,0.5,1.,0.5,
1.,0.5,1.)) REPRESENTATION_ITEM('') );
#5622 = CARTESIAN_POINT('',(37.85,-3.242876655026E-16));
#5623 = CARTESIAN_POINT('',(37.85,-65.55812306648));
#5624 = CARTESIAN_POINT('',(-18.925,-32.77906153324));
#5625 = CARTESIAN_POINT('',(-75.7,-9.594863935048E-15));
#5626 = CARTESIAN_POINT('',(-18.925,32.779061533241));
#5627 = CARTESIAN_POINT('',(37.85,65.558123066482));
#5628 = CARTESIAN_POINT('',(37.85,-3.242876655026E-16));
#5629 = ( GEOMETRIC_REPRESENTATION_CONTEXT(2) 
PARAMETRIC_REPRESENTATION_CONTEXT() REPRESENTATION_CONTEXT('2D SPACE',''
  ) );
#5630 = PCURVE('',#5631,#5636);
#5631 = CYLINDRICAL_SURFACE('',#5632,37.85);
#5632 = AXIS2_PLACEMENT_3D('',#5633,#5634,#5635);
#5633 = CARTESIAN_POINT('',(0.,0.,0.));
#5634 = DIRECTION('',(-0.,-0.,-1.));
#5635 = DIRECTION('',(1.,0.,0.));
#5636 = DEFINITIONAL_REPRESENTATION('',(#5637),#5641);
#5637 = LINE('',#5638,#5639);
#5638 = CARTESIAN_POINT('',(-4.138911435803E-13,-6.));
#5639 = VECTOR('',#5640,1.);
#5640 = DIRECTION('',(1.,-0.));
#5641 = ( GEOMETRIC_REPRESENTATION_CONTEXT(2) 
PARAMETRIC_REPRESENTATION_CONTEXT() REPRESENTATION_CONTEXT('2D SPACE',''
  ) );
#5642 = ORIENTED_EDGE('',*,*,#5643,.T.);
#5643 = EDGE_CURVE('',#5611,#5644,#5646,.T.);
#5644 = VERTEX_POINT('',#5645);
#5645 = CARTESIAN_POINT('',(11.037112285554,-37.7704203365,6.));
#5646 = SURFACE_CURVE('',#5647,(#5652,#5659),.PCURVE_S1.);
#5647 = CIRCLE('',#5648,2.65);
#5648 = AXIS2_PLACEMENT_3D('',#5649,#5650,#5651);
#5649 = CARTESIAN_POINT('',(13.680805733027,-37.58770483143,6.));
#5650 = DIRECTION('',(0.,0.,1.));
#5651 = DIRECTION('',(1.,0.,-0.));
#5652 = PCURVE('',#718,#5653);
#5653 = DEFINITIONAL_REPRESENTATION('',(#5654),#5658);
#5654 = CIRCLE('',#5655,2.65);
#5655 = AXIS2_PLACEMENT_2D('',#5656,#5657);
#5656 = CARTESIAN_POINT('',(13.680805733027,-37.58770483143));
#5657 = DIRECTION('',(1.,0.));
#5658 = ( GEOMETRIC_REPRESENTATION_CONTEXT(2) 
PARAMETRIC_REPRESENTATION_CONTEXT() REPRESENTATION_CONTEXT('2D SPACE',''
  ) );
#5659 = PCURVE('',#5660,#5665);
#5660 = CYLINDRICAL_SURFACE('',#5661,2.65);
#5661 = AXIS2_PLACEMENT_3D('',#5662,#5663,#5664);
#5662 = CARTESIAN_POINT('',(13.680805733027,-37.58770483143,1.05));
#5663 = DIRECTION('',(-0.,-0.,-1.));
#5664 = DIRECTION('',(1.,0.,0.));
#5665 = DEFINITIONAL_REPRESENTATION('',(#5666),#5670);
#5666 = LINE('',#5667,#5668);
#5667 = CARTESIAN_POINT('',(6.28318530718,-4.95));
#5668 = VECTOR('',#5669,1.);
#5669 = DIRECTION('',(-1.,0.));
#5670 = ( GEOMETRIC_REPRESENTATION_CONTEXT(2) 
PARAMETRIC_REPRESENTATION_CONTEXT() REPRESENTATION_CONTEXT('2D SPACE',''
  ) );
#5671 = ORIENTED_EDGE('',*,*,#5672,.T.);
#5672 = EDGE_CURVE('',#5644,#5673,#5675,.T.);
#5673 = VERTEX_POINT('',#5674);
#5674 = CARTESIAN_POINT('',(-11.03711228555,-37.7704203365,6.));
#5675 = SURFACE_CURVE('',#5676,(#5681,#5692),.PCURVE_S1.);
#5676 = CIRCLE('',#5677,39.35);
#5677 = AXIS2_PLACEMENT_3D('',#5678,#5679,#5680);
#5678 = CARTESIAN_POINT('',(0.,0.,6.));
#5679 = DIRECTION('',(0.,0.,-1.));
#5680 = DIRECTION('',(0.40212044906,0.915586776034,0.));
#5681 = PCURVE('',#718,#5682);
#5682 = DEFINITIONAL_REPRESENTATION('',(#5683),#5691);
#5683 = ( BOUNDED_CURVE() B_SPLINE_CURVE(2,(#5684,#5685,#5686,#5687,
#5688,#5689,#5690),.UNSPECIFIED.,.T.,.F.) B_SPLINE_CURVE_WITH_KNOTS((1,2
    ,2,2,2,1),(-2.094395102393,0.,2.094395102393,4.188790204786,
6.28318530718,8.377580409573),.UNSPECIFIED.) CURVE() 
GEOMETRIC_REPRESENTATION_ITEM() RATIONAL_B_SPLINE_CURVE((1.,0.5,1.,0.5,
1.,0.5,1.)) REPRESENTATION_ITEM('') );
#5684 = CARTESIAN_POINT('',(15.823439670507,36.028339636928));
#5685 = CARTESIAN_POINT('',(78.226354434014,8.62133817711));
#5686 = CARTESIAN_POINT('',(23.2897375465,-31.71767054837));
#5687 = CARTESIAN_POINT('',(-31.64687934101,-72.05667927385));
#5688 = CARTESIAN_POINT('',(-39.113177217,-4.310669088555));
#5689 = CARTESIAN_POINT('',(-46.579475093,63.435341096746));
#5690 = CARTESIAN_POINT('',(15.823439670507,36.028339636928));
#5691 = ( GEOMETRIC_REPRESENTATION_CONTEXT(2) 
PARAMETRIC_REPRESENTATION_CONTEXT() REPRESENTATION_CONTEXT('2D SPACE',''
  ) );
#5692 = PCURVE('',#5693,#5698);
#5693 = CYLINDRICAL_SURFACE('',#5694,39.35);
#5694 = AXIS2_PLACEMENT_3D('',#5695,#5696,#5697);
#5695 = CARTESIAN_POINT('',(0.,0.,1.05));
#5696 = DIRECTION('',(-0.,-0.,-1.));
#5697 = DIRECTION('',(1.,0.,0.));
#5698 = DEFINITIONAL_REPRESENTATION('',(#5699),#5703);
#5699 = LINE('',#5700,#5701);
#5700 = CARTESIAN_POINT('',(-1.156964709811,-4.95));
#5701 = VECTOR('',#5702,1.);
#5702 = DIRECTION('',(1.,-0.));
#5703 = ( GEOMETRIC_REPRESENTATION_CONTEXT(2) 
PARAMETRIC_REPRESENTATION_CONTEXT() REPRESENTATION_CONTEXT('2D SPACE',''
  ) );
#5704 = ORIENTED_EDGE('',*,*,#5705,.T.);
#5705 = EDGE_CURVE('',#5673,#5706,#5708,.T.);
#5706 = VERTEX_POINT('',#5707);
#5707 = CARTESIAN_POINT('',(-11.51938094731,-36.05449157304,6.));
#5708 = SURFACE_CURVE('',#5709,(#5714,#5721),.PCURVE_S1.);
#5709 = CIRCLE('',#5710,2.65);
#5710 = AXIS2_PLACEMENT_3D('',#5711,#5712,#5713);
#5711 = CARTESIAN_POINT('',(-13.68080573302,-37.58770483143,6.));
#5712 = DIRECTION('',(-0.,0.,1.));
#5713 = DIRECTION('',(0.997620168858,-6.894924719471E-02,0.));
#5714 = PCURVE('',#718,#5715);
#5715 = DEFINITIONAL_REPRESENTATION('',(#5716),#5720);
#5716 = CIRCLE('',#5717,2.65);
#5717 = AXIS2_PLACEMENT_2D('',#5718,#5719);
#5718 = CARTESIAN_POINT('',(-13.68080573302,-37.58770483143));
#5719 = DIRECTION('',(0.997620168858,-6.894924719471E-02));
#5720 = ( GEOMETRIC_REPRESENTATION_CONTEXT(2) 
PARAMETRIC_REPRESENTATION_CONTEXT() REPRESENTATION_CONTEXT('2D SPACE',''
  ) );
#5721 = PCURVE('',#5722,#5727);
#5722 = CYLINDRICAL_SURFACE('',#5723,2.65);
#5723 = AXIS2_PLACEMENT_3D('',#5724,#5725,#5726);
#5724 = CARTESIAN_POINT('',(-13.68080573302,-37.58770483143,1.05));
#5725 = DIRECTION('',(-0.,-0.,-1.));
#5726 = DIRECTION('',(1.,0.,0.));
#5727 = DEFINITIONAL_REPRESENTATION('',(#5728),#5732);
#5728 = LINE('',#5729,#5730);
#5729 = CARTESIAN_POINT('',(6.352189302349,-4.95));
#5730 = VECTOR('',#5731,1.);
#5731 = DIRECTION('',(-1.,0.));
#5732 = ( GEOMETRIC_REPRESENTATION_CONTEXT(2) 
PARAMETRIC_REPRESENTATION_CONTEXT() REPRESENTATION_CONTEXT('2D SPACE',''
  ) );
#5733 = ORIENTED_EDGE('',*,*,#5734,.T.);
#5734 = EDGE_CURVE('',#5706,#5735,#5737,.T.);
#5735 = VERTEX_POINT('',#5736);
#5736 = CARTESIAN_POINT('',(-14.35102269383,-35.0238582632,6.));
#5737 = SURFACE_CURVE('',#5738,(#5743,#5754),.PCURVE_S1.);
#5738 = CIRCLE('',#5739,37.85);
#5739 = AXIS2_PLACEMENT_3D('',#5740,#5741,#5742);
#5740 = CARTESIAN_POINT('',(0.,0.,6.));
#5741 = DIRECTION('',(0.,0.,-1.));
#5742 = DIRECTION('',(1.,0.,0.));
#5743 = PCURVE('',#718,#5744);
#5744 = DEFINITIONAL_REPRESENTATION('',(#5745),#5753);
#5745 = ( BOUNDED_CURVE() B_SPLINE_CURVE(2,(#5746,#5747,#5748,#5749,
#5750,#5751,#5752),.UNSPECIFIED.,.T.,.F.) B_SPLINE_CURVE_WITH_KNOTS((1,2
    ,2,2,2,1),(-2.094395102393,0.,2.094395102393,4.188790204786,
6.28318530718,8.377580409573),.UNSPECIFIED.) CURVE() 
GEOMETRIC_REPRESENTATION_ITEM() RATIONAL_B_SPLINE_CURVE((1.,0.5,1.,0.5,
1.,0.5,1.)) REPRESENTATION_ITEM('') );
#5746 = CARTESIAN_POINT('',(37.85,-3.242876655026E-16));
#5747 = CARTESIAN_POINT('',(37.85,-65.55812306648));
#5748 = CARTESIAN_POINT('',(-18.925,-32.77906153324));
#5749 = CARTESIAN_POINT('',(-75.7,-9.594863935048E-15));
#5750 = CARTESIAN_POINT('',(-18.925,32.779061533241));
#5751 = CARTESIAN_POINT('',(37.85,65.558123066482));
#5752 = CARTESIAN_POINT('',(37.85,-3.242876655026E-16));
#5753 = ( GEOMETRIC_REPRESENTATION_CONTEXT(2) 
PARAMETRIC_REPRESENTATION_CONTEXT() REPRESENTATION_CONTEXT('2D SPACE',''
  ) );
#5754 = PCURVE('',#5755,#5760);
#5755 = CYLINDRICAL_SURFACE('',#5756,37.85);
#5756 = AXIS2_PLACEMENT_3D('',#5757,#5758,#5759);
#5757 = CARTESIAN_POINT('',(0.,0.,0.));
#5758 = DIRECTION('',(-0.,-0.,-1.));
#5759 = DIRECTION('',(1.,0.,0.));
#5760 = DEFINITIONAL_REPRESENTATION('',(#5761),#5765);
#5761 = LINE('',#5762,#5763);
#5762 = CARTESIAN_POINT('',(-4.138911435803E-13,-6.));
#5763 = VECTOR('',#5764,1.);
#5764 = DIRECTION('',(1.,-0.));
#5765 = ( GEOMETRIC_REPRESENTATION_CONTEXT(2) 
PARAMETRIC_REPRESENTATION_CONTEXT() REPRESENTATION_CONTEXT('2D SPACE',''
  ) );
#5766 = ORIENTED_EDGE('',*,*,#5767,.T.);
#5767 = EDGE_CURVE('',#5735,#5768,#5770,.T.);
#5768 = VERTEX_POINT('',#5769);
#5769 = CARTESIAN_POINT('',(-15.82343967052,-36.02833963691,6.));
#5770 = SURFACE_CURVE('',#5771,(#5776,#5783),.PCURVE_S1.);
#5771 = CIRCLE('',#5772,2.65);
#5772 = AXIS2_PLACEMENT_3D('',#5773,#5774,#5775);
#5773 = CARTESIAN_POINT('',(-13.68080573302,-37.58770483143,6.));
#5774 = DIRECTION('',(-0.,0.,1.));
#5775 = DIRECTION('',(0.997620168858,-6.894924719471E-02,0.));
#5776 = PCURVE('',#718,#5777);
#5777 = DEFINITIONAL_REPRESENTATION('',(#5778),#5782);
#5778 = CIRCLE('',#5779,2.65);
#5779 = AXIS2_PLACEMENT_2D('',#5780,#5781);
#5780 = CARTESIAN_POINT('',(-13.68080573302,-37.58770483143));
#5781 = DIRECTION('',(0.997620168858,-6.894924719471E-02));
#5782 = ( GEOMETRIC_REPRESENTATION_CONTEXT(2) 
PARAMETRIC_REPRESENTATION_CONTEXT() REPRESENTATION_CONTEXT('2D SPACE',''
  ) );
#5783 = PCURVE('',#5784,#5789);
#5784 = CYLINDRICAL_SURFACE('',#5785,2.65);
#5785 = AXIS2_PLACEMENT_3D('',#5786,#5787,#5788);
#5786 = CARTESIAN_POINT('',(-13.68080573302,-37.58770483143,1.05));
#5787 = DIRECTION('',(-0.,-0.,-1.));
#5788 = DIRECTION('',(1.,0.,0.));
#5789 = DEFINITIONAL_REPRESENTATION('',(#5790),#5794);
#5790 = LINE('',#5791,#5792);
#5791 = CARTESIAN_POINT('',(6.352189302349,-4.95));
#5792 = VECTOR('',#5793,1.);
#5793 = DIRECTION('',(-1.,0.));
#5794 = ( GEOMETRIC_REPRESENTATION_CONTEXT(2) 
PARAMETRIC_REPRESENTATION_CONTEXT() REPRESENTATION_CONTEXT('2D SPACE',''
  ) );
#5795 = ORIENTED_EDGE('',*,*,#5796,.T.);
#5796 = EDGE_CURVE('',#5768,#5362,#5797,.T.);
#5797 = SURFACE_CURVE('',#5798,(#5803,#5814),.PCURVE_S1.);
#5798 = CIRCLE('',#5799,39.35);
#5799 = AXIS2_PLACEMENT_3D('',#5800,#5801,#5802);
#5800 = CARTESIAN_POINT('',(0.,0.,6.));
#5801 = DIRECTION('',(0.,0.,-1.));
#5802 = DIRECTION('',(0.40212044906,0.915586776034,0.));
#5803 = PCURVE('',#718,#5804);
#5804 = DEFINITIONAL_REPRESENTATION('',(#5805),#5813);
#5805 = ( BOUNDED_CURVE() B_SPLINE_CURVE(2,(#5806,#5807,#5808,#5809,
#5810,#5811,#5812),.UNSPECIFIED.,.T.,.F.) B_SPLINE_CURVE_WITH_KNOTS((1,2
    ,2,2,2,1),(-2.094395102393,0.,2.094395102393,4.188790204786,
6.28318530718,8.377580409573),.UNSPECIFIED.) CURVE() 
GEOMETRIC_REPRESENTATION_ITEM() RATIONAL_B_SPLINE_CURVE((1.,0.5,1.,0.5,
1.,0.5,1.)) REPRESENTATION_ITEM('') );
#5806 = CARTESIAN_POINT('',(15.823439670507,36.028339636928));
#5807 = CARTESIAN_POINT('',(78.226354434014,8.62133817711));
#5808 = CARTESIAN_POINT('',(23.2897375465,-31.71767054837));
#5809 = CARTESIAN_POINT('',(-31.64687934101,-72.05667927385));
#5810 = CARTESIAN_POINT('',(-39.113177217,-4.310669088555));
#5811 = CARTESIAN_POINT('',(-46.579475093,63.435341096746));
#5812 = CARTESIAN_POINT('',(15.823439670507,36.028339636928));
#5813 = ( GEOMETRIC_REPRESENTATION_CONTEXT(2) 
PARAMETRIC_REPRESENTATION_CONTEXT() REPRESENTATION_CONTEXT('2D SPACE',''
  ) );
#5814 = PCURVE('',#3490,#5815);
#5815 = DEFINITIONAL_REPRESENTATION('',(#5816),#5820);
#5816 = LINE('',#5817,#5818);
#5817 = CARTESIAN_POINT('',(-1.156964709811,-4.95));
#5818 = VECTOR('',#5819,1.);
#5819 = DIRECTION('',(1.,-0.));
#5820 = ( GEOMETRIC_REPRESENTATION_CONTEXT(2) 
PARAMETRIC_REPRESENTATION_CONTEXT() REPRESENTATION_CONTEXT('2D SPACE',''
  ) );
#5821 = FACE_BOUND('',#5822,.T.);
#5822 = EDGE_LOOP('',(#5823));
#5823 = ORIENTED_EDGE('',*,*,#5824,.T.);
#5824 = EDGE_CURVE('',#5825,#5825,#5827,.T.);
#5825 = VERTEX_POINT('',#5826);
#5826 = CARTESIAN_POINT('',(-12.63080573302,-37.58770483143,6.));
#5827 = SURFACE_CURVE('',#5828,(#5833,#5844),.PCURVE_S1.);
#5828 = CIRCLE('',#5829,1.05);
#5829 = AXIS2_PLACEMENT_3D('',#5830,#5831,#5832);
#5830 = CARTESIAN_POINT('',(-13.68080573302,-37.58770483143,6.));
#5831 = DIRECTION('',(0.,0.,-1.));
#5832 = DIRECTION('',(1.,0.,0.));
#5833 = PCURVE('',#718,#5834);
#5834 = DEFINITIONAL_REPRESENTATION('',(#5835),#5843);
#5835 = ( BOUNDED_CURVE() B_SPLINE_CURVE(2,(#5836,#5837,#5838,#5839,
#5840,#5841,#5842),.UNSPECIFIED.,.T.,.F.) B_SPLINE_CURVE_WITH_KNOTS((1,2
    ,2,2,2,1),(-2.094395102393,0.,2.094395102393,4.188790204786,
6.28318530718,8.377580409573),.UNSPECIFIED.) CURVE() 
GEOMETRIC_REPRESENTATION_ITEM() RATIONAL_B_SPLINE_CURVE((1.,0.5,1.,0.5,
1.,0.5,1.)) REPRESENTATION_ITEM('') );
#5836 = CARTESIAN_POINT('',(-12.63080573302,-37.58770483143));
#5837 = CARTESIAN_POINT('',(-12.63080573302,-39.40635817937));
#5838 = CARTESIAN_POINT('',(-14.20580573302,-38.4970315054));
#5839 = CARTESIAN_POINT('',(-15.78080573302,-37.58770483143));
#5840 = CARTESIAN_POINT('',(-14.20580573302,-36.67837815745));
#5841 = CARTESIAN_POINT('',(-12.63080573302,-35.76905148348));
#5842 = CARTESIAN_POINT('',(-12.63080573302,-37.58770483143));
#5843 = ( GEOMETRIC_REPRESENTATION_CONTEXT(2) 
PARAMETRIC_REPRESENTATION_CONTEXT() REPRESENTATION_CONTEXT('2D SPACE',''
  ) );
#5844 = PCURVE('',#5845,#5850);
#5845 = CYLINDRICAL_SURFACE('',#5846,1.05);
#5846 = AXIS2_PLACEMENT_3D('',#5847,#5848,#5849);
#5847 = CARTESIAN_POINT('',(-13.68080573302,-37.58770483143,1.4));
#5848 = DIRECTION('',(-0.,-0.,-1.));
#5849 = DIRECTION('',(1.,0.,0.));
#5850 = DEFINITIONAL_REPRESENTATION('',(#5851),#5855);
#5851 = LINE('',#5852,#5853);
#5852 = CARTESIAN_POINT('',(-4.138911435803E-13,-4.6));
#5853 = VECTOR('',#5854,1.);
#5854 = DIRECTION('',(1.,-0.));
#5855 = ( GEOMETRIC_REPRESENTATION_CONTEXT(2) 
PARAMETRIC_REPRESENTATION_CONTEXT() REPRESENTATION_CONTEXT('2D SPACE',''
  ) );
#5856 = FACE_BOUND('',#5857,.T.);
#5857 = EDGE_LOOP('',(#5858));
#5858 = ORIENTED_EDGE('',*,*,#5859,.T.);
#5859 = EDGE_CURVE('',#5860,#5860,#5862,.T.);
#5860 = VERTEX_POINT('',#5861);
#5861 = CARTESIAN_POINT('',(14.730805733027,-37.58770483143,6.));
#5862 = SURFACE_CURVE('',#5863,(#5868,#5879),.PCURVE_S1.);
#5863 = CIRCLE('',#5864,1.05);
#5864 = AXIS2_PLACEMENT_3D('',#5865,#5866,#5867);
#5865 = CARTESIAN_POINT('',(13.680805733027,-37.58770483143,6.));
#5866 = DIRECTION('',(0.,0.,-1.));
#5867 = DIRECTION('',(1.,0.,0.));
#5868 = PCURVE('',#718,#5869);
#5869 = DEFINITIONAL_REPRESENTATION('',(#5870),#5878);
#5870 = ( BOUNDED_CURVE() B_SPLINE_CURVE(2,(#5871,#5872,#5873,#5874,
#5875,#5876,#5877),.UNSPECIFIED.,.T.,.F.) B_SPLINE_CURVE_WITH_KNOTS((1,2
    ,2,2,2,1),(-2.094395102393,0.,2.094395102393,4.188790204786,
6.28318530718,8.377580409573),.UNSPECIFIED.) CURVE() 
GEOMETRIC_REPRESENTATION_ITEM() RATIONAL_B_SPLINE_CURVE((1.,0.5,1.,0.5,
1.,0.5,1.)) REPRESENTATION_ITEM('') );
#5871 = CARTESIAN_POINT('',(14.730805733027,-37.58770483143));
#5872 = CARTESIAN_POINT('',(14.730805733027,-39.40635817937));
#5873 = CARTESIAN_POINT('',(13.155805733027,-38.4970315054));
#5874 = CARTESIAN_POINT('',(11.580805733027,-37.58770483143));
#5875 = CARTESIAN_POINT('',(13.155805733027,-36.67837815745));
#5876 = CARTESIAN_POINT('',(14.730805733027,-35.76905148348));
#5877 = CARTESIAN_POINT('',(14.730805733027,-37.58770483143));
#5878 = ( GEOMETRIC_REPRESENTATION_CONTEXT(2) 
PARAMETRIC_REPRESENTATION_CONTEXT() REPRESENTATION_CONTEXT('2D SPACE',''
  ) );
#5879 = PCURVE('',#5880,#5885);
#5880 = CYLINDRICAL_SURFACE('',#5881,1.05);
#5881 = AXIS2_PLACEMENT_3D('',#5882,#5883,#5884);
#5882 = CARTESIAN_POINT('',(13.680805733027,-37.58770483143,1.4));
#5883 = DIRECTION('',(-0.,-0.,-1.));
#5884 = DIRECTION('',(1.,0.,0.));
#5885 = DEFINITIONAL_REPRESENTATION('',(#5886),#5890);
#5886 = LINE('',#5887,#5888);
#5887 = CARTESIAN_POINT('',(-4.138911435803E-13,-4.6));
#5888 = VECTOR('',#5889,1.);
#5889 = DIRECTION('',(1.,-0.));
#5890 = ( GEOMETRIC_REPRESENTATION_CONTEXT(2) 
PARAMETRIC_REPRESENTATION_CONTEXT() REPRESENTATION_CONTEXT('2D SPACE',''
  ) );
#5891 = ADVANCED_FACE('',(#5892),#888,.T.);
#5892 = FACE_BOUND('',#5893,.T.);
#5893 = EDGE_LOOP('',(#5894,#5895,#5917,#5918));
#5894 = ORIENTED_EDGE('',*,*,#5409,.T.);
#5895 = ORIENTED_EDGE('',*,*,#5896,.T.);
#5896 = EDGE_CURVE('',#5386,#872,#5897,.T.);
#5897 = SURFACE_CURVE('',#5898,(#5903,#5910),.PCURVE_S1.);
#5898 = CIRCLE('',#5899,2.65);
#5899 = AXIS2_PLACEMENT_3D('',#5900,#5901,#5902);
#5900 = CARTESIAN_POINT('',(-13.68080573302,-37.58770483143,6.));
#5901 = DIRECTION('',(0.,0.,1.));
#5902 = DIRECTION('',(-0.642653769392,-0.766156728539,0.));
#5903 = PCURVE('',#888,#5904);
#5904 = DEFINITIONAL_REPRESENTATION('',(#5905),#5909);
#5905 = CIRCLE('',#5906,2.65);
#5906 = AXIS2_PLACEMENT_2D('',#5907,#5908);
#5907 = CARTESIAN_POINT('',(-13.68080573302,-37.58770483143));
#5908 = DIRECTION('',(-0.642653769392,-0.766156728539));
#5909 = ( GEOMETRIC_REPRESENTATION_CONTEXT(2) 
PARAMETRIC_REPRESENTATION_CONTEXT() REPRESENTATION_CONTEXT('2D SPACE',''
  ) );
#5910 = PCURVE('',#919,#5911);
#5911 = DEFINITIONAL_REPRESENTATION('',(#5912),#5916);
#5912 = LINE('',#5913,#5914);
#5913 = CARTESIAN_POINT('',(2.268753324301,-4.95));
#5914 = VECTOR('',#5915,1.);
#5915 = DIRECTION('',(-1.,0.));
#5916 = ( GEOMETRIC_REPRESENTATION_CONTEXT(2) 
PARAMETRIC_REPRESENTATION_CONTEXT() REPRESENTATION_CONTEXT('2D SPACE',''
  ) );
#5917 = ORIENTED_EDGE('',*,*,#871,.F.);
#5918 = ORIENTED_EDGE('',*,*,#5432,.T.);
#5919 = ADVANCED_FACE('',(#5920),#827,.T.);
#5920 = FACE_BOUND('',#5921,.T.);
#5921 = EDGE_LOOP('',(#5922,#5923,#5924,#5946));
#5922 = ORIENTED_EDGE('',*,*,#5455,.T.);
#5923 = ORIENTED_EDGE('',*,*,#810,.F.);
#5924 = ORIENTED_EDGE('',*,*,#5925,.T.);
#5925 = EDGE_CURVE('',#790,#5480,#5926,.T.);
#5926 = SURFACE_CURVE('',#5927,(#5932,#5939),.PCURVE_S1.);
#5927 = CIRCLE('',#5928,2.65);
#5928 = AXIS2_PLACEMENT_3D('',#5929,#5930,#5931);
#5929 = CARTESIAN_POINT('',(13.680805733027,-37.58770483143,6.));
#5930 = DIRECTION('',(0.,0.,1.));
#5931 = DIRECTION('',(1.747032916977E-04,-0.999999984739,0.));
#5932 = PCURVE('',#827,#5933);
#5933 = DEFINITIONAL_REPRESENTATION('',(#5934),#5938);
#5934 = CIRCLE('',#5935,2.65);
#5935 = AXIS2_PLACEMENT_2D('',#5936,#5937);
#5936 = CARTESIAN_POINT('',(13.680805733027,-37.58770483143));
#5937 = DIRECTION('',(1.747032916977E-04,-0.999999984739));
#5938 = ( GEOMETRIC_REPRESENTATION_CONTEXT(2) 
PARAMETRIC_REPRESENTATION_CONTEXT() REPRESENTATION_CONTEXT('2D SPACE',''
  ) );
#5939 = PCURVE('',#745,#5940);
#5940 = DEFINITIONAL_REPRESENTATION('',(#5941),#5945);
#5941 = LINE('',#5942,#5943);
#5942 = CARTESIAN_POINT('',(1.570621623502,-4.95));
#5943 = VECTOR('',#5944,1.);
#5944 = DIRECTION('',(-1.,0.));
#5945 = ( GEOMETRIC_REPRESENTATION_CONTEXT(2) 
PARAMETRIC_REPRESENTATION_CONTEXT() REPRESENTATION_CONTEXT('2D SPACE',''
  ) );
#5946 = ORIENTED_EDGE('',*,*,#5479,.T.);
#5947 = ADVANCED_FACE('',(#5948),#919,.T.);
#5948 = FACE_BOUND('',#5949,.T.);
#5949 = EDGE_LOOP('',(#5950,#5951,#5952,#5974,#5975));
#5950 = ORIENTED_EDGE('',*,*,#5385,.F.);
#5951 = ORIENTED_EDGE('',*,*,#963,.T.);
#5952 = ORIENTED_EDGE('',*,*,#5953,.T.);
#5953 = EDGE_CURVE('',#931,#905,#5954,.T.);
#5954 = SURFACE_CURVE('',#5955,(#5960,#5967),.PCURVE_S1.);
#5955 = CIRCLE('',#5956,2.65);
#5956 = AXIS2_PLACEMENT_3D('',#5957,#5958,#5959);
#5957 = CARTESIAN_POINT('',(-13.68080573302,-37.58770483143,1.05));
#5958 = DIRECTION('',(0.,0.,1.));
#5959 = DIRECTION('',(1.,0.,-0.));
#5960 = PCURVE('',#919,#5961);
#5961 = DEFINITIONAL_REPRESENTATION('',(#5962),#5966);
#5962 = LINE('',#5963,#5964);
#5963 = CARTESIAN_POINT('',(6.28318530718,0.));
#5964 = VECTOR('',#5965,1.);
#5965 = DIRECTION('',(-1.,0.));
#5966 = ( GEOMETRIC_REPRESENTATION_CONTEXT(2) 
PARAMETRIC_REPRESENTATION_CONTEXT() REPRESENTATION_CONTEXT('2D SPACE',''
  ) );
#5967 = PCURVE('',#947,#5968);
#5968 = DEFINITIONAL_REPRESENTATION('',(#5969),#5973);
#5969 = CIRCLE('',#5970,2.65);
#5970 = AXIS2_PLACEMENT_2D('',#5971,#5972);
#5971 = CARTESIAN_POINT('',(0.,0.));
#5972 = DIRECTION('',(1.,0.));
#5973 = ( GEOMETRIC_REPRESENTATION_CONTEXT(2) 
PARAMETRIC_REPRESENTATION_CONTEXT() REPRESENTATION_CONTEXT('2D SPACE',''
  ) );
#5974 = ORIENTED_EDGE('',*,*,#904,.F.);
#5975 = ORIENTED_EDGE('',*,*,#5896,.F.);
#5976 = ADVANCED_FACE('',(#5977),#947,.F.);
#5977 = FACE_BOUND('',#5978,.F.);
#5978 = EDGE_LOOP('',(#5979,#5980));
#5979 = ORIENTED_EDGE('',*,*,#5953,.T.);
#5980 = ORIENTED_EDGE('',*,*,#930,.T.);
#5981 = ADVANCED_FACE('',(#5982),#745,.T.);
#5982 = FACE_BOUND('',#5983,.T.);
#5983 = EDGE_LOOP('',(#5984,#5985,#5986,#6008,#6009));
#5984 = ORIENTED_EDGE('',*,*,#5925,.F.);
#5985 = ORIENTED_EDGE('',*,*,#789,.T.);
#5986 = ORIENTED_EDGE('',*,*,#5987,.T.);
#5987 = EDGE_CURVE('',#757,#731,#5988,.T.);
#5988 = SURFACE_CURVE('',#5989,(#5994,#6001),.PCURVE_S1.);
#5989 = CIRCLE('',#5990,2.65);
#5990 = AXIS2_PLACEMENT_3D('',#5991,#5992,#5993);
#5991 = CARTESIAN_POINT('',(13.680805733027,-37.58770483143,1.05));
#5992 = DIRECTION('',(0.,0.,1.));
#5993 = DIRECTION('',(1.,0.,-0.));
#5994 = PCURVE('',#745,#5995);
#5995 = DEFINITIONAL_REPRESENTATION('',(#5996),#6000);
#5996 = LINE('',#5997,#5998);
#5997 = CARTESIAN_POINT('',(6.28318530718,0.));
#5998 = VECTOR('',#5999,1.);
#5999 = DIRECTION('',(-1.,0.));
#6000 = ( GEOMETRIC_REPRESENTATION_CONTEXT(2) 
PARAMETRIC_REPRESENTATION_CONTEXT() REPRESENTATION_CONTEXT('2D SPACE',''
  ) );
#6001 = PCURVE('',#773,#6002);
#6002 = DEFINITIONAL_REPRESENTATION('',(#6003),#6007);
#6003 = CIRCLE('',#6004,2.65);
#6004 = AXIS2_PLACEMENT_2D('',#6005,#6006);
#6005 = CARTESIAN_POINT('',(0.,0.));
#6006 = DIRECTION('',(1.,0.));
#6007 = ( GEOMETRIC_REPRESENTATION_CONTEXT(2) 
PARAMETRIC_REPRESENTATION_CONTEXT() REPRESENTATION_CONTEXT('2D SPACE',''
  ) );
#6008 = ORIENTED_EDGE('',*,*,#730,.F.);
#6009 = ORIENTED_EDGE('',*,*,#5502,.F.);
#6010 = ADVANCED_FACE('',(#6011),#773,.F.);
#6011 = FACE_BOUND('',#6012,.F.);
#6012 = EDGE_LOOP('',(#6013,#6014));
#6013 = ORIENTED_EDGE('',*,*,#5987,.T.);
#6014 = ORIENTED_EDGE('',*,*,#756,.T.);
#6015 = ADVANCED_FACE('',(#6016),#551,.T.);
#6016 = FACE_BOUND('',#6017,.T.);
#6017 = EDGE_LOOP('',(#6018,#6019,#6069,#6098,#6188,#6210,#6232,#6233));
#6018 = ORIENTED_EDGE('',*,*,#534,.F.);
#6019 = ORIENTED_EDGE('',*,*,#6020,.F.);
#6020 = EDGE_CURVE('',#6021,#474,#6023,.T.);
#6021 = VERTEX_POINT('',#6022);
#6022 = CARTESIAN_POINT('',(26.366609888393,-33.33244489972,4.2));
#6023 = SURFACE_CURVE('',#6024,(#6037,#6053),.PCURVE_S1.);
#6024 = B_SPLINE_CURVE_WITH_KNOTS('',6,(#6025,#6026,#6027,#6028,#6029,
    #6030,#6031,#6032,#6033,#6034,#6035,#6036),.UNSPECIFIED.,.F.,.F.,(7,
    5,7),(0.,0.705723430198,1.),.UNSPECIFIED.);
#6025 = CARTESIAN_POINT('',(26.078755770526,-33.55813608443,
    4.96952285888));
#6026 = CARTESIAN_POINT('',(26.078755770526,-33.55813608443,
    4.85950324623));
#6027 = CARTESIAN_POINT('',(26.090372562488,-33.54910845733,
    4.749433291415));
#6028 = CARTESIAN_POINT('',(26.113625972376,-33.53103756398,
    4.640969279984));
#6029 = CARTESIAN_POINT('',(26.1486061157,-33.50380579131,4.535848159667
    ));
#6030 = CARTESIAN_POINT('',(26.195392082339,-33.46725227414,
    4.436090237771));
#6031 = CARTESIAN_POINT('',(26.278338678616,-33.40209394285,
    4.305996731876));
#6032 = CARTESIAN_POINT('',(26.304787907686,-33.38128226847,
    4.269100503209));
#6033 = CARTESIAN_POINT('',(26.33324716427,-33.35884612285,
    4.233817755492));
#6034 = CARTESIAN_POINT('',(26.363670019892,-33.33480968974,
    4.200380306656));
#6035 = CARTESIAN_POINT('',(26.395993009686,-33.3092097449,
    4.169026041574));
#6036 = CARTESIAN_POINT('',(26.430135062759,-33.28209669723,4.1399994));
#6037 = PCURVE('',#551,#6038);
#6038 = DEFINITIONAL_REPRESENTATION('',(#6039),#6052);
#6039 = B_SPLINE_CURVE_WITH_KNOTS('',6,(#6040,#6041,#6042,#6043,#6044,
    #6045,#6046,#6047,#6048,#6049,#6050,#6051),.UNSPECIFIED.,.F.,.F.,(7,
    5,7),(0.,0.705723430198,1.),.UNSPECIFIED.);
#6040 = CARTESIAN_POINT('',(0.910162074714,-6.96952285888));
#6041 = CARTESIAN_POINT('',(0.910162074714,-6.85950324623));
#6042 = CARTESIAN_POINT('',(0.909815906037,-6.749433291415));
#6043 = CARTESIAN_POINT('',(0.90912297456,-6.640969279984));
#6044 = CARTESIAN_POINT('',(0.908079907849,-6.535848159667));
#6045 = CARTESIAN_POINT('',(0.906682914177,-6.436090237771));
#6046 = CARTESIAN_POINT('',(0.904201063548,-6.305996731876));
#6047 = CARTESIAN_POINT('',(0.903409171495,-6.269100503209));
#6048 = CARTESIAN_POINT('',(0.902556475191,-6.233817755492));
#6049 = CARTESIAN_POINT('',(0.901644183915,-6.200380306656));
#6050 = CARTESIAN_POINT('',(0.900674004334,-6.169026041574));
#6051 = CARTESIAN_POINT('',(0.899648165927,-6.1399994));
#6052 = ( GEOMETRIC_REPRESENTATION_CONTEXT(2) 
PARAMETRIC_REPRESENTATION_CONTEXT() REPRESENTATION_CONTEXT('2D SPACE',''
  ) );
#6053 = PCURVE('',#511,#6054);
#6054 = DEFINITIONAL_REPRESENTATION('',(#6055),#6068);
#6055 = B_SPLINE_CURVE_WITH_KNOTS('',6,(#6056,#6057,#6058,#6059,#6060,
    #6061,#6062,#6063,#6064,#6065,#6066,#6067),.UNSPECIFIED.,.F.,.F.,(7,
    5,7),(0.,0.705723430198,1.),.UNSPECIFIED.);
#6056 = CARTESIAN_POINT('',(0.,5.228752982804));
#6057 = CARTESIAN_POINT('',(0.11001961265,5.228752982804));
#6058 = CARTESIAN_POINT('',(0.220090466274,5.231090955862));
#6059 = CARTESIAN_POINT('',(0.330947325262,5.235770733853));
#6060 = CARTESIAN_POINT('',(0.443281475889,5.242777999151));
#6061 = CARTESIAN_POINT('',(0.557802161552,5.252060870658));
#6062 = CARTESIAN_POINT('',(0.724496724799,5.268277801022));
#6063 = CARTESIAN_POINT('',(0.774086835801,5.273425304018));
#6064 = CARTESIAN_POINT('',(0.82423035274,5.278934752785));
#6065 = CARTESIAN_POINT('',(0.874950731782,5.28478868899));
#6066 = CARTESIAN_POINT('',(0.926278729791,5.290965784097));
#6067 = CARTESIAN_POINT('',(0.978253848072,5.297441132915));
#6068 = ( GEOMETRIC_REPRESENTATION_CONTEXT(2) 
PARAMETRIC_REPRESENTATION_CONTEXT() REPRESENTATION_CONTEXT('2D SPACE',''
  ) );
#6069 = ORIENTED_EDGE('',*,*,#6070,.T.);
#6070 = EDGE_CURVE('',#6021,#6071,#6073,.T.);
#6071 = VERTEX_POINT('',#6072);
#6072 = CARTESIAN_POINT('',(23.748898484169,-35.24542269272,4.2));
#6073 = SURFACE_CURVE('',#6074,(#6079,#6086),.PCURVE_S1.);
#6074 = CIRCLE('',#6075,42.5);
#6075 = AXIS2_PLACEMENT_3D('',#6076,#6077,#6078);
#6076 = CARTESIAN_POINT('',(0.,0.,4.2));
#6077 = DIRECTION('',(0.,0.,-1.));
#6078 = DIRECTION('',(1.,0.,0.));
#6079 = PCURVE('',#551,#6080);
#6080 = DEFINITIONAL_REPRESENTATION('',(#6081),#6085);
#6081 = LINE('',#6082,#6083);
#6082 = CARTESIAN_POINT('',(-4.138911435803E-13,-6.2));
#6083 = VECTOR('',#6084,1.);
#6084 = DIRECTION('',(1.,-0.));
#6085 = ( GEOMETRIC_REPRESENTATION_CONTEXT(2) 
PARAMETRIC_REPRESENTATION_CONTEXT() REPRESENTATION_CONTEXT('2D SPACE',''
  ) );
#6086 = PCURVE('',#6087,#6092);
#6087 = CYLINDRICAL_SURFACE('',#6088,42.5);
#6088 = AXIS2_PLACEMENT_3D('',#6089,#6090,#6091);
#6089 = CARTESIAN_POINT('',(0.,0.,1.05));
#6090 = DIRECTION('',(-0.,-0.,-1.));
#6091 = DIRECTION('',(1.,0.,0.));
#6092 = DEFINITIONAL_REPRESENTATION('',(#6093),#6097);
#6093 = LINE('',#6094,#6095);
#6094 = CARTESIAN_POINT('',(-6.28318530718,-3.15));
#6095 = VECTOR('',#6096,1.);
#6096 = DIRECTION('',(1.,-0.));
#6097 = ( GEOMETRIC_REPRESENTATION_CONTEXT(2) 
PARAMETRIC_REPRESENTATION_CONTEXT() REPRESENTATION_CONTEXT('2D SPACE',''
  ) );
#6098 = ORIENTED_EDGE('',*,*,#6099,.F.);
#6099 = EDGE_CURVE('',#6100,#6071,#6102,.T.);
#6100 = VERTEX_POINT('',#6101);
#6101 = CARTESIAN_POINT('',(22.812107101144,-35.85885901149,5.3));
#6102 = SURFACE_CURVE('',#6103,(#6121,#6142),.PCURVE_S1.);
#6103 = B_SPLINE_CURVE_WITH_KNOTS('',6,(#6104,#6105,#6106,#6107,#6108,
    #6109,#6110,#6111,#6112,#6113,#6114,#6115,#6116,#6117,#6118,#6119,
    #6120),.UNSPECIFIED.,.F.,.F.,(7,5,5,7),(0.,0.451257743878,
    0.621732072338,1.),.UNSPECIFIED.);
#6104 = CARTESIAN_POINT('',(22.812107101144,-35.85885901149,5.3));
#6105 = CARTESIAN_POINT('',(22.812107101144,-35.85885901149,
    5.181747730296));
#6106 = CARTESIAN_POINT('',(22.825243710429,-35.85050201095,
    5.063443558821));
#6107 = CARTESIAN_POINT('',(22.851538018452,-35.8337743625,
    4.946767371962));
#6108 = CARTESIAN_POINT('',(22.891103631167,-35.80855386747,
    4.833474008536));
#6109 = CARTESIAN_POINT('',(22.944062640007,-35.77465889413,
    4.725609310769));
#6110 = CARTESIAN_POINT('',(23.035488680754,-35.71578292951,
    4.588097529144));
#6111 = CARTESIAN_POINT('',(23.062465050183,-35.69838099766,
    4.551549093254));
#6112 = CARTESIAN_POINT('',(23.091331740529,-35.67972332147,
    4.516323566709));
#6113 = CARTESIAN_POINT('',(23.122060434468,-35.65981853812,
    4.482593821066));
#6114 = CARTESIAN_POINT('',(23.154611624017,-35.63868176482,
    4.450539387067));
#6115 = CARTESIAN_POINT('',(23.26509251362,-35.56675033108,
    4.353352279925));
#6116 = CARTESIAN_POINT('',(23.350627406503,-35.51078224188,
    4.294948060117));
#6117 = CARTESIAN_POINT('',(23.444150306963,-35.44920565349,
    4.24844812955));
#6118 = CARTESIAN_POINT('',(23.543463285118,-35.3833234828,
    4.216301181522));
#6119 = CARTESIAN_POINT('',(23.64595195729,-35.31478961839,4.2));
#6120 = CARTESIAN_POINT('',(23.748898484169,-35.24542269272,4.2));
#6121 = PCURVE('',#551,#6122);
#6122 = DEFINITIONAL_REPRESENTATION('',(#6123),#6141);
#6123 = B_SPLINE_CURVE_WITH_KNOTS('',6,(#6124,#6125,#6126,#6127,#6128,
    #6129,#6130,#6131,#6132,#6133,#6134,#6135,#6136,#6137,#6138,#6139,
    #6140),.UNSPECIFIED.,.F.,.F.,(7,5,5,7),(0.,0.451257743878,
    0.621732072338,1.),.UNSPECIFIED.);
#6124 = CARTESIAN_POINT('',(1.004209376708,-7.3));
#6125 = CARTESIAN_POINT('',(1.004209376708,-7.181747730296));
#6126 = CARTESIAN_POINT('',(1.003843035048,-7.063443558821));
#6127 = CARTESIAN_POINT('',(1.003109760731,-6.946767371962));
#6128 = CARTESIAN_POINT('',(1.002005754908,-6.833474008536));
#6129 = CARTESIAN_POINT('',(1.00052630024,-6.725609310769));
#6130 = CARTESIAN_POINT('',(0.997967634915,-6.588097529144));
#6131 = CARTESIAN_POINT('',(0.997212289082,-6.551549093254));
#6132 = CARTESIAN_POINT('',(0.996403550234,-6.516323566709));
#6133 = CARTESIAN_POINT('',(0.995542087487,-6.482593821066));
#6134 = CARTESIAN_POINT('',(0.994628873192,-6.450539387067));
#6135 = CARTESIAN_POINT('',(0.991526900775,-6.353352279925));
#6136 = CARTESIAN_POINT('',(0.989121763138,-6.294948060117));
#6137 = CARTESIAN_POINT('',(0.986487094742,-6.24844812955));
#6138 = CARTESIAN_POINT('',(0.983682921821,-6.216301181522));
#6139 = CARTESIAN_POINT('',(0.980781961014,-6.2));
#6140 = CARTESIAN_POINT('',(0.977861112886,-6.2));
#6141 = ( GEOMETRIC_REPRESENTATION_CONTEXT(2) 
PARAMETRIC_REPRESENTATION_CONTEXT() REPRESENTATION_CONTEXT('2D SPACE',''
  ) );
#6142 = PCURVE('',#6087,#6143);
#6143 = DEFINITIONAL_REPRESENTATION('',(#6144),#6187);
#6144 = B_SPLINE_CURVE_WITH_KNOTS('',9,(#6145,#6146,#6147,#6148,#6149,
    #6150,#6151,#6152,#6153,#6154,#6155,#6156,#6157,#6158,#6159,#6160,
    #6161,#6162,#6163,#6164,#6165,#6166,#6167,#6168,#6169,#6170,#6171,
    #6172,#6173,#6174,#6175,#6176,#6177,#6178,#6179,#6180,#6181,#6182,
    #6183,#6184,#6185,#6186),.UNSPECIFIED.,.F.,.F.,(10,8,8,8,8,10),(0.,
    0.25,0.4375,0.578125,0.630859375,1.),.UNSPECIFIED.);
#6145 = CARTESIAN_POINT('',(-5.278975930472,-4.25));
#6146 = CARTESIAN_POINT('',(-5.278975930472,-4.206324934287));
#6147 = CARTESIAN_POINT('',(-5.279022780259,-4.162643217745));
#6148 = CARTESIAN_POINT('',(-5.279116503191,-4.119022898625));
#6149 = CARTESIAN_POINT('',(-5.279257159449,-4.075532809551));
#6150 = CARTESIAN_POINT('',(-5.279444839559,-4.032243156809));
#6151 = CARTESIAN_POINT('',(-5.279679657906,-3.989226109636));
#6152 = CARTESIAN_POINT('',(-5.279961746253,-3.946556389511));
#6153 = CARTESIAN_POINT('',(-5.280291247262,-3.904311859439));
#6154 = CARTESIAN_POINT('',(-5.280951103563,-3.831270803598));
#6155 = CARTESIAN_POINT('',(-5.281260651394,-3.800252565025));
#6156 = CARTESIAN_POINT('',(-5.281597013203,-3.769553842502));
#6157 = CARTESIAN_POINT('',(-5.281960251974,-3.739210269236));
#6158 = CARTESIAN_POINT('',(-5.282350430101,-3.709258828253));
#6159 = CARTESIAN_POINT('',(-5.282767607523,-3.679738013985));
#6160 = CARTESIAN_POINT('',(-5.283211839855,-3.650687993855));
#6161 = CARTESIAN_POINT('',(-5.283683176519,-3.622150769865));
#6162 = CARTESIAN_POINT('',(-5.284555520651,-3.573185017924));
#6163 = CARTESIAN_POINT('',(-5.284944670699,-3.552511845623));
#6164 = CARTESIAN_POINT('',(-5.285349060454,-3.532173274314));
#6165 = CARTESIAN_POINT('',(-5.285768629123,-3.512191890254));
#6166 = CARTESIAN_POINT('',(-5.286203302377,-3.492590484358));
#6167 = CARTESIAN_POINT('',(-5.286652991035,-3.473392121634));
#6168 = CARTESIAN_POINT('',(-5.28711758975,-3.454620210619));
#6169 = CARTESIAN_POINT('',(-5.287596975694,-3.436298572815));
#6170 = CARTESIAN_POINT('',(-5.288276269077,-3.411758864361));
#6171 = CARTESIAN_POINT('',(-5.28846359355,-3.405132870385));
#6172 = CARTESIAN_POINT('',(-5.288652934521,-3.398575875437));
#6173 = CARTESIAN_POINT('',(-5.288844495304,-3.392083138367));
#6174 = CARTESIAN_POINT('',(-5.289037604911,-3.385675342317));
#6175 = CARTESIAN_POINT('',(-5.289233586884,-3.379314120941));
#6176 = CARTESIAN_POINT('',(-5.289430671881,-3.373053988713));
#6177 = CARTESIAN_POINT('',(-5.289630291782,-3.366852046641));
#6178 = CARTESIAN_POINT('',(-5.291243935451,-3.317825019842));
#6179 = CARTESIAN_POINT('',(-5.292760302494,-3.278460712725));
#6180 = CARTESIAN_POINT('',(-5.29437246122,-3.243350268079));
#6181 = CARTESIAN_POINT('',(-5.296069407136,-3.213119116468));
#6182 = CARTESIAN_POINT('',(-5.297838158251,-3.188294974994));
#6183 = CARTESIAN_POINT('',(-5.299664144933,-3.169304224421));
#6184 = CARTESIAN_POINT('',(-5.301531599758,-3.156468286282));
#6185 = CARTESIAN_POINT('',(-5.303423947362,-3.15));
#6186 = CARTESIAN_POINT('',(-5.305324194294,-3.15));
#6187 = ( GEOMETRIC_REPRESENTATION_CONTEXT(2) 
PARAMETRIC_REPRESENTATION_CONTEXT() REPRESENTATION_CONTEXT('2D SPACE',''
  ) );
#6188 = ORIENTED_EDGE('',*,*,#6189,.F.);
#6189 = EDGE_CURVE('',#6190,#6100,#6192,.T.);
#6190 = VERTEX_POINT('',#6191);
#6191 = CARTESIAN_POINT('',(22.812107101144,-35.85885901149,6.));
#6192 = SURFACE_CURVE('',#6193,(#6197,#6203),.PCURVE_S1.);
#6193 = LINE('',#6194,#6195);
#6194 = CARTESIAN_POINT('',(22.812107101144,-35.85885901149,-2.));
#6195 = VECTOR('',#6196,1.);
#6196 = DIRECTION('',(-0.,-0.,-1.));
#6197 = PCURVE('',#551,#6198);
#6198 = DEFINITIONAL_REPRESENTATION('',(#6199),#6202);
#6199 = B_SPLINE_CURVE_WITH_KNOTS('',1,(#6200,#6201),.UNSPECIFIED.,.F.,
  .F.,(2,2),(-8.0000006,-6.6),.PIECEWISE_BEZIER_KNOTS.);
#6200 = CARTESIAN_POINT('',(1.004209376708,-8.0000006));
#6201 = CARTESIAN_POINT('',(1.004209376708,-6.6));
#6202 = ( GEOMETRIC_REPRESENTATION_CONTEXT(2) 
PARAMETRIC_REPRESENTATION_CONTEXT() REPRESENTATION_CONTEXT('2D SPACE',''
  ) );
#6203 = PCURVE('',#6087,#6204);
#6204 = DEFINITIONAL_REPRESENTATION('',(#6205),#6209);
#6205 = LINE('',#6206,#6207);
#6206 = CARTESIAN_POINT('',(-5.278975930472,3.05));
#6207 = VECTOR('',#6208,1.);
#6208 = DIRECTION('',(-0.,1.));
#6209 = ( GEOMETRIC_REPRESENTATION_CONTEXT(2) 
PARAMETRIC_REPRESENTATION_CONTEXT() REPRESENTATION_CONTEXT('2D SPACE',''
  ) );
#6210 = ORIENTED_EDGE('',*,*,#6211,.F.);
#6211 = EDGE_CURVE('',#679,#6190,#6212,.T.);
#6212 = SURFACE_CURVE('',#6213,(#6218,#6225),.PCURVE_S1.);
#6213 = CIRCLE('',#6214,42.5);
#6214 = AXIS2_PLACEMENT_3D('',#6215,#6216,#6217);
#6215 = CARTESIAN_POINT('',(0.,0.,6.));
#6216 = DIRECTION('',(0.,0.,1.));
#6217 = DIRECTION('',(1.,0.,-0.));
#6218 = PCURVE('',#551,#6219);
#6219 = DEFINITIONAL_REPRESENTATION('',(#6220),#6224);
#6220 = LINE('',#6221,#6222);
#6221 = CARTESIAN_POINT('',(6.28318530718,-8.));
#6222 = VECTOR('',#6223,1.);
#6223 = DIRECTION('',(-1.,0.));
#6224 = ( GEOMETRIC_REPRESENTATION_CONTEXT(2) 
PARAMETRIC_REPRESENTATION_CONTEXT() REPRESENTATION_CONTEXT('2D SPACE',''
  ) );
#6225 = PCURVE('',#5541,#6226);
#6226 = DEFINITIONAL_REPRESENTATION('',(#6227),#6231);
#6227 = CIRCLE('',#6228,42.5);
#6228 = AXIS2_PLACEMENT_2D('',#6229,#6230);
#6229 = CARTESIAN_POINT('',(4.118407928589E-15,-3.242876655026E-16));
#6230 = DIRECTION('',(1.,0.));
#6231 = ( GEOMETRIC_REPRESENTATION_CONTEXT(2) 
PARAMETRIC_REPRESENTATION_CONTEXT() REPRESENTATION_CONTEXT('2D SPACE',''
  ) );
#6232 = ORIENTED_EDGE('',*,*,#678,.T.);
#6233 = ORIENTED_EDGE('',*,*,#563,.T.);
#6234 = ADVANCED_FACE('',(#6235),#511,.F.);
#6235 = FACE_BOUND('',#6236,.F.);
#6236 = EDGE_LOOP('',(#6237,#6267,#6322,#6348,#6404,#6425,#6426,#6427));
#6237 = ORIENTED_EDGE('',*,*,#6238,.F.);
#6238 = EDGE_CURVE('',#6239,#6241,#6243,.T.);
#6239 = VERTEX_POINT('',#6240);
#6240 = CARTESIAN_POINT('',(23.668858708357,-31.31050346838,
    4.96952285888));
#6241 = VERTEX_POINT('',#6242);
#6242 = CARTESIAN_POINT('',(26.078755770526,-33.55813608443,
    4.96952285888));
#6243 = SURFACE_CURVE('',#6244,(#6248,#6255),.PCURVE_S1.);
#6244 = LINE('',#6245,#6246);
#6245 = CARTESIAN_POINT('',(22.254978581595,-29.99182345587,
    4.96952285888));
#6246 = VECTOR('',#6247,1.);
#6247 = DIRECTION('',(0.731298112859,-0.682057966839,0.));
#6248 = PCURVE('',#511,#6249);
#6249 = DEFINITIONAL_REPRESENTATION('',(#6250),#6254);
#6250 = LINE('',#6251,#6252);
#6251 = CARTESIAN_POINT('',(0.,0.));
#6252 = VECTOR('',#6253,1.);
#6253 = DIRECTION('',(0.,1.));
#6254 = ( GEOMETRIC_REPRESENTATION_CONTEXT(2) 
PARAMETRIC_REPRESENTATION_CONTEXT() REPRESENTATION_CONTEXT('2D SPACE',''
  ) );
#6255 = PCURVE('',#6256,#6261);
#6256 = PLANE('',#6257);
#6257 = AXIS2_PLACEMENT_3D('',#6258,#6259,#6260);
#6258 = CARTESIAN_POINT('',(22.254978581595,-29.99182345587,
    3.96952285888));
#6259 = DIRECTION('',(0.682057966839,0.731298112859,0.));
#6260 = DIRECTION('',(0.,0.,1.));
#6261 = DEFINITIONAL_REPRESENTATION('',(#6262),#6266);
#6262 = LINE('',#6263,#6264);
#6263 = CARTESIAN_POINT('',(1.,0.));
#6264 = VECTOR('',#6265,1.);
#6265 = DIRECTION('',(0.,1.));
#6266 = ( GEOMETRIC_REPRESENTATION_CONTEXT(2) 
PARAMETRIC_REPRESENTATION_CONTEXT() REPRESENTATION_CONTEXT('2D SPACE',''
  ) );
#6267 = ORIENTED_EDGE('',*,*,#6268,.T.);
#6268 = EDGE_CURVE('',#6239,#6269,#6271,.T.);
#6269 = VERTEX_POINT('',#6270);
#6270 = CARTESIAN_POINT('',(24.024510587922,-31.0384502031,4.14));
#6271 = SURFACE_CURVE('',#6272,(#6285,#6301),.PCURVE_S1.);
#6272 = B_SPLINE_CURVE_WITH_KNOTS('',6,(#6273,#6274,#6275,#6276,#6277,
    #6278,#6279,#6280,#6281,#6282,#6283,#6284),.UNSPECIFIED.,.F.,.F.,(7,
    5,7),(0.,0.705579922887,1.),.UNSPECIFIED.);
#6273 = CARTESIAN_POINT('',(23.668858708357,-31.31050346838,
    4.96952285888));
#6274 = CARTESIAN_POINT('',(23.668858708357,-31.31050346838,
    4.859479607908));
#6275 = CARTESIAN_POINT('',(23.680626278471,-31.30160792852,
    4.749384502449));
#6276 = CARTESIAN_POINT('',(23.704182081876,-31.28380098421,
    4.640904525597));
#6277 = CARTESIAN_POINT('',(23.73960908105,-31.25696863111,
    4.535785628975));
#6278 = CARTESIAN_POINT('',(23.786972057193,-31.22095482234,
    4.436051516274));
#6279 = CARTESIAN_POINT('',(23.870909195203,-31.15675147107,
    4.305986429736));
#6280 = CARTESIAN_POINT('',(23.897683726013,-31.13623441787,
    4.269084676439));
#6281 = CARTESIAN_POINT('',(23.926488308122,-31.11411558559,
    4.233800880737));
#6282 = CARTESIAN_POINT('',(23.957274514628,-31.09041881076,
    4.200366311927));
#6283 = CARTESIAN_POINT('',(23.989976665747,-31.06518029475,
    4.169018039147));
#6284 = CARTESIAN_POINT('',(24.024511301972,-31.03844965041,4.1399994));
#6285 = PCURVE('',#511,#6286);
#6286 = DEFINITIONAL_REPRESENTATION('',(#6287),#6300);
#6287 = B_SPLINE_CURVE_WITH_KNOTS('',6,(#6288,#6289,#6290,#6291,#6292,
    #6293,#6294,#6295,#6296,#6297,#6298,#6299),.UNSPECIFIED.,.F.,.F.,(7,
    5,7),(0.,0.705579922887,1.),.UNSPECIFIED.);
#6288 = CARTESIAN_POINT('',(0.,1.933384076754));
#6289 = CARTESIAN_POINT('',(0.110043250972,1.933384076754));
#6290 = CARTESIAN_POINT('',(0.220139241193,1.935922404741));
#6291 = CARTESIAN_POINT('',(0.331013678275,1.941003351082));
#6292 = CARTESIAN_POINT('',(0.443350396835,1.948609828527));
#6293 = CARTESIAN_POINT('',(0.557851777119,1.95868277841));
#6294 = CARTESIAN_POINT('',(0.724509925386,1.976275441799));
#6295 = CARTESIAN_POINT('',(0.774108361957,1.981861786068));
#6296 = CARTESIAN_POINT('',(0.824255043277,1.987840196829));
#6297 = CARTESIAN_POINT('',(0.874973138236,1.994191517489));
#6298 = CARTESIAN_POINT('',(0.92629305894,2.00089240797));
#6299 = CARTESIAN_POINT('',(0.978253848072,2.007915673343));
#6300 = ( GEOMETRIC_REPRESENTATION_CONTEXT(2) 
PARAMETRIC_REPRESENTATION_CONTEXT() REPRESENTATION_CONTEXT('2D SPACE',''
  ) );
#6301 = PCURVE('',#6302,#6307);
#6302 = CYLINDRICAL_SURFACE('',#6303,39.25);
#6303 = AXIS2_PLACEMENT_3D('',#6304,#6305,#6306);
#6304 = CARTESIAN_POINT('',(2.025146430259E-13,-1.910692005867E-15,1.05)
  );
#6305 = DIRECTION('',(-0.,-0.,-1.));
#6306 = DIRECTION('',(1.,0.,0.));
#6307 = DEFINITIONAL_REPRESENTATION('',(#6308),#6321);
#6308 = B_SPLINE_CURVE_WITH_KNOTS('',6,(#6309,#6310,#6311,#6312,#6313,
    #6314,#6315,#6316,#6317,#6318,#6319,#6320),.UNSPECIFIED.,.F.,.F.,(7,
    5,7),(0.,0.705579922887,1.),.UNSPECIFIED.);
#6309 = CARTESIAN_POINT('',(-5.35968079598,-3.91952285888));
#6310 = CARTESIAN_POINT('',(-5.35968079598,-3.809479607908));
#6311 = CARTESIAN_POINT('',(-5.360056630018,-3.699384502449));
#6312 = CARTESIAN_POINT('',(-5.360808961774,-3.590904525597));
#6313 = CARTESIAN_POINT('',(-5.361941229002,-3.485785628975));
#6314 = CARTESIAN_POINT('',(-5.363457145514,-3.386051516274));
#6315 = CARTESIAN_POINT('',(-5.366149539309,-3.255986429736));
#6316 = CARTESIAN_POINT('',(-5.367008944363,-3.219084676439));
#6317 = CARTESIAN_POINT('',(-5.36793422528,-3.183800880737));
#6318 = CARTESIAN_POINT('',(-5.368924034773,-3.150366311927));
#6319 = CARTESIAN_POINT('',(-5.369976486122,-3.119018039147));
#6320 = CARTESIAN_POINT('',(-5.371089126624,-3.0899994));
#6321 = ( GEOMETRIC_REPRESENTATION_CONTEXT(2) 
PARAMETRIC_REPRESENTATION_CONTEXT() REPRESENTATION_CONTEXT('2D SPACE',''
  ) );
#6322 = ORIENTED_EDGE('',*,*,#6323,.T.);
#6323 = EDGE_CURVE('',#6269,#6324,#6326,.T.);
#6324 = VERTEX_POINT('',#6325);
#6325 = CARTESIAN_POINT('',(24.098602349335,-31.10755317939,4.14));
#6326 = SURFACE_CURVE('',#6327,(#6331,#6337),.PCURVE_S1.);
#6327 = LINE('',#6328,#6329);
#6328 = CARTESIAN_POINT('',(22.556125751422,-29.6689354204,4.14));
#6329 = VECTOR('',#6330,1.);
#6330 = DIRECTION('',(0.731298112859,-0.682057966839,0.));
#6331 = PCURVE('',#511,#6332);
#6332 = DEFINITIONAL_REPRESENTATION('',(#6333),#6336);
#6333 = B_SPLINE_CURVE_WITH_KNOTS('',1,(#6334,#6335),.UNSPECIFIED.,.F.,
  .F.,(2,2),(1.444121135071,2.424009884672),.PIECEWISE_BEZIER_KNOTS.);
#6334 = CARTESIAN_POINT('',(0.978252773712,1.444121135071));
#6335 = CARTESIAN_POINT('',(0.978252773712,2.424009884672));
#6336 = ( GEOMETRIC_REPRESENTATION_CONTEXT(2) 
PARAMETRIC_REPRESENTATION_CONTEXT() REPRESENTATION_CONTEXT('2D SPACE',''
  ) );
#6337 = PCURVE('',#6338,#6343);
#6338 = PLANE('',#6339);
#6339 = AXIS2_PLACEMENT_3D('',#6340,#6341,#6342);
#6340 = CARTESIAN_POINT('',(11.556239755806,-24.28944055976,4.14));
#6341 = DIRECTION('',(0.,0.,1.));
#6342 = DIRECTION('',(0.694658370459,-0.719339800339,0.));
#6343 = DEFINITIONAL_REPRESENTATION('',(#6344),#6347);
#6344 = B_SPLINE_CURVE_WITH_KNOTS('',1,(#6345,#6346),.UNSPECIFIED.,.F.,
  .F.,(2,2),(1.444121135071,2.424009884672),.PIECEWISE_BEZIER_KNOTS.);
#6345 = CARTESIAN_POINT('',(12.952995812494,4.25120658043));
#6346 = CARTESIAN_POINT('',(13.931545835228,4.302410238524));
#6347 = ( GEOMETRIC_REPRESENTATION_CONTEXT(2) 
PARAMETRIC_REPRESENTATION_CONTEXT() REPRESENTATION_CONTEXT('2D SPACE',''
  ) );
#6348 = ORIENTED_EDGE('',*,*,#6349,.T.);
#6349 = EDGE_CURVE('',#6324,#6350,#6352,.T.);
#6350 = VERTEX_POINT('',#6351);
#6351 = CARTESIAN_POINT('',(24.542880094483,-30.75824339372,
    3.96952285888));
#6352 = SURFACE_CURVE('',#6353,(#6368,#6386),.PCURVE_S1.);
#6353 = B_SPLINE_CURVE_WITH_KNOTS('',7,(#6354,#6355,#6356,#6357,#6358,
    #6359,#6360,#6361,#6362,#6363,#6364,#6365,#6366,#6367),
  .UNSPECIFIED.,.F.,.F.,(8,6,8),(0.,0.6109513145,1.),.UNSPECIFIED.);
#6354 = CARTESIAN_POINT('',(23.743092918538,-31.379739302,4.96952285888)
  );
#6355 = CARTESIAN_POINT('',(23.743092918538,-31.379739302,4.844509176534
    ));
#6356 = CARTESIAN_POINT('',(23.757851833456,-31.36857212703,
    4.719238748524));
#6357 = CARTESIAN_POINT('',(23.787479926214,-31.34615451642,
    4.596014474202));
#6358 = CARTESIAN_POINT('',(23.832106302735,-31.31231944693,
    4.477301746838));
#6359 = CARTESIAN_POINT('',(23.891755376162,-31.26690932881,
    4.365915255412));
#6360 = CARTESIAN_POINT('',(23.966258949331,-31.20983016923,
    4.265178593914));
#6361 = CARTESIAN_POINT('',(24.111471778839,-31.09766108102,
    4.124724280496));
#6362 = CARTESIAN_POINT('',(24.173988165781,-31.04917952323,
    4.075884087454));
#6363 = CARTESIAN_POINT('',(24.241814501323,-30.99633146411,
    4.034672748891));
#6364 = CARTESIAN_POINT('',(24.313916469643,-30.93984180115,
    4.002556074653));
#6365 = CARTESIAN_POINT('',(24.389045802838,-30.8806237412,3.98061510831
    ));
#6366 = CARTESIAN_POINT('',(24.465835302136,-30.81971963202,
    3.96952285888));
#6367 = CARTESIAN_POINT('',(24.542880094483,-30.75824339372,
    3.96952285888));
#6368 = PCURVE('',#511,#6369);
#6369 = DEFINITIONAL_REPRESENTATION('',(#6370),#6385);
#6370 = B_SPLINE_CURVE_WITH_KNOTS('',7,(#6371,#6372,#6373,#6374,#6375,
    #6376,#6377,#6378,#6379,#6380,#6381,#6382,#6383,#6384),
  .UNSPECIFIED.,.F.,.F.,(8,6,8),(0.,0.6109513145,1.),.UNSPECIFIED.);
#6371 = CARTESIAN_POINT('',(0.,2.034894266478));
#6372 = CARTESIAN_POINT('',(0.125013682346,2.034894266478));
#6373 = CARTESIAN_POINT('',(0.250283681719,2.038070772448));
#6374 = CARTESIAN_POINT('',(0.376701050627,2.044447630856));
#6375 = CARTESIAN_POINT('',(0.505042387593,2.05400533709));
#6376 = CARTESIAN_POINT('',(0.636178234997,2.066654259083));
#6377 = CARTESIAN_POINT('',(0.771055735009,2.082207286005));
#6378 = CARTESIAN_POINT('',(1.000216604639,2.111895333945));
#6379 = CARTESIAN_POINT('',(1.091857328951,2.124546217004));
#6380 = CARTESIAN_POINT('',(1.185366033829,2.138102048429));
#6381 = CARTESIAN_POINT('',(1.280312266923,2.152300857133));
#6382 = CARTESIAN_POINT('',(1.3763762078,2.166852647144));
#6383 = CARTESIAN_POINT('',(1.473289855318,2.181468530192));
#6384 = CARTESIAN_POINT('',(1.570796326795,2.195880883339));
#6385 = ( GEOMETRIC_REPRESENTATION_CONTEXT(2) 
PARAMETRIC_REPRESENTATION_CONTEXT() REPRESENTATION_CONTEXT('2D SPACE',''
  ) );
#6386 = PCURVE('',#2760,#6387);
#6387 = DEFINITIONAL_REPRESENTATION('',(#6388),#6403);
#6388 = B_SPLINE_CURVE_WITH_KNOTS('',7,(#6389,#6390,#6391,#6392,#6393,
    #6394,#6395,#6396,#6397,#6398,#6399,#6400,#6401,#6402),
  .UNSPECIFIED.,.F.,.F.,(8,6,8),(0.,0.6109513145,1.),.UNSPECIFIED.);
#6389 = CARTESIAN_POINT('',(0.923060624568,-3.91952285888));
#6390 = CARTESIAN_POINT('',(0.923060624568,-3.794509176534));
#6391 = CARTESIAN_POINT('',(0.922590291547,-3.669238748524));
#6392 = CARTESIAN_POINT('',(0.921646114514,-3.546014474202));
#6393 = CARTESIAN_POINT('',(0.920222915136,-3.427301746838));
#6394 = CARTESIAN_POINT('',(0.91831778405,-3.315915255412));
#6395 = CARTESIAN_POINT('',(0.915932662443,-3.215178593914));
#6396 = CARTESIAN_POINT('',(0.911269632061,-3.074724280496));
#6397 = CARTESIAN_POINT('',(0.90925915727,-3.025884087454));
#6398 = CARTESIAN_POINT('',(0.907074046913,-2.984672748891));
#6399 = CARTESIAN_POINT('',(0.904746344571,-2.952556074653));
#6400 = CARTESIAN_POINT('',(0.902315310697,-2.93061510831));
#6401 = CARTESIAN_POINT('',(0.899824600042,-2.91952285888));
#6402 = CARTESIAN_POINT('',(0.897319749835,-2.91952285888));
#6403 = ( GEOMETRIC_REPRESENTATION_CONTEXT(2) 
PARAMETRIC_REPRESENTATION_CONTEXT() REPRESENTATION_CONTEXT('2D SPACE',''
  ) );
#6404 = ORIENTED_EDGE('',*,*,#6405,.T.);
#6405 = EDGE_CURVE('',#6350,#441,#6406,.T.);
#6406 = SURFACE_CURVE('',#6407,(#6411,#6418),.PCURVE_S1.);
#6407 = LINE('',#6408,#6409);
#6408 = CARTESIAN_POINT('',(22.937036548435,-29.26052534301,
    3.96952285888));
#6409 = VECTOR('',#6410,1.);
#6410 = DIRECTION('',(0.731298112859,-0.682057966839,0.));
#6411 = PCURVE('',#511,#6412);
#6412 = DEFINITIONAL_REPRESENTATION('',(#6413),#6417);
#6413 = LINE('',#6414,#6415);
#6414 = CARTESIAN_POINT('',(1.570796326795,0.));
#6415 = VECTOR('',#6416,1.);
#6416 = DIRECTION('',(0.,1.));
#6417 = ( GEOMETRIC_REPRESENTATION_CONTEXT(2) 
PARAMETRIC_REPRESENTATION_CONTEXT() REPRESENTATION_CONTEXT('2D SPACE',''
  ) );
#6418 = PCURVE('',#457,#6419);
#6419 = DEFINITIONAL_REPRESENTATION('',(#6420),#6424);
#6420 = LINE('',#6421,#6422);
#6421 = CARTESIAN_POINT('',(1.201917939012E-15,1.));
#6422 = VECTOR('',#6423,1.);
#6423 = DIRECTION('',(1.,6.351860969492E-18));
#6424 = ( GEOMETRIC_REPRESENTATION_CONTEXT(2) 
PARAMETRIC_REPRESENTATION_CONTEXT() REPRESENTATION_CONTEXT('2D SPACE',''
  ) );
#6425 = ORIENTED_EDGE('',*,*,#473,.F.);
#6426 = ORIENTED_EDGE('',*,*,#6020,.F.);
#6427 = ORIENTED_EDGE('',*,*,#6428,.F.);
#6428 = EDGE_CURVE('',#6241,#6021,#6429,.T.);
#6429 = SURFACE_CURVE('',#6430,(#6439,#6451),.PCURVE_S1.);
#6430 = B_SPLINE_CURVE_WITH_KNOTS('',7,(#6431,#6432,#6433,#6434,#6435,
    #6436,#6437,#6438),.UNSPECIFIED.,.F.,.F.,(8,8),(0.,1.),
  .PIECEWISE_BEZIER_KNOTS.);
#6431 = CARTESIAN_POINT('',(26.078755770526,-33.55813608443,
    4.96952285888));
#6432 = CARTESIAN_POINT('',(26.078755770526,-33.55813608443,
    4.848725258748));
#6433 = CARTESIAN_POINT('',(26.092370914893,-33.54755544554,
    4.727750828579));
#6434 = CARTESIAN_POINT('',(26.119673875815,-33.52633779847,
    4.608634875185));
#6435 = CARTESIAN_POINT('',(26.160784596359,-33.49433375036,
    4.493550879488));
#6436 = CARTESIAN_POINT('',(26.215761304599,-33.45138559637,
    4.384982835769));
#6437 = CARTESIAN_POINT('',(26.284520770515,-33.39737898512,
    4.285873285896));
#6438 = CARTESIAN_POINT('',(26.366610461952,-33.33244444603,4.1999994));
#6439 = PCURVE('',#511,#6440);
#6440 = DEFINITIONAL_REPRESENTATION('',(#6441),#6450);
#6441 = B_SPLINE_CURVE_WITH_KNOTS('',7,(#6442,#6443,#6444,#6445,#6446,
    #6447,#6448,#6449),.UNSPECIFIED.,.F.,.F.,(8,8),(0.,1.),
  .PIECEWISE_BEZIER_KNOTS.);
#6442 = CARTESIAN_POINT('',(0.,5.228752982804));
#6443 = CARTESIAN_POINT('',(0.120797600131,5.228752982804));
#6444 = CARTESIAN_POINT('',(0.241771750386,5.231493103141));
#6445 = CARTESIAN_POINT('',(0.363768053876,5.236988041717));
#6446 = CARTESIAN_POINT('',(0.487524564779,5.245223618079));
#6447 = CARTESIAN_POINT('',(0.613851544907,5.256134850481));
#6448 = CARTESIAN_POINT('',(0.743626410175,5.269582878682));
#6449 = CARTESIAN_POINT('',(0.878094609613,5.285325795401));
#6450 = ( GEOMETRIC_REPRESENTATION_CONTEXT(2) 
PARAMETRIC_REPRESENTATION_CONTEXT() REPRESENTATION_CONTEXT('2D SPACE',''
  ) );
#6451 = PCURVE('',#6087,#6452);
#6452 = DEFINITIONAL_REPRESENTATION('',(#6453),#6462);
#6453 = B_SPLINE_CURVE_WITH_KNOTS('',7,(#6454,#6455,#6456,#6457,#6458,
    #6459,#6460,#6461),.UNSPECIFIED.,.F.,.F.,(8,8),(0.,1.),
  .PIECEWISE_BEZIER_KNOTS.);
#6454 = CARTESIAN_POINT('',(-5.373023232466,-3.91952285888));
#6455 = CARTESIAN_POINT('',(-5.373023232466,-3.798725258748));
#6456 = CARTESIAN_POINT('',(-5.37342895083,-3.677750828579));
#6457 = CARTESIAN_POINT('',(-5.374242551471,-3.558634875185));
#6458 = CARTESIAN_POINT('',(-5.37546842015,-3.443550879488));
#6459 = CARTESIAN_POINT('',(-5.377109914736,-3.334982835769));
#6460 = CARTESIAN_POINT('',(-5.37916715616,-3.235873285896));
#6461 = CARTESIAN_POINT('',(-5.381629912577,-3.1499994));
#6462 = ( GEOMETRIC_REPRESENTATION_CONTEXT(2) 
PARAMETRIC_REPRESENTATION_CONTEXT() REPRESENTATION_CONTEXT('2D SPACE',''
  ) );
#6463 = ADVANCED_FACE('',(#6464),#457,.T.);
#6464 = FACE_BOUND('',#6465,.T.);
#6465 = EDGE_LOOP('',(#6466,#6494,#6495,#6496));
#6466 = ORIENTED_EDGE('',*,*,#6467,.T.);
#6467 = EDGE_CURVE('',#6468,#6350,#6470,.T.);
#6468 = VERTEX_POINT('',#6469);
#6469 = CARTESIAN_POINT('',(31.980794952442,-22.92708560218,
    3.96952285888));
#6470 = SURFACE_CURVE('',#6471,(#6476,#6487),.PCURVE_S1.);
#6471 = CIRCLE('',#6472,39.35);
#6472 = AXIS2_PLACEMENT_3D('',#6473,#6474,#6475);
#6473 = CARTESIAN_POINT('',(0.,0.,3.96952285888));
#6474 = DIRECTION('',(0.,0.,-1.));
#6475 = DIRECTION('',(1.,0.,0.));
#6476 = PCURVE('',#457,#6477);
#6477 = DEFINITIONAL_REPRESENTATION('',(#6478),#6486);
#6478 = ( BOUNDED_CURVE() B_SPLINE_CURVE(2,(#6479,#6480,#6481,#6482,
#6483,#6484,#6485),.UNSPECIFIED.,.T.,.F.) B_SPLINE_CURVE_WITH_KNOTS((1,2
    ,2,2,2,1),(-2.094395102393,0.,2.094395102393,4.188790204786,
6.28318530718,8.377580409573),.UNSPECIFIED.) CURVE() 
GEOMETRIC_REPRESENTATION_ITEM() RATIONAL_B_SPLINE_CURVE((1.,0.5,1.,0.5,
1.,0.5,1.)) REPRESENTATION_ITEM('') );
#6479 = CARTESIAN_POINT('',(-7.954605225555,33.592759446192));
#6480 = CARTESIAN_POINT('',(38.531873481379,-16.24974046532));
#6481 = CARTESIAN_POINT('',(-27.87623698358,-31.58696200225));
#6482 = CARTESIAN_POINT('',(-94.28434744855,-46.92418353918));
#6483 = CARTESIAN_POINT('',(-74.36271569052,18.255537909263));
#6484 = CARTESIAN_POINT('',(-54.44108393248,83.435259357712));
#6485 = CARTESIAN_POINT('',(-7.954605225555,33.592759446192));
#6486 = ( GEOMETRIC_REPRESENTATION_CONTEXT(2) 
PARAMETRIC_REPRESENTATION_CONTEXT() REPRESENTATION_CONTEXT('2D SPACE',''
  ) );
#6487 = PCURVE('',#2760,#6488);
#6488 = DEFINITIONAL_REPRESENTATION('',(#6489),#6493);
#6489 = LINE('',#6490,#6491);
#6490 = CARTESIAN_POINT('',(0.,-2.91952285888));
#6491 = VECTOR('',#6492,1.);
#6492 = DIRECTION('',(1.,0.));
#6493 = ( GEOMETRIC_REPRESENTATION_CONTEXT(2) 
PARAMETRIC_REPRESENTATION_CONTEXT() REPRESENTATION_CONTEXT('2D SPACE',''
  ) );
#6494 = ORIENTED_EDGE('',*,*,#6405,.T.);
#6495 = ORIENTED_EDGE('',*,*,#440,.F.);
#6496 = ORIENTED_EDGE('',*,*,#6497,.F.);
#6497 = EDGE_CURVE('',#6468,#380,#6498,.T.);
#6498 = SURFACE_CURVE('',#6499,(#6503,#6510),.PCURVE_S1.);
#6499 = LINE('',#6500,#6501);
#6500 = CARTESIAN_POINT('',(30.303262590299,-21.36250572414,
    3.96952285888));
#6501 = VECTOR('',#6502,1.);
#6502 = DIRECTION('',(0.731298112859,-0.682057966839,0.));
#6503 = PCURVE('',#457,#6504);
#6504 = DEFINITIONAL_REPRESENTATION('',(#6505),#6509);
#6505 = LINE('',#6506,#6507);
#6506 = CARTESIAN_POINT('',(1.883717758518E-15,11.8));
#6507 = VECTOR('',#6508,1.);
#6508 = DIRECTION('',(1.,6.351860969492E-18));
#6509 = ( GEOMETRIC_REPRESENTATION_CONTEXT(2) 
PARAMETRIC_REPRESENTATION_CONTEXT() REPRESENTATION_CONTEXT('2D SPACE',''
  ) );
#6510 = PCURVE('',#417,#6511);
#6511 = DEFINITIONAL_REPRESENTATION('',(#6512),#6516);
#6512 = LINE('',#6513,#6514);
#6513 = CARTESIAN_POINT('',(-1.570796326795,0.));
#6514 = VECTOR('',#6515,1.);
#6515 = DIRECTION('',(-0.,1.));
#6516 = ( GEOMETRIC_REPRESENTATION_CONTEXT(2) 
PARAMETRIC_REPRESENTATION_CONTEXT() REPRESENTATION_CONTEXT('2D SPACE',''
  ) );
#6517 = ADVANCED_FACE('',(#6518),#417,.F.);
#6518 = FACE_BOUND('',#6519,.T.);
#6519 = EDGE_LOOP('',(#6520,#6550,#6605,#6639,#6693,#6694,#6695,#6745));
#6520 = ORIENTED_EDGE('',*,*,#6521,.F.);
#6521 = EDGE_CURVE('',#6522,#6524,#6526,.T.);
#6522 = VERTEX_POINT('',#6523);
#6523 = CARTESIAN_POINT('',(32.484720417618,-22.02964909818,
    4.96952285888));
#6524 = VERTEX_POINT('',#6525);
#6525 = CARTESIAN_POINT('',(34.887919033031,-24.27103429078,
    4.96952285888));
#6526 = SURFACE_CURVE('',#6527,(#6531,#6538),.PCURVE_S1.);
#6527 = LINE('',#6528,#6529);
#6528 = CARTESIAN_POINT('',(30.985320557138,-20.63120761128,
    4.96952285888));
#6529 = VECTOR('',#6530,1.);
#6530 = DIRECTION('',(0.731298112859,-0.682057966839,0.));
#6531 = PCURVE('',#417,#6532);
#6532 = DEFINITIONAL_REPRESENTATION('',(#6533),#6537);
#6533 = LINE('',#6534,#6535);
#6534 = CARTESIAN_POINT('',(-0.,0.));
#6535 = VECTOR('',#6536,1.);
#6536 = DIRECTION('',(-0.,1.));
#6537 = ( GEOMETRIC_REPRESENTATION_CONTEXT(2) 
PARAMETRIC_REPRESENTATION_CONTEXT() REPRESENTATION_CONTEXT('2D SPACE',''
  ) );
#6538 = PCURVE('',#6539,#6544);
#6539 = PLANE('',#6540);
#6540 = AXIS2_PLACEMENT_3D('',#6541,#6542,#6543);
#6541 = CARTESIAN_POINT('',(30.985320557138,-20.63120761128,
    3.96952285888));
#6542 = DIRECTION('',(0.682057966839,0.731298112859,0.));
#6543 = DIRECTION('',(0.,0.,1.));
#6544 = DEFINITIONAL_REPRESENTATION('',(#6545),#6549);
#6545 = LINE('',#6546,#6547);
#6546 = CARTESIAN_POINT('',(1.,0.));
#6547 = VECTOR('',#6548,1.);
#6548 = DIRECTION('',(0.,1.));
#6549 = ( GEOMETRIC_REPRESENTATION_CONTEXT(2) 
PARAMETRIC_REPRESENTATION_CONTEXT() REPRESENTATION_CONTEXT('2D SPACE',''
  ) );
#6550 = ORIENTED_EDGE('',*,*,#6551,.T.);
#6551 = EDGE_CURVE('',#6522,#6552,#6554,.T.);
#6552 = VERTEX_POINT('',#6553);
#6553 = CARTESIAN_POINT('',(32.24586604357,-22.37781542344,
    4.156673592985));
#6554 = SURFACE_CURVE('',#6555,(#6568,#6584),.PCURVE_S1.);
#6555 = B_SPLINE_CURVE_WITH_KNOTS('',6,(#6556,#6557,#6558,#6559,#6560,
    #6561,#6562,#6563,#6564,#6565,#6566,#6567),.UNSPECIFIED.,.F.,.F.,(7,
    5,7),(0.,0.705781509428,1.),.UNSPECIFIED.);
#6556 = CARTESIAN_POINT('',(32.484720417618,-22.02964909818,
    4.96952285888));
#6557 = CARTESIAN_POINT('',(32.484720417618,-22.02964909818,
    4.859511434381));
#6558 = CARTESIAN_POINT('',(32.476470691826,-22.04181412101,
    4.749450764548));
#6559 = CARTESIAN_POINT('',(32.459957220175,-22.06616448516,
    4.640992993797));
#6560 = CARTESIAN_POINT('',(32.435064646388,-22.10279795472,
    4.535871415362));
#6561 = CARTESIAN_POINT('',(32.401629816879,-22.15180396768,
    4.436104782978));
#6562 = CARTESIAN_POINT('',(32.341979585426,-22.23870090992,
    4.30600137391));
#6563 = CARTESIAN_POINT('',(32.322925844505,-22.26640595589,
    4.269107821758));
#6564 = CARTESIAN_POINT('',(32.302378359202,-22.29621871174,
    4.233825732346));
#6565 = CARTESIAN_POINT('',(32.280357284118,-22.32809135066,
    4.20038704492));
#6566 = CARTESIAN_POINT('',(32.256894181122,-22.3619582295,
    4.169029952054));
#6567 = CARTESIAN_POINT('',(32.232033067491,-22.39773525015,4.1399994));
#6568 = PCURVE('',#417,#6569);
#6569 = DEFINITIONAL_REPRESENTATION('',(#6570),#6583);
#6570 = B_SPLINE_CURVE_WITH_KNOTS('',6,(#6571,#6572,#6573,#6574,#6575,
    #6576,#6577,#6578,#6579,#6580,#6581,#6582),.UNSPECIFIED.,.F.,.F.,(7,
    5,7),(0.,0.705781509428,1.),.UNSPECIFIED.);
#6571 = CARTESIAN_POINT('',(0.,2.050326445692));
#6572 = CARTESIAN_POINT('',(-0.110011424499,2.050326445692));
#6573 = CARTESIAN_POINT('',(-0.220072998477,2.052590687526));
#6574 = CARTESIAN_POINT('',(-0.330923056101,2.057122776737));
#6575 = CARTESIAN_POINT('',(-0.443255886459,2.063905034265));
#6576 = CARTESIAN_POINT('',(-0.557783524135,2.072879148104));
#6577 = CARTESIAN_POINT('',(-0.724490776755,2.088525798159));
#6578 = CARTESIAN_POINT('',(-0.77407689672,2.093488280709));
#6579 = CARTESIAN_POINT('',(-0.824218706797,2.09879597112));
#6580 = CARTESIAN_POINT('',(-0.874939962878,2.104430987772));
#6581 = CARTESIAN_POINT('',(-0.926271727683,2.110371639352));
#6582 = CARTESIAN_POINT('',(-0.978253848072,2.116592755836));
#6583 = ( GEOMETRIC_REPRESENTATION_CONTEXT(2) 
PARAMETRIC_REPRESENTATION_CONTEXT() REPRESENTATION_CONTEXT('2D SPACE',''
  ) );
#6584 = PCURVE('',#6585,#6590);
#6585 = CYLINDRICAL_SURFACE('',#6586,39.25);
#6586 = AXIS2_PLACEMENT_3D('',#6587,#6588,#6589);
#6587 = CARTESIAN_POINT('',(2.025146430259E-13,-1.910692005867E-15,1.05)
  );
#6588 = DIRECTION('',(-0.,-0.,-1.));
#6589 = DIRECTION('',(1.,0.,0.));
#6590 = DEFINITIONAL_REPRESENTATION('',(#6591),#6604);
#6591 = B_SPLINE_CURVE_WITH_KNOTS('',6,(#6592,#6593,#6594,#6595,#6596,
    #6597,#6598,#6599,#6600,#6601,#6602,#6603),.UNSPECIFIED.,.F.,.F.,(7,
    5,7),(0.,0.705781509428,1.),.UNSPECIFIED.);
#6592 = CARTESIAN_POINT('',(-5.687271914719,-3.91952285888));
#6593 = CARTESIAN_POINT('',(-5.687271914719,-3.809511434381));
#6594 = CARTESIAN_POINT('',(-5.686897430765,-3.699450764548));
#6595 = CARTESIAN_POINT('',(-5.686147833962,-3.590992993797));
#6596 = CARTESIAN_POINT('',(-5.685019413153,-3.485871415362));
#6597 = CARTESIAN_POINT('',(-5.683507949711,-3.386104782978));
#6598 = CARTESIAN_POINT('',(-5.680822591091,-3.25600137391));
#6599 = CARTESIAN_POINT('',(-5.679965913372,-3.219107821758));
#6600 = CARTESIAN_POINT('',(-5.679043424237,-3.183825732346));
#6601 = CARTESIAN_POINT('',(-5.678056417241,-3.15038704492));
#6602 = CARTESIAN_POINT('',(-5.677006723558,-3.119029952054));
#6603 = CARTESIAN_POINT('',(-5.675896740189,-3.0899994));
#6604 = ( GEOMETRIC_REPRESENTATION_CONTEXT(2) 
PARAMETRIC_REPRESENTATION_CONTEXT() REPRESENTATION_CONTEXT('2D SPACE',''
  ) );
#6605 = ORIENTED_EDGE('',*,*,#6606,.F.);
#6606 = EDGE_CURVE('',#6607,#6552,#6609,.T.);
#6607 = VERTEX_POINT('',#6608);
#6608 = CARTESIAN_POINT('',(32.320768332435,-22.44527643777,
    4.157933053595));
#6609 = SURFACE_CURVE('',#6610,(#6616,#6625),.PCURVE_S1.);
#6610 = B_SPLINE_CURVE_WITH_KNOTS('',4,(#6611,#6612,#6613,#6614,#6615),
  .UNSPECIFIED.,.F.,.F.,(5,5),(0.,1.),.PIECEWISE_BEZIER_KNOTS.);
#6611 = CARTESIAN_POINT('',(32.349624951172,-22.47123863308,
    4.158434369621));
#6612 = CARTESIAN_POINT('',(32.287918097693,-22.41573777834,
    4.157352645598));
#6613 = CARTESIAN_POINT('',(32.226258069216,-22.36018425407,
    4.156327351634));
#6614 = CARTESIAN_POINT('',(32.164643267381,-22.30458008485,
    4.155355406727));
#6615 = CARTESIAN_POINT('',(32.103072171837,-22.24892715329,
    4.15443413336));
#6616 = PCURVE('',#417,#6617);
#6617 = DEFINITIONAL_REPRESENTATION('',(#6618),#6624);
#6618 = B_SPLINE_CURVE_WITH_KNOTS('',4,(#6619,#6620,#6621,#6622,#6623),
  .UNSPECIFIED.,.F.,.F.,(5,5),(0.,1.),.PIECEWISE_BEZIER_KNOTS.);
#6619 = CARTESIAN_POINT('',(-0.946010630266,2.252721046377));
#6620 = CARTESIAN_POINT('',(-0.947859973102,2.169740140732));
#6621 = CARTESIAN_POINT('',(-0.949619163945,2.086757554455));
#6622 = CARTESIAN_POINT('',(-0.951292106282,2.003773499541));
#6623 = CARTESIAN_POINT('',(-0.952882328771,1.920788148218));
#6624 = ( GEOMETRIC_REPRESENTATION_CONTEXT(2) 
PARAMETRIC_REPRESENTATION_CONTEXT() REPRESENTATION_CONTEXT('2D SPACE',''
  ) );
#6625 = PCURVE('',#6626,#6631);
#6626 = CYLINDRICAL_SURFACE('',#6627,1.1);
#6627 = AXIS2_PLACEMENT_3D('',#6628,#6629,#6630);
#6628 = CARTESIAN_POINT('',(23.080063357231,-13.16101346501,5.24));
#6629 = DIRECTION('',(0.694658370459,-0.719339800339,0.));
#6630 = DIRECTION('',(0.719339800339,0.694658370459,0.));
#6631 = DEFINITIONAL_REPRESENTATION('',(#6632),#6638);
#6632 = B_SPLINE_CURVE_WITH_KNOTS('',4,(#6633,#6634,#6635,#6636,#6637),
  .UNSPECIFIED.,.F.,.F.,(5,5),(0.,1.),.PIECEWISE_BEZIER_KNOTS.);
#6633 = CARTESIAN_POINT('',(-1.387463099367,13.136394065229));
#6634 = CARTESIAN_POINT('',(-1.392857189361,13.053604909174));
#6635 = CARTESIAN_POINT('',(-1.398179115672,12.970810393215));
#6636 = CARTESIAN_POINT('',(-1.403432090093,12.888010863389));
#6637 = CARTESIAN_POINT('',(-1.408619029922,12.805206617818));
#6638 = ( GEOMETRIC_REPRESENTATION_CONTEXT(2) 
PARAMETRIC_REPRESENTATION_CONTEXT() REPRESENTATION_CONTEXT('2D SPACE',''
  ) );
#6639 = ORIENTED_EDGE('',*,*,#6640,.T.);
#6640 = EDGE_CURVE('',#6607,#6468,#6641,.T.);
#6641 = SURFACE_CURVE('',#6642,(#6657,#6675),.PCURVE_S1.);
#6642 = B_SPLINE_CURVE_WITH_KNOTS('',7,(#6643,#6644,#6645,#6646,#6647,
    #6648,#6649,#6650,#6651,#6652,#6653,#6654,#6655,#6656),
  .UNSPECIFIED.,.F.,.F.,(8,6,8),(0.,0.611343660465,1.),.UNSPECIFIED.);
#6643 = CARTESIAN_POINT('',(32.55873136433,-22.09867670122,4.96952285888
    ));
#6644 = CARTESIAN_POINT('',(32.55873136433,-22.09867670122,
    4.844544916905));
#6645 = CARTESIAN_POINT('',(32.548374711721,-22.11393547821,
    4.719346951732));
#6646 = CARTESIAN_POINT('',(32.527595132826,-22.14455089968,
    4.596191443333));
#6647 = CARTESIAN_POINT('',(32.49622461593,-22.19067277511,
    4.477508057475));
#6648 = CARTESIAN_POINT('',(32.454088289185,-22.25236315368,
    4.366092761205));
#6649 = CARTESIAN_POINT('',(32.401057125439,-22.32949891487,
    4.265274450323));
#6650 = CARTESIAN_POINT('',(32.296749409729,-22.47993637908,4.1247534809
    ));
#6651 = CARTESIAN_POINT('',(32.251690924355,-22.5446583096,
    4.075924600415));
#6652 = CARTESIAN_POINT('',(32.202548556209,-22.61490459598,
    4.034711057066));
#6653 = CARTESIAN_POINT('',(32.14998861294,-22.68961178633,
    4.002583131959));
#6654 = CARTESIAN_POINT('',(32.094854011769,-22.76749328603,
    3.980627136356));
#6655 = CARTESIAN_POINT('',(32.038110629422,-22.84713645623,
    3.96952285888));
#6656 = CARTESIAN_POINT('',(31.980794952442,-22.92708560218,
    3.96952285888));
#6657 = PCURVE('',#417,#6658);
#6658 = DEFINITIONAL_REPRESENTATION('',(#6659),#6674);
#6659 = B_SPLINE_CURVE_WITH_KNOTS('',7,(#6660,#6661,#6662,#6663,#6664,
    #6665,#6666,#6667,#6668,#6669,#6670,#6671,#6672,#6673),
  .UNSPECIFIED.,.F.,.F.,(8,6,8),(0.,0.611343660465,1.),.UNSPECIFIED.);
#6660 = CARTESIAN_POINT('',(0.,2.15153133794));
#6661 = CARTESIAN_POINT('',(-0.124977941975,2.15153133794));
#6662 = CARTESIAN_POINT('',(-0.25017553005,2.15436490784));
#6663 = CARTESIAN_POINT('',(-0.376521201644,2.160050333132));
#6664 = CARTESIAN_POINT('',(-0.504816867218,2.168566925906));
#6665 = CARTESIAN_POINT('',(-0.635954430197,2.179829123857));
#6666 = CARTESIAN_POINT('',(-0.770899338686,2.193658594331));
#6667 = CARTESIAN_POINT('',(-1.000168962172,2.219985629651));
#6668 = CARTESIAN_POINT('',(-1.091778485661,2.231178552672));
#6669 = CARTESIAN_POINT('',(-1.18527063704,2.243152870854));
#6670 = CARTESIAN_POINT('',(-1.280214796362,2.255670517887));
#6671 = CARTESIAN_POINT('',(-1.376292188315,2.268470385436));
#6672 = CARTESIAN_POINT('',(-1.473237053127,2.281295315745));
#6673 = CARTESIAN_POINT('',(-1.570796326795,2.293910421271));
#6674 = ( GEOMETRIC_REPRESENTATION_CONTEXT(2) 
PARAMETRIC_REPRESENTATION_CONTEXT() REPRESENTATION_CONTEXT('2D SPACE',''
  ) );
#6675 = PCURVE('',#2760,#6676);
#6676 = DEFINITIONAL_REPRESENTATION('',(#6677),#6692);
#6677 = B_SPLINE_CURVE_WITH_KNOTS('',7,(#6678,#6679,#6680,#6681,#6682,
    #6683,#6684,#6685,#6686,#6687,#6688,#6689,#6690,#6691),
  .UNSPECIFIED.,.F.,.F.,(8,6,8),(0.,0.611343660465,1.),.UNSPECIFIED.);
#6678 = CARTESIAN_POINT('',(0.596309580333,-3.91952285888));
#6679 = CARTESIAN_POINT('',(0.596309580333,-3.794544916905));
#6680 = CARTESIAN_POINT('',(0.596778234585,-3.669346951732));
#6681 = CARTESIAN_POINT('',(0.597718546567,-3.546191443333));
#6682 = CARTESIAN_POINT('',(0.599136064905,-3.427508057475));
#6683 = CARTESIAN_POINT('',(0.601034588353,-3.316092761205));
#6684 = CARTESIAN_POINT('',(0.603413395107,-3.215274450323));
#6685 = CARTESIAN_POINT('',(0.608065531005,-3.0747534809));
#6686 = CARTESIAN_POINT('',(0.610069641145,-3.025924600415));
#6687 = CARTESIAN_POINT('',(0.612248266998,-2.984711057066));
#6688 = CARTESIAN_POINT('',(0.61456957053,-2.952583131959));
#6689 = CARTESIAN_POINT('',(0.616994507684,-2.930627136356));
#6690 = CARTESIAN_POINT('',(0.6194796255,-2.91952285888));
#6691 = CARTESIAN_POINT('',(0.621979536652,-2.91952285888));
#6692 = ( GEOMETRIC_REPRESENTATION_CONTEXT(2) 
PARAMETRIC_REPRESENTATION_CONTEXT() REPRESENTATION_CONTEXT('2D SPACE',''
  ) );
#6693 = ORIENTED_EDGE('',*,*,#6497,.T.);
#6694 = ORIENTED_EDGE('',*,*,#379,.F.);
#6695 = ORIENTED_EDGE('',*,*,#6696,.F.);
#6696 = EDGE_CURVE('',#6697,#308,#6699,.T.);
#6697 = VERTEX_POINT('',#6698);
#6698 = CARTESIAN_POINT('',(34.800167365782,-24.39668730189,
    4.43994040613));
#6699 = SURFACE_CURVE('',#6700,(#6713,#6729),.PCURVE_S1.);
#6700 = B_SPLINE_CURVE_WITH_KNOTS('',6,(#6701,#6702,#6703,#6704,#6705,
    #6706,#6707,#6708,#6709,#6710,#6711,#6712),.UNSPECIFIED.,.F.,.F.,(7,
    5,7),(0.,0.705894344183,1.),.UNSPECIFIED.);
#6701 = CARTESIAN_POINT('',(34.887919033031,-24.27103429078,
    4.96952285888));
#6702 = CARTESIAN_POINT('',(34.887919033031,-24.27103429078,
    4.859530152033));
#6703 = CARTESIAN_POINT('',(34.879542810425,-24.28307457452,
    4.74948939683));
#6704 = CARTESIAN_POINT('',(34.862776472557,-24.30717478495,
    4.641044242144));
#6705 = CARTESIAN_POINT('',(34.837502355176,-24.34343869487,
    4.535920864353));
#6706 = CARTESIAN_POINT('',(34.803554806356,-24.39196777727,
    4.43613537443));
#6707 = CARTESIAN_POINT('',(34.743001611553,-24.47804724859,
    4.306009424785));
#6708 = CARTESIAN_POINT('',(34.723667793898,-24.50548423647,
    4.269120172887));
#6709 = CARTESIAN_POINT('',(34.702819296254,-24.53501255579,
    4.233838885068));
#6710 = CARTESIAN_POINT('',(34.68047681034,-24.56658604916,
    4.200397940952));
#6711 = CARTESIAN_POINT('',(34.656672655606,-24.600140925,4.169036176678
    ));
#6712 = CARTESIAN_POINT('',(34.631451815842,-24.63559508367,4.1399994));
#6713 = PCURVE('',#417,#6714);
#6714 = DEFINITIONAL_REPRESENTATION('',(#6715),#6728);
#6715 = B_SPLINE_CURVE_WITH_KNOTS('',6,(#6716,#6717,#6718,#6719,#6720,
    #6721,#6722,#6723,#6724,#6725,#6726,#6727),.UNSPECIFIED.,.F.,.F.,(7,
    5,7),(0.,0.705894344183,1.),.UNSPECIFIED.);
#6716 = CARTESIAN_POINT('',(0.,5.336535685339));
#6717 = CARTESIAN_POINT('',(-0.109992706847,5.336535685339));
#6718 = CARTESIAN_POINT('',(-0.220034377253,5.338622341001));
#6719 = CARTESIAN_POINT('',(-0.330870542731,5.342798890285));
#6720 = CARTESIAN_POINT('',(-0.443201380485,5.349050064606));
#6721 = CARTESIAN_POINT('',(-0.557744325955,5.357323933494));
#6722 = CARTESIAN_POINT('',(-0.724480460813,5.371752685604));
#6723 = CARTESIAN_POINT('',(-0.774060096812,5.376327517403));
#6724 = CARTESIAN_POINT('',(-0.824199460562,5.38122107586));
#6725 = CARTESIAN_POINT('',(-0.874922516437,5.386417010771));
#6726 = CARTESIAN_POINT('',(-0.926260581869,5.391895447732));
#6727 = CARTESIAN_POINT('',(-0.978253848072,5.397633286587));
#6728 = ( GEOMETRIC_REPRESENTATION_CONTEXT(2) 
PARAMETRIC_REPRESENTATION_CONTEXT() REPRESENTATION_CONTEXT('2D SPACE',''
  ) );
#6729 = PCURVE('',#295,#6730);
#6730 = DEFINITIONAL_REPRESENTATION('',(#6731),#6744);
#6731 = B_SPLINE_CURVE_WITH_KNOTS('',6,(#6732,#6733,#6734,#6735,#6736,
    #6737,#6738,#6739,#6740,#6741,#6742,#6743),.UNSPECIFIED.,.F.,.F.,(7,
    5,7),(0.,0.705894344183,1.),.UNSPECIFIED.);
#6732 = CARTESIAN_POINT('',(0.607824741411,-6.96952285888));
#6733 = CARTESIAN_POINT('',(0.607824741411,-6.859530152033));
#6734 = CARTESIAN_POINT('',(0.608169854234,-6.74948939683));
#6735 = CARTESIAN_POINT('',(0.608860645939,-6.641044242144));
#6736 = CARTESIAN_POINT('',(0.609900702092,-6.535920864353));
#6737 = CARTESIAN_POINT('',(0.611294208265,-6.43613537443));
#6738 = CARTESIAN_POINT('',(0.61377054497,-6.306009424785));
#6739 = CARTESIAN_POINT('',(0.614560300863,-6.269120172887));
#6740 = CARTESIAN_POINT('',(0.615410810076,-6.233838885068));
#6741 = CARTESIAN_POINT('',(0.616320905494,-6.200397940952));
#6742 = CARTESIAN_POINT('',(0.617288924085,-6.169036176678));
#6743 = CARTESIAN_POINT('',(0.618312680145,-6.1399994));
#6744 = ( GEOMETRIC_REPRESENTATION_CONTEXT(2) 
PARAMETRIC_REPRESENTATION_CONTEXT() REPRESENTATION_CONTEXT('2D SPACE',''
  ) );
#6745 = ORIENTED_EDGE('',*,*,#6746,.F.);
#6746 = EDGE_CURVE('',#6524,#6697,#6747,.T.);
#6747 = SURFACE_CURVE('',#6748,(#6757,#6769),.PCURVE_S1.);
#6748 = B_SPLINE_CURVE_WITH_KNOTS('',7,(#6749,#6750,#6751,#6752,#6753,
    #6754,#6755,#6756),.UNSPECIFIED.,.F.,.F.,(8,8),(0.,1.),
  .PIECEWISE_BEZIER_KNOTS.);
#6749 = CARTESIAN_POINT('',(34.887919033031,-24.27103429078,
    4.96952285888));
#6750 = CARTESIAN_POINT('',(34.887919033031,-24.27103429078,
    4.848772570319));
#6751 = CARTESIAN_POINT('',(34.878104743723,-24.28514162629,
    4.72785064006));
#6752 = CARTESIAN_POINT('',(34.858425367552,-24.3134294651,
    4.608773937181));
#6753 = CARTESIAN_POINT('',(34.828731992366,-24.35603468129,
    4.493700555371));
#6754 = CARTESIAN_POINT('',(34.788859027011,-24.41304095063,
    4.385107070654));
#6755 = CARTESIAN_POINT('',(34.738672433074,-24.48439415221,
    4.285940112109));
#6756 = CARTESIAN_POINT('',(34.678262291819,-24.56965861423,4.1999994));
#6757 = PCURVE('',#417,#6758);
#6758 = DEFINITIONAL_REPRESENTATION('',(#6759),#6768);
#6759 = B_SPLINE_CURVE_WITH_KNOTS('',7,(#6760,#6761,#6762,#6763,#6764,
    #6765,#6766,#6767),.UNSPECIFIED.,.F.,.F.,(8,8),(0.,1.),
  .PIECEWISE_BEZIER_KNOTS.);
#6760 = CARTESIAN_POINT('',(0.,5.336535685339));
#6761 = CARTESIAN_POINT('',(-0.120750288561,5.336535685339));
#6762 = CARTESIAN_POINT('',(-0.241671935819,5.33898053466));
#6763 = CARTESIAN_POINT('',(-0.36362561882,5.343882989828));
#6764 = CARTESIAN_POINT('',(-0.487360223897,5.351227507726));
#6765 = CARTESIAN_POINT('',(-0.613696574952,5.360950063567));
#6766 = CARTESIAN_POINT('',(-0.743521768345,5.372915721732));
#6767 = CARTESIAN_POINT('',(-0.878094609613,5.386893205037));
#6768 = ( GEOMETRIC_REPRESENTATION_CONTEXT(2) 
PARAMETRIC_REPRESENTATION_CONTEXT() REPRESENTATION_CONTEXT('2D SPACE',''
  ) );
#6769 = PCURVE('',#6770,#6775);
#6770 = CYLINDRICAL_SURFACE('',#6771,42.5);
#6771 = AXIS2_PLACEMENT_3D('',#6772,#6773,#6774);
#6772 = CARTESIAN_POINT('',(0.,0.,1.05));
#6773 = DIRECTION('',(-0.,-0.,-1.));
#6774 = DIRECTION('',(1.,0.,0.));
#6775 = DEFINITIONAL_REPRESENTATION('',(#6776),#6785);
#6776 = B_SPLINE_CURVE_WITH_KNOTS('',7,(#6777,#6778,#6779,#6780,#6781,
    #6782,#6783,#6784),.UNSPECIFIED.,.F.,.F.,(8,8),(0.,1.),
  .PIECEWISE_BEZIER_KNOTS.);
#6777 = CARTESIAN_POINT('',(-5.675360565769,-3.91952285888));
#6778 = CARTESIAN_POINT('',(-5.675360565769,-3.798772570319));
#6779 = CARTESIAN_POINT('',(-5.674956203936,-3.67785064006));
#6780 = CARTESIAN_POINT('',(-5.674145384564,-3.558773937181));
#6781 = CARTESIAN_POINT('',(-5.672923462547,-3.443700555371));
#6782 = CARTESIAN_POINT('',(-5.671286597459,-3.335107070654));
#6783 = CARTESIAN_POINT('',(-5.669234017537,-3.235940112109));
#6784 = CARTESIAN_POINT('',(-5.666775288166,-3.1499994));
#6785 = ( GEOMETRIC_REPRESENTATION_CONTEXT(2) 
PARAMETRIC_REPRESENTATION_CONTEXT() REPRESENTATION_CONTEXT('2D SPACE',''
  ) );
#6786 = ADVANCED_FACE('',(#6787),#295,.T.);
#6787 = FACE_BOUND('',#6788,.T.);
#6788 = EDGE_LOOP('',(#6789,#6790,#6819,#6841,#6903,#6904));
#6789 = ORIENTED_EDGE('',*,*,#279,.F.);
#6790 = ORIENTED_EDGE('',*,*,#6791,.F.);
#6791 = EDGE_CURVE('',#6792,#251,#6794,.T.);
#6792 = VERTEX_POINT('',#6793);
#6793 = CARTESIAN_POINT('',(35.040883706901,-24.04966671368,6.));
#6794 = SURFACE_CURVE('',#6795,(#6800,#6807),.PCURVE_S1.);
#6795 = CIRCLE('',#6796,42.5);
#6796 = AXIS2_PLACEMENT_3D('',#6797,#6798,#6799);
#6797 = CARTESIAN_POINT('',(0.,0.,6.));
#6798 = DIRECTION('',(0.,0.,1.));
#6799 = DIRECTION('',(1.,0.,-0.));
#6800 = PCURVE('',#295,#6801);
#6801 = DEFINITIONAL_REPRESENTATION('',(#6802),#6806);
#6802 = LINE('',#6803,#6804);
#6803 = CARTESIAN_POINT('',(6.28318530718,-8.));
#6804 = VECTOR('',#6805,1.);
#6805 = DIRECTION('',(-1.,0.));
#6806 = ( GEOMETRIC_REPRESENTATION_CONTEXT(2) 
PARAMETRIC_REPRESENTATION_CONTEXT() REPRESENTATION_CONTEXT('2D SPACE',''
  ) );
#6807 = PCURVE('',#6808,#6813);
#6808 = PLANE('',#6809);
#6809 = AXIS2_PLACEMENT_3D('',#6810,#6811,#6812);
#6810 = CARTESIAN_POINT('',(-4.118407928589E-15,3.242876655026E-16,6.));
#6811 = DIRECTION('',(0.,0.,1.));
#6812 = DIRECTION('',(1.,0.,-0.));
#6813 = DEFINITIONAL_REPRESENTATION('',(#6814),#6818);
#6814 = CIRCLE('',#6815,42.5);
#6815 = AXIS2_PLACEMENT_2D('',#6816,#6817);
#6816 = CARTESIAN_POINT('',(4.118407928589E-15,-3.242876655026E-16));
#6817 = DIRECTION('',(1.,0.));
#6818 = ( GEOMETRIC_REPRESENTATION_CONTEXT(2) 
PARAMETRIC_REPRESENTATION_CONTEXT() REPRESENTATION_CONTEXT('2D SPACE',''
  ) );
#6819 = ORIENTED_EDGE('',*,*,#6820,.T.);
#6820 = EDGE_CURVE('',#6792,#6821,#6823,.T.);
#6821 = VERTEX_POINT('',#6822);
#6822 = CARTESIAN_POINT('',(35.040883706901,-24.04966671368,5.3));
#6823 = SURFACE_CURVE('',#6824,(#6828,#6834),.PCURVE_S1.);
#6824 = LINE('',#6825,#6826);
#6825 = CARTESIAN_POINT('',(35.040883706901,-24.04966671368,-2.));
#6826 = VECTOR('',#6827,1.);
#6827 = DIRECTION('',(-0.,-0.,-1.));
#6828 = PCURVE('',#295,#6829);
#6829 = DEFINITIONAL_REPRESENTATION('',(#6830),#6833);
#6830 = B_SPLINE_CURVE_WITH_KNOTS('',1,(#6831,#6832),.UNSPECIFIED.,.F.,
  .F.,(2,2),(-8.0000006,-6.6),.PIECEWISE_BEZIER_KNOTS.);
#6831 = CARTESIAN_POINT('',(0.601493535127,-8.0000006));
#6832 = CARTESIAN_POINT('',(0.601493535127,-6.6));
#6833 = ( GEOMETRIC_REPRESENTATION_CONTEXT(2) 
PARAMETRIC_REPRESENTATION_CONTEXT() REPRESENTATION_CONTEXT('2D SPACE',''
  ) );
#6834 = PCURVE('',#6770,#6835);
#6835 = DEFINITIONAL_REPRESENTATION('',(#6836),#6840);
#6836 = LINE('',#6837,#6838);
#6837 = CARTESIAN_POINT('',(-5.681691772053,3.05));
#6838 = VECTOR('',#6839,1.);
#6839 = DIRECTION('',(-0.,1.));
#6840 = ( GEOMETRIC_REPRESENTATION_CONTEXT(2) 
PARAMETRIC_REPRESENTATION_CONTEXT() REPRESENTATION_CONTEXT('2D SPACE',''
  ) );
#6841 = ORIENTED_EDGE('',*,*,#6842,.T.);
#6842 = EDGE_CURVE('',#6821,#6697,#6843,.T.);
#6843 = SURFACE_CURVE('',#6844,(#6859,#6877),.PCURVE_S1.);
#6844 = B_SPLINE_CURVE_WITH_KNOTS('',7,(#6845,#6846,#6847,#6848,#6849,
    #6850,#6851,#6852,#6853,#6854,#6855,#6856,#6857,#6858),
  .UNSPECIFIED.,.F.,.F.,(8,6,8),(0.,0.61241132149,1.),.UNSPECIFIED.);
#6845 = CARTESIAN_POINT('',(35.040883706901,-24.04966671368,5.3));
#6846 = CARTESIAN_POINT('',(35.040883706901,-24.04966671368,
    5.162653539306));
#6847 = CARTESIAN_POINT('',(35.029328762203,-24.06650248113,
    5.025081400617));
#6848 = CARTESIAN_POINT('',(35.006149452979,-24.10027542482,
    4.889725838695));
#6849 = CARTESIAN_POINT('',(34.971145811648,-24.15116676548,
    4.759215506233));
#6850 = CARTESIAN_POINT('',(34.924092176839,-24.21928529659,
    4.636594048175));
#6851 = CARTESIAN_POINT('',(34.864800662171,-24.30454971593,
    4.525526060515));
#6852 = CARTESIAN_POINT('',(34.748198928578,-24.47077572438,
    4.370897021493));
#6853 = CARTESIAN_POINT('',(34.697934454937,-24.54213594279,
    4.317233699833));
#6854 = CARTESIAN_POINT('',(34.643075695325,-24.61963405013,
    4.271879115811));
#6855 = CARTESIAN_POINT('',(34.58436083726,-24.70210117764,
    4.236479891533));
#6856 = CARTESIAN_POINT('',(34.522729728063,-24.78811624323,
    4.212261199175));
#6857 = CARTESIAN_POINT('',(34.459264050959,-24.87611390302,4.2));
#6858 = CARTESIAN_POINT('',(34.395127529181,-24.96447880992,4.2));
#6859 = PCURVE('',#295,#6860);
#6860 = DEFINITIONAL_REPRESENTATION('',(#6861),#6876);
#6861 = B_SPLINE_CURVE_WITH_KNOTS('',7,(#6862,#6863,#6864,#6865,#6866,
    #6867,#6868,#6869,#6870,#6871,#6872,#6873,#6874,#6875),
  .UNSPECIFIED.,.F.,.F.,(8,6,8),(0.,0.61241132149,1.),.UNSPECIFIED.);
#6862 = CARTESIAN_POINT('',(0.601493535127,-7.3));
#6863 = CARTESIAN_POINT('',(0.601493535127,-7.162653539306));
#6864 = CARTESIAN_POINT('',(0.601973996192,-7.025081400617));
#6865 = CARTESIAN_POINT('',(0.602937809703,-6.889725838695));
#6866 = CARTESIAN_POINT('',(0.604391154591,-6.759215506233));
#6867 = CARTESIAN_POINT('',(0.60633914434,-6.636594048175));
#6868 = CARTESIAN_POINT('',(0.608782730609,-6.525526060515));
#6869 = CARTESIAN_POINT('',(0.613560247166,-6.370897021493));
#6870 = CARTESIAN_POINT('',(0.615614025111,-6.317233699833));
#6871 = CARTESIAN_POINT('',(0.617848124814,-6.271879115811));
#6872 = CARTESIAN_POINT('',(0.620230076972,-6.236479891533));
#6873 = CARTESIAN_POINT('',(0.622719841614,-6.212261199175));
#6874 = CARTESIAN_POINT('',(0.625272687763,-6.2));
#6875 = CARTESIAN_POINT('',(0.627841798949,-6.2));
#6876 = ( GEOMETRIC_REPRESENTATION_CONTEXT(2) 
PARAMETRIC_REPRESENTATION_CONTEXT() REPRESENTATION_CONTEXT('2D SPACE',''
  ) );
#6877 = PCURVE('',#6770,#6878);
#6878 = DEFINITIONAL_REPRESENTATION('',(#6879),#6902);
#6879 = B_SPLINE_CURVE_WITH_KNOTS('',6,(#6880,#6881,#6882,#6883,#6884,
    #6885,#6886,#6887,#6888,#6889,#6890,#6891,#6892,#6893,#6894,#6895,
    #6896,#6897,#6898,#6899,#6900,#6901),.UNSPECIFIED.,.F.,.F.,(7,5,5,5,
    7),(0.,0.5,0.5625,0.6171875,1.),.UNSPECIFIED.);
#6880 = CARTESIAN_POINT('',(-5.681691772053,-4.25));
#6881 = CARTESIAN_POINT('',(-5.681691772053,-4.119174905939));
#6882 = CARTESIAN_POINT('',(-5.681243410349,-3.988139695081));
#6883 = CARTESIAN_POINT('',(-5.680343847809,-3.859216787684));
#6884 = CARTESIAN_POINT('',(-5.678987230922,-3.734938371375));
#6885 = CARTESIAN_POINT('',(-5.677168649936,-3.618270892788));
#6886 = CARTESIAN_POINT('',(-5.67460802654,-3.499940206941));
#6887 = CARTESIAN_POINT('',(-5.674316364125,-3.486971808175));
#6888 = CARTESIAN_POINT('',(-5.674017561838,-3.474190437611));
#6889 = CARTESIAN_POINT('',(-5.67371163088,-3.461603893296));
#6890 = CARTESIAN_POINT('',(-5.673398585147,-3.44922021586));
#6891 = CARTESIAN_POINT('',(-5.672798315912,-3.426396759935));
#6892 = CARTESIAN_POINT('',(-5.672512731551,-3.415906734492));
#6893 = CARTESIAN_POINT('',(-5.672221855396,-3.405588008851));
#6894 = CARTESIAN_POINT('',(-5.671925269574,-3.395432912849));
#6895 = CARTESIAN_POINT('',(-5.671623667139,-3.385468451022));
#6896 = CARTESIAN_POINT('',(-5.669165534077,-3.307159722404));
#6897 = CARTESIAN_POINT('',(-5.666740529423,-3.24737205545));
#6898 = CARTESIAN_POINT('',(-5.66407906506,-3.199723915986));
#6899 = CARTESIAN_POINT('',(-5.661241991515,-3.166745064163));
#6900 = CARTESIAN_POINT('',(-5.658303869526,-3.15));
#6901 = CARTESIAN_POINT('',(-5.655343508231,-3.15));
#6902 = ( GEOMETRIC_REPRESENTATION_CONTEXT(2) 
PARAMETRIC_REPRESENTATION_CONTEXT() REPRESENTATION_CONTEXT('2D SPACE',''
  ) );
#6903 = ORIENTED_EDGE('',*,*,#6696,.T.);
#6904 = ORIENTED_EDGE('',*,*,#307,.F.);
#6905 = ADVANCED_FACE('',(#6906),#267,.T.);
#6906 = FACE_BOUND('',#6907,.T.);
#6907 = EDGE_LOOP('',(#6908,#6931,#6932,#6960));
#6908 = ORIENTED_EDGE('',*,*,#6909,.F.);
#6909 = EDGE_CURVE('',#251,#6910,#6912,.T.);
#6910 = VERTEX_POINT('',#6911);
#6911 = CARTESIAN_POINT('',(32.83775620348,-21.68188800637,6.));
#6912 = SURFACE_CURVE('',#6913,(#6917,#6924),.PCURVE_S1.);
#6913 = LINE('',#6914,#6915);
#6914 = CARTESIAN_POINT('',(15.014442914251,-3.225306803189,6.));
#6915 = VECTOR('',#6916,1.);
#6916 = DIRECTION('',(-0.694658370459,0.719339800339,0.));
#6917 = PCURVE('',#267,#6918);
#6918 = DEFINITIONAL_REPRESENTATION('',(#6919),#6923);
#6919 = LINE('',#6920,#6921);
#6920 = CARTESIAN_POINT('',(15.014442914251,-3.225306803189));
#6921 = VECTOR('',#6922,1.);
#6922 = DIRECTION('',(-0.694658370459,0.719339800339));
#6923 = ( GEOMETRIC_REPRESENTATION_CONTEXT(2) 
PARAMETRIC_REPRESENTATION_CONTEXT() REPRESENTATION_CONTEXT('2D SPACE',''
  ) );
#6924 = PCURVE('',#6808,#6925);
#6925 = DEFINITIONAL_REPRESENTATION('',(#6926),#6930);
#6926 = LINE('',#6927,#6928);
#6927 = CARTESIAN_POINT('',(15.014442914251,-3.225306803189));
#6928 = VECTOR('',#6929,1.);
#6929 = DIRECTION('',(-0.694658370459,0.719339800339));
#6930 = ( GEOMETRIC_REPRESENTATION_CONTEXT(2) 
PARAMETRIC_REPRESENTATION_CONTEXT() REPRESENTATION_CONTEXT('2D SPACE',''
  ) );
#6931 = ORIENTED_EDGE('',*,*,#250,.T.);
#6932 = ORIENTED_EDGE('',*,*,#6933,.T.);
#6933 = EDGE_CURVE('',#228,#6934,#6936,.T.);
#6934 = VERTEX_POINT('',#6935);
#6935 = CARTESIAN_POINT('',(37.456359940602,-12.06,6.));
#6936 = SURFACE_CURVE('',#6937,(#6941,#6948),.PCURVE_S1.);
#6937 = LINE('',#6938,#6939);
#6938 = CARTESIAN_POINT('',(14.,-12.06,6.));
#6939 = VECTOR('',#6940,1.);
#6940 = DIRECTION('',(-1.,0.,0.));
#6941 = PCURVE('',#267,#6942);
#6942 = DEFINITIONAL_REPRESENTATION('',(#6943),#6947);
#6943 = LINE('',#6944,#6945);
#6944 = CARTESIAN_POINT('',(14.,-12.06));
#6945 = VECTOR('',#6946,1.);
#6946 = DIRECTION('',(-1.,0.));
#6947 = ( GEOMETRIC_REPRESENTATION_CONTEXT(2) 
PARAMETRIC_REPRESENTATION_CONTEXT() REPRESENTATION_CONTEXT('2D SPACE',''
  ) );
#6948 = PCURVE('',#6949,#6954);
#6949 = PLANE('',#6950);
#6950 = AXIS2_PLACEMENT_3D('',#6951,#6952,#6953);
#6951 = CARTESIAN_POINT('',(-4.118407928589E-15,3.242876655026E-16,6.));
#6952 = DIRECTION('',(0.,0.,1.));
#6953 = DIRECTION('',(1.,0.,-0.));
#6954 = DEFINITIONAL_REPRESENTATION('',(#6955),#6959);
#6955 = LINE('',#6956,#6957);
#6956 = CARTESIAN_POINT('',(14.,-12.06));
#6957 = VECTOR('',#6958,1.);
#6958 = DIRECTION('',(-1.,0.));
#6959 = ( GEOMETRIC_REPRESENTATION_CONTEXT(2) 
PARAMETRIC_REPRESENTATION_CONTEXT() REPRESENTATION_CONTEXT('2D SPACE',''
  ) );
#6960 = ORIENTED_EDGE('',*,*,#6961,.T.);
#6961 = EDGE_CURVE('',#6934,#6910,#6962,.T.);
#6962 = SURFACE_CURVE('',#6963,(#6968,#6979),.PCURVE_S1.);
#6963 = CIRCLE('',#6964,39.35);
#6964 = AXIS2_PLACEMENT_3D('',#6965,#6966,#6967);
#6965 = CARTESIAN_POINT('',(0.,0.,6.));
#6966 = DIRECTION('',(0.,0.,-1.));
#6967 = DIRECTION('',(0.40212044906,0.915586776034,0.));
#6968 = PCURVE('',#267,#6969);
#6969 = DEFINITIONAL_REPRESENTATION('',(#6970),#6978);
#6970 = ( BOUNDED_CURVE() B_SPLINE_CURVE(2,(#6971,#6972,#6973,#6974,
#6975,#6976,#6977),.UNSPECIFIED.,.T.,.F.) B_SPLINE_CURVE_WITH_KNOTS((1,2
    ,2,2,2,1),(-2.094395102393,0.,2.094395102393,4.188790204786,
6.28318530718,8.377580409573),.UNSPECIFIED.) CURVE() 
GEOMETRIC_REPRESENTATION_ITEM() RATIONAL_B_SPLINE_CURVE((1.,0.5,1.,0.5,
1.,0.5,1.)) REPRESENTATION_ITEM('') );
#6971 = CARTESIAN_POINT('',(15.823439670507,36.028339636928));
#6972 = CARTESIAN_POINT('',(78.226354434014,8.62133817711));
#6973 = CARTESIAN_POINT('',(23.2897375465,-31.71767054837));
#6974 = CARTESIAN_POINT('',(-31.64687934101,-72.05667927385));
#6975 = CARTESIAN_POINT('',(-39.113177217,-4.310669088555));
#6976 = CARTESIAN_POINT('',(-46.579475093,63.435341096746));
#6977 = CARTESIAN_POINT('',(15.823439670507,36.028339636928));
#6978 = ( GEOMETRIC_REPRESENTATION_CONTEXT(2) 
PARAMETRIC_REPRESENTATION_CONTEXT() REPRESENTATION_CONTEXT('2D SPACE',''
  ) );
#6979 = PCURVE('',#2760,#6980);
#6980 = DEFINITIONAL_REPRESENTATION('',(#6981),#6985);
#6981 = LINE('',#6982,#6983);
#6982 = CARTESIAN_POINT('',(-1.156964709811,-4.95));
#6983 = VECTOR('',#6984,1.);
#6984 = DIRECTION('',(1.,-0.));
#6985 = ( GEOMETRIC_REPRESENTATION_CONTEXT(2) 
PARAMETRIC_REPRESENTATION_CONTEXT() REPRESENTATION_CONTEXT('2D SPACE',''
  ) );
#6986 = ADVANCED_FACE('',(#6987),#96,.T.);
#6987 = FACE_BOUND('',#6988,.T.);
#6988 = EDGE_LOOP('',(#6989,#6990,#6991,#7020,#7112,#7134,#7156,#7157));
#6989 = ORIENTED_EDGE('',*,*,#79,.F.);
#6990 = ORIENTED_EDGE('',*,*,#2506,.T.);
#6991 = ORIENTED_EDGE('',*,*,#6992,.T.);
#6992 = EDGE_CURVE('',#2507,#6993,#6995,.T.);
#6993 = VERTEX_POINT('',#6994);
#6994 = CARTESIAN_POINT('',(41.207887594489,-10.4,4.2));
#6995 = SURFACE_CURVE('',#6996,(#7001,#7008),.PCURVE_S1.);
#6996 = CIRCLE('',#6997,42.5);
#6997 = AXIS2_PLACEMENT_3D('',#6998,#6999,#7000);
#6998 = CARTESIAN_POINT('',(0.,0.,4.2));
#6999 = DIRECTION('',(0.,0.,-1.));
#7000 = DIRECTION('',(1.,0.,0.));
#7001 = PCURVE('',#96,#7002);
#7002 = DEFINITIONAL_REPRESENTATION('',(#7003),#7007);
#7003 = LINE('',#7004,#7005);
#7004 = CARTESIAN_POINT('',(-4.138911435803E-13,-6.2));
#7005 = VECTOR('',#7006,1.);
#7006 = DIRECTION('',(1.,-0.));
#7007 = ( GEOMETRIC_REPRESENTATION_CONTEXT(2) 
PARAMETRIC_REPRESENTATION_CONTEXT() REPRESENTATION_CONTEXT('2D SPACE',''
  ) );
#7008 = PCURVE('',#7009,#7014);
#7009 = CYLINDRICAL_SURFACE('',#7010,42.5);
#7010 = AXIS2_PLACEMENT_3D('',#7011,#7012,#7013);
#7011 = CARTESIAN_POINT('',(0.,0.,1.05));
#7012 = DIRECTION('',(-0.,-0.,-1.));
#7013 = DIRECTION('',(1.,0.,0.));
#7014 = DEFINITIONAL_REPRESENTATION('',(#7015),#7019);
#7015 = LINE('',#7016,#7017);
#7016 = CARTESIAN_POINT('',(-6.28318530718,-3.15));
#7017 = VECTOR('',#7018,1.);
#7018 = DIRECTION('',(1.,-0.));
#7019 = ( GEOMETRIC_REPRESENTATION_CONTEXT(2) 
PARAMETRIC_REPRESENTATION_CONTEXT() REPRESENTATION_CONTEXT('2D SPACE',''
  ) );
#7020 = ORIENTED_EDGE('',*,*,#7021,.F.);
#7021 = EDGE_CURVE('',#7022,#6993,#7024,.T.);
#7022 = VERTEX_POINT('',#7023);
#7023 = CARTESIAN_POINT('',(40.770700263792,-12.,5.8));
#7024 = SURFACE_CURVE('',#7025,(#7043,#7064),.PCURVE_S1.);
#7025 = B_SPLINE_CURVE_WITH_KNOTS('',6,(#7026,#7027,#7028,#7029,#7030,
    #7031,#7032,#7033,#7034,#7035,#7036,#7037,#7038,#7039,#7040,#7041,
    #7042),.UNSPECIFIED.,.F.,.F.,(7,5,5,7),(0.,0.465021948289,
    0.635168867882,1.),.UNSPECIFIED.);
#7026 = CARTESIAN_POINT('',(40.770700263792,-12.,5.8));
#7027 = CARTESIAN_POINT('',(40.770700263792,-12.,5.624366780695));
#7028 = CARTESIAN_POINT('',(40.777509599276,-11.97686517388,
    5.448688563673));
#7029 = CARTESIAN_POINT('',(40.791135307139,-11.93056969019,
    5.275440696382));
#7030 = CARTESIAN_POINT('',(40.811572661703,-11.86077247194,
    5.107251727358));
#7031 = CARTESIAN_POINT('',(40.838755347867,-11.76695305353,
    4.947229853535));
#7032 = CARTESIAN_POINT('',(40.88479330486,-11.60541687986,
    4.745599749551));
#7033 = CARTESIAN_POINT('',(40.897997547313,-11.55887777326,
    4.693254841359));
#7034 = CARTESIAN_POINT('',(40.912054577562,-11.50907918505,
    4.642818081228));
#7035 = CARTESIAN_POINT('',(40.926938731373,-11.45604523565,
    4.594544007624));
#7036 = CARTESIAN_POINT('',(40.94261782107,-11.39981753481,
    4.548701195292));
#7037 = CARTESIAN_POINT('',(40.994294508289,-11.21317353111,
    4.413096389004));
#7038 = CARTESIAN_POINT('',(41.033342175983,-11.07029600239,
    4.332236750844));
#7039 = CARTESIAN_POINT('',(41.075400428609,-10.91386321313,
    4.26764265716));
#7040 = CARTESIAN_POINT('',(41.119319184358,-10.74720060711,
    4.222820606891));
#7041 = CARTESIAN_POINT('',(41.163864075449,-10.57443425231,4.2));
#7042 = CARTESIAN_POINT('',(41.207887594489,-10.4,4.2));
#7043 = PCURVE('',#96,#7044);
#7044 = DEFINITIONAL_REPRESENTATION('',(#7045),#7063);
#7045 = B_SPLINE_CURVE_WITH_KNOTS('',6,(#7046,#7047,#7048,#7049,#7050,
    #7051,#7052,#7053,#7054,#7055,#7056,#7057,#7058,#7059,#7060,#7061,
    #7062),.UNSPECIFIED.,.F.,.F.,(7,5,5,7),(0.,0.465021948289,
    0.635168867882,1.),.UNSPECIFIED.);
#7046 = CARTESIAN_POINT('',(0.286245968751,-7.8));
#7047 = CARTESIAN_POINT('',(0.286245968751,-7.624366780695));
#7048 = CARTESIAN_POINT('',(0.285678530593,-7.448688563673));
#7049 = CARTESIAN_POINT('',(0.28454302478,-7.275440696382));
#7050 = CARTESIAN_POINT('',(0.282831782835,-7.107251727358));
#7051 = CARTESIAN_POINT('',(0.280533500073,-6.947229853535));
#7052 = CARTESIAN_POINT('',(0.27658129924,-6.745599749551));
#7053 = CARTESIAN_POINT('',(0.27544304046,-6.693254841359));
#7054 = CARTESIAN_POINT('',(0.274225523135,-6.642818081228));
#7055 = CARTESIAN_POINT('',(0.272929454837,-6.594544007624));
#7056 = CARTESIAN_POINT('',(0.271555978614,-6.548701195292));
#7057 = CARTESIAN_POINT('',(0.266999134923,-6.413096389004));
#7058 = CARTESIAN_POINT('',(0.263514043178,-6.332236750844));
#7059 = CARTESIAN_POINT('',(0.259702613296,-6.26764265716));
#7060 = CARTESIAN_POINT('',(0.255647352865,-6.222820606891));
#7061 = CARTESIAN_POINT('',(0.251449371609,-6.2));
#7062 = CARTESIAN_POINT('',(0.247216340932,-6.2));
#7063 = ( GEOMETRIC_REPRESENTATION_CONTEXT(2) 
PARAMETRIC_REPRESENTATION_CONTEXT() REPRESENTATION_CONTEXT('2D SPACE',''
  ) );
#7064 = PCURVE('',#7009,#7065);
#7065 = DEFINITIONAL_REPRESENTATION('',(#7066),#7111);
#7066 = B_SPLINE_CURVE_WITH_KNOTS('',8,(#7067,#7068,#7069,#7070,#7071,
    #7072,#7073,#7074,#7075,#7076,#7077,#7078,#7079,#7080,#7081,#7082,
    #7083,#7084,#7085,#7086,#7087,#7088,#7089,#7090,#7091,#7092,#7093,
    #7094,#7095,#7096,#7097,#7098,#7099,#7100,#7101,#7102,#7103,#7104,
    #7105,#7106,#7107,#7108,#7109,#7110),.UNSPECIFIED.,.F.,.F.,(9,7,7,7,
    7,7,9),(0.,0.25,0.4375,0.578125,0.630859375,0.677001953125,1.),
  .UNSPECIFIED.);
#7067 = CARTESIAN_POINT('',(-5.996939338429,-4.75));
#7068 = CARTESIAN_POINT('',(-5.996939338429,-4.679183496089));
#7069 = CARTESIAN_POINT('',(-5.99702719778,-4.608359964149));
#7070 = CARTESIAN_POINT('',(-5.997202949341,-4.537666969565));
#7071 = CARTESIAN_POINT('',(-5.997466755693,-4.467244462146));
#7072 = CARTESIAN_POINT('',(-5.997818888423,-4.39723676385));
#7073 = CARTESIAN_POINT('',(-5.998259707407,-4.327794556515));
#7074 = CARTESIAN_POINT('',(-5.998789640088,-4.259076869577));
#7075 = CARTESIAN_POINT('',(-5.999873801262,-4.140385216476));
#7076 = CARTESIAN_POINT('',(-6.000388834764,-4.090020198953));
#7077 = CARTESIAN_POINT('',(-6.000954460105,-4.040229585871));
#7078 = CARTESIAN_POINT('',(-6.001570890427,-3.991088267577));
#7079 = CARTESIAN_POINT('',(-6.002238346453,-3.942675098983));
#7080 = CARTESIAN_POINT('',(-6.002957049758,-3.895073544421));
#7081 = CARTESIAN_POINT('',(-6.00372721605,-3.848372322504));
#7082 = CARTESIAN_POINT('',(-6.005165422747,-3.768386347339));
#7083 = CARTESIAN_POINT('',(-6.005810840935,-3.734667196539));
#7084 = CARTESIAN_POINT('',(-6.006485530762,-3.70154131008));
#7085 = CARTESIAN_POINT('',(-6.007189247374,-3.669068290384));
#7086 = CARTESIAN_POINT('',(-6.007921905414,-3.637297017512));
#7087 = CARTESIAN_POINT('',(-6.008683451145,-3.606273446413));
#7088 = CARTESIAN_POINT('',(-6.009473617168,-3.576055240425));
#7089 = CARTESIAN_POINT('',(-6.01059917172,-3.535684451544));
#7090 = CARTESIAN_POINT('',(-6.01091013693,-3.524794882287));
#7091 = CARTESIAN_POINT('',(-6.011225085709,-3.514028815735));
#7092 = CARTESIAN_POINT('',(-6.011544004961,-3.503389136815));
#7093 = CARTESIAN_POINT('',(-6.011866880705,-3.492878758737));
#7094 = CARTESIAN_POINT('',(-6.012193698065,-3.482500623166));
#7095 = CARTESIAN_POINT('',(-6.012524441266,-3.47225770039));
#7096 = CARTESIAN_POINT('',(-6.01315191443,-3.453311367457));
#7097 = CARTESIAN_POINT('',(-6.013447634204,-3.444578382058));
#7098 = CARTESIAN_POINT('',(-6.013746835432,-3.435938005168));
#7099 = CARTESIAN_POINT('',(-6.014049235768,-3.427402269486));
#7100 = CARTESIAN_POINT('',(-6.014354553733,-3.418980197793));
#7101 = CARTESIAN_POINT('',(-6.014663177584,-3.410663200426));
#7102 = CARTESIAN_POINT('',(-6.014974774737,-3.402462585605));
#7103 = CARTESIAN_POINT('',(-6.017491771931,-3.337790784828));
#7104 = CARTESIAN_POINT('',(-6.019841808269,-3.286938010803));
#7105 = CARTESIAN_POINT('',(-6.022324267382,-3.242873744274));
#7106 = CARTESIAN_POINT('',(-6.024920182933,-3.206496955023));
#7107 = CARTESIAN_POINT('',(-6.027607582369,-3.178544324021));
#7108 = CARTESIAN_POINT('',(-6.030362206016,-3.159582440661));
#7109 = CARTESIAN_POINT('',(-6.033158226181,-3.15));
#7110 = CARTESIAN_POINT('',(-6.035968966248,-3.15));
#7111 = ( GEOMETRIC_REPRESENTATION_CONTEXT(2) 
PARAMETRIC_REPRESENTATION_CONTEXT() REPRESENTATION_CONTEXT('2D SPACE',''
  ) );
#7112 = ORIENTED_EDGE('',*,*,#7113,.F.);
#7113 = EDGE_CURVE('',#7114,#7022,#7116,.T.);
#7114 = VERTEX_POINT('',#7115);
#7115 = CARTESIAN_POINT('',(40.770700263792,-12.,6.));
#7116 = SURFACE_CURVE('',#7117,(#7121,#7127),.PCURVE_S1.);
#7117 = LINE('',#7118,#7119);
#7118 = CARTESIAN_POINT('',(40.770700263792,-12.,-2.));
#7119 = VECTOR('',#7120,1.);
#7120 = DIRECTION('',(-0.,-0.,-1.));
#7121 = PCURVE('',#96,#7122);
#7122 = DEFINITIONAL_REPRESENTATION('',(#7123),#7126);
#7123 = B_SPLINE_CURVE_WITH_KNOTS('',1,(#7124,#7125),.UNSPECIFIED.,.F.,
  .F.,(2,2),(-8.0000006,-6.92),.PIECEWISE_BEZIER_KNOTS.);
#7124 = CARTESIAN_POINT('',(0.286245968751,-8.0000006));
#7125 = CARTESIAN_POINT('',(0.286245968751,-6.92));
#7126 = ( GEOMETRIC_REPRESENTATION_CONTEXT(2) 
PARAMETRIC_REPRESENTATION_CONTEXT() REPRESENTATION_CONTEXT('2D SPACE',''
  ) );
#7127 = PCURVE('',#7009,#7128);
#7128 = DEFINITIONAL_REPRESENTATION('',(#7129),#7133);
#7129 = LINE('',#7130,#7131);
#7130 = CARTESIAN_POINT('',(-5.996939338429,3.05));
#7131 = VECTOR('',#7132,1.);
#7132 = DIRECTION('',(-0.,1.));
#7133 = ( GEOMETRIC_REPRESENTATION_CONTEXT(2) 
PARAMETRIC_REPRESENTATION_CONTEXT() REPRESENTATION_CONTEXT('2D SPACE',''
  ) );
#7134 = ORIENTED_EDGE('',*,*,#7135,.F.);
#7135 = EDGE_CURVE('',#228,#7114,#7136,.T.);
#7136 = SURFACE_CURVE('',#7137,(#7142,#7149),.PCURVE_S1.);
#7137 = CIRCLE('',#7138,42.5);
#7138 = AXIS2_PLACEMENT_3D('',#7139,#7140,#7141);
#7139 = CARTESIAN_POINT('',(0.,0.,6.));
#7140 = DIRECTION('',(0.,0.,1.));
#7141 = DIRECTION('',(1.,0.,-0.));
#7142 = PCURVE('',#96,#7143);
#7143 = DEFINITIONAL_REPRESENTATION('',(#7144),#7148);
#7144 = LINE('',#7145,#7146);
#7145 = CARTESIAN_POINT('',(6.28318530718,-8.));
#7146 = VECTOR('',#7147,1.);
#7147 = DIRECTION('',(-1.,0.));
#7148 = ( GEOMETRIC_REPRESENTATION_CONTEXT(2) 
PARAMETRIC_REPRESENTATION_CONTEXT() REPRESENTATION_CONTEXT('2D SPACE',''
  ) );
#7149 = PCURVE('',#6949,#7150);
#7150 = DEFINITIONAL_REPRESENTATION('',(#7151),#7155);
#7151 = CIRCLE('',#7152,42.5);
#7152 = AXIS2_PLACEMENT_2D('',#7153,#7154);
#7153 = CARTESIAN_POINT('',(4.118407928589E-15,-3.242876655026E-16));
#7154 = DIRECTION('',(1.,0.));
#7155 = ( GEOMETRIC_REPRESENTATION_CONTEXT(2) 
PARAMETRIC_REPRESENTATION_CONTEXT() REPRESENTATION_CONTEXT('2D SPACE',''
  ) );
#7156 = ORIENTED_EDGE('',*,*,#227,.T.);
#7157 = ORIENTED_EDGE('',*,*,#108,.T.);
#7158 = ADVANCED_FACE('',(#7159,#7162),#2491,.F.);
#7159 = FACE_BOUND('',#7160,.F.);
#7160 = EDGE_LOOP('',(#7161));
#7161 = ORIENTED_EDGE('',*,*,#2476,.T.);
#7162 = FACE_BOUND('',#7163,.F.);
#7163 = EDGE_LOOP('',(#7164));
#7164 = ORIENTED_EDGE('',*,*,#7165,.T.);
#7165 = EDGE_CURVE('',#7166,#7166,#7168,.T.);
#7166 = VERTEX_POINT('',#7167);
#7167 = CARTESIAN_POINT('',(34.7,0.,-2.));
#7168 = SURFACE_CURVE('',#7169,(#7174,#7185),.PCURVE_S1.);
#7169 = CIRCLE('',#7170,34.7);
#7170 = AXIS2_PLACEMENT_3D('',#7171,#7172,#7173);
#7171 = CARTESIAN_POINT('',(0.,0.,-2.));
#7172 = DIRECTION('',(0.,0.,-1.));
#7173 = DIRECTION('',(1.,0.,0.));
#7174 = PCURVE('',#2491,#7175);
#7175 = DEFINITIONAL_REPRESENTATION('',(#7176),#7184);
#7176 = ( BOUNDED_CURVE() B_SPLINE_CURVE(2,(#7177,#7178,#7179,#7180,
#7181,#7182,#7183),.UNSPECIFIED.,.T.,.F.) B_SPLINE_CURVE_WITH_KNOTS((1,2
    ,2,2,2,1),(-2.094395102393,0.,2.094395102393,4.188790204786,
6.28318530718,8.377580409573),.UNSPECIFIED.) CURVE() 
GEOMETRIC_REPRESENTATION_ITEM() RATIONAL_B_SPLINE_CURVE((1.,0.5,1.,0.5,
1.,0.5,1.)) REPRESENTATION_ITEM('') );
#7177 = CARTESIAN_POINT('',(34.7,-3.242876655026E-16));
#7178 = CARTESIAN_POINT('',(34.7,-60.10216302264));
#7179 = CARTESIAN_POINT('',(-17.35,-30.05108151132));
#7180 = CARTESIAN_POINT('',(-69.4,-8.823336451585E-15));
#7181 = CARTESIAN_POINT('',(-17.35,30.05108151132));
#7182 = CARTESIAN_POINT('',(34.7,60.10216302264));
#7183 = CARTESIAN_POINT('',(34.7,-3.242876655026E-16));
#7184 = ( GEOMETRIC_REPRESENTATION_CONTEXT(2) 
PARAMETRIC_REPRESENTATION_CONTEXT() REPRESENTATION_CONTEXT('2D SPACE',''
  ) );
#7185 = PCURVE('',#7186,#7191);
#7186 = CYLINDRICAL_SURFACE('',#7187,34.7);
#7187 = AXIS2_PLACEMENT_3D('',#7188,#7189,#7190);
#7188 = CARTESIAN_POINT('',(0.,0.,-3.));
#7189 = DIRECTION('',(-0.,-0.,-1.));
#7190 = DIRECTION('',(1.,0.,0.));
#7191 = DEFINITIONAL_REPRESENTATION('',(#7192),#7196);
#7192 = LINE('',#7193,#7194);
#7193 = CARTESIAN_POINT('',(-6.28318530718,-1.));
#7194 = VECTOR('',#7195,1.);
#7195 = DIRECTION('',(1.,-0.));
#7196 = ( GEOMETRIC_REPRESENTATION_CONTEXT(2) 
PARAMETRIC_REPRESENTATION_CONTEXT() REPRESENTATION_CONTEXT('2D SPACE',''
  ) );
#7197 = ADVANCED_FACE('',(#7198),#2576,.T.);
#7198 = FACE_BOUND('',#7199,.F.);
#7199 = EDGE_LOOP('',(#7200,#7201,#7202,#7225,#7254,#7280,#7335,#7368,
    #7423,#7449,#7476));
#7200 = ORIENTED_EDGE('',*,*,#2588,.T.);
#7201 = ORIENTED_EDGE('',*,*,#2664,.T.);
#7202 = ORIENTED_EDGE('',*,*,#7203,.T.);
#7203 = EDGE_CURVE('',#2507,#7204,#7206,.T.);
#7204 = VERTEX_POINT('',#7205);
#7205 = CARTESIAN_POINT('',(42.5,0.,6.));
#7206 = SURFACE_CURVE('',#7207,(#7211,#7218),.PCURVE_S1.);
#7207 = LINE('',#7208,#7209);
#7208 = CARTESIAN_POINT('',(42.5,0.,1.05));
#7209 = VECTOR('',#7210,1.);
#7210 = DIRECTION('',(0.,0.,1.));
#7211 = PCURVE('',#2576,#7212);
#7212 = DEFINITIONAL_REPRESENTATION('',(#7213),#7217);
#7213 = LINE('',#7214,#7215);
#7214 = CARTESIAN_POINT('',(-0.,0.));
#7215 = VECTOR('',#7216,1.);
#7216 = DIRECTION('',(-0.,-1.));
#7217 = ( GEOMETRIC_REPRESENTATION_CONTEXT(2) 
PARAMETRIC_REPRESENTATION_CONTEXT() REPRESENTATION_CONTEXT('2D SPACE',''
  ) );
#7218 = PCURVE('',#7009,#7219);
#7219 = DEFINITIONAL_REPRESENTATION('',(#7220),#7224);
#7220 = LINE('',#7221,#7222);
#7221 = CARTESIAN_POINT('',(-6.28318530718,0.));
#7222 = VECTOR('',#7223,1.);
#7223 = DIRECTION('',(-0.,-1.));
#7224 = ( GEOMETRIC_REPRESENTATION_CONTEXT(2) 
PARAMETRIC_REPRESENTATION_CONTEXT() REPRESENTATION_CONTEXT('2D SPACE',''
  ) );
#7225 = ORIENTED_EDGE('',*,*,#7226,.T.);
#7226 = EDGE_CURVE('',#7204,#7227,#7229,.T.);
#7227 = VERTEX_POINT('',#7228);
#7228 = CARTESIAN_POINT('',(42.494427940048,0.68818169699,6.));
#7229 = SURFACE_CURVE('',#7230,(#7235,#7242),.PCURVE_S1.);
#7230 = CIRCLE('',#7231,42.5);
#7231 = AXIS2_PLACEMENT_3D('',#7232,#7233,#7234);
#7232 = CARTESIAN_POINT('',(0.,0.,6.));
#7233 = DIRECTION('',(0.,0.,1.));
#7234 = DIRECTION('',(1.,0.,0.));
#7235 = PCURVE('',#2576,#7236);
#7236 = DEFINITIONAL_REPRESENTATION('',(#7237),#7241);
#7237 = LINE('',#7238,#7239);
#7238 = CARTESIAN_POINT('',(-0.,-4.95));
#7239 = VECTOR('',#7240,1.);
#7240 = DIRECTION('',(-1.,0.));
#7241 = ( GEOMETRIC_REPRESENTATION_CONTEXT(2) 
PARAMETRIC_REPRESENTATION_CONTEXT() REPRESENTATION_CONTEXT('2D SPACE',''
  ) );
#7242 = PCURVE('',#7243,#7248);
#7243 = PLANE('',#7244);
#7244 = AXIS2_PLACEMENT_3D('',#7245,#7246,#7247);
#7245 = CARTESIAN_POINT('',(-4.118407928589E-15,3.242876655026E-16,6.));
#7246 = DIRECTION('',(0.,0.,1.));
#7247 = DIRECTION('',(1.,0.,-0.));
#7248 = DEFINITIONAL_REPRESENTATION('',(#7249),#7253);
#7249 = CIRCLE('',#7250,42.5);
#7250 = AXIS2_PLACEMENT_2D('',#7251,#7252);
#7251 = CARTESIAN_POINT('',(4.118407928589E-15,-3.242876655026E-16));
#7252 = DIRECTION('',(1.,0.));
#7253 = ( GEOMETRIC_REPRESENTATION_CONTEXT(2) 
PARAMETRIC_REPRESENTATION_CONTEXT() REPRESENTATION_CONTEXT('2D SPACE',''
  ) );
#7254 = ORIENTED_EDGE('',*,*,#7255,.T.);
#7255 = EDGE_CURVE('',#7227,#7256,#7258,.T.);
#7256 = VERTEX_POINT('',#7257);
#7257 = CARTESIAN_POINT('',(42.494427940048,0.68818169699,5.402344242079
    ));
#7258 = SURFACE_CURVE('',#7259,(#7263,#7269),.PCURVE_S1.);
#7259 = LINE('',#7260,#7261);
#7260 = CARTESIAN_POINT('',(42.494427940048,0.68818169699,1.05));
#7261 = VECTOR('',#7262,1.);
#7262 = DIRECTION('',(-0.,-0.,-1.));
#7263 = PCURVE('',#2576,#7264);
#7264 = DEFINITIONAL_REPRESENTATION('',(#7265),#7268);
#7265 = B_SPLINE_CURVE_WITH_KNOTS('',1,(#7266,#7267),.UNSPECIFIED.,.F.,
  .F.,(2,2),(-4.9500006,-3.992344242079),.PIECEWISE_BEZIER_KNOTS.);
#7266 = CARTESIAN_POINT('',(-1.61932182066E-02,-4.9500006));
#7267 = CARTESIAN_POINT('',(-1.61932182066E-02,-3.992344242079));
#7268 = ( GEOMETRIC_REPRESENTATION_CONTEXT(2) 
PARAMETRIC_REPRESENTATION_CONTEXT() REPRESENTATION_CONTEXT('2D SPACE',''
  ) );
#7269 = PCURVE('',#7270,#7275);
#7270 = PLANE('',#7271);
#7271 = AXIS2_PLACEMENT_3D('',#7272,#7273,#7274);
#7272 = CARTESIAN_POINT('',(33.2,0.68818169699,4.902344242079));
#7273 = DIRECTION('',(0.,1.,0.));
#7274 = DIRECTION('',(0.,0.,1.));
#7275 = DEFINITIONAL_REPRESENTATION('',(#7276),#7279);
#7276 = B_SPLINE_CURVE_WITH_KNOTS('',1,(#7277,#7278),.UNSPECIFIED.,.F.,
  .F.,(2,2),(-4.9500006,-3.992344242079),.PIECEWISE_BEZIER_KNOTS.);
#7277 = CARTESIAN_POINT('',(1.097656357921,9.294427940048));
#7278 = CARTESIAN_POINT('',(0.14,9.294427940048));
#7279 = ( GEOMETRIC_REPRESENTATION_CONTEXT(2) 
PARAMETRIC_REPRESENTATION_CONTEXT() REPRESENTATION_CONTEXT('2D SPACE',''
  ) );
#7280 = ORIENTED_EDGE('',*,*,#7281,.T.);
#7281 = EDGE_CURVE('',#7256,#7282,#7284,.T.);
#7282 = VERTEX_POINT('',#7283);
#7283 = CARTESIAN_POINT('',(42.483387626871,1.18818169699,4.902344242079
    ));
#7284 = SURFACE_CURVE('',#7285,(#7298,#7314),.PCURVE_S1.);
#7285 = B_SPLINE_CURVE_WITH_KNOTS('',6,(#7286,#7287,#7288,#7289,#7290,
    #7291,#7292,#7293,#7294,#7295,#7296,#7297),.UNSPECIFIED.,.F.,.F.,(7,
    5,7),(0.,0.545298760019,1.),.UNSPECIFIED.);
#7286 = CARTESIAN_POINT('',(42.494427940048,0.68818169699,5.402344242079
    ));
#7287 = CARTESIAN_POINT('',(42.494427940048,0.68818169699,5.334226011325
    ));
#7288 = CARTESIAN_POINT('',(42.494247595637,0.69931767313,5.265950042451
    ));
#7289 = CARTESIAN_POINT('',(42.49388532259,0.721688030456,5.199556578803
    ));
#7290 = CARTESIAN_POINT('',(42.493323606942,0.755020316285,
    5.137126528347));
#7291 = CARTESIAN_POINT('',(42.492527481102,0.798696537809,
    5.080735786647));
#7292 = CARTESIAN_POINT('',(42.490580145251,0.895852273912,
    4.992330868843));
#7293 = CARTESIAN_POINT('',(42.489507671096,0.946607411346,
    4.957722976083));
#7294 = CARTESIAN_POINT('',(42.488238299595,1.002907642774,
    4.930448175858));
#7295 = CARTESIAN_POINT('',(42.486773165651,1.063169682044,
    4.911754765503));
#7296 = CARTESIAN_POINT('',(42.485138915924,1.125564429029,
    4.902344242079));
#7297 = CARTESIAN_POINT('',(42.483387626871,1.18818169699,4.902344242079
    ));
#7298 = PCURVE('',#2576,#7299);
#7299 = DEFINITIONAL_REPRESENTATION('',(#7300),#7313);
#7300 = B_SPLINE_CURVE_WITH_KNOTS('',6,(#7301,#7302,#7303,#7304,#7305,
    #7306,#7307,#7308,#7309,#7310,#7311,#7312),.UNSPECIFIED.,.F.,.F.,(7,
    5,7),(0.,0.545298760019,1.),.UNSPECIFIED.);
#7301 = CARTESIAN_POINT('',(-1.61932182066E-02,-4.352344242079));
#7302 = CARTESIAN_POINT('',(-1.61932182066E-02,-4.284226011325));
#7303 = CARTESIAN_POINT('',(-1.645527551107E-02,-4.215950042451));
#7304 = CARTESIAN_POINT('',(-1.698170597269E-02,-4.149556578803));
#7305 = CARTESIAN_POINT('',(-1.776610601909E-02,-4.087126528347));
#7306 = CARTESIAN_POINT('',(-1.87939508172E-02,-4.030735786647));
#7307 = CARTESIAN_POINT('',(-2.10804272832E-02,-3.942330868843));
#7308 = CARTESIAN_POINT('',(-2.227493169552E-02,-3.907722976083));
#7309 = CARTESIAN_POINT('',(-2.359997751816E-02,-3.880448175858));
#7310 = CARTESIAN_POINT('',(-2.501832310761E-02,-3.861754765503));
#7311 = CARTESIAN_POINT('',(-2.648693599465E-02,-3.852344242079));
#7312 = CARTESIAN_POINT('',(-2.796085960242E-02,-3.852344242079));
#7313 = ( GEOMETRIC_REPRESENTATION_CONTEXT(2) 
PARAMETRIC_REPRESENTATION_CONTEXT() REPRESENTATION_CONTEXT('2D SPACE',''
  ) );
#7314 = PCURVE('',#7315,#7320);
#7315 = CYLINDRICAL_SURFACE('',#7316,0.5);
#7316 = AXIS2_PLACEMENT_3D('',#7317,#7318,#7319);
#7317 = CARTESIAN_POINT('',(33.2,1.18818169699,5.402344242079));
#7318 = DIRECTION('',(1.,0.,0.));
#7319 = DIRECTION('',(0.,-1.,0.));
#7320 = DEFINITIONAL_REPRESENTATION('',(#7321),#7334);
#7321 = B_SPLINE_CURVE_WITH_KNOTS('',6,(#7322,#7323,#7324,#7325,#7326,
    #7327,#7328,#7329,#7330,#7331,#7332,#7333),.UNSPECIFIED.,.F.,.F.,(7,
    5,7),(0.,0.545298760019,1.),.UNSPECIFIED.);
#7322 = CARTESIAN_POINT('',(0.,9.294427940048));
#7323 = CARTESIAN_POINT('',(0.136236461508,9.294427940048));
#7324 = CARTESIAN_POINT('',(0.272789022471,9.294247595637));
#7325 = CARTESIAN_POINT('',(0.410124577172,9.29388532259));
#7326 = CARTESIAN_POINT('',(0.54875162306,9.293323606942));
#7327 = CARTESIAN_POINT('',(0.689264413588,9.292527481102));
#7328 = CARTESIAN_POINT('',(0.951978452418,9.290580145251));
#7329 = CARTESIAN_POINT('',(1.07364062022,9.289507671096));
#7330 = CARTESIAN_POINT('',(1.196709411136,9.288238299595));
#7331 = CARTESIAN_POINT('',(1.32077311192,9.286773165651));
#7332 = CARTESIAN_POINT('',(1.445561790873,9.285138915924));
#7333 = CARTESIAN_POINT('',(1.570796326795,9.283387626871));
#7334 = ( GEOMETRIC_REPRESENTATION_CONTEXT(2) 
PARAMETRIC_REPRESENTATION_CONTEXT() REPRESENTATION_CONTEXT('2D SPACE',''
  ) );
#7335 = ORIENTED_EDGE('',*,*,#7336,.F.);
#7336 = EDGE_CURVE('',#7337,#7282,#7339,.T.);
#7337 = VERTEX_POINT('',#7338);
#7338 = CARTESIAN_POINT('',(41.835118439809,7.48818169699,4.902344242079
    ));
#7339 = SURFACE_CURVE('',#7340,(#7345,#7352),.PCURVE_S1.);
#7340 = CIRCLE('',#7341,42.5);
#7341 = AXIS2_PLACEMENT_3D('',#7342,#7343,#7344);
#7342 = CARTESIAN_POINT('',(0.,0.,4.902344242079));
#7343 = DIRECTION('',(0.,0.,-1.));
#7344 = DIRECTION('',(1.,0.,0.));
#7345 = PCURVE('',#2576,#7346);
#7346 = DEFINITIONAL_REPRESENTATION('',(#7347),#7351);
#7347 = LINE('',#7348,#7349);
#7348 = CARTESIAN_POINT('',(-6.28318530718,-3.852344242079));
#7349 = VECTOR('',#7350,1.);
#7350 = DIRECTION('',(1.,-0.));
#7351 = ( GEOMETRIC_REPRESENTATION_CONTEXT(2) 
PARAMETRIC_REPRESENTATION_CONTEXT() REPRESENTATION_CONTEXT('2D SPACE',''
  ) );
#7352 = PCURVE('',#7353,#7358);
#7353 = PLANE('',#7354);
#7354 = AXIS2_PLACEMENT_3D('',#7355,#7356,#7357);
#7355 = CARTESIAN_POINT('',(33.2,0.68818169699,4.902344242079));
#7356 = DIRECTION('',(0.,0.,1.));
#7357 = DIRECTION('',(1.,0.,0.));
#7358 = DEFINITIONAL_REPRESENTATION('',(#7359),#7367);
#7359 = ( BOUNDED_CURVE() B_SPLINE_CURVE(2,(#7360,#7361,#7362,#7363,
#7364,#7365,#7366),.UNSPECIFIED.,.T.,.F.) B_SPLINE_CURVE_WITH_KNOTS((1,2
    ,2,2,2,1),(-2.094395102393,0.,2.094395102393,4.188790204786,
6.28318530718,8.377580409573),.UNSPECIFIED.) CURVE() 
GEOMETRIC_REPRESENTATION_ITEM() RATIONAL_B_SPLINE_CURVE((1.,0.5,1.,0.5,
1.,0.5,1.)) REPRESENTATION_ITEM('') );
#7360 = CARTESIAN_POINT('',(9.3,-0.68818169699));
#7361 = CARTESIAN_POINT('',(9.3,-74.30034101866));
#7362 = CARTESIAN_POINT('',(-54.45,-37.49426135782));
#7363 = CARTESIAN_POINT('',(-118.2,-0.68818169699));
#7364 = CARTESIAN_POINT('',(-54.45,36.117897963849));
#7365 = CARTESIAN_POINT('',(9.3,72.923977624687));
#7366 = CARTESIAN_POINT('',(9.3,-0.68818169699));
#7367 = ( GEOMETRIC_REPRESENTATION_CONTEXT(2) 
PARAMETRIC_REPRESENTATION_CONTEXT() REPRESENTATION_CONTEXT('2D SPACE',''
  ) );
#7368 = ORIENTED_EDGE('',*,*,#7369,.F.);
#7369 = EDGE_CURVE('',#7370,#7337,#7372,.T.);
#7370 = VERTEX_POINT('',#7371);
#7371 = CARTESIAN_POINT('',(41.742531705395,7.98818169699,5.402344242079
    ));
#7372 = SURFACE_CURVE('',#7373,(#7386,#7402),.PCURVE_S1.);
#7373 = B_SPLINE_CURVE_WITH_KNOTS('',6,(#7374,#7375,#7376,#7377,#7378,
    #7379,#7380,#7381,#7382,#7383,#7384,#7385),.UNSPECIFIED.,.F.,.F.,(7,
    5,7),(0.,0.554191349781,1.),.UNSPECIFIED.);
#7374 = CARTESIAN_POINT('',(41.742531705395,7.98818169699,5.402344242079
    ));
#7375 = CARTESIAN_POINT('',(41.742531705395,7.98818169699,5.332886068752
    ));
#7376 = CARTESIAN_POINT('',(41.744747439285,7.976603271047,
    5.263271387881));
#7377 = CARTESIAN_POINT('',(41.749197965951,7.953347022309,
    5.195690380456));
#7378 = CARTESIAN_POINT('',(41.755794951778,7.918743387758,
    5.132366079699));
#7379 = CARTESIAN_POINT('',(41.764349564962,7.873512525002,
    5.075491111539));
#7380 = CARTESIAN_POINT('',(41.782814946669,7.774855453989,
    4.988513203467));
#7381 = CARTESIAN_POINT('',(41.792146017098,7.724693873044,
    4.955289587374));
#7382 = CARTESIAN_POINT('',(41.8023570639,7.669362640466,4.929186720431)
  );
#7383 = CARTESIAN_POINT('',(41.81314043698,7.610349857208,4.911328244955
    ));
#7384 = CARTESIAN_POINT('',(41.824167308001,7.549363692136,
    4.902344242079));
#7385 = CARTESIAN_POINT('',(41.835118439809,7.48818169699,4.902344242079
    ));
#7386 = PCURVE('',#2576,#7387);
#7387 = DEFINITIONAL_REPRESENTATION('',(#7388),#7401);
#7388 = B_SPLINE_CURVE_WITH_KNOTS('',6,(#7389,#7390,#7391,#7392,#7393,
    #7394,#7395,#7396,#7397,#7398,#7399,#7400),.UNSPECIFIED.,.F.,.F.,(7,
    5,7),(0.,0.554191349781,1.),.UNSPECIFIED.);
#7389 = CARTESIAN_POINT('',(-0.189081878599,-4.352344242079));
#7390 = CARTESIAN_POINT('',(-0.189081878599,-4.282886068752));
#7391 = CARTESIAN_POINT('',(-0.188804501463,-4.213271387881));
#7392 = CARTESIAN_POINT('',(-0.188247365669,-4.145690380456));
#7393 = CARTESIAN_POINT('',(-0.187418498829,-4.082366079699));
#7394 = CARTESIAN_POINT('',(-0.18633537772,-4.025491111539));
#7395 = CARTESIAN_POINT('',(-0.183973724674,-3.938513203467));
#7396 = CARTESIAN_POINT('',(-0.182773205773,-3.905289587374));
#7397 = CARTESIAN_POINT('',(-0.181449312957,-3.879186720431));
#7398 = CARTESIAN_POINT('',(-0.180037789248,-3.861328244955));
#7399 = CARTESIAN_POINT('',(-0.17857955552,-3.852344242079));
#7400 = CARTESIAN_POINT('',(-0.177117100113,-3.852344242079));
#7401 = ( GEOMETRIC_REPRESENTATION_CONTEXT(2) 
PARAMETRIC_REPRESENTATION_CONTEXT() REPRESENTATION_CONTEXT('2D SPACE',''
  ) );
#7402 = PCURVE('',#7403,#7408);
#7403 = CYLINDRICAL_SURFACE('',#7404,0.5);
#7404 = AXIS2_PLACEMENT_3D('',#7405,#7406,#7407);
#7405 = CARTESIAN_POINT('',(33.2,7.48818169699,5.402344242079));
#7406 = DIRECTION('',(1.,0.,0.));
#7407 = DIRECTION('',(0.,1.,0.));
#7408 = DEFINITIONAL_REPRESENTATION('',(#7409),#7422);
#7409 = B_SPLINE_CURVE_WITH_KNOTS('',6,(#7410,#7411,#7412,#7413,#7414,
    #7415,#7416,#7417,#7418,#7419,#7420,#7421),.UNSPECIFIED.,.F.,.F.,(7,
    5,7),(0.,0.554191349781,1.),.UNSPECIFIED.);
#7410 = CARTESIAN_POINT('',(0.,8.542531705395));
#7411 = CARTESIAN_POINT('',(-0.138916346653,8.542531705395));
#7412 = CARTESIAN_POINT('',(-0.278146180166,8.544747439285));
#7413 = CARTESIAN_POINT('',(-0.418131369586,8.549197965951));
#7414 = CARTESIAN_POINT('',(-0.55937047446,8.555794951778));
#7415 = CARTESIAN_POINT('',(-0.702451884234,8.564349564962));
#7416 = CARTESIAN_POINT('',(-0.96549845162,8.582814946669));
#7417 = CARTESIAN_POINT('',(-1.084693454371,8.592146017098));
#7418 = CARTESIAN_POINT('',(-1.205133773957,8.6023570639));
#7419 = CARTESIAN_POINT('',(-1.326460693312,8.61314043698));
#7420 = CARTESIAN_POINT('',(-1.448432336503,8.624167308001));
#7421 = CARTESIAN_POINT('',(-1.570796326795,8.635118439809));
#7422 = ( GEOMETRIC_REPRESENTATION_CONTEXT(2) 
PARAMETRIC_REPRESENTATION_CONTEXT() REPRESENTATION_CONTEXT('2D SPACE',''
  ) );
#7423 = ORIENTED_EDGE('',*,*,#7424,.F.);
#7424 = EDGE_CURVE('',#7425,#7370,#7427,.T.);
#7425 = VERTEX_POINT('',#7426);
#7426 = CARTESIAN_POINT('',(41.742531705395,7.98818169699,6.));
#7427 = SURFACE_CURVE('',#7428,(#7432,#7438),.PCURVE_S1.);
#7428 = LINE('',#7429,#7430);
#7429 = CARTESIAN_POINT('',(41.742531705395,7.98818169699,1.05));
#7430 = VECTOR('',#7431,1.);
#7431 = DIRECTION('',(-0.,-0.,-1.));
#7432 = PCURVE('',#2576,#7433);
#7433 = DEFINITIONAL_REPRESENTATION('',(#7434),#7437);
#7434 = B_SPLINE_CURVE_WITH_KNOTS('',1,(#7435,#7436),.UNSPECIFIED.,.F.,
  .F.,(2,2),(-4.9500006,-3.992344242079),.PIECEWISE_BEZIER_KNOTS.);
#7435 = CARTESIAN_POINT('',(-0.189081878599,-4.9500006));
#7436 = CARTESIAN_POINT('',(-0.189081878599,-3.992344242079));
#7437 = ( GEOMETRIC_REPRESENTATION_CONTEXT(2) 
PARAMETRIC_REPRESENTATION_CONTEXT() REPRESENTATION_CONTEXT('2D SPACE',''
  ) );
#7438 = PCURVE('',#7439,#7444);
#7439 = PLANE('',#7440);
#7440 = AXIS2_PLACEMENT_3D('',#7441,#7442,#7443);
#7441 = CARTESIAN_POINT('',(33.2,7.98818169699,4.902344242079));
#7442 = DIRECTION('',(0.,1.,0.));
#7443 = DIRECTION('',(0.,0.,1.));
#7444 = DEFINITIONAL_REPRESENTATION('',(#7445),#7448);
#7445 = B_SPLINE_CURVE_WITH_KNOTS('',1,(#7446,#7447),.UNSPECIFIED.,.F.,
  .F.,(2,2),(-4.9500006,-3.992344242079),.PIECEWISE_BEZIER_KNOTS.);
#7446 = CARTESIAN_POINT('',(1.097656357921,8.542531705395));
#7447 = CARTESIAN_POINT('',(0.14,8.542531705395));
#7448 = ( GEOMETRIC_REPRESENTATION_CONTEXT(2) 
PARAMETRIC_REPRESENTATION_CONTEXT() REPRESENTATION_CONTEXT('2D SPACE',''
  ) );
#7449 = ORIENTED_EDGE('',*,*,#7450,.T.);
#7450 = EDGE_CURVE('',#7425,#2533,#7451,.T.);
#7451 = SURFACE_CURVE('',#7452,(#7457,#7464),.PCURVE_S1.);
#7452 = CIRCLE('',#7453,42.5);
#7453 = AXIS2_PLACEMENT_3D('',#7454,#7455,#7456);
#7454 = CARTESIAN_POINT('',(0.,0.,6.));
#7455 = DIRECTION('',(0.,0.,1.));
#7456 = DIRECTION('',(1.,0.,0.));
#7457 = PCURVE('',#2576,#7458);
#7458 = DEFINITIONAL_REPRESENTATION('',(#7459),#7463);
#7459 = LINE('',#7460,#7461);
#7460 = CARTESIAN_POINT('',(-0.,-4.95));
#7461 = VECTOR('',#7462,1.);
#7462 = DIRECTION('',(-1.,0.));
#7463 = ( GEOMETRIC_REPRESENTATION_CONTEXT(2) 
PARAMETRIC_REPRESENTATION_CONTEXT() REPRESENTATION_CONTEXT('2D SPACE',''
  ) );
#7464 = PCURVE('',#7465,#7470);
#7465 = PLANE('',#7466);
#7466 = AXIS2_PLACEMENT_3D('',#7467,#7468,#7469);
#7467 = CARTESIAN_POINT('',(-4.118407928589E-15,3.242876655026E-16,6.));
#7468 = DIRECTION('',(0.,0.,1.));
#7469 = DIRECTION('',(1.,0.,-0.));
#7470 = DEFINITIONAL_REPRESENTATION('',(#7471),#7475);
#7471 = CIRCLE('',#7472,42.5);
#7472 = AXIS2_PLACEMENT_2D('',#7473,#7474);
#7473 = CARTESIAN_POINT('',(4.118407928589E-15,-3.242876655026E-16));
#7474 = DIRECTION('',(1.,0.));
#7475 = ( GEOMETRIC_REPRESENTATION_CONTEXT(2) 
PARAMETRIC_REPRESENTATION_CONTEXT() REPRESENTATION_CONTEXT('2D SPACE',''
  ) );
#7476 = ORIENTED_EDGE('',*,*,#2561,.T.);
#7477 = ADVANCED_FACE('',(#7478),#2549,.T.);
#7478 = FACE_BOUND('',#7479,.T.);
#7479 = EDGE_LOOP('',(#7480,#7503,#7504,#7505));
#7480 = ORIENTED_EDGE('',*,*,#7481,.F.);
#7481 = EDGE_CURVE('',#2533,#7482,#7484,.T.);
#7482 = VERTEX_POINT('',#7483);
#7483 = CARTESIAN_POINT('',(37.140577539936,13.,6.));
#7484 = SURFACE_CURVE('',#7485,(#7489,#7496),.PCURVE_S1.);
#7485 = LINE('',#7486,#7487);
#7486 = CARTESIAN_POINT('',(14.,13.,6.));
#7487 = VECTOR('',#7488,1.);
#7488 = DIRECTION('',(-1.,0.,0.));
#7489 = PCURVE('',#2549,#7490);
#7490 = DEFINITIONAL_REPRESENTATION('',(#7491),#7495);
#7491 = LINE('',#7492,#7493);
#7492 = CARTESIAN_POINT('',(14.,13.));
#7493 = VECTOR('',#7494,1.);
#7494 = DIRECTION('',(-1.,0.));
#7495 = ( GEOMETRIC_REPRESENTATION_CONTEXT(2) 
PARAMETRIC_REPRESENTATION_CONTEXT() REPRESENTATION_CONTEXT('2D SPACE',''
  ) );
#7496 = PCURVE('',#7465,#7497);
#7497 = DEFINITIONAL_REPRESENTATION('',(#7498),#7502);
#7498 = LINE('',#7499,#7500);
#7499 = CARTESIAN_POINT('',(14.,13.));
#7500 = VECTOR('',#7501,1.);
#7501 = DIRECTION('',(-1.,0.));
#7502 = ( GEOMETRIC_REPRESENTATION_CONTEXT(2) 
PARAMETRIC_REPRESENTATION_CONTEXT() REPRESENTATION_CONTEXT('2D SPACE',''
  ) );
#7503 = ORIENTED_EDGE('',*,*,#2532,.T.);
#7504 = ORIENTED_EDGE('',*,*,#2689,.T.);
#7505 = ORIENTED_EDGE('',*,*,#7506,.T.);
#7506 = EDGE_CURVE('',#2690,#7482,#7507,.T.);
#7507 = SURFACE_CURVE('',#7508,(#7513,#7524),.PCURVE_S1.);
#7508 = CIRCLE('',#7509,39.35);
#7509 = AXIS2_PLACEMENT_3D('',#7510,#7511,#7512);
#7510 = CARTESIAN_POINT('',(0.,0.,6.));
#7511 = DIRECTION('',(0.,0.,-1.));
#7512 = DIRECTION('',(0.40212044906,0.915586776034,0.));
#7513 = PCURVE('',#2549,#7514);
#7514 = DEFINITIONAL_REPRESENTATION('',(#7515),#7523);
#7515 = ( BOUNDED_CURVE() B_SPLINE_CURVE(2,(#7516,#7517,#7518,#7519,
#7520,#7521,#7522),.UNSPECIFIED.,.T.,.F.) B_SPLINE_CURVE_WITH_KNOTS((1,2
    ,2,2,2,1),(-2.094395102393,0.,2.094395102393,4.188790204786,
6.28318530718,8.377580409573),.UNSPECIFIED.) CURVE() 
GEOMETRIC_REPRESENTATION_ITEM() RATIONAL_B_SPLINE_CURVE((1.,0.5,1.,0.5,
1.,0.5,1.)) REPRESENTATION_ITEM('') );
#7516 = CARTESIAN_POINT('',(15.823439670507,36.028339636928));
#7517 = CARTESIAN_POINT('',(78.226354434014,8.62133817711));
#7518 = CARTESIAN_POINT('',(23.2897375465,-31.71767054837));
#7519 = CARTESIAN_POINT('',(-31.64687934101,-72.05667927385));
#7520 = CARTESIAN_POINT('',(-39.113177217,-4.310669088555));
#7521 = CARTESIAN_POINT('',(-46.579475093,63.435341096746));
#7522 = CARTESIAN_POINT('',(15.823439670507,36.028339636928));
#7523 = ( GEOMETRIC_REPRESENTATION_CONTEXT(2) 
PARAMETRIC_REPRESENTATION_CONTEXT() REPRESENTATION_CONTEXT('2D SPACE',''
  ) );
#7524 = PCURVE('',#7465,#7525);
#7525 = DEFINITIONAL_REPRESENTATION('',(#7526),#7534);
#7526 = ( BOUNDED_CURVE() B_SPLINE_CURVE(2,(#7527,#7528,#7529,#7530,
#7531,#7532,#7533),.UNSPECIFIED.,.T.,.F.) B_SPLINE_CURVE_WITH_KNOTS((1,2
    ,2,2,2,1),(-2.094395102393,0.,2.094395102393,4.188790204786,
6.28318530718,8.377580409573),.UNSPECIFIED.) CURVE() 
GEOMETRIC_REPRESENTATION_ITEM() RATIONAL_B_SPLINE_CURVE((1.,0.5,1.,0.5,
1.,0.5,1.)) REPRESENTATION_ITEM('') );
#7527 = CARTESIAN_POINT('',(15.823439670507,36.028339636928));
#7528 = CARTESIAN_POINT('',(78.226354434014,8.62133817711));
#7529 = CARTESIAN_POINT('',(23.2897375465,-31.71767054837));
#7530 = CARTESIAN_POINT('',(-31.64687934101,-72.05667927385));
#7531 = CARTESIAN_POINT('',(-39.113177217,-4.310669088555));
#7532 = CARTESIAN_POINT('',(-46.579475093,63.435341096746));
#7533 = CARTESIAN_POINT('',(15.823439670507,36.028339636928));
#7534 = ( GEOMETRIC_REPRESENTATION_CONTEXT(2) 
PARAMETRIC_REPRESENTATION_CONTEXT() REPRESENTATION_CONTEXT('2D SPACE',''
  ) );
#7535 = ADVANCED_FACE('',(#7536),#2760,.F.);
#7536 = FACE_BOUND('',#7537,.F.);
#7537 = EDGE_LOOP('',(#7538,#7559,#7560,#7561,#7587,#7648,#7681,#7751,
    #7775,#7776,#7802,#7863,#7896,#7966,#7990,#7991,#8017,#8071,#8072,
    #8073,#8074,#8102,#8172,#8196,#8197,#8218));
#7538 = ORIENTED_EDGE('',*,*,#7539,.F.);
#7539 = EDGE_CURVE('',#3277,#7540,#7542,.T.);
#7540 = VERTEX_POINT('',#7541);
#7541 = CARTESIAN_POINT('',(15.823439670528,36.028339636919,1.05));
#7542 = SURFACE_CURVE('',#7543,(#7547,#7553),.PCURVE_S1.);
#7543 = LINE('',#7544,#7545);
#7544 = CARTESIAN_POINT('',(15.823439670527,36.028339636919,1.05));
#7545 = VECTOR('',#7546,1.);
#7546 = DIRECTION('',(-0.,-0.,-1.));
#7547 = PCURVE('',#2760,#7548);
#7548 = DEFINITIONAL_REPRESENTATION('',(#7549),#7552);
#7549 = B_SPLINE_CURVE_WITH_KNOTS('',1,(#7550,#7551),.UNSPECIFIED.,.F.,
  .F.,(2,2),(-4.95,0.),.PIECEWISE_BEZIER_KNOTS.);
#7550 = CARTESIAN_POINT('',(-1.156964709811,-4.95));
#7551 = CARTESIAN_POINT('',(-1.156964709811,0.));
#7552 = ( GEOMETRIC_REPRESENTATION_CONTEXT(2) 
PARAMETRIC_REPRESENTATION_CONTEXT() REPRESENTATION_CONTEXT('2D SPACE',''
  ) );
#7553 = PCURVE('',#3293,#7554);
#7554 = DEFINITIONAL_REPRESENTATION('',(#7555),#7558);
#7555 = B_SPLINE_CURVE_WITH_KNOTS('',1,(#7556,#7557),.UNSPECIFIED.,.F.,
  .F.,(2,2),(-4.9500006,5.999999999062E-07),.PIECEWISE_BEZIER_KNOTS.);
#7556 = CARTESIAN_POINT('',(0.629127705628,-4.9500006));
#7557 = CARTESIAN_POINT('',(0.629127705628,5.999999999062E-07));
#7558 = ( GEOMETRIC_REPRESENTATION_CONTEXT(2) 
PARAMETRIC_REPRESENTATION_CONTEXT() REPRESENTATION_CONTEXT('2D SPACE',''
  ) );
#7559 = ORIENTED_EDGE('',*,*,#3305,.T.);
#7560 = ORIENTED_EDGE('',*,*,#3103,.T.);
#7561 = ORIENTED_EDGE('',*,*,#7562,.T.);
#7562 = EDGE_CURVE('',#3056,#7563,#7565,.T.);
#7563 = VERTEX_POINT('',#7564);
#7564 = CARTESIAN_POINT('',(19.482028577822,34.188785624718,5.34));
#7565 = SURFACE_CURVE('',#7566,(#7570,#7576),.PCURVE_S1.);
#7566 = LINE('',#7567,#7568);
#7567 = CARTESIAN_POINT('',(19.482028577822,34.188785624718,1.05));
#7568 = VECTOR('',#7569,1.);
#7569 = DIRECTION('',(-0.,-0.,-1.));
#7570 = PCURVE('',#2760,#7571);
#7571 = DEFINITIONAL_REPRESENTATION('',(#7572),#7575);
#7572 = B_SPLINE_CURVE_WITH_KNOTS('',1,(#7573,#7574),.UNSPECIFIED.,.F.,
  .F.,(2,2),(-4.9500006,-4.224),.PIECEWISE_BEZIER_KNOTS.);
#7573 = CARTESIAN_POINT('',(-1.05285097767,-4.9500006));
#7574 = CARTESIAN_POINT('',(-1.05285097767,-4.224));
#7575 = ( GEOMETRIC_REPRESENTATION_CONTEXT(2) 
PARAMETRIC_REPRESENTATION_CONTEXT() REPRESENTATION_CONTEXT('2D SPACE',''
  ) );
#7576 = PCURVE('',#7577,#7582);
#7577 = PLANE('',#7578);
#7578 = AXIS2_PLACEMENT_3D('',#7579,#7580,#7581);
#7579 = CARTESIAN_POINT('',(11.739253031867,26.711674194138,4.14));
#7580 = DIRECTION('',(-0.694658370459,0.719339800339,0.));
#7581 = DIRECTION('',(0.,0.,1.));
#7582 = DEFINITIONAL_REPRESENTATION('',(#7583),#7586);
#7583 = B_SPLINE_CURVE_WITH_KNOTS('',1,(#7584,#7585),.UNSPECIFIED.,.F.,
  .F.,(2,2),(-4.9500006,-4.224),.PIECEWISE_BEZIER_KNOTS.);
#7584 = CARTESIAN_POINT('',(1.8600006,10.763724657401));
#7585 = CARTESIAN_POINT('',(1.134,10.763724657401));
#7586 = ( GEOMETRIC_REPRESENTATION_CONTEXT(2) 
PARAMETRIC_REPRESENTATION_CONTEXT() REPRESENTATION_CONTEXT('2D SPACE',''
  ) );
#7587 = ORIENTED_EDGE('',*,*,#7588,.T.);
#7588 = EDGE_CURVE('',#7563,#7589,#7591,.T.);
#7589 = VERTEX_POINT('',#7590);
#7590 = CARTESIAN_POINT('',(20.55367150365,33.555462859571,4.14));
#7591 = SURFACE_CURVE('',#7592,(#7607,#7625),.PCURVE_S1.);
#7592 = B_SPLINE_CURVE_WITH_KNOTS('',7,(#7593,#7594,#7595,#7596,#7597,
    #7598,#7599,#7600,#7601,#7602,#7603,#7604,#7605,#7606),
  .UNSPECIFIED.,.F.,.F.,(8,6,8),(0.,0.611074347386,1.),.UNSPECIFIED.);
#7593 = CARTESIAN_POINT('',(19.482028577822,34.188785624718,5.34));
#7594 = CARTESIAN_POINT('',(19.482028577822,34.188785624718,5.1898746139
    ));
#7595 = CARTESIAN_POINT('',(19.501865556372,34.177481757347,
    5.039482727392));
#7596 = CARTESIAN_POINT('',(19.541668589014,34.154800664316,
    4.891598986227));
#7597 = CARTESIAN_POINT('',(19.601576631698,34.120566428263,
    4.749179325117));
#7598 = CARTESIAN_POINT('',(19.681594361184,34.074582396298,
    4.61557627979));
#7599 = CARTESIAN_POINT('',(19.781468516611,34.016686945511,
    4.494751035867));
#7600 = CARTESIAN_POINT('',(19.976002564768,33.902647581467,
    4.326298455329));
#7601 = CARTESIAN_POINT('',(20.059686382592,33.85332615513,
    4.267745566498));
#7602 = CARTESIAN_POINT('',(20.15045853298,33.799483293652,
    4.218311709063));
#7603 = CARTESIAN_POINT('',(20.246959962259,33.741813731984,
    4.17974707667));
#7604 = CARTESIAN_POINT('',(20.347545000681,33.681211406371,
    4.153362836218));
#7605 = CARTESIAN_POINT('',(20.450403875571,33.618717206959,4.14));
#7606 = CARTESIAN_POINT('',(20.55367150365,33.555462859571,4.14));
#7607 = PCURVE('',#2760,#7608);
#7608 = DEFINITIONAL_REPRESENTATION('',(#7609),#7624);
#7609 = B_SPLINE_CURVE_WITH_KNOTS('',7,(#7610,#7611,#7612,#7613,#7614,
    #7615,#7616,#7617,#7618,#7619,#7620,#7621,#7622,#7623),
  .UNSPECIFIED.,.F.,.F.,(8,6,8),(0.,0.611074347386,1.),.UNSPECIFIED.);
#7610 = CARTESIAN_POINT('',(-1.05285097767,-4.29));
#7611 = CARTESIAN_POINT('',(-1.05285097767,-4.1398746139));
#7612 = CARTESIAN_POINT('',(-1.052270758406,-3.989482727392));
#7613 = CARTESIAN_POINT('',(-1.051106547348,-3.841598986227));
#7614 = CARTESIAN_POINT('',(-1.049353061618,-3.699179325117));
#7615 = CARTESIAN_POINT('',(-1.047007726864,-3.56557627979));
#7616 = CARTESIAN_POINT('',(-1.044074052598,-3.444751035867));
#7617 = CARTESIAN_POINT('',(-1.038343530144,-3.276298455329));
#7618 = CARTESIAN_POINT('',(-1.035874999737,-3.217745566498));
#7619 = CARTESIAN_POINT('',(-1.033192940192,-3.168311709063));
#7620 = CARTESIAN_POINT('',(-1.030336039459,-3.12974707667));
#7621 = CARTESIAN_POINT('',(-1.02735180804,-3.103362836218));
#7622 = CARTESIAN_POINT('',(-1.024293235519,-3.09));
#7623 = CARTESIAN_POINT('',(-1.021215714923,-3.09));
#7624 = ( GEOMETRIC_REPRESENTATION_CONTEXT(2) 
PARAMETRIC_REPRESENTATION_CONTEXT() REPRESENTATION_CONTEXT('2D SPACE',''
  ) );
#7625 = PCURVE('',#7626,#7631);
#7626 = CYLINDRICAL_SURFACE('',#7627,1.2);
#7627 = AXIS2_PLACEMENT_3D('',#7628,#7629,#7630);
#7628 = CARTESIAN_POINT('',(12.572843076418,25.848466433732,5.34));
#7629 = DIRECTION('',(0.719339800339,0.694658370459,0.));
#7630 = DIRECTION('',(-0.694658370459,0.719339800339,0.));
#7631 = DEFINITIONAL_REPRESENTATION('',(#7632),#7647);
#7632 = B_SPLINE_CURVE_WITH_KNOTS('',7,(#7633,#7634,#7635,#7636,#7637,
    #7638,#7639,#7640,#7641,#7642,#7643,#7644,#7645,#7646),
  .UNSPECIFIED.,.F.,.F.,(8,6,8),(0.,0.611074347386,1.),.UNSPECIFIED.);
#7633 = CARTESIAN_POINT('',(0.,10.763724657401));
#7634 = CARTESIAN_POINT('',(-0.125104488416,10.763724657401));
#7635 = CARTESIAN_POINT('',(-0.250430601969,10.770141859502));
#7636 = CARTESIAN_POINT('',(-0.376867309883,10.783018153931));
#7637 = CARTESIAN_POINT('',(-0.505191363975,10.802331294764));
#7638 = CARTESIAN_POINT('',(-0.636286058842,10.827948039604));
#7639 = CARTESIAN_POINT('',(-0.771104472923,10.859573935127));
#7640 = CARTESIAN_POINT('',(-1.000139445863,10.920291619692));
#7641 = CARTESIAN_POINT('',(-1.09168441729,10.946227178849));
#7642 = CARTESIAN_POINT('',(-1.185111342634,10.97412080497));
#7643 = CARTESIAN_POINT('',(-1.280014645521,11.003477480107));
#7644 = CARTESIAN_POINT('',(-1.376093763692,11.033734388806));
#7645 = CARTESIAN_POINT('',(-1.473098750242,11.064312752606));
#7646 = CARTESIAN_POINT('',(-1.570796326795,11.094657105689));
#7647 = ( GEOMETRIC_REPRESENTATION_CONTEXT(2) 
PARAMETRIC_REPRESENTATION_CONTEXT() REPRESENTATION_CONTEXT('2D SPACE',''
  ) );
#7648 = ORIENTED_EDGE('',*,*,#7649,.T.);
#7649 = EDGE_CURVE('',#7589,#7650,#7652,.T.);
#7650 = VERTEX_POINT('',#7651);
#7651 = CARTESIAN_POINT('',(34.252334569101,19.370081996893,4.14));
#7652 = SURFACE_CURVE('',#7653,(#7658,#7665),.PCURVE_S1.);
#7653 = CIRCLE('',#7654,39.35);
#7654 = AXIS2_PLACEMENT_3D('',#7655,#7656,#7657);
#7655 = CARTESIAN_POINT('',(0.,0.,4.14));
#7656 = DIRECTION('',(0.,0.,-1.));
#7657 = DIRECTION('',(1.,0.,0.));
#7658 = PCURVE('',#2760,#7659);
#7659 = DEFINITIONAL_REPRESENTATION('',(#7660),#7664);
#7660 = LINE('',#7661,#7662);
#7661 = CARTESIAN_POINT('',(-6.28318530718,-3.09));
#7662 = VECTOR('',#7663,1.);
#7663 = DIRECTION('',(1.,0.));
#7664 = ( GEOMETRIC_REPRESENTATION_CONTEXT(2) 
PARAMETRIC_REPRESENTATION_CONTEXT() REPRESENTATION_CONTEXT('2D SPACE',''
  ) );
#7665 = PCURVE('',#7666,#7671);
#7666 = PLANE('',#7667);
#7667 = AXIS2_PLACEMENT_3D('',#7668,#7669,#7670);
#7668 = CARTESIAN_POINT('',(27.10509618642,10.799877810647,4.14));
#7669 = DIRECTION('',(0.,0.,1.));
#7670 = DIRECTION('',(0.719339800339,0.694658370459,0.));
#7671 = DEFINITIONAL_REPRESENTATION('',(#7672),#7680);
#7672 = ( BOUNDED_CURVE() B_SPLINE_CURVE(2,(#7673,#7674,#7675,#7676,
#7677,#7678,#7679),.UNSPECIFIED.,.T.,.F.) B_SPLINE_CURVE_WITH_KNOTS((1,2
    ,2,2,2,1),(-2.094395102393,0.,2.094395102393,4.188790204786,
6.28318530718,8.377580409573),.UNSPECIFIED.) CURVE() 
GEOMETRIC_REPRESENTATION_ITEM() RATIONAL_B_SPLINE_CURVE((1.,0.5,1.,0.5,
1.,0.5,1.)) REPRESENTATION_ITEM('') );
#7673 = CARTESIAN_POINT('',(1.306021143326,-16.27480687756));
#7674 = CARTESIAN_POINT('',(-46.03925318369,-65.30227365792));
#7675 = CARTESIAN_POINT('',(-64.82564773517,0.213670048601));
#7676 = CARTESIAN_POINT('',(-83.61204228665,65.729613755123));
#7677 = CARTESIAN_POINT('',(-17.48037340815,49.24113682896));
#7678 = CARTESIAN_POINT('',(48.651295470346,32.752659902798));
#7679 = CARTESIAN_POINT('',(1.306021143326,-16.27480687756));
#7680 = ( GEOMETRIC_REPRESENTATION_CONTEXT(2) 
PARAMETRIC_REPRESENTATION_CONTEXT() REPRESENTATION_CONTEXT('2D SPACE',''
  ) );
#7681 = ORIENTED_EDGE('',*,*,#7682,.F.);
#7682 = EDGE_CURVE('',#7683,#7650,#7685,.T.);
#7683 = VERTEX_POINT('',#7684);
#7684 = CARTESIAN_POINT('',(34.847871732375,18.276989241227,5.34));
#7685 = SURFACE_CURVE('',#7686,(#7704,#7725),.PCURVE_S1.);
#7686 = B_SPLINE_CURVE_WITH_KNOTS('',6,(#7687,#7688,#7689,#7690,#7691,
    #7692,#7693,#7694,#7695,#7696,#7697,#7698,#7699,#7700,#7701,#7702,
    #7703),.UNSPECIFIED.,.F.,.F.,(7,5,5,7),(0.,0.449886582241,
    0.620412715871,1.),.UNSPECIFIED.);
#7687 = CARTESIAN_POINT('',(34.847871732375,18.276989241227,5.34));
#7688 = CARTESIAN_POINT('',(34.847871732375,18.276989241227,
    5.210854650167));
#7689 = CARTESIAN_POINT('',(34.839799555753,18.292380151037,
    5.08164353855));
#7690 = CARTESIAN_POINT('',(34.823640055979,18.323190365269,
    4.954264953402));
#7691 = CARTESIAN_POINT('',(34.799284287014,18.369505290001,
    4.830685853784));
#7692 = CARTESIAN_POINT('',(34.76656899442,18.431382535993,
    4.713158360311));
#7693 = CARTESIAN_POINT('',(34.709717500415,18.538045061841,
    4.563329771861));
#7694 = CARTESIAN_POINT('',(34.692871673021,18.569578974425,
    4.52343189368));
#7695 = CARTESIAN_POINT('',(34.674809084011,18.603303763557,
    4.484998313876));
#7696 = CARTESIAN_POINT('',(34.655538067203,18.639181046852,
    4.44821535989));
#7697 = CARTESIAN_POINT('',(34.635073046701,18.677159431066,
    4.41327564005));
#7698 = CARTESIAN_POINT('',(34.565269859099,18.806245590557,
    4.307149925629));
#7699 = CARTESIAN_POINT('',(34.51090548931,18.906123253758,
    4.243452601199));
#7700 = CARTESIAN_POINT('',(34.451057559458,19.015182767268,
    4.192789153771));
#7701 = CARTESIAN_POINT('',(34.386937344703,19.130888114422,
    4.157768277012));
#7702 = CARTESIAN_POINT('',(34.320112549381,19.25022942955,4.14));
#7703 = CARTESIAN_POINT('',(34.252334569101,19.370081996893,4.14));
#7704 = PCURVE('',#2760,#7705);
#7705 = DEFINITIONAL_REPRESENTATION('',(#7706),#7724);
#7706 = B_SPLINE_CURVE_WITH_KNOTS('',6,(#7707,#7708,#7709,#7710,#7711,
    #7712,#7713,#7714,#7715,#7716,#7717,#7718,#7719,#7720,#7721,#7722,
    #7723),.UNSPECIFIED.,.F.,.F.,(7,5,5,7),(0.,0.449886582241,
    0.620412715871,1.),.UNSPECIFIED.);
#7707 = CARTESIAN_POINT('',(-0.483038764085,-4.29));
#7708 = CARTESIAN_POINT('',(-0.483038764085,-4.160854650167));
#7709 = CARTESIAN_POINT('',(-0.483480423606,-4.03164353855));
#7710 = CARTESIAN_POINT('',(-0.484364560445,-3.904264953402));
#7711 = CARTESIAN_POINT('',(-0.485694382744,-3.780685853784));
#7712 = CARTESIAN_POINT('',(-0.487473113732,-3.663158360311));
#7713 = CARTESIAN_POINT('',(-0.490544718347,-3.513329771861));
#7714 = CARTESIAN_POINT('',(-0.491453269333,-3.47343189368));
#7715 = CARTESIAN_POINT('',(-0.492425498882,-3.434998313876));
#7716 = CARTESIAN_POINT('',(-0.493460448522,-3.39821535989));
#7717 = CARTESIAN_POINT('',(-0.494556796379,-3.36327564005));
#7718 = CARTESIAN_POINT('',(-0.498286162122,-3.257149925629));
#7719 = CARTESIAN_POINT('',(-0.501175978403,-3.193452601199));
#7720 = CARTESIAN_POINT('',(-0.504337360642,-3.142789153771));
#7721 = CARTESIAN_POINT('',(-0.507699046921,-3.107768277012));
#7722 = CARTESIAN_POINT('',(-0.511174920309,-3.09));
#7723 = CARTESIAN_POINT('',(-0.514674026833,-3.09));
#7724 = ( GEOMETRIC_REPRESENTATION_CONTEXT(2) 
PARAMETRIC_REPRESENTATION_CONTEXT() REPRESENTATION_CONTEXT('2D SPACE',''
  ) );
#7725 = PCURVE('',#7726,#7731);
#7726 = CYLINDRICAL_SURFACE('',#7727,1.2);
#7727 = AXIS2_PLACEMENT_3D('',#7728,#7729,#7730);
#7728 = CARTESIAN_POINT('',(26.271506141869,11.663085571054,5.34));
#7729 = DIRECTION('',(0.719339800339,0.694658370459,0.));
#7730 = DIRECTION('',(0.694658370459,-0.719339800339,0.));
#7731 = DEFINITIONAL_REPRESENTATION('',(#7732),#7750);
#7732 = B_SPLINE_CURVE_WITH_KNOTS('',6,(#7733,#7734,#7735,#7736,#7737,
    #7738,#7739,#7740,#7741,#7742,#7743,#7744,#7745,#7746,#7747,#7748,
    #7749),.UNSPECIFIED.,.F.,.F.,(7,5,5,7),(0.,0.449886582241,
    0.620412715871,1.),.UNSPECIFIED.);
#7733 = CARTESIAN_POINT('',(0.,10.763724657401));
#7734 = CARTESIAN_POINT('',(0.107621124861,10.763724657401));
#7735 = CARTESIAN_POINT('',(0.215297880778,10.76860944381));
#7736 = CARTESIAN_POINT('',(0.323686621777,10.778387845681));
#7737 = CARTESIAN_POINT('',(0.433420921392,10.793040821839));
#7738 = CARTESIAN_POINT('',(0.545150585531,10.812490956665));
#7739 = CARTESIAN_POINT('',(0.703166614141,10.845689430714));
#7740 = CARTESIAN_POINT('',(0.747000541019,10.855476852929));
#7741 = CARTESIAN_POINT('',(0.791254497017,10.86591092082));
#7742 = CARTESIAN_POINT('',(0.835949633365,10.876970966587));
#7743 = CARTESIAN_POINT('',(0.881111213442,10.888631665316));
#7744 = CARTESIAN_POINT('',(1.028404878146,10.928090235484));
#7745 = CARTESIAN_POINT('',(1.133320427334,10.958364635339));
#7746 = CARTESIAN_POINT('',(1.240546256484,10.991072741366));
#7747 = CARTESIAN_POINT('',(1.349492830205,11.025324206794));
#7748 = CARTESIAN_POINT('',(1.45971527413,11.060155915365));
#7749 = CARTESIAN_POINT('',(1.570796326795,11.094657105689));
#7750 = ( GEOMETRIC_REPRESENTATION_CONTEXT(2) 
PARAMETRIC_REPRESENTATION_CONTEXT() REPRESENTATION_CONTEXT('2D SPACE',''
  ) );
#7751 = ORIENTED_EDGE('',*,*,#7752,.F.);
#7752 = EDGE_CURVE('',#2714,#7683,#7753,.T.);
#7753 = SURFACE_CURVE('',#7754,(#7758,#7764),.PCURVE_S1.);
#7754 = LINE('',#7755,#7756);
#7755 = CARTESIAN_POINT('',(34.847871732375,18.276989241227,1.05));
#7756 = VECTOR('',#7757,1.);
#7757 = DIRECTION('',(-0.,-0.,-1.));
#7758 = PCURVE('',#2760,#7759);
#7759 = DEFINITIONAL_REPRESENTATION('',(#7760),#7763);
#7760 = B_SPLINE_CURVE_WITH_KNOTS('',1,(#7761,#7762),.UNSPECIFIED.,.F.,
  .F.,(2,2),(-4.9500006,-4.224),.PIECEWISE_BEZIER_KNOTS.);
#7761 = CARTESIAN_POINT('',(-0.483038764085,-4.9500006));
#7762 = CARTESIAN_POINT('',(-0.483038764085,-4.224));
#7763 = ( GEOMETRIC_REPRESENTATION_CONTEXT(2) 
PARAMETRIC_REPRESENTATION_CONTEXT() REPRESENTATION_CONTEXT('2D SPACE',''
  ) );
#7764 = PCURVE('',#7765,#7770);
#7765 = PLANE('',#7766);
#7766 = AXIS2_PLACEMENT_3D('',#7767,#7768,#7769);
#7767 = CARTESIAN_POINT('',(27.10509618642,10.799877810647,4.14));
#7768 = DIRECTION('',(-0.694658370459,0.719339800339,0.));
#7769 = DIRECTION('',(0.,0.,1.));
#7770 = DEFINITIONAL_REPRESENTATION('',(#7771),#7774);
#7771 = B_SPLINE_CURVE_WITH_KNOTS('',1,(#7772,#7773),.UNSPECIFIED.,.F.,
  .F.,(2,2),(-4.9500006,-4.224),.PIECEWISE_BEZIER_KNOTS.);
#7772 = CARTESIAN_POINT('',(1.8600006,10.763724657401));
#7773 = CARTESIAN_POINT('',(1.134,10.763724657401));
#7774 = ( GEOMETRIC_REPRESENTATION_CONTEXT(2) 
PARAMETRIC_REPRESENTATION_CONTEXT() REPRESENTATION_CONTEXT('2D SPACE',''
  ) );
#7775 = ORIENTED_EDGE('',*,*,#2741,.T.);
#7776 = ORIENTED_EDGE('',*,*,#7777,.T.);
#7777 = EDGE_CURVE('',#2690,#7778,#7780,.T.);
#7778 = VERTEX_POINT('',#7779);
#7779 = CARTESIAN_POINT('',(37.119521818041,13.06,5.74));
#7780 = SURFACE_CURVE('',#7781,(#7785,#7791),.PCURVE_S1.);
#7781 = LINE('',#7782,#7783);
#7782 = CARTESIAN_POINT('',(37.119521818041,13.06,1.05));
#7783 = VECTOR('',#7784,1.);
#7784 = DIRECTION('',(-0.,-0.,-1.));
#7785 = PCURVE('',#2760,#7786);
#7786 = DEFINITIONAL_REPRESENTATION('',(#7787),#7790);
#7787 = B_SPLINE_CURVE_WITH_KNOTS('',1,(#7788,#7789),.UNSPECIFIED.,.F.,
  .F.,(2,2),(-4.9500006,-4.664),.PIECEWISE_BEZIER_KNOTS.);
#7788 = CARTESIAN_POINT('',(-0.338309898536,-4.9500006));
#7789 = CARTESIAN_POINT('',(-0.338309898536,-4.664));
#7790 = ( GEOMETRIC_REPRESENTATION_CONTEXT(2) 
PARAMETRIC_REPRESENTATION_CONTEXT() REPRESENTATION_CONTEXT('2D SPACE',''
  ) );
#7791 = PCURVE('',#7792,#7797);
#7792 = PLANE('',#7793);
#7793 = AXIS2_PLACEMENT_3D('',#7794,#7795,#7796);
#7794 = CARTESIAN_POINT('',(28.,13.06,4.14));
#7795 = DIRECTION('',(0.,1.,0.));
#7796 = DIRECTION('',(0.,0.,1.));
#7797 = DEFINITIONAL_REPRESENTATION('',(#7798),#7801);
#7798 = B_SPLINE_CURVE_WITH_KNOTS('',1,(#7799,#7800),.UNSPECIFIED.,.F.,
  .F.,(2,2),(-4.9500006,-4.664),.PIECEWISE_BEZIER_KNOTS.);
#7799 = CARTESIAN_POINT('',(1.8600006,9.119521818041));
#7800 = CARTESIAN_POINT('',(1.574,9.119521818041));
#7801 = ( GEOMETRIC_REPRESENTATION_CONTEXT(2) 
PARAMETRIC_REPRESENTATION_CONTEXT() REPRESENTATION_CONTEXT('2D SPACE',''
  ) );
#7802 = ORIENTED_EDGE('',*,*,#7803,.T.);
#7803 = EDGE_CURVE('',#7778,#7804,#7806,.T.);
#7804 = VERTEX_POINT('',#7805);
#7805 = CARTESIAN_POINT('',(37.644267823933,11.46,4.14));
#7806 = SURFACE_CURVE('',#7807,(#7822,#7840),.PCURVE_S1.);
#7807 = B_SPLINE_CURVE_WITH_KNOTS('',7,(#7808,#7809,#7810,#7811,#7812,
    #7813,#7814,#7815,#7816,#7817,#7818,#7819,#7820,#7821),
  .UNSPECIFIED.,.F.,.F.,(8,6,8),(0.,0.453385804879,1.),.UNSPECIFIED.);
#7808 = CARTESIAN_POINT('',(37.119521818041,13.06,5.74));
#7809 = CARTESIAN_POINT('',(37.119521818041,13.06,5.592482724843));
#7810 = CARTESIAN_POINT('',(37.125104777306,13.044132067377,
    5.444925719077));
#7811 = CARTESIAN_POINT('',(37.136275414751,13.012382127349,
    5.298744619655));
#7812 = CARTESIAN_POINT('',(37.153019662409,12.964655213248,
    5.155389427191));
#7813 = CARTESIAN_POINT('',(37.17528986038,12.90081118852,5.016438287999
    ));
#7814 = CARTESIAN_POINT('',(37.202988502988,12.820707365333,
    4.883703353098));
#7815 = CARTESIAN_POINT('',(37.275690455292,12.607954022608,
    4.609423396371));
#7816 = CARTESIAN_POINT('',(37.323768570717,12.465874438987,
    4.46908597622));
#7817 = CARTESIAN_POINT('',(37.379581973847,12.298674788065,
    4.345884595837));
#7818 = CARTESIAN_POINT('',(37.441652883979,12.109271600516,
    4.246483057484));
#7819 = CARTESIAN_POINT('',(37.507938808702,11.902260433996,
    4.17643561156));
#7820 = CARTESIAN_POINT('',(37.576216472181,11.683537810746,4.14));
#7821 = CARTESIAN_POINT('',(37.644267823933,11.46,4.14));
#7822 = PCURVE('',#2760,#7823);
#7823 = DEFINITIONAL_REPRESENTATION('',(#7824),#7839);
#7824 = B_SPLINE_CURVE_WITH_KNOTS('',7,(#7825,#7826,#7827,#7828,#7829,
    #7830,#7831,#7832,#7833,#7834,#7835,#7836,#7837,#7838),
  .UNSPECIFIED.,.F.,.F.,(8,6,8),(0.,0.453385804879,1.),.UNSPECIFIED.);
#7825 = CARTESIAN_POINT('',(-0.338309898536,-4.69));
#7826 = CARTESIAN_POINT('',(-0.338309898536,-4.542482724843));
#7827 = CARTESIAN_POINT('',(-0.337882416026,-4.394925719077));
#7828 = CARTESIAN_POINT('',(-0.337027073862,-4.248744619655));
#7829 = CARTESIAN_POINT('',(-0.33574171395,-4.105389427191));
#7830 = CARTESIAN_POINT('',(-0.334023379081,-3.966438287999));
#7831 = CARTESIAN_POINT('',(-0.331869453768,-3.833703353098));
#7832 = CARTESIAN_POINT('',(-0.326155799634,-3.559423396371));
#7833 = CARTESIAN_POINT('',(-0.322344032843,-3.41908597622));
#7834 = CARTESIAN_POINT('',(-0.317864569091,-3.295884595837));
#7835 = CARTESIAN_POINT('',(-0.312799551553,-3.196483057484));
#7836 = CARTESIAN_POINT('',(-0.307275900678,-3.12643561156));
#7837 = CARTESIAN_POINT('',(-0.301453125635,-3.09));
#7838 = CARTESIAN_POINT('',(-0.295514962306,-3.09));
#7839 = ( GEOMETRIC_REPRESENTATION_CONTEXT(2) 
PARAMETRIC_REPRESENTATION_CONTEXT() REPRESENTATION_CONTEXT('2D SPACE',''
  ) );
#7840 = PCURVE('',#7841,#7846);
#7841 = CYLINDRICAL_SURFACE('',#7842,1.6);
#7842 = AXIS2_PLACEMENT_3D('',#7843,#7844,#7845);
#7843 = CARTESIAN_POINT('',(28.,11.46,5.74));
#7844 = DIRECTION('',(1.,0.,0.));
#7845 = DIRECTION('',(0.,1.,0.));
#7846 = DEFINITIONAL_REPRESENTATION('',(#7847),#7862);
#7847 = B_SPLINE_CURVE_WITH_KNOTS('',7,(#7848,#7849,#7850,#7851,#7852,
    #7853,#7854,#7855,#7856,#7857,#7858,#7859,#7860,#7861),
  .UNSPECIFIED.,.F.,.F.,(8,6,8),(0.,0.453385804879,1.),.UNSPECIFIED.);
#7848 = CARTESIAN_POINT('',(0.,9.119521818041));
#7849 = CARTESIAN_POINT('',(-9.219829697308E-02,9.119521818041));
#7850 = CARTESIAN_POINT('',(-0.184422042521,9.125104777306));
#7851 = CARTESIAN_POINT('',(-0.277063289113,9.13627541475));
#7852 = CARTESIAN_POINT('',(-0.370506184773,9.153019662409));
#7853 = CARTESIAN_POINT('',(-0.465135484149,9.17528986038));
#7854 = CARTESIAN_POINT('',(-0.561371923166,9.202988502988));
#7855 = CARTESIAN_POINT('',(-0.77832299007,9.275690455292));
#7856 = CARTESIAN_POINT('',(-0.90205408526,9.323768570717));
#7857 = CARTESIAN_POINT('',(-1.029669668019,9.379581973847));
#7858 = CARTESIAN_POINT('',(-1.160547841209,9.441652883979));
#7859 = CARTESIAN_POINT('',(-1.294383483427,9.507938808702));
#7860 = CARTESIAN_POINT('',(-1.431085195079,9.576216472181));
#7861 = CARTESIAN_POINT('',(-1.570796326795,9.644267823933));
#7862 = ( GEOMETRIC_REPRESENTATION_CONTEXT(2) 
PARAMETRIC_REPRESENTATION_CONTEXT() REPRESENTATION_CONTEXT('2D SPACE',''
  ) );
#7863 = ORIENTED_EDGE('',*,*,#7864,.T.);
#7864 = EDGE_CURVE('',#7804,#7865,#7867,.T.);
#7865 = VERTEX_POINT('',#7866);
#7866 = CARTESIAN_POINT('',(37.934297146514,-10.46,4.14));
#7867 = SURFACE_CURVE('',#7868,(#7873,#7880),.PCURVE_S1.);
#7868 = CIRCLE('',#7869,39.35);
#7869 = AXIS2_PLACEMENT_3D('',#7870,#7871,#7872);
#7870 = CARTESIAN_POINT('',(0.,0.,4.14));
#7871 = DIRECTION('',(0.,0.,-1.));
#7872 = DIRECTION('',(1.,0.,0.));
#7873 = PCURVE('',#2760,#7874);
#7874 = DEFINITIONAL_REPRESENTATION('',(#7875),#7879);
#7875 = LINE('',#7876,#7877);
#7876 = CARTESIAN_POINT('',(-6.28318530718,-3.09));
#7877 = VECTOR('',#7878,1.);
#7878 = DIRECTION('',(1.,0.));
#7879 = ( GEOMETRIC_REPRESENTATION_CONTEXT(2) 
PARAMETRIC_REPRESENTATION_CONTEXT() REPRESENTATION_CONTEXT('2D SPACE',''
  ) );
#7880 = PCURVE('',#7881,#7886);
#7881 = PLANE('',#7882);
#7882 = AXIS2_PLACEMENT_3D('',#7883,#7884,#7885);
#7883 = CARTESIAN_POINT('',(28.,-12.06,4.14));
#7884 = DIRECTION('',(0.,0.,1.));
#7885 = DIRECTION('',(1.,0.,0.));
#7886 = DEFINITIONAL_REPRESENTATION('',(#7887),#7895);
#7887 = ( BOUNDED_CURVE() B_SPLINE_CURVE(2,(#7888,#7889,#7890,#7891,
#7892,#7893,#7894),.UNSPECIFIED.,.T.,.F.) B_SPLINE_CURVE_WITH_KNOTS((1,2
    ,2,2,2,1),(-2.094395102393,0.,2.094395102393,4.188790204786,
6.28318530718,8.377580409573),.UNSPECIFIED.) CURVE() 
GEOMETRIC_REPRESENTATION_ITEM() RATIONAL_B_SPLINE_CURVE((1.,0.5,1.,0.5,
1.,0.5,1.)) REPRESENTATION_ITEM('') );
#7888 = CARTESIAN_POINT('',(11.35,12.06));
#7889 = CARTESIAN_POINT('',(11.35,-56.09619927783));
#7890 = CARTESIAN_POINT('',(-47.675,-22.01809963891));
#7891 = CARTESIAN_POINT('',(-106.7,12.06));
#7892 = CARTESIAN_POINT('',(-47.675,46.138099638918));
#7893 = CARTESIAN_POINT('',(11.35,80.216199277835));
#7894 = CARTESIAN_POINT('',(11.35,12.06));
#7895 = ( GEOMETRIC_REPRESENTATION_CONTEXT(2) 
PARAMETRIC_REPRESENTATION_CONTEXT() REPRESENTATION_CONTEXT('2D SPACE',''
  ) );
#7896 = ORIENTED_EDGE('',*,*,#7897,.F.);
#7897 = EDGE_CURVE('',#7898,#7865,#7900,.T.);
#7898 = VERTEX_POINT('',#7899);
#7899 = CARTESIAN_POINT('',(37.456359940603,-12.06,5.74));
#7900 = SURFACE_CURVE('',#7901,(#7919,#7940),.PCURVE_S1.);
#7901 = B_SPLINE_CURVE_WITH_KNOTS('',6,(#7902,#7903,#7904,#7905,#7906,
    #7907,#7908,#7909,#7910,#7911,#7912,#7913,#7914,#7915,#7916,#7917,
    #7918),.UNSPECIFIED.,.F.,.F.,(7,5,5,7),(0.,0.463606240232,
    0.643469269818,1.),.UNSPECIFIED.);
#7902 = CARTESIAN_POINT('',(37.456359940603,-12.06,5.74));
#7903 = CARTESIAN_POINT('',(37.456359940603,-12.06,5.564192394567));
#7904 = CARTESIAN_POINT('',(37.463823665819,-12.03681917903,
    5.388328172309));
#7905 = CARTESIAN_POINT('',(37.478760627619,-11.99042618495,
    5.214960019619));
#7906 = CARTESIAN_POINT('',(37.501146676168,-11.9205331955,
    5.046783571072));
#7907 = CARTESIAN_POINT('',(37.530873905846,-11.82671925493,
    4.88693802518));
#7908 = CARTESIAN_POINT('',(37.581932314239,-11.66289689996,
    4.682454300466));
#7909 = CARTESIAN_POINT('',(37.597265240633,-11.61346496014,
    4.62718720906));
#7910 = CARTESIAN_POINT('',(37.613632056495,-11.56041020013,
    4.574096294186));
#7911 = CARTESIAN_POINT('',(37.630996288879,-11.50377109136,
    4.523481896177));
#7912 = CARTESIAN_POINT('',(37.649312520322,-11.44360873749,
    4.475659515669));
#7913 = CARTESIAN_POINT('',(37.706613910448,-11.25393761677,
    4.34235641936));
#7914 = CARTESIAN_POINT('',(37.748533105083,-11.11335289881,
    4.265318409529));
#7915 = CARTESIAN_POINT('',(37.793448152468,-10.96024545635,
    4.204013726134));
#7916 = CARTESIAN_POINT('',(37.840192332296,-10.79772998982,
    4.161578556882));
#7917 = CARTESIAN_POINT('',(37.887525847219,-10.62962106743,4.14));
#7918 = CARTESIAN_POINT('',(37.934297146514,-10.46,4.14));
#7919 = PCURVE('',#2760,#7920);
#7920 = DEFINITIONAL_REPRESENTATION('',(#7921),#7939);
#7921 = B_SPLINE_CURVE_WITH_KNOTS('',6,(#7922,#7923,#7924,#7925,#7926,
    #7927,#7928,#7929,#7930,#7931,#7932,#7933,#7934,#7935,#7936,#7937,
    #7938),.UNSPECIFIED.,.F.,.F.,(7,5,5,7),(0.,0.463606240232,
    0.643469269818,1.),.UNSPECIFIED.);
#7922 = CARTESIAN_POINT('',(0.311493183864,-4.69));
#7923 = CARTESIAN_POINT('',(0.311493183864,-4.514192394567));
#7924 = CARTESIAN_POINT('',(0.310874307711,-4.338328172309));
#7925 = CARTESIAN_POINT('',(0.309635723183,-4.164960019619));
#7926 = CARTESIAN_POINT('',(0.307770655025,-3.996783571072));
#7927 = CARTESIAN_POINT('',(0.30526976318,-3.83693802518));
#7928 = CARTESIAN_POINT('',(0.300909035014,-3.632454300466));
#7929 = CARTESIAN_POINT('',(0.299593779781,-3.57718720906));
#7930 = CARTESIAN_POINT('',(0.298182806876,-3.524096294186));
#7931 = CARTESIAN_POINT('',(0.296677319626,-3.473481896177));
#7932 = CARTESIAN_POINT('',(0.295079134313,-3.425659515669));
#7933 = CARTESIAN_POINT('',(0.290043866491,-3.29235641936));
#7934 = CARTESIAN_POINT('',(0.286315775302,-3.215318409529));
#7935 = CARTESIAN_POINT('',(0.282260959028,-3.154013726134));
#7936 = CARTESIAN_POINT('',(0.277963616534,-3.111578556882));
#7937 = CARTESIAN_POINT('',(0.273525420472,-3.09));
#7938 = CARTESIAN_POINT('',(0.269053976944,-3.09));
#7939 = ( GEOMETRIC_REPRESENTATION_CONTEXT(2) 
PARAMETRIC_REPRESENTATION_CONTEXT() REPRESENTATION_CONTEXT('2D SPACE',''
  ) );
#7940 = PCURVE('',#7941,#7946);
#7941 = CYLINDRICAL_SURFACE('',#7942,1.6);
#7942 = AXIS2_PLACEMENT_3D('',#7943,#7944,#7945);
#7943 = CARTESIAN_POINT('',(28.,-10.46,5.74));
#7944 = DIRECTION('',(1.,0.,0.));
#7945 = DIRECTION('',(0.,-1.,0.));
#7946 = DEFINITIONAL_REPRESENTATION('',(#7947),#7965);
#7947 = B_SPLINE_CURVE_WITH_KNOTS('',6,(#7948,#7949,#7950,#7951,#7952,
    #7953,#7954,#7955,#7956,#7957,#7958,#7959,#7960,#7961,#7962,#7963,
    #7964),.UNSPECIFIED.,.F.,.F.,(7,5,5,7),(0.,0.463606240232,
    0.643469269818,1.),.UNSPECIFIED.);
#7948 = CARTESIAN_POINT('',(0.,9.456359940603));
#7949 = CARTESIAN_POINT('',(0.109879753396,9.456359940603));
#7950 = CARTESIAN_POINT('',(0.219795955734,9.463823665819));
#7951 = CARTESIAN_POINT('',(0.330534041524,9.478760627619));
#7952 = CARTESIAN_POINT('',(0.442828608273,9.501146676168));
#7953 = CARTESIAN_POINT('',(0.557457624943,9.530873905846));
#7954 = CARTESIAN_POINT('',(0.721216400542,9.581932314239));
#7955 = CARTESIAN_POINT('',(0.767490779466,9.597265240633));
#7956 = CARTESIAN_POINT('',(0.814292192477,9.613632056495));
#7957 = CARTESIAN_POINT('',(0.861650264522,9.630996288879));
#7958 = CARTESIAN_POINT('',(0.909600264483,9.649312520322));
#7959 = CARTESIAN_POINT('',(1.054493610931,9.706613910448));
#7960 = CARTESIAN_POINT('',(1.154066262524,9.748533105083));
#7961 = CARTESIAN_POINT('',(1.255997252288,9.793448152468));
#7962 = CARTESIAN_POINT('',(1.359715330004,9.840192332296));
#7963 = CARTESIAN_POINT('',(1.464783159649,9.887525847219));
#7964 = CARTESIAN_POINT('',(1.570796326795,9.934297146514));
#7965 = ( GEOMETRIC_REPRESENTATION_CONTEXT(2) 
PARAMETRIC_REPRESENTATION_CONTEXT() REPRESENTATION_CONTEXT('2D SPACE',''
  ) );
#7966 = ORIENTED_EDGE('',*,*,#7967,.F.);
#7967 = EDGE_CURVE('',#6934,#7898,#7968,.T.);
#7968 = SURFACE_CURVE('',#7969,(#7973,#7979),.PCURVE_S1.);
#7969 = LINE('',#7970,#7971);
#7970 = CARTESIAN_POINT('',(37.456359940603,-12.06,1.05));
#7971 = VECTOR('',#7972,1.);
#7972 = DIRECTION('',(-0.,-0.,-1.));
#7973 = PCURVE('',#2760,#7974);
#7974 = DEFINITIONAL_REPRESENTATION('',(#7975),#7978);
#7975 = B_SPLINE_CURVE_WITH_KNOTS('',1,(#7976,#7977),.UNSPECIFIED.,.F.,
  .F.,(2,2),(-4.9500006,-4.664),.PIECEWISE_BEZIER_KNOTS.);
#7976 = CARTESIAN_POINT('',(0.311493183864,-4.9500006));
#7977 = CARTESIAN_POINT('',(0.311493183864,-4.664));
#7978 = ( GEOMETRIC_REPRESENTATION_CONTEXT(2) 
PARAMETRIC_REPRESENTATION_CONTEXT() REPRESENTATION_CONTEXT('2D SPACE',''
  ) );
#7979 = PCURVE('',#7980,#7985);
#7980 = PLANE('',#7981);
#7981 = AXIS2_PLACEMENT_3D('',#7982,#7983,#7984);
#7982 = CARTESIAN_POINT('',(28.,-12.06,4.14));
#7983 = DIRECTION('',(0.,1.,0.));
#7984 = DIRECTION('',(0.,0.,1.));
#7985 = DEFINITIONAL_REPRESENTATION('',(#7986),#7989);
#7986 = B_SPLINE_CURVE_WITH_KNOTS('',1,(#7987,#7988),.UNSPECIFIED.,.F.,
  .F.,(2,2),(-4.9500006,-4.664),.PIECEWISE_BEZIER_KNOTS.);
#7987 = CARTESIAN_POINT('',(1.8600006,9.456359940603));
#7988 = CARTESIAN_POINT('',(1.574,9.456359940603));
#7989 = ( GEOMETRIC_REPRESENTATION_CONTEXT(2) 
PARAMETRIC_REPRESENTATION_CONTEXT() REPRESENTATION_CONTEXT('2D SPACE',''
  ) );
#7990 = ORIENTED_EDGE('',*,*,#6961,.T.);
#7991 = ORIENTED_EDGE('',*,*,#7992,.T.);
#7992 = EDGE_CURVE('',#6910,#7993,#7995,.T.);
#7993 = VERTEX_POINT('',#7994);
#7994 = CARTESIAN_POINT('',(32.83775620348,-21.68188800637,5.24));
#7995 = SURFACE_CURVE('',#7996,(#8000,#8006),.PCURVE_S1.);
#7996 = LINE('',#7997,#7998);
#7997 = CARTESIAN_POINT('',(32.83775620348,-21.68188800637,1.05));
#7998 = VECTOR('',#7999,1.);
#7999 = DIRECTION('',(-0.,-0.,-1.));
#8000 = PCURVE('',#2760,#8001);
#8001 = DEFINITIONAL_REPRESENTATION('',(#8002),#8005);
#8002 = B_SPLINE_CURVE_WITH_KNOTS('',1,(#8003,#8004),.UNSPECIFIED.,.F.,
  .F.,(2,2),(-4.9500006,-4.114),.PIECEWISE_BEZIER_KNOTS.);
#8003 = CARTESIAN_POINT('',(0.583563236687,-4.9500006));
#8004 = CARTESIAN_POINT('',(0.583563236687,-4.114));
#8005 = ( GEOMETRIC_REPRESENTATION_CONTEXT(2) 
PARAMETRIC_REPRESENTATION_CONTEXT() REPRESENTATION_CONTEXT('2D SPACE',''
  ) );
#8006 = PCURVE('',#8007,#8012);
#8007 = PLANE('',#8008);
#8008 = AXIS2_PLACEMENT_3D('',#8009,#8010,#8011);
#8009 = CARTESIAN_POINT('',(23.871337137603,-12.3968892575,4.14));
#8010 = DIRECTION('',(0.719339800339,0.694658370459,0.));
#8011 = DIRECTION('',(0.,0.,1.));
#8012 = DEFINITIONAL_REPRESENTATION('',(#8013),#8016);
#8013 = B_SPLINE_CURVE_WITH_KNOTS('',1,(#8014,#8015),.UNSPECIFIED.,.F.,
  .F.,(2,2),(-4.9500006,-4.114),.PIECEWISE_BEZIER_KNOTS.);
#8014 = CARTESIAN_POINT('',(1.8600006,12.907667203307));
#8015 = CARTESIAN_POINT('',(1.024,12.907667203307));
#8016 = ( GEOMETRIC_REPRESENTATION_CONTEXT(2) 
PARAMETRIC_REPRESENTATION_CONTEXT() REPRESENTATION_CONTEXT('2D SPACE',''
  ) );
#8017 = ORIENTED_EDGE('',*,*,#8018,.T.);
#8018 = EDGE_CURVE('',#7993,#6607,#8019,.T.);
#8019 = SURFACE_CURVE('',#8020,(#8035,#8053),.PCURVE_S1.);
#8020 = B_SPLINE_CURVE_WITH_KNOTS('',7,(#8021,#8022,#8023,#8024,#8025,
    #8026,#8027,#8028,#8029,#8030,#8031,#8032,#8033,#8034),
  .UNSPECIFIED.,.F.,.F.,(8,6,8),(0.,0.611879290385,1.),.UNSPECIFIED.);
#8021 = CARTESIAN_POINT('',(32.83775620348,-21.68188800637,5.24));
#8022 = CARTESIAN_POINT('',(32.83775620348,-21.68188800637,5.10256075143
    ));
#8023 = CARTESIAN_POINT('',(32.826446546541,-21.69901672293,
    4.964887672069));
#8024 = CARTESIAN_POINT('',(32.803756975136,-21.73338084288,
    4.829458157389));
#8025 = CARTESIAN_POINT('',(32.769498842978,-21.78514268811,
    4.698929869301));
#8026 = CARTESIAN_POINT('',(32.723462344256,-21.85437320373,
    4.576359740692));
#8027 = CARTESIAN_POINT('',(32.665475637659,-21.9409373134,
    4.465402817396));
#8028 = CARTESIAN_POINT('',(32.551384369782,-22.10963870366,
    4.310840745276));
#8029 = CARTESIAN_POINT('',(32.502141419856,-22.1821211036,4.25716687766
    ));
#8030 = CARTESIAN_POINT('',(32.44839919027,-22.26079720117,
    4.211826307134));
#8031 = CARTESIAN_POINT('',(32.390873423084,-22.34447949024,
    4.176449538432));
#8032 = CARTESIAN_POINT('',(32.330477090233,-22.43172817419,
    4.152250561703));
#8033 = CARTESIAN_POINT('',(32.268263571395,-22.52096017253,4.14));
#8034 = CARTESIAN_POINT('',(32.205369035495,-22.61054411745,4.14));
#8035 = PCURVE('',#2760,#8036);
#8036 = DEFINITIONAL_REPRESENTATION('',(#8037),#8052);
#8037 = B_SPLINE_CURVE_WITH_KNOTS('',7,(#8038,#8039,#8040,#8041,#8042,
    #8043,#8044,#8045,#8046,#8047,#8048,#8049,#8050,#8051),
  .UNSPECIFIED.,.F.,.F.,(8,6,8),(0.,0.611879290385,1.),.UNSPECIFIED.);
#8038 = CARTESIAN_POINT('',(0.583563236687,-4.19));
#8039 = CARTESIAN_POINT('',(0.583563236687,-4.05256075143));
#8040 = CARTESIAN_POINT('',(0.584084853622,-3.914887672069));
#8041 = CARTESIAN_POINT('',(0.585131333512,-3.779458157389));
#8042 = CARTESIAN_POINT('',(0.586708761297,-3.648929869301));
#8043 = CARTESIAN_POINT('',(0.588821577109,-3.526359740692));
#8044 = CARTESIAN_POINT('',(0.59146935771,-3.415402817396));
#8045 = CARTESIAN_POINT('',(0.596644935119,-3.260840745276));
#8046 = CARTESIAN_POINT('',(0.598871802607,-3.20716687766));
#8047 = CARTESIAN_POINT('',(0.601293120085,-3.161826307134));
#8048 = CARTESIAN_POINT('',(0.603873726396,-3.126449538432));
#8049 = CARTESIAN_POINT('',(0.60657035739,-3.102250561703));
#8050 = CARTESIAN_POINT('',(0.609334739223,-3.09));
#8051 = CARTESIAN_POINT('',(0.612116385502,-3.09));
#8052 = ( GEOMETRIC_REPRESENTATION_CONTEXT(2) 
PARAMETRIC_REPRESENTATION_CONTEXT() REPRESENTATION_CONTEXT('2D SPACE',''
  ) );
#8053 = PCURVE('',#6626,#8054);
#8054 = DEFINITIONAL_REPRESENTATION('',(#8055),#8070);
#8055 = B_SPLINE_CURVE_WITH_KNOTS('',7,(#8056,#8057,#8058,#8059,#8060,
    #8061,#8062,#8063,#8064,#8065,#8066,#8067,#8068,#8069),
  .UNSPECIFIED.,.F.,.F.,(8,6,8),(0.,0.611879290385,1.),.UNSPECIFIED.);
#8056 = CARTESIAN_POINT('',(0.,12.907667203307));
#8057 = CARTESIAN_POINT('',(-0.124944771427,12.907667203307));
#8058 = CARTESIAN_POINT('',(-0.25010167918,12.912132223001));
#8059 = CARTESIAN_POINT('',(-0.376407331409,12.921090201483));
#8060 = CARTESIAN_POINT('',(-0.504671710547,12.934526858636));
#8061 = CARTESIAN_POINT('',(-0.635804835442,12.952347484741));
#8062 = CARTESIAN_POINT('',(-0.770786513024,12.97433554299));
#8063 = CARTESIAN_POINT('',(-1.000039829358,13.016434713149));
#8064 = CARTESIAN_POINT('',(-1.091558610773,13.0343671609));
#8065 = CARTESIAN_POINT('',(-1.185001512276,13.053629519591));
#8066 = CARTESIAN_POINT('',(-1.279940616028,13.073864765009));
#8067 = CARTESIAN_POINT('',(-1.376059180516,13.09467139774));
#8068 = CARTESIAN_POINT('',(-1.473093799432,13.115642383991));
#8069 = CARTESIAN_POINT('',(-1.570796326795,13.136393465229));
#8070 = ( GEOMETRIC_REPRESENTATION_CONTEXT(2) 
PARAMETRIC_REPRESENTATION_CONTEXT() REPRESENTATION_CONTEXT('2D SPACE',''
  ) );
#8071 = ORIENTED_EDGE('',*,*,#6640,.T.);
#8072 = ORIENTED_EDGE('',*,*,#6467,.T.);
#8073 = ORIENTED_EDGE('',*,*,#6349,.F.);
#8074 = ORIENTED_EDGE('',*,*,#8075,.T.);
#8075 = EDGE_CURVE('',#6324,#8076,#8078,.T.);
#8076 = VERTEX_POINT('',#8077);
#8077 = CARTESIAN_POINT('',(21.472819214442,-32.9748470047,4.14));
#8078 = SURFACE_CURVE('',#8079,(#8084,#8091),.PCURVE_S1.);
#8079 = CIRCLE('',#8080,39.35);
#8080 = AXIS2_PLACEMENT_3D('',#8081,#8082,#8083);
#8081 = CARTESIAN_POINT('',(0.,0.,4.14));
#8082 = DIRECTION('',(0.,0.,-1.));
#8083 = DIRECTION('',(1.,0.,0.));
#8084 = PCURVE('',#2760,#8085);
#8085 = DEFINITIONAL_REPRESENTATION('',(#8086),#8090);
#8086 = LINE('',#8087,#8088);
#8087 = CARTESIAN_POINT('',(0.,-3.09));
#8088 = VECTOR('',#8089,1.);
#8089 = DIRECTION('',(1.,0.));
#8090 = ( GEOMETRIC_REPRESENTATION_CONTEXT(2) 
PARAMETRIC_REPRESENTATION_CONTEXT() REPRESENTATION_CONTEXT('2D SPACE',''
  ) );
#8091 = PCURVE('',#6338,#8092);
#8092 = DEFINITIONAL_REPRESENTATION('',(#8093),#8101);
#8093 = ( BOUNDED_CURVE() B_SPLINE_CURVE(2,(#8094,#8095,#8096,#8097,
#8098,#8099,#8100),.UNSPECIFIED.,.T.,.F.) B_SPLINE_CURVE_WITH_KNOTS((1,2
    ,2,2,2,1),(-2.094395102393,0.,2.094395102393,4.188790204786,
6.28318530718,8.377580409573),.UNSPECIFIED.) CURVE() 
GEOMETRIC_REPRESENTATION_ITEM() RATIONAL_B_SPLINE_CURVE((1.,0.5,1.,0.5,
1.,0.5,1.)) REPRESENTATION_ITEM('') );
#8094 = CARTESIAN_POINT('',(1.834806877562,36.866021143326));
#8095 = CARTESIAN_POINT('',(50.862273657921,-10.47925318369));
#8096 = CARTESIAN_POINT('',(-14.6536700486,-29.26564773517));
#8097 = CARTESIAN_POINT('',(-80.16961375512,-48.05204228665));
#8098 = CARTESIAN_POINT('',(-63.68113682896,18.079626591847));
#8099 = CARTESIAN_POINT('',(-47.19265990279,84.211295470346));
#8100 = CARTESIAN_POINT('',(1.834806877562,36.866021143326));
#8101 = ( GEOMETRIC_REPRESENTATION_CONTEXT(2) 
PARAMETRIC_REPRESENTATION_CONTEXT() REPRESENTATION_CONTEXT('2D SPACE',''
  ) );
#8102 = ORIENTED_EDGE('',*,*,#8103,.F.);
#8103 = EDGE_CURVE('',#8104,#8076,#8106,.T.);
#8104 = VERTEX_POINT('',#8105);
#8105 = CARTESIAN_POINT('',(20.522658821682,-33.57443930862,5.24));
#8106 = SURFACE_CURVE('',#8107,(#8125,#8146),.PCURVE_S1.);
#8107 = B_SPLINE_CURVE_WITH_KNOTS('',6,(#8108,#8109,#8110,#8111,#8112,
    #8113,#8114,#8115,#8116,#8117,#8118,#8119,#8120,#8121,#8122,#8123,
    #8124),.UNSPECIFIED.,.F.,.F.,(7,5,5,7),(0.,0.450726158294,
    0.621204344038,1.),.UNSPECIFIED.);
#8108 = CARTESIAN_POINT('',(20.522658821682,-33.57443930862,5.24));
#8109 = CARTESIAN_POINT('',(20.522658821682,-33.57443930862,
    5.121702906505));
#8110 = CARTESIAN_POINT('',(20.53600421669,-33.56628185923,
    5.003350853658));
#8111 = CARTESIAN_POINT('',(20.562717697433,-33.54995285076,
    4.886643728419));
#8112 = CARTESIAN_POINT('',(20.602900198305,-33.52533674029,
    4.773353732553));
#8113 = CARTESIAN_POINT('',(20.656648994197,-33.49226205547,
    4.665534030433));
#8114 = CARTESIAN_POINT('',(20.749385386328,-33.43480824508,
    4.528080679422));
#8115 = CARTESIAN_POINT('',(20.776767428361,-33.41781184566,
    4.49152283464));
#8116 = CARTESIAN_POINT('',(20.806061896998,-33.39958925961,
    4.456295101045));
#8117 = CARTESIAN_POINT('',(20.837238133972,-33.38014918364,
    4.422569738171));
#8118 = CARTESIAN_POINT('',(20.870254091074,-33.35950661475,
    4.39052526856));
#8119 = CARTESIAN_POINT('',(20.982383768476,-33.28919347614,
    4.29329170328));
#8120 = CARTESIAN_POINT('',(21.069177212788,-33.23446791207,
    4.234886556799));
#8121 = CARTESIAN_POINT('',(21.164020618849,-33.17425578884,
    4.188410312231));
#8122 = CARTESIAN_POINT('',(21.264686794141,-33.10981681509,
    4.156288041194));
#8123 = CARTESIAN_POINT('',(21.368533671198,-33.04275648178,4.14));
#8124 = CARTESIAN_POINT('',(21.472819214442,-32.9748470047,4.14));
#8125 = PCURVE('',#2760,#8126);
#8126 = DEFINITIONAL_REPRESENTATION('',(#8127),#8145);
#8127 = B_SPLINE_CURVE_WITH_KNOTS('',6,(#8128,#8129,#8130,#8131,#8132,
    #8133,#8134,#8135,#8136,#8137,#8138,#8139,#8140,#8141,#8142,#8143,
    #8144),.UNSPECIFIED.,.F.,.F.,(7,5,5,7),(0.,0.450726158294,
    0.621204344038,1.),.UNSPECIFIED.);
#8128 = CARTESIAN_POINT('',(1.022139675148,-4.19));
#8129 = CARTESIAN_POINT('',(1.022139675148,-4.071702906505));
#8130 = CARTESIAN_POINT('',(1.021742188858,-3.953350853658));
#8131 = CARTESIAN_POINT('',(1.020946537308,-3.836643728419));
#8132 = CARTESIAN_POINT('',(1.019749000392,-3.723353732553));
#8133 = CARTESIAN_POINT('',(1.018145196652,-3.615534030433));
#8134 = CARTESIAN_POINT('',(1.015372855936,-3.478080679422));
#8135 = CARTESIAN_POINT('',(1.014553843458,-3.44152283464));
#8136 = CARTESIAN_POINT('',(1.01367710487,-3.406295101045));
#8137 = CARTESIAN_POINT('',(1.012743417476,-3.372569738171));
#8138 = CARTESIAN_POINT('',(1.011753888079,-3.34052526856));
#8139 = CARTESIAN_POINT('',(1.008390436706,-3.24329170328));
#8140 = CARTESIAN_POINT('',(1.00578292263,-3.184886556799));
#8141 = CARTESIAN_POINT('',(1.002927996686,-3.138410312231));
#8142 = CARTESIAN_POINT('',(0.999890566193,-3.106288041194));
#8143 = CARTESIAN_POINT('',(0.996749104865,-3.09));
#8144 = CARTESIAN_POINT('',(0.993586526333,-3.09));
#8145 = ( GEOMETRIC_REPRESENTATION_CONTEXT(2) 
PARAMETRIC_REPRESENTATION_CONTEXT() REPRESENTATION_CONTEXT('2D SPACE',''
  ) );
#8146 = PCURVE('',#8147,#8152);
#8147 = CYLINDRICAL_SURFACE('',#8148,1.1);
#8148 = AXIS2_PLACEMENT_3D('',#8149,#8150,#8151);
#8149 = CARTESIAN_POINT('',(12.347513536178,-23.52531635226,5.24));
#8150 = DIRECTION('',(0.694658370459,-0.719339800339,0.));
#8151 = DIRECTION('',(-0.719339800339,-0.694658370459,0.));
#8152 = DEFINITIONAL_REPRESENTATION('',(#8153),#8171);
#8153 = B_SPLINE_CURVE_WITH_KNOTS('',6,(#8154,#8155,#8156,#8157,#8158,
    #8159,#8160,#8161,#8162,#8163,#8164,#8165,#8166,#8167,#8168,#8169,
    #8170),.UNSPECIFIED.,.F.,.F.,(7,5,5,7),(0.,0.450726158294,
    0.621204344038,1.),.UNSPECIFIED.);
#8154 = CARTESIAN_POINT('',(0.,12.907667203307));
#8155 = CARTESIAN_POINT('',(0.107542812268,12.907667203307));
#8156 = CARTESIAN_POINT('',(0.215136447452,12.911069715637));
#8157 = CARTESIAN_POINT('',(0.323468703539,12.917880352945));
#8158 = CARTESIAN_POINT('',(0.433196099435,12.928086115534));
#8159 = CARTESIAN_POINT('',(0.544990816174,12.941631229327));
#8160 = CARTESIAN_POINT('',(0.703133952484,12.964722527871));
#8161 = CARTESIAN_POINT('',(0.746947739689,12.971517506004));
#8162 = CARTESIAN_POINT('',(0.791194428376,12.978758922441));
#8163 = CARTESIAN_POINT('',(0.835895592029,12.986431736046));
#8164 = CARTESIAN_POINT('',(0.881076997233,12.994517525625));
#8165 = CARTESIAN_POINT('',(1.02829747137,13.021830305523));
#8166 = CARTESIAN_POINT('',(1.133202156969,13.042755821777));
#8167 = CARTESIAN_POINT('',(1.24046202126,13.065326610983));
#8168 = CARTESIAN_POINT('',(1.349455013782,13.088901693761));
#8169 = CARTESIAN_POINT('',(1.459713937213,13.112800629378));
#8170 = CARTESIAN_POINT('',(1.570796326795,13.136393465229));
#8171 = ( GEOMETRIC_REPRESENTATION_CONTEXT(2) 
PARAMETRIC_REPRESENTATION_CONTEXT() REPRESENTATION_CONTEXT('2D SPACE',''
  ) );
#8172 = ORIENTED_EDGE('',*,*,#8173,.F.);
#8173 = EDGE_CURVE('',#5526,#8104,#8174,.T.);
#8174 = SURFACE_CURVE('',#8175,(#8179,#8185),.PCURVE_S1.);
#8175 = LINE('',#8176,#8177);
#8176 = CARTESIAN_POINT('',(20.522658821682,-33.57443930862,1.05));
#8177 = VECTOR('',#8178,1.);
#8178 = DIRECTION('',(-0.,-0.,-1.));
#8179 = PCURVE('',#2760,#8180);
#8180 = DEFINITIONAL_REPRESENTATION('',(#8181),#8184);
#8181 = B_SPLINE_CURVE_WITH_KNOTS('',1,(#8182,#8183),.UNSPECIFIED.,.F.,
  .F.,(2,2),(-4.9500006,-4.114),.PIECEWISE_BEZIER_KNOTS.);
#8182 = CARTESIAN_POINT('',(1.022139675148,-4.9500006));
#8183 = CARTESIAN_POINT('',(1.022139675148,-4.114));
#8184 = ( GEOMETRIC_REPRESENTATION_CONTEXT(2) 
PARAMETRIC_REPRESENTATION_CONTEXT() REPRESENTATION_CONTEXT('2D SPACE',''
  ) );
#8185 = PCURVE('',#8186,#8191);
#8186 = PLANE('',#8187);
#8187 = AXIS2_PLACEMENT_3D('',#8188,#8189,#8190);
#8188 = CARTESIAN_POINT('',(11.556239755806,-24.28944055976,4.14));
#8189 = DIRECTION('',(0.719339800339,0.694658370459,0.));
#8190 = DIRECTION('',(0.,0.,1.));
#8191 = DEFINITIONAL_REPRESENTATION('',(#8192),#8195);
#8192 = B_SPLINE_CURVE_WITH_KNOTS('',1,(#8193,#8194),.UNSPECIFIED.,.F.,
  .F.,(2,2),(-4.9500006,-4.114),.PIECEWISE_BEZIER_KNOTS.);
#8193 = CARTESIAN_POINT('',(1.8600006,12.907667203307));
#8194 = CARTESIAN_POINT('',(1.024,12.907667203307));
#8195 = ( GEOMETRIC_REPRESENTATION_CONTEXT(2) 
PARAMETRIC_REPRESENTATION_CONTEXT() REPRESENTATION_CONTEXT('2D SPACE',''
  ) );
#8196 = ORIENTED_EDGE('',*,*,#5553,.T.);
#8197 = ORIENTED_EDGE('',*,*,#8198,.T.);
#8198 = EDGE_CURVE('',#5554,#8199,#8201,.T.);
#8199 = VERTEX_POINT('',#8200);
#8200 = CARTESIAN_POINT('',(15.823439670527,-36.02833963691,1.05));
#8201 = SURFACE_CURVE('',#8202,(#8206,#8212),.PCURVE_S1.);
#8202 = LINE('',#8203,#8204);
#8203 = CARTESIAN_POINT('',(15.823439670527,-36.02833963691,1.05));
#8204 = VECTOR('',#8205,1.);
#8205 = DIRECTION('',(-0.,-0.,-1.));
#8206 = PCURVE('',#2760,#8207);
#8207 = DEFINITIONAL_REPRESENTATION('',(#8208),#8211);
#8208 = B_SPLINE_CURVE_WITH_KNOTS('',1,(#8209,#8210),.UNSPECIFIED.,.F.,
  .F.,(2,2),(-4.9500006,5.999999999062E-07),.PIECEWISE_BEZIER_KNOTS.);
#8209 = CARTESIAN_POINT('',(1.156964709812,-4.9500006));
#8210 = CARTESIAN_POINT('',(1.156964709812,5.999999999062E-07));
#8211 = ( GEOMETRIC_REPRESENTATION_CONTEXT(2) 
PARAMETRIC_REPRESENTATION_CONTEXT() REPRESENTATION_CONTEXT('2D SPACE',''
  ) );
#8212 = PCURVE('',#5598,#8213);
#8213 = DEFINITIONAL_REPRESENTATION('',(#8214),#8217);
#8214 = B_SPLINE_CURVE_WITH_KNOTS('',1,(#8215,#8216),.UNSPECIFIED.,.F.,
  .F.,(2,2),(-4.9500006,5.999999999062E-07),.PIECEWISE_BEZIER_KNOTS.);
#8215 = CARTESIAN_POINT('',(5.654057601552,-4.9500006));
#8216 = CARTESIAN_POINT('',(5.654057601552,5.999999999062E-07));
#8217 = ( GEOMETRIC_REPRESENTATION_CONTEXT(2) 
PARAMETRIC_REPRESENTATION_CONTEXT() REPRESENTATION_CONTEXT('2D SPACE',''
  ) );
#8218 = ORIENTED_EDGE('',*,*,#8219,.F.);
#8219 = EDGE_CURVE('',#7540,#8199,#8220,.T.);
#8220 = SURFACE_CURVE('',#8221,(#8226,#8233),.PCURVE_S1.);
#8221 = CIRCLE('',#8222,39.35);
#8222 = AXIS2_PLACEMENT_3D('',#8223,#8224,#8225);
#8223 = CARTESIAN_POINT('',(0.,0.,1.05));
#8224 = DIRECTION('',(0.,0.,-1.));
#8225 = DIRECTION('',(0.40212044906,0.915586776034,0.));
#8226 = PCURVE('',#2760,#8227);
#8227 = DEFINITIONAL_REPRESENTATION('',(#8228),#8232);
#8228 = LINE('',#8229,#8230);
#8229 = CARTESIAN_POINT('',(-1.156964709811,0.));
#8230 = VECTOR('',#8231,1.);
#8231 = DIRECTION('',(1.,-0.));
#8232 = ( GEOMETRIC_REPRESENTATION_CONTEXT(2) 
PARAMETRIC_REPRESENTATION_CONTEXT() REPRESENTATION_CONTEXT('2D SPACE',''
  ) );
#8233 = PCURVE('',#8234,#8239);
#8234 = PLANE('',#8235);
#8235 = AXIS2_PLACEMENT_3D('',#8236,#8237,#8238);
#8236 = CARTESIAN_POINT('',(-3.336067413565E-15,6.177165574951E-16,1.05)
  );
#8237 = DIRECTION('',(0.,0.,1.));
#8238 = DIRECTION('',(1.,0.,-0.));
#8239 = DEFINITIONAL_REPRESENTATION('',(#8240),#8248);
#8240 = ( BOUNDED_CURVE() B_SPLINE_CURVE(2,(#8241,#8242,#8243,#8244,
#8245,#8246,#8247),.UNSPECIFIED.,.T.,.F.) B_SPLINE_CURVE_WITH_KNOTS((1,2
    ,2,2,2,1),(-2.094395102393,0.,2.094395102393,4.188790204786,
6.28318530718,8.377580409573),.UNSPECIFIED.) CURVE() 
GEOMETRIC_REPRESENTATION_ITEM() RATIONAL_B_SPLINE_CURVE((1.,0.5,1.,0.5,
1.,0.5,1.)) REPRESENTATION_ITEM('') );
#8241 = CARTESIAN_POINT('',(15.823439670507,36.028339636928));
#8242 = CARTESIAN_POINT('',(78.226354434014,8.62133817711));
#8243 = CARTESIAN_POINT('',(23.2897375465,-31.71767054837));
#8244 = CARTESIAN_POINT('',(-31.64687934101,-72.05667927385));
#8245 = CARTESIAN_POINT('',(-39.113177217,-4.310669088555));
#8246 = CARTESIAN_POINT('',(-46.579475093,63.435341096746));
#8247 = CARTESIAN_POINT('',(15.823439670507,36.028339636928));
#8248 = ( GEOMETRIC_REPRESENTATION_CONTEXT(2) 
PARAMETRIC_REPRESENTATION_CONTEXT() REPRESENTATION_CONTEXT('2D SPACE',''
  ) );
#8249 = ADVANCED_FACE('',(#8250),#2729,.T.);
#8250 = FACE_BOUND('',#8251,.T.);
#8251 = EDGE_LOOP('',(#8252,#8253,#8254,#8282));
#8252 = ORIENTED_EDGE('',*,*,#2713,.F.);
#8253 = ORIENTED_EDGE('',*,*,#2775,.T.);
#8254 = ORIENTED_EDGE('',*,*,#8255,.T.);
#8255 = EDGE_CURVE('',#2776,#8256,#8258,.T.);
#8256 = VERTEX_POINT('',#8257);
#8257 = CARTESIAN_POINT('',(34.818795559789,18.332320523207,6.));
#8258 = SURFACE_CURVE('',#8259,(#8263,#8270),.PCURVE_S1.);
#8259 = LINE('',#8260,#8261);
#8260 = CARTESIAN_POINT('',(17.352329379621,1.465150197471,6.));
#8261 = VECTOR('',#8262,1.);
#8262 = DIRECTION('',(-0.719339800339,-0.694658370459,0.));
#8263 = PCURVE('',#2729,#8264);
#8264 = DEFINITIONAL_REPRESENTATION('',(#8265),#8269);
#8265 = LINE('',#8266,#8267);
#8266 = CARTESIAN_POINT('',(17.352329379621,1.465150197471));
#8267 = VECTOR('',#8268,1.);
#8268 = DIRECTION('',(-0.719339800339,-0.694658370459));
#8269 = ( GEOMETRIC_REPRESENTATION_CONTEXT(2) 
PARAMETRIC_REPRESENTATION_CONTEXT() REPRESENTATION_CONTEXT('2D SPACE',''
  ) );
#8270 = PCURVE('',#8271,#8276);
#8271 = PLANE('',#8272);
#8272 = AXIS2_PLACEMENT_3D('',#8273,#8274,#8275);
#8273 = CARTESIAN_POINT('',(-4.118407928589E-15,3.242876655026E-16,6.));
#8274 = DIRECTION('',(0.,0.,1.));
#8275 = DIRECTION('',(1.,0.,-0.));
#8276 = DEFINITIONAL_REPRESENTATION('',(#8277),#8281);
#8277 = LINE('',#8278,#8279);
#8278 = CARTESIAN_POINT('',(17.352329379621,1.465150197471));
#8279 = VECTOR('',#8280,1.);
#8280 = DIRECTION('',(-0.719339800339,-0.694658370459));
#8281 = ( GEOMETRIC_REPRESENTATION_CONTEXT(2) 
PARAMETRIC_REPRESENTATION_CONTEXT() REPRESENTATION_CONTEXT('2D SPACE',''
  ) );
#8282 = ORIENTED_EDGE('',*,*,#8283,.T.);
#8283 = EDGE_CURVE('',#8256,#2714,#8284,.T.);
#8284 = SURFACE_CURVE('',#8285,(#8290,#8301),.PCURVE_S1.);
#8285 = CIRCLE('',#8286,39.35);
#8286 = AXIS2_PLACEMENT_3D('',#8287,#8288,#8289);
#8287 = CARTESIAN_POINT('',(0.,0.,6.));
#8288 = DIRECTION('',(0.,0.,-1.));
#8289 = DIRECTION('',(0.40212044906,0.915586776034,0.));
#8290 = PCURVE('',#2729,#8291);
#8291 = DEFINITIONAL_REPRESENTATION('',(#8292),#8300);
#8292 = ( BOUNDED_CURVE() B_SPLINE_CURVE(2,(#8293,#8294,#8295,#8296,
#8297,#8298,#8299),.UNSPECIFIED.,.T.,.F.) B_SPLINE_CURVE_WITH_KNOTS((1,2
    ,2,2,2,1),(-2.094395102393,0.,2.094395102393,4.188790204786,
6.28318530718,8.377580409573),.UNSPECIFIED.) CURVE() 
GEOMETRIC_REPRESENTATION_ITEM() RATIONAL_B_SPLINE_CURVE((1.,0.5,1.,0.5,
1.,0.5,1.)) REPRESENTATION_ITEM('') );
#8293 = CARTESIAN_POINT('',(15.823439670507,36.028339636928));
#8294 = CARTESIAN_POINT('',(78.226354434014,8.62133817711));
#8295 = CARTESIAN_POINT('',(23.2897375465,-31.71767054837));
#8296 = CARTESIAN_POINT('',(-31.64687934101,-72.05667927385));
#8297 = CARTESIAN_POINT('',(-39.113177217,-4.310669088555));
#8298 = CARTESIAN_POINT('',(-46.579475093,63.435341096746));
#8299 = CARTESIAN_POINT('',(15.823439670507,36.028339636928));
#8300 = ( GEOMETRIC_REPRESENTATION_CONTEXT(2) 
PARAMETRIC_REPRESENTATION_CONTEXT() REPRESENTATION_CONTEXT('2D SPACE',''
  ) );
#8301 = PCURVE('',#8271,#8302);
#8302 = DEFINITIONAL_REPRESENTATION('',(#8303),#8311);
#8303 = ( BOUNDED_CURVE() B_SPLINE_CURVE(2,(#8304,#8305,#8306,#8307,
#8308,#8309,#8310),.UNSPECIFIED.,.T.,.F.) B_SPLINE_CURVE_WITH_KNOTS((1,2
    ,2,2,2,1),(-2.094395102393,0.,2.094395102393,4.188790204786,
6.28318530718,8.377580409573),.UNSPECIFIED.) CURVE() 
GEOMETRIC_REPRESENTATION_ITEM() RATIONAL_B_SPLINE_CURVE((1.,0.5,1.,0.5,
1.,0.5,1.)) REPRESENTATION_ITEM('') );
#8304 = CARTESIAN_POINT('',(15.823439670507,36.028339636928));
#8305 = CARTESIAN_POINT('',(78.226354434014,8.62133817711));
#8306 = CARTESIAN_POINT('',(23.2897375465,-31.71767054837));
#8307 = CARTESIAN_POINT('',(-31.64687934101,-72.05667927385));
#8308 = CARTESIAN_POINT('',(-39.113177217,-4.310669088555));
#8309 = CARTESIAN_POINT('',(-46.579475093,63.435341096746));
#8310 = CARTESIAN_POINT('',(15.823439670507,36.028339636928));
#8311 = ( GEOMETRIC_REPRESENTATION_CONTEXT(2) 
PARAMETRIC_REPRESENTATION_CONTEXT() REPRESENTATION_CONTEXT('2D SPACE',''
  ) );
#8312 = ADVANCED_FACE('',(#8313),#2852,.T.);
#8313 = FACE_BOUND('',#8314,.F.);
#8314 = EDGE_LOOP('',(#8315,#8316,#8340,#8366,#8421,#8454,#8509,#8535,
    #8562,#8563,#8564,#8565));
#8315 = ORIENTED_EDGE('',*,*,#3032,.F.);
#8316 = ORIENTED_EDGE('',*,*,#8317,.T.);
#8317 = EDGE_CURVE('',#2776,#8318,#8320,.T.);
#8318 = VERTEX_POINT('',#8319);
#8319 = CARTESIAN_POINT('',(34.47619967592,24.852397387497,6.));
#8320 = SURFACE_CURVE('',#8321,(#8326,#8333),.PCURVE_S1.);
#8321 = CIRCLE('',#8322,42.5);
#8322 = AXIS2_PLACEMENT_3D('',#8323,#8324,#8325);
#8323 = CARTESIAN_POINT('',(0.,0.,6.));
#8324 = DIRECTION('',(0.,0.,1.));
#8325 = DIRECTION('',(1.,0.,0.));
#8326 = PCURVE('',#2852,#8327);
#8327 = DEFINITIONAL_REPRESENTATION('',(#8328),#8332);
#8328 = LINE('',#8329,#8330);
#8329 = CARTESIAN_POINT('',(-0.,-4.95));
#8330 = VECTOR('',#8331,1.);
#8331 = DIRECTION('',(-1.,0.));
#8332 = ( GEOMETRIC_REPRESENTATION_CONTEXT(2) 
PARAMETRIC_REPRESENTATION_CONTEXT() REPRESENTATION_CONTEXT('2D SPACE',''
  ) );
#8333 = PCURVE('',#8271,#8334);
#8334 = DEFINITIONAL_REPRESENTATION('',(#8335),#8339);
#8335 = CIRCLE('',#8336,42.5);
#8336 = AXIS2_PLACEMENT_2D('',#8337,#8338);
#8337 = CARTESIAN_POINT('',(4.118407928589E-15,-3.242876655026E-16));
#8338 = DIRECTION('',(1.,0.));
#8339 = ( GEOMETRIC_REPRESENTATION_CONTEXT(2) 
PARAMETRIC_REPRESENTATION_CONTEXT() REPRESENTATION_CONTEXT('2D SPACE',''
  ) );
#8340 = ORIENTED_EDGE('',*,*,#8341,.T.);
#8341 = EDGE_CURVE('',#8318,#8342,#8344,.T.);
#8342 = VERTEX_POINT('',#8343);
#8343 = CARTESIAN_POINT('',(34.47619967592,24.852397387497,5.025));
#8344 = SURFACE_CURVE('',#8345,(#8349,#8355),.PCURVE_S1.);
#8345 = LINE('',#8346,#8347);
#8346 = CARTESIAN_POINT('',(34.47619967592,24.852397387497,1.05));
#8347 = VECTOR('',#8348,1.);
#8348 = DIRECTION('',(-0.,-0.,-1.));
#8349 = PCURVE('',#2852,#8350);
#8350 = DEFINITIONAL_REPRESENTATION('',(#8351),#8354);
#8351 = B_SPLINE_CURVE_WITH_KNOTS('',1,(#8352,#8353),.UNSPECIFIED.,.F.,
  .F.,(2,2),(-4.9500006,-3.715),.PIECEWISE_BEZIER_KNOTS.);
#8352 = CARTESIAN_POINT('',(-0.624586995302,-4.9500006));
#8353 = CARTESIAN_POINT('',(-0.624586995302,-3.715));
#8354 = ( GEOMETRIC_REPRESENTATION_CONTEXT(2) 
PARAMETRIC_REPRESENTATION_CONTEXT() REPRESENTATION_CONTEXT('2D SPACE',''
  ) );
#8355 = PCURVE('',#8356,#8361);
#8356 = PLANE('',#8357);
#8357 = AXIS2_PLACEMENT_3D('',#8358,#8359,#8360);
#8358 = CARTESIAN_POINT('',(30.624154034431,20.258422684785,4.525));
#8359 = DIRECTION('',(-0.76627082158,0.642517725822,0.));
#8360 = DIRECTION('',(0.,0.,1.));
#8361 = DEFINITIONAL_REPRESENTATION('',(#8362),#8365);
#8362 = B_SPLINE_CURVE_WITH_KNOTS('',1,(#8363,#8364),.UNSPECIFIED.,.F.,
  .F.,(2,2),(-4.9500006,-3.715),.PIECEWISE_BEZIER_KNOTS.);
#8363 = CARTESIAN_POINT('',(1.4750006,5.995236375096));
#8364 = CARTESIAN_POINT('',(0.24,5.995236375096));
#8365 = ( GEOMETRIC_REPRESENTATION_CONTEXT(2) 
PARAMETRIC_REPRESENTATION_CONTEXT() REPRESENTATION_CONTEXT('2D SPACE',''
  ) );
#8366 = ORIENTED_EDGE('',*,*,#8367,.T.);
#8367 = EDGE_CURVE('',#8342,#8368,#8370,.T.);
#8368 = VERTEX_POINT('',#8369);
#8369 = CARTESIAN_POINT('',(34.172489257418,25.26837901314,4.525));
#8370 = SURFACE_CURVE('',#8371,(#8384,#8400),.PCURVE_S1.);
#8371 = B_SPLINE_CURVE_WITH_KNOTS('',6,(#8372,#8373,#8374,#8375,#8376,
    #8377,#8378,#8379,#8380,#8381,#8382,#8383),.UNSPECIFIED.,.F.,.F.,(7,
    5,7),(0.,0.553328941836,1.),.UNSPECIFIED.);
#8372 = CARTESIAN_POINT('',(34.47619967592,24.852397387497,5.025));
#8373 = CARTESIAN_POINT('',(34.47619967592,24.852397387497,
    4.955470811217));
#8374 = CARTESIAN_POINT('',(34.469200292886,24.862107185597,
    4.885788500175));
#8375 = CARTESIAN_POINT('',(34.455142935527,24.881608162539,
    4.818171310875));
#8376 = CARTESIAN_POINT('',(34.434226167348,24.91058128242,
    4.754863075756));
#8377 = CARTESIAN_POINT('',(34.406876171858,24.948347350378,
    4.698057862687));
#8378 = CARTESIAN_POINT('',(34.347098485644,25.030559063557,
    4.611105249396));
#8379 = CARTESIAN_POINT('',(34.316630275278,25.072362704401,
    4.577878251304));
#8380 = CARTESIAN_POINT('',(34.282992292672,25.1183752767,4.551798689313
    ));
#8381 = CARTESIAN_POINT('',(34.247064090613,25.167337694736,
    4.533967173211));
#8382 = CARTESIAN_POINT('',(34.209869847118,25.217826193771,4.525));
#8383 = CARTESIAN_POINT('',(34.172489257418,25.26837901314,4.525));
#8384 = PCURVE('',#2852,#8385);
#8385 = DEFINITIONAL_REPRESENTATION('',(#8386),#8399);
#8386 = B_SPLINE_CURVE_WITH_KNOTS('',6,(#8387,#8388,#8389,#8390,#8391,
    #8392,#8393,#8394,#8395,#8396,#8397,#8398),.UNSPECIFIED.,.F.,.F.,(7,
    5,7),(0.,0.553328941836,1.),.UNSPECIFIED.);
#8387 = CARTESIAN_POINT('',(-0.624586995302,-3.975));
#8388 = CARTESIAN_POINT('',(-0.624586995302,-3.905470811217));
#8389 = CARTESIAN_POINT('',(-0.624868633135,-3.835788500175));
#8390 = CARTESIAN_POINT('',(-0.625434268477,-3.768171310875));
#8391 = CARTESIAN_POINT('',(-0.626275079191,-3.704863075756));
#8392 = CARTESIAN_POINT('',(-0.627372238792,-3.648057862687));
#8393 = CARTESIAN_POINT('',(-0.629763935796,-3.561105249396));
#8394 = CARTESIAN_POINT('',(-0.630981080424,-3.527878251304));
#8395 = CARTESIAN_POINT('',(-0.632322186631,-3.501798689313));
#8396 = CARTESIAN_POINT('',(-0.63375112811,-3.483967173211));
#8397 = CARTESIAN_POINT('',(-0.635226646977,-3.475));
#8398 = CARTESIAN_POINT('',(-0.636705989585,-3.475));
#8399 = ( GEOMETRIC_REPRESENTATION_CONTEXT(2) 
PARAMETRIC_REPRESENTATION_CONTEXT() REPRESENTATION_CONTEXT('2D SPACE',''
  ) );
#8400 = PCURVE('',#8401,#8406);
#8401 = CYLINDRICAL_SURFACE('',#8402,0.5);
#8402 = AXIS2_PLACEMENT_3D('',#8403,#8404,#8405);
#8403 = CARTESIAN_POINT('',(30.241018623641,20.579681547696,5.025));
#8404 = DIRECTION('',(0.642517725822,0.76627082158,0.));
#8405 = DIRECTION('',(0.76627082158,-0.642517725822,0.));
#8406 = DEFINITIONAL_REPRESENTATION('',(#8407),#8420);
#8407 = B_SPLINE_CURVE_WITH_KNOTS('',6,(#8408,#8409,#8410,#8411,#8412,
    #8413,#8414,#8415,#8416,#8417,#8418,#8419),.UNSPECIFIED.,.F.,.F.,(7,
    5,7),(0.,0.553328941836,1.),.UNSPECIFIED.);
#8408 = CARTESIAN_POINT('',(0.,5.995236375096));
#8409 = CARTESIAN_POINT('',(0.139058377567,5.995236375096));
#8410 = CARTESIAN_POINT('',(0.278423359175,5.998179482393));
#8411 = CARTESIAN_POINT('',(0.418496276994,6.004090410736));
#8412 = CARTESIAN_POINT('',(0.559744044319,6.012852272788));
#8413 = CARTESIAN_POINT('',(0.702721066682,6.024218451807));
#8414 = CARTESIAN_POINT('',(0.965691135271,6.048806665807));
#8415 = CARTESIAN_POINT('',(1.084958006833,6.061263210787));
#8416 = CARTESIAN_POINT('',(1.205394375497,6.07490830228));
#8417 = CARTESIAN_POINT('',(1.32666628193,6.089342267896));
#8418 = CARTESIAN_POINT('',(1.448546851363,6.104132170788));
#8419 = CARTESIAN_POINT('',(1.570796326795,6.118851629734));
#8420 = ( GEOMETRIC_REPRESENTATION_CONTEXT(2) 
PARAMETRIC_REPRESENTATION_CONTEXT() REPRESENTATION_CONTEXT('2D SPACE',''
  ) );
#8421 = ORIENTED_EDGE('',*,*,#8422,.F.);
#8422 = EDGE_CURVE('',#8423,#8368,#8425,.T.);
#8423 = VERTEX_POINT('',#8424);
#8424 = CARTESIAN_POINT('',(24.573248924109,34.675718266732,4.525));
#8425 = SURFACE_CURVE('',#8426,(#8431,#8438),.PCURVE_S1.);
#8426 = CIRCLE('',#8427,42.5);
#8427 = AXIS2_PLACEMENT_3D('',#8428,#8429,#8430);
#8428 = CARTESIAN_POINT('',(0.,0.,4.525));
#8429 = DIRECTION('',(0.,0.,-1.));
#8430 = DIRECTION('',(1.,0.,0.));
#8431 = PCURVE('',#2852,#8432);
#8432 = DEFINITIONAL_REPRESENTATION('',(#8433),#8437);
#8433 = LINE('',#8434,#8435);
#8434 = CARTESIAN_POINT('',(-6.28318530718,-3.475));
#8435 = VECTOR('',#8436,1.);
#8436 = DIRECTION('',(1.,-0.));
#8437 = ( GEOMETRIC_REPRESENTATION_CONTEXT(2) 
PARAMETRIC_REPRESENTATION_CONTEXT() REPRESENTATION_CONTEXT('2D SPACE',''
  ) );
#8438 = PCURVE('',#8439,#8444);
#8439 = PLANE('',#8440);
#8440 = AXIS2_PLACEMENT_3D('',#8441,#8442,#8443);
#8441 = CARTESIAN_POINT('',(30.624154034431,20.258422684785,4.525));
#8442 = DIRECTION('',(0.,0.,1.));
#8443 = DIRECTION('',(0.642517725822,0.76627082158,0.));
#8444 = DEFINITIONAL_REPRESENTATION('',(#8445),#8453);
#8445 = ( BOUNDED_CURVE() B_SPLINE_CURVE(2,(#8446,#8447,#8448,#8449,
#8450,#8451,#8452),.UNSPECIFIED.,.T.,.F.) B_SPLINE_CURVE_WITH_KNOTS((1,2
    ,2,2,2,1),(-2.094395102393,0.,2.094395102393,4.188790204786,
6.28318530718,8.377580409573),.UNSPECIFIED.) CURVE() 
GEOMETRIC_REPRESENTATION_ITEM() RATIONAL_B_SPLINE_CURVE((1.,0.5,1.,0.5,
1.,0.5,1.)) REPRESENTATION_ITEM('') );
#8446 = CARTESIAN_POINT('',(-7.892996652584,-22.11650991715));
#8447 = CARTESIAN_POINT('',(-64.29984645429,-69.41362711733));
#8448 = CARTESIAN_POINT('',(-77.05692657456,3.084696358489));
#8449 = CARTESIAN_POINT('',(-89.81400669483,75.583019834311));
#8450 = CARTESIAN_POINT('',(-20.65007677285,50.381813558667));
#8451 = CARTESIAN_POINT('',(48.513853149126,25.180607283023));
#8452 = CARTESIAN_POINT('',(-7.892996652584,-22.11650991715));
#8453 = ( GEOMETRIC_REPRESENTATION_CONTEXT(2) 
PARAMETRIC_REPRESENTATION_CONTEXT() REPRESENTATION_CONTEXT('2D SPACE',''
  ) );
#8454 = ORIENTED_EDGE('',*,*,#8455,.F.);
#8455 = EDGE_CURVE('',#8456,#8423,#8458,.T.);
#8456 = VERTEX_POINT('',#8457);
#8457 = CARTESIAN_POINT('',(24.162038005495,34.963494096286,5.025));
#8458 = SURFACE_CURVE('',#8459,(#8472,#8488),.PCURVE_S1.);
#8459 = B_SPLINE_CURVE_WITH_KNOTS('',6,(#8460,#8461,#8462,#8463,#8464,
    #8465,#8466,#8467,#8468,#8469,#8470,#8471),.UNSPECIFIED.,.F.,.F.,(7,
    5,7),(0.,0.545083251352,1.),.UNSPECIFIED.);
#8460 = CARTESIAN_POINT('',(24.162038005495,34.963494096286,5.025));
#8461 = CARTESIAN_POINT('',(24.162038005495,34.963494096286,
    4.956861473434));
#8462 = CARTESIAN_POINT('',(24.171244557754,34.957131769979,
    4.888567444956));
#8463 = CARTESIAN_POINT('',(24.189737827293,34.944351736162,
    4.822164856323));
#8464 = CARTESIAN_POINT('',(24.217272725528,34.925296439802,
    4.759739211375));
#8465 = CARTESIAN_POINT('',(24.253300617618,34.900289905765,
    4.703367114124));
#8466 = CARTESIAN_POINT('',(24.333323142219,34.844531184821,
    4.614972063471));
#8467 = CARTESIAN_POINT('',(24.375103052739,34.815351668369,
    4.580365342123));
#8468 = CARTESIAN_POINT('',(24.421387356653,34.78292827009,
    4.553096714694));
#8469 = CARTESIAN_POINT('',(24.470854964597,34.748144103711,
    4.534408472325));
#8470 = CARTESIAN_POINT('',(24.521995932554,34.712039144353,4.525));
#8471 = CARTESIAN_POINT('',(24.573248924109,34.675718266732,4.525));
#8472 = PCURVE('',#2852,#8473);
#8473 = DEFINITIONAL_REPRESENTATION('',(#8474),#8487);
#8474 = B_SPLINE_CURVE_WITH_KNOTS('',6,(#8475,#8476,#8477,#8478,#8479,
    #8480,#8481,#8482,#8483,#8484,#8485,#8486),.UNSPECIFIED.,.F.,.F.,(7,
    5,7),(0.,0.545083251352,1.),.UNSPECIFIED.);
#8475 = CARTESIAN_POINT('',(-0.966092386867,-3.975));
#8476 = CARTESIAN_POINT('',(-0.966092386867,-3.906861473434));
#8477 = CARTESIAN_POINT('',(-0.965829067855,-3.838567444956));
#8478 = CARTESIAN_POINT('',(-0.965300137108,-3.772164856323));
#8479 = CARTESIAN_POINT('',(-0.964512244713,-3.709739211375));
#8480 = CARTESIAN_POINT('',(-0.963480344044,-3.653367114124));
#8481 = CARTESIAN_POINT('',(-0.961185455558,-3.564972063471));
#8482 = CARTESIAN_POINT('',(-0.95998637816,-3.530365342123));
#8483 = CARTESIAN_POINT('',(-0.958656705512,-3.503096714694));
#8484 = CARTESIAN_POINT('',(-0.957233815434,-3.484408472325));
#8485 = CARTESIAN_POINT('',(-0.955760837734,-3.475));
#8486 = CARTESIAN_POINT('',(-0.954282771983,-3.475));
#8487 = ( GEOMETRIC_REPRESENTATION_CONTEXT(2) 
PARAMETRIC_REPRESENTATION_CONTEXT() REPRESENTATION_CONTEXT('2D SPACE',''
  ) );
#8488 = PCURVE('',#8489,#8494);
#8489 = CYLINDRICAL_SURFACE('',#8490,0.5);
#8490 = AXIS2_PLACEMENT_3D('',#8491,#8492,#8493);
#8491 = CARTESIAN_POINT('',(19.972989614467,29.189419073705,5.025));
#8492 = DIRECTION('',(0.642517725822,0.76627082158,0.));
#8493 = DIRECTION('',(-0.76627082158,0.642517725822,0.));
#8494 = DEFINITIONAL_REPRESENTATION('',(#8495),#8508);
#8495 = B_SPLINE_CURVE_WITH_KNOTS('',6,(#8496,#8497,#8498,#8499,#8500,
    #8501,#8502,#8503,#8504,#8505,#8506,#8507),.UNSPECIFIED.,.F.,.F.,(7,
    5,7),(0.,0.545083251352,1.),.UNSPECIFIED.);
#8496 = CARTESIAN_POINT('',(0.,7.116043056978));
#8497 = CARTESIAN_POINT('',(-0.136277053133,7.116043056978));
#8498 = CARTESIAN_POINT('',(-0.272865689499,7.117083164992));
#8499 = CARTESIAN_POINT('',(-0.410223766311,7.119172451466));
#8500 = CARTESIAN_POINT('',(-0.548852257105,7.122262594063));
#8501 = CARTESIAN_POINT('',(-0.689337013855,7.126249375974));
#8502 = CARTESIAN_POINT('',(-0.952021730347,7.134938985587));
#8503 = CARTESIAN_POINT('',(-1.073694094235,7.139423906634));
#8504 = CARTESIAN_POINT('',(-1.196755886531,7.144317288289));
#8505 = CARTESIAN_POINT('',(-1.320804356338,7.149447011498));
#8506 = CARTESIAN_POINT('',(-1.445575367523,7.154639813055));
#8507 = CARTESIAN_POINT('',(-1.570796326795,7.159739139896));
#8508 = ( GEOMETRIC_REPRESENTATION_CONTEXT(2) 
PARAMETRIC_REPRESENTATION_CONTEXT() REPRESENTATION_CONTEXT('2D SPACE',''
  ) );
#8509 = ORIENTED_EDGE('',*,*,#8510,.F.);
#8510 = EDGE_CURVE('',#8511,#8456,#8513,.T.);
#8511 = VERTEX_POINT('',#8512);
#8512 = CARTESIAN_POINT('',(24.162038005495,34.963494096286,6.));
#8513 = SURFACE_CURVE('',#8514,(#8518,#8524),.PCURVE_S1.);
#8514 = LINE('',#8515,#8516);
#8515 = CARTESIAN_POINT('',(24.162038005495,34.963494096286,1.05));
#8516 = VECTOR('',#8517,1.);
#8517 = DIRECTION('',(-0.,-0.,-1.));
#8518 = PCURVE('',#2852,#8519);
#8519 = DEFINITIONAL_REPRESENTATION('',(#8520),#8523);
#8520 = B_SPLINE_CURVE_WITH_KNOTS('',1,(#8521,#8522),.UNSPECIFIED.,.F.,
  .F.,(2,2),(-4.9500006,-3.715),.PIECEWISE_BEZIER_KNOTS.);
#8521 = CARTESIAN_POINT('',(-0.966092386867,-4.9500006));
#8522 = CARTESIAN_POINT('',(-0.966092386867,-3.715));
#8523 = ( GEOMETRIC_REPRESENTATION_CONTEXT(2) 
PARAMETRIC_REPRESENTATION_CONTEXT() REPRESENTATION_CONTEXT('2D SPACE',''
  ) );
#8524 = PCURVE('',#8525,#8530);
#8525 = PLANE('',#8526);
#8526 = AXIS2_PLACEMENT_3D('',#8527,#8528,#8529);
#8527 = CARTESIAN_POINT('',(19.589854203677,29.510677936616,4.525));
#8528 = DIRECTION('',(-0.76627082158,0.642517725822,0.));
#8529 = DIRECTION('',(0.,0.,1.));
#8530 = DEFINITIONAL_REPRESENTATION('',(#8531),#8534);
#8531 = B_SPLINE_CURVE_WITH_KNOTS('',1,(#8532,#8533),.UNSPECIFIED.,.F.,
  .F.,(2,2),(-4.9500006,-3.715),.PIECEWISE_BEZIER_KNOTS.);
#8532 = CARTESIAN_POINT('',(1.4750006,7.116043056978));
#8533 = CARTESIAN_POINT('',(0.24,7.116043056978));
#8534 = ( GEOMETRIC_REPRESENTATION_CONTEXT(2) 
PARAMETRIC_REPRESENTATION_CONTEXT() REPRESENTATION_CONTEXT('2D SPACE',''
  ) );
#8535 = ORIENTED_EDGE('',*,*,#8536,.T.);
#8536 = EDGE_CURVE('',#8511,#2805,#8537,.T.);
#8537 = SURFACE_CURVE('',#8538,(#8543,#8550),.PCURVE_S1.);
#8538 = CIRCLE('',#8539,42.5);
#8539 = AXIS2_PLACEMENT_3D('',#8540,#8541,#8542);
#8540 = CARTESIAN_POINT('',(0.,0.,6.));
#8541 = DIRECTION('',(0.,0.,1.));
#8542 = DIRECTION('',(1.,0.,0.));
#8543 = PCURVE('',#2852,#8544);
#8544 = DEFINITIONAL_REPRESENTATION('',(#8545),#8549);
#8545 = LINE('',#8546,#8547);
#8546 = CARTESIAN_POINT('',(-0.,-4.95));
#8547 = VECTOR('',#8548,1.);
#8548 = DIRECTION('',(-1.,0.));
#8549 = ( GEOMETRIC_REPRESENTATION_CONTEXT(2) 
PARAMETRIC_REPRESENTATION_CONTEXT() REPRESENTATION_CONTEXT('2D SPACE',''
  ) );
#8550 = PCURVE('',#8551,#8556);
#8551 = PLANE('',#8552);
#8552 = AXIS2_PLACEMENT_3D('',#8553,#8554,#8555);
#8553 = CARTESIAN_POINT('',(-4.118407928589E-15,3.242876655026E-16,6.));
#8554 = DIRECTION('',(0.,0.,1.));
#8555 = DIRECTION('',(1.,0.,-0.));
#8556 = DEFINITIONAL_REPRESENTATION('',(#8557),#8561);
#8557 = CIRCLE('',#8558,42.5);
#8558 = AXIS2_PLACEMENT_2D('',#8559,#8560);
#8559 = CARTESIAN_POINT('',(4.118407928589E-15,-3.242876655026E-16));
#8560 = DIRECTION('',(1.,0.));
#8561 = ( GEOMETRIC_REPRESENTATION_CONTEXT(2) 
PARAMETRIC_REPRESENTATION_CONTEXT() REPRESENTATION_CONTEXT('2D SPACE',''
  ) );
#8562 = ORIENTED_EDGE('',*,*,#2837,.T.);
#8563 = ORIENTED_EDGE('',*,*,#2864,.T.);
#8564 = ORIENTED_EDGE('',*,*,#2928,.T.);
#8565 = ORIENTED_EDGE('',*,*,#2952,.F.);
#8566 = ADVANCED_FACE('',(#8567),#2821,.T.);
#8567 = FACE_BOUND('',#8568,.T.);
#8568 = EDGE_LOOP('',(#8569,#8592,#8593,#8594));
#8569 = ORIENTED_EDGE('',*,*,#8570,.F.);
#8570 = EDGE_CURVE('',#2805,#8571,#8573,.T.);
#8571 = VERTEX_POINT('',#8572);
#8572 = CARTESIAN_POINT('',(19.536311409691,34.157796130658,6.));
#8573 = SURFACE_CURVE('',#8574,(#8578,#8585),.PCURVE_S1.);
#8574 = LINE('',#8575,#8576);
#8575 = CARTESIAN_POINT('',(2.069845229523,17.290625804922,6.));
#8576 = VECTOR('',#8577,1.);
#8577 = DIRECTION('',(-0.719339800339,-0.694658370459,0.));
#8578 = PCURVE('',#2821,#8579);
#8579 = DEFINITIONAL_REPRESENTATION('',(#8580),#8584);
#8580 = LINE('',#8581,#8582);
#8581 = CARTESIAN_POINT('',(2.069845229523,17.290625804922));
#8582 = VECTOR('',#8583,1.);
#8583 = DIRECTION('',(-0.719339800339,-0.694658370459));
#8584 = ( GEOMETRIC_REPRESENTATION_CONTEXT(2) 
PARAMETRIC_REPRESENTATION_CONTEXT() REPRESENTATION_CONTEXT('2D SPACE',''
  ) );
#8585 = PCURVE('',#8551,#8586);
#8586 = DEFINITIONAL_REPRESENTATION('',(#8587),#8591);
#8587 = LINE('',#8588,#8589);
#8588 = CARTESIAN_POINT('',(2.069845229523,17.290625804922));
#8589 = VECTOR('',#8590,1.);
#8590 = DIRECTION('',(-0.719339800339,-0.694658370459));
#8591 = ( GEOMETRIC_REPRESENTATION_CONTEXT(2) 
PARAMETRIC_REPRESENTATION_CONTEXT() REPRESENTATION_CONTEXT('2D SPACE',''
  ) );
#8592 = ORIENTED_EDGE('',*,*,#2804,.F.);
#8593 = ORIENTED_EDGE('',*,*,#3055,.T.);
#8594 = ORIENTED_EDGE('',*,*,#8595,.T.);
#8595 = EDGE_CURVE('',#3056,#8571,#8596,.T.);
#8596 = SURFACE_CURVE('',#8597,(#8602,#8613),.PCURVE_S1.);
#8597 = CIRCLE('',#8598,39.35);
#8598 = AXIS2_PLACEMENT_3D('',#8599,#8600,#8601);
#8599 = CARTESIAN_POINT('',(0.,0.,6.));
#8600 = DIRECTION('',(0.,0.,-1.));
#8601 = DIRECTION('',(0.40212044906,0.915586776034,0.));
#8602 = PCURVE('',#2821,#8603);
#8603 = DEFINITIONAL_REPRESENTATION('',(#8604),#8612);
#8604 = ( BOUNDED_CURVE() B_SPLINE_CURVE(2,(#8605,#8606,#8607,#8608,
#8609,#8610,#8611),.UNSPECIFIED.,.T.,.F.) B_SPLINE_CURVE_WITH_KNOTS((1,2
    ,2,2,2,1),(-2.094395102393,0.,2.094395102393,4.188790204786,
6.28318530718,8.377580409573),.UNSPECIFIED.) CURVE() 
GEOMETRIC_REPRESENTATION_ITEM() RATIONAL_B_SPLINE_CURVE((1.,0.5,1.,0.5,
1.,0.5,1.)) REPRESENTATION_ITEM('') );
#8605 = CARTESIAN_POINT('',(15.823439670528,36.028339636919));
#8606 = CARTESIAN_POINT('',(78.226354434019,8.621338177063));
#8607 = CARTESIAN_POINT('',(23.289737546481,-31.71767054838));
#8608 = CARTESIAN_POINT('',(-31.64687934105,-72.05667927383));
#8609 = CARTESIAN_POINT('',(-39.113177217,-4.310669088532));
#8610 = CARTESIAN_POINT('',(-46.57947509296,63.435341096774));
#8611 = CARTESIAN_POINT('',(15.823439670528,36.028339636919));
#8612 = ( GEOMETRIC_REPRESENTATION_CONTEXT(2) 
PARAMETRIC_REPRESENTATION_CONTEXT() REPRESENTATION_CONTEXT('2D SPACE',''
  ) );
#8613 = PCURVE('',#8551,#8614);
#8614 = DEFINITIONAL_REPRESENTATION('',(#8615),#8623);
#8615 = ( BOUNDED_CURVE() B_SPLINE_CURVE(2,(#8616,#8617,#8618,#8619,
#8620,#8621,#8622),.UNSPECIFIED.,.T.,.F.) B_SPLINE_CURVE_WITH_KNOTS((1,2
    ,2,2,2,1),(-2.094395102393,0.,2.094395102393,4.188790204786,
6.28318530718,8.377580409573),.UNSPECIFIED.) CURVE() 
GEOMETRIC_REPRESENTATION_ITEM() RATIONAL_B_SPLINE_CURVE((1.,0.5,1.,0.5,
1.,0.5,1.)) REPRESENTATION_ITEM('') );
#8616 = CARTESIAN_POINT('',(15.823439670528,36.028339636919));
#8617 = CARTESIAN_POINT('',(78.226354434019,8.621338177063));
#8618 = CARTESIAN_POINT('',(23.289737546481,-31.71767054838));
#8619 = CARTESIAN_POINT('',(-31.64687934105,-72.05667927383));
#8620 = CARTESIAN_POINT('',(-39.113177217,-4.310669088532));
#8621 = CARTESIAN_POINT('',(-46.57947509296,63.435341096774));
#8622 = CARTESIAN_POINT('',(15.823439670528,36.028339636919));
#8623 = ( GEOMETRIC_REPRESENTATION_CONTEXT(2) 
PARAMETRIC_REPRESENTATION_CONTEXT() REPRESENTATION_CONTEXT('2D SPACE',''
  ) );
#8624 = ADVANCED_FACE('',(#8625),#3293,.T.);
#8625 = FACE_BOUND('',#8626,.T.);
#8626 = EDGE_LOOP('',(#8627,#8648,#8670,#8671));
#8627 = ORIENTED_EDGE('',*,*,#8628,.T.);
#8628 = EDGE_CURVE('',#3244,#8629,#8631,.T.);
#8629 = VERTEX_POINT('',#8630);
#8630 = CARTESIAN_POINT('',(14.351022693836,35.023858263203,1.05));
#8631 = SURFACE_CURVE('',#8632,(#8636,#8642),.PCURVE_S1.);
#8632 = LINE('',#8633,#8634);
#8633 = CARTESIAN_POINT('',(14.351022693838,35.023858263203,1.05));
#8634 = VECTOR('',#8635,1.);
#8635 = DIRECTION('',(-0.,-0.,-1.));
#8636 = PCURVE('',#3293,#8637);
#8637 = DEFINITIONAL_REPRESENTATION('',(#8638),#8641);
#8638 = B_SPLINE_CURVE_WITH_KNOTS('',1,(#8639,#8640),.UNSPECIFIED.,.F.,
  .F.,(2,2),(-4.9500006,5.999999999062E-07),.PIECEWISE_BEZIER_KNOTS.);
#8639 = CARTESIAN_POINT('',(1.315107335101,-4.9500006));
#8640 = CARTESIAN_POINT('',(1.315107335101,5.999999999062E-07));
#8641 = ( GEOMETRIC_REPRESENTATION_CONTEXT(2) 
PARAMETRIC_REPRESENTATION_CONTEXT() REPRESENTATION_CONTEXT('2D SPACE',''
  ) );
#8642 = PCURVE('',#3264,#8643);
#8643 = DEFINITIONAL_REPRESENTATION('',(#8644),#8647);
#8644 = B_SPLINE_CURVE_WITH_KNOTS('',1,(#8645,#8646),.UNSPECIFIED.,.F.,
  .F.,(2,2),(-4.9500006,5.999999999062E-07),.PIECEWISE_BEZIER_KNOTS.);
#8645 = CARTESIAN_POINT('',(5.101272090937,-6.0000006));
#8646 = CARTESIAN_POINT('',(5.101272090937,-1.0499994));
#8647 = ( GEOMETRIC_REPRESENTATION_CONTEXT(2) 
PARAMETRIC_REPRESENTATION_CONTEXT() REPRESENTATION_CONTEXT('2D SPACE',''
  ) );
#8648 = ORIENTED_EDGE('',*,*,#8649,.T.);
#8649 = EDGE_CURVE('',#8629,#7540,#8650,.T.);
#8650 = SURFACE_CURVE('',#8651,(#8656,#8663),.PCURVE_S1.);
#8651 = CIRCLE('',#8652,2.65);
#8652 = AXIS2_PLACEMENT_3D('',#8653,#8654,#8655);
#8653 = CARTESIAN_POINT('',(13.680805733027,37.587704831436,1.05));
#8654 = DIRECTION('',(0.,0.,1.));
#8655 = DIRECTION('',(0.252912060683,-0.967489271032,0.));
#8656 = PCURVE('',#3293,#8657);
#8657 = DEFINITIONAL_REPRESENTATION('',(#8658),#8662);
#8658 = LINE('',#8659,#8660);
#8659 = CARTESIAN_POINT('',(1.315107335102,0.));
#8660 = VECTOR('',#8661,1.);
#8661 = DIRECTION('',(-1.,0.));
#8662 = ( GEOMETRIC_REPRESENTATION_CONTEXT(2) 
PARAMETRIC_REPRESENTATION_CONTEXT() REPRESENTATION_CONTEXT('2D SPACE',''
  ) );
#8663 = PCURVE('',#8234,#8664);
#8664 = DEFINITIONAL_REPRESENTATION('',(#8665),#8669);
#8665 = CIRCLE('',#8666,2.65);
#8666 = AXIS2_PLACEMENT_2D('',#8667,#8668);
#8667 = CARTESIAN_POINT('',(13.680805733027,37.587704831436));
#8668 = DIRECTION('',(0.252912060683,-0.967489271032));
#8669 = ( GEOMETRIC_REPRESENTATION_CONTEXT(2) 
PARAMETRIC_REPRESENTATION_CONTEXT() REPRESENTATION_CONTEXT('2D SPACE',''
  ) );
#8670 = ORIENTED_EDGE('',*,*,#7539,.F.);
#8671 = ORIENTED_EDGE('',*,*,#3276,.F.);
#8672 = ADVANCED_FACE('',(#8673),#3264,.F.);
#8673 = FACE_BOUND('',#8674,.F.);
#8674 = EDGE_LOOP('',(#8675,#8696,#8697,#8698));
#8675 = ORIENTED_EDGE('',*,*,#8676,.F.);
#8676 = EDGE_CURVE('',#3215,#8677,#8679,.T.);
#8677 = VERTEX_POINT('',#8678);
#8678 = CARTESIAN_POINT('',(11.519380947316,36.054491573043,1.05));
#8679 = SURFACE_CURVE('',#8680,(#8684,#8690),.PCURVE_S1.);
#8680 = LINE('',#8681,#8682);
#8681 = CARTESIAN_POINT('',(11.519380947316,36.054491573043,1.05));
#8682 = VECTOR('',#8683,1.);
#8683 = DIRECTION('',(-0.,-0.,-1.));
#8684 = PCURVE('',#3264,#8685);
#8685 = DEFINITIONAL_REPRESENTATION('',(#8686),#8689);
#8686 = B_SPLINE_CURVE_WITH_KNOTS('',1,(#8687,#8688),.UNSPECIFIED.,.F.,
  .F.,(2,2),(-4.9500006,5.999999999062E-07),.PIECEWISE_BEZIER_KNOTS.);
#8687 = CARTESIAN_POINT('',(5.021637570631,-6.0000006));
#8688 = CARTESIAN_POINT('',(5.021637570631,-1.0499994));
#8689 = ( GEOMETRIC_REPRESENTATION_CONTEXT(2) 
PARAMETRIC_REPRESENTATION_CONTEXT() REPRESENTATION_CONTEXT('2D SPACE',''
  ) );
#8690 = PCURVE('',#3231,#8691);
#8691 = DEFINITIONAL_REPRESENTATION('',(#8692),#8695);
#8692 = B_SPLINE_CURVE_WITH_KNOTS('',1,(#8693,#8694),.UNSPECIFIED.,.F.,
  .F.,(2,2),(-4.9500006,5.999999999062E-07),.PIECEWISE_BEZIER_KNOTS.);
#8693 = CARTESIAN_POINT('',(2.524617019287,-4.9500006));
#8694 = CARTESIAN_POINT('',(2.524617019287,5.999999999062E-07));
#8695 = ( GEOMETRIC_REPRESENTATION_CONTEXT(2) 
PARAMETRIC_REPRESENTATION_CONTEXT() REPRESENTATION_CONTEXT('2D SPACE',''
  ) );
#8696 = ORIENTED_EDGE('',*,*,#3243,.T.);
#8697 = ORIENTED_EDGE('',*,*,#8628,.T.);
#8698 = ORIENTED_EDGE('',*,*,#8699,.F.);
#8699 = EDGE_CURVE('',#8677,#8629,#8700,.T.);
#8700 = SURFACE_CURVE('',#8701,(#8706,#8713),.PCURVE_S1.);
#8701 = CIRCLE('',#8702,37.85);
#8702 = AXIS2_PLACEMENT_3D('',#8703,#8704,#8705);
#8703 = CARTESIAN_POINT('',(0.,0.,1.05));
#8704 = DIRECTION('',(0.,0.,-1.));
#8705 = DIRECTION('',(1.,0.,0.));
#8706 = PCURVE('',#3264,#8707);
#8707 = DEFINITIONAL_REPRESENTATION('',(#8708),#8712);
#8708 = LINE('',#8709,#8710);
#8709 = CARTESIAN_POINT('',(0.,-1.05));
#8710 = VECTOR('',#8711,1.);
#8711 = DIRECTION('',(1.,0.));
#8712 = ( GEOMETRIC_REPRESENTATION_CONTEXT(2) 
PARAMETRIC_REPRESENTATION_CONTEXT() REPRESENTATION_CONTEXT('2D SPACE',''
  ) );
#8713 = PCURVE('',#8234,#8714);
#8714 = DEFINITIONAL_REPRESENTATION('',(#8715),#8723);
#8715 = ( BOUNDED_CURVE() B_SPLINE_CURVE(2,(#8716,#8717,#8718,#8719,
#8720,#8721,#8722),.UNSPECIFIED.,.T.,.F.) B_SPLINE_CURVE_WITH_KNOTS((1,2
    ,2,2,2,1),(-2.094395102393,0.,2.094395102393,4.188790204786,
6.28318530718,8.377580409573),.UNSPECIFIED.) CURVE() 
GEOMETRIC_REPRESENTATION_ITEM() RATIONAL_B_SPLINE_CURVE((1.,0.5,1.,0.5,
1.,0.5,1.)) REPRESENTATION_ITEM('') );
#8716 = CARTESIAN_POINT('',(37.85,-6.177165574951E-16));
#8717 = CARTESIAN_POINT('',(37.85,-65.55812306648));
#8718 = CARTESIAN_POINT('',(-18.925,-32.77906153324));
#8719 = CARTESIAN_POINT('',(-75.7,-9.888292827041E-15));
#8720 = CARTESIAN_POINT('',(-18.925,32.779061533241));
#8721 = CARTESIAN_POINT('',(37.85,65.558123066482));
#8722 = CARTESIAN_POINT('',(37.85,-6.177165574951E-16));
#8723 = ( GEOMETRIC_REPRESENTATION_CONTEXT(2) 
PARAMETRIC_REPRESENTATION_CONTEXT() REPRESENTATION_CONTEXT('2D SPACE',''
  ) );
#8724 = ADVANCED_FACE('',(#8725),#3231,.T.);
#8725 = FACE_BOUND('',#8726,.T.);
#8726 = EDGE_LOOP('',(#8727,#8748,#8770,#8771));
#8727 = ORIENTED_EDGE('',*,*,#8728,.T.);
#8728 = EDGE_CURVE('',#3182,#8729,#8731,.T.);
#8729 = VERTEX_POINT('',#8730);
#8730 = CARTESIAN_POINT('',(11.037112285555,37.770420336502,1.05));
#8731 = SURFACE_CURVE('',#8732,(#8736,#8742),.PCURVE_S1.);
#8732 = LINE('',#8733,#8734);
#8733 = CARTESIAN_POINT('',(11.037112285554,37.770420336502,1.05));
#8734 = VECTOR('',#8735,1.);
#8735 = DIRECTION('',(-0.,-0.,-1.));
#8736 = PCURVE('',#3231,#8737);
#8737 = DEFINITIONAL_REPRESENTATION('',(#8738),#8741);
#8738 = B_SPLINE_CURVE_WITH_KNOTS('',1,(#8739,#8740),.UNSPECIFIED.,.F.,
  .F.,(2,2),(-4.9500006,5.999999999062E-07),.PIECEWISE_BEZIER_KNOTS.);
#8739 = CARTESIAN_POINT('',(3.21059664876,-4.9500006));
#8740 = CARTESIAN_POINT('',(3.21059664876,5.999999999062E-07));
#8741 = ( GEOMETRIC_REPRESENTATION_CONTEXT(2) 
PARAMETRIC_REPRESENTATION_CONTEXT() REPRESENTATION_CONTEXT('2D SPACE',''
  ) );
#8742 = PCURVE('',#3202,#8743);
#8743 = DEFINITIONAL_REPRESENTATION('',(#8744),#8747);
#8744 = B_SPLINE_CURVE_WITH_KNOTS('',1,(#8745,#8746),.UNSPECIFIED.,.F.,
  .F.,(2,2),(-4.95,0.),.PIECEWISE_BEZIER_KNOTS.);
#8745 = CARTESIAN_POINT('',(4.9966890642,-4.95));
#8746 = CARTESIAN_POINT('',(4.9966890642,0.));
#8747 = ( GEOMETRIC_REPRESENTATION_CONTEXT(2) 
PARAMETRIC_REPRESENTATION_CONTEXT() REPRESENTATION_CONTEXT('2D SPACE',''
  ) );
#8748 = ORIENTED_EDGE('',*,*,#8749,.T.);
#8749 = EDGE_CURVE('',#8729,#8677,#8750,.T.);
#8750 = SURFACE_CURVE('',#8751,(#8756,#8763),.PCURVE_S1.);
#8751 = CIRCLE('',#8752,2.65);
#8752 = AXIS2_PLACEMENT_3D('',#8753,#8754,#8755);
#8753 = CARTESIAN_POINT('',(13.680805733027,37.587704831436,1.05));
#8754 = DIRECTION('',(0.,0.,1.));
#8755 = DIRECTION('',(-0.997620168858,6.894924719473E-02,0.));
#8756 = PCURVE('',#3231,#8757);
#8757 = DEFINITIONAL_REPRESENTATION('',(#8758),#8762);
#8758 = LINE('',#8759,#8760);
#8759 = CARTESIAN_POINT('',(3.21059664876,0.));
#8760 = VECTOR('',#8761,1.);
#8761 = DIRECTION('',(-1.,0.));
#8762 = ( GEOMETRIC_REPRESENTATION_CONTEXT(2) 
PARAMETRIC_REPRESENTATION_CONTEXT() REPRESENTATION_CONTEXT('2D SPACE',''
  ) );
#8763 = PCURVE('',#8234,#8764);
#8764 = DEFINITIONAL_REPRESENTATION('',(#8765),#8769);
#8765 = CIRCLE('',#8766,2.65);
#8766 = AXIS2_PLACEMENT_2D('',#8767,#8768);
#8767 = CARTESIAN_POINT('',(13.680805733027,37.587704831436));
#8768 = DIRECTION('',(-0.997620168858,6.894924719473E-02));
#8769 = ( GEOMETRIC_REPRESENTATION_CONTEXT(2) 
PARAMETRIC_REPRESENTATION_CONTEXT() REPRESENTATION_CONTEXT('2D SPACE',''
  ) );
#8770 = ORIENTED_EDGE('',*,*,#8676,.F.);
#8771 = ORIENTED_EDGE('',*,*,#3214,.F.);
#8772 = ADVANCED_FACE('',(#8773),#3202,.F.);
#8773 = FACE_BOUND('',#8774,.F.);
#8774 = EDGE_LOOP('',(#8775,#8776,#8804,#8823,#8824,#8825));
#8775 = ORIENTED_EDGE('',*,*,#8728,.T.);
#8776 = ORIENTED_EDGE('',*,*,#8777,.F.);
#8777 = EDGE_CURVE('',#8778,#8729,#8780,.T.);
#8778 = VERTEX_POINT('',#8779);
#8779 = CARTESIAN_POINT('',(-11.03711228555,37.770420336502,1.05));
#8780 = SURFACE_CURVE('',#8781,(#8786,#8793),.PCURVE_S1.);
#8781 = CIRCLE('',#8782,39.35);
#8782 = AXIS2_PLACEMENT_3D('',#8783,#8784,#8785);
#8783 = CARTESIAN_POINT('',(0.,0.,1.05));
#8784 = DIRECTION('',(0.,0.,-1.));
#8785 = DIRECTION('',(0.40212044906,0.915586776034,0.));
#8786 = PCURVE('',#3202,#8787);
#8787 = DEFINITIONAL_REPRESENTATION('',(#8788),#8792);
#8788 = LINE('',#8789,#8790);
#8789 = CARTESIAN_POINT('',(-1.156964709811,0.));
#8790 = VECTOR('',#8791,1.);
#8791 = DIRECTION('',(1.,-0.));
#8792 = ( GEOMETRIC_REPRESENTATION_CONTEXT(2) 
PARAMETRIC_REPRESENTATION_CONTEXT() REPRESENTATION_CONTEXT('2D SPACE',''
  ) );
#8793 = PCURVE('',#8234,#8794);
#8794 = DEFINITIONAL_REPRESENTATION('',(#8795),#8803);
#8795 = ( BOUNDED_CURVE() B_SPLINE_CURVE(2,(#8796,#8797,#8798,#8799,
#8800,#8801,#8802),.UNSPECIFIED.,.T.,.F.) B_SPLINE_CURVE_WITH_KNOTS((1,2
    ,2,2,2,1),(-2.094395102393,0.,2.094395102393,4.188790204786,
6.28318530718,8.377580409573),.UNSPECIFIED.) CURVE() 
GEOMETRIC_REPRESENTATION_ITEM() RATIONAL_B_SPLINE_CURVE((1.,0.5,1.,0.5,
1.,0.5,1.)) REPRESENTATION_ITEM('') );
#8796 = CARTESIAN_POINT('',(15.823439670507,36.028339636928));
#8797 = CARTESIAN_POINT('',(78.226354434014,8.62133817711));
#8798 = CARTESIAN_POINT('',(23.2897375465,-31.71767054837));
#8799 = CARTESIAN_POINT('',(-31.64687934101,-72.05667927385));
#8800 = CARTESIAN_POINT('',(-39.113177217,-4.310669088555));
#8801 = CARTESIAN_POINT('',(-46.579475093,63.435341096746));
#8802 = CARTESIAN_POINT('',(15.823439670507,36.028339636928));
#8803 = ( GEOMETRIC_REPRESENTATION_CONTEXT(2) 
PARAMETRIC_REPRESENTATION_CONTEXT() REPRESENTATION_CONTEXT('2D SPACE',''
  ) );
#8804 = ORIENTED_EDGE('',*,*,#8805,.F.);
#8805 = EDGE_CURVE('',#3565,#8778,#8806,.T.);
#8806 = SURFACE_CURVE('',#8807,(#8811,#8817),.PCURVE_S1.);
#8807 = LINE('',#8808,#8809);
#8808 = CARTESIAN_POINT('',(-11.03711228555,37.770420336502,1.05));
#8809 = VECTOR('',#8810,1.);
#8810 = DIRECTION('',(-0.,-0.,-1.));
#8811 = PCURVE('',#3202,#8812);
#8812 = DEFINITIONAL_REPRESENTATION('',(#8813),#8816);
#8813 = B_SPLINE_CURVE_WITH_KNOTS('',1,(#8814,#8815),.UNSPECIFIED.,.F.,
  .F.,(2,2),(-4.9500006,5.999999999062E-07),.PIECEWISE_BEZIER_KNOTS.);
#8814 = CARTESIAN_POINT('',(4.42808889657,-4.9500006));
#8815 = CARTESIAN_POINT('',(4.42808889657,5.999999999062E-07));
#8816 = ( GEOMETRIC_REPRESENTATION_CONTEXT(2) 
PARAMETRIC_REPRESENTATION_CONTEXT() REPRESENTATION_CONTEXT('2D SPACE',''
  ) );
#8817 = PCURVE('',#3581,#8818);
#8818 = DEFINITIONAL_REPRESENTATION('',(#8819),#8822);
#8819 = B_SPLINE_CURVE_WITH_KNOTS('',1,(#8820,#8821),.UNSPECIFIED.,.F.,
  .F.,(2,2),(-4.95,-0.),.PIECEWISE_BEZIER_KNOTS.);
#8820 = CARTESIAN_POINT('',(-6.900399516941E-02,-4.95));
#8821 = CARTESIAN_POINT('',(-6.900399516941E-02,0.));
#8822 = ( GEOMETRIC_REPRESENTATION_CONTEXT(2) 
PARAMETRIC_REPRESENTATION_CONTEXT() REPRESENTATION_CONTEXT('2D SPACE',''
  ) );
#8823 = ORIENTED_EDGE('',*,*,#3593,.T.);
#8824 = ORIENTED_EDGE('',*,*,#3391,.T.);
#8825 = ORIENTED_EDGE('',*,*,#3181,.T.);
#8826 = ADVANCED_FACE('',(#8827),#3581,.T.);
#8827 = FACE_BOUND('',#8828,.T.);
#8828 = EDGE_LOOP('',(#8829,#8853,#8854,#8855));
#8829 = ORIENTED_EDGE('',*,*,#8830,.T.);
#8830 = EDGE_CURVE('',#8831,#8778,#8833,.T.);
#8831 = VERTEX_POINT('',#8832);
#8832 = CARTESIAN_POINT('',(-11.51938094731,36.054491573043,1.05));
#8833 = SURFACE_CURVE('',#8834,(#8839,#8846),.PCURVE_S1.);
#8834 = CIRCLE('',#8835,2.65);
#8835 = AXIS2_PLACEMENT_3D('',#8836,#8837,#8838);
#8836 = CARTESIAN_POINT('',(-13.68080573302,37.587704831436,1.05));
#8837 = DIRECTION('',(0.,0.,1.));
#8838 = DIRECTION('',(0.815631994608,-0.578571040903,0.));
#8839 = PCURVE('',#3581,#8840);
#8840 = DEFINITIONAL_REPRESENTATION('',(#8841),#8845);
#8841 = LINE('',#8842,#8843);
#8842 = CARTESIAN_POINT('',(0.616975634303,0.));
#8843 = VECTOR('',#8844,1.);
#8844 = DIRECTION('',(-1.,0.));
#8845 = ( GEOMETRIC_REPRESENTATION_CONTEXT(2) 
PARAMETRIC_REPRESENTATION_CONTEXT() REPRESENTATION_CONTEXT('2D SPACE',''
  ) );
#8846 = PCURVE('',#8234,#8847);
#8847 = DEFINITIONAL_REPRESENTATION('',(#8848),#8852);
#8848 = CIRCLE('',#8849,2.65);
#8849 = AXIS2_PLACEMENT_2D('',#8850,#8851);
#8850 = CARTESIAN_POINT('',(-13.68080573302,37.587704831436));
#8851 = DIRECTION('',(0.815631994608,-0.578571040903));
#8852 = ( GEOMETRIC_REPRESENTATION_CONTEXT(2) 
PARAMETRIC_REPRESENTATION_CONTEXT() REPRESENTATION_CONTEXT('2D SPACE',''
  ) );
#8853 = ORIENTED_EDGE('',*,*,#8805,.F.);
#8854 = ORIENTED_EDGE('',*,*,#3564,.F.);
#8855 = ORIENTED_EDGE('',*,*,#8856,.T.);
#8856 = EDGE_CURVE('',#3532,#8831,#8857,.T.);
#8857 = SURFACE_CURVE('',#8858,(#8862,#8868),.PCURVE_S1.);
#8858 = LINE('',#8859,#8860);
#8859 = CARTESIAN_POINT('',(-11.51938094731,36.054491573043,1.05));
#8860 = VECTOR('',#8861,1.);
#8861 = DIRECTION('',(-0.,-0.,-1.));
#8862 = PCURVE('',#3581,#8863);
#8863 = DEFINITIONAL_REPRESENTATION('',(#8864),#8867);
#8864 = B_SPLINE_CURVE_WITH_KNOTS('',1,(#8865,#8866),.UNSPECIFIED.,.F.,
  .F.,(2,2),(-4.9500006,5.999999999062E-07),.PIECEWISE_BEZIER_KNOTS.);
#8865 = CARTESIAN_POINT('',(0.616975634303,-4.9500006));
#8866 = CARTESIAN_POINT('',(0.616975634303,5.999999999062E-07));
#8867 = ( GEOMETRIC_REPRESENTATION_CONTEXT(2) 
PARAMETRIC_REPRESENTATION_CONTEXT() REPRESENTATION_CONTEXT('2D SPACE',''
  ) );
#8868 = PCURVE('',#3552,#8869);
#8869 = DEFINITIONAL_REPRESENTATION('',(#8870),#8873);
#8870 = B_SPLINE_CURVE_WITH_KNOTS('',1,(#8871,#8872),.UNSPECIFIED.,.F.,
  .F.,(2,2),(-4.9500006,5.999999999062E-07),.PIECEWISE_BEZIER_KNOTS.);
#8871 = CARTESIAN_POINT('',(4.403140390139,-6.0000006));
#8872 = CARTESIAN_POINT('',(4.403140390139,-1.0499994));
#8873 = ( GEOMETRIC_REPRESENTATION_CONTEXT(2) 
PARAMETRIC_REPRESENTATION_CONTEXT() REPRESENTATION_CONTEXT('2D SPACE',''
  ) );
#8874 = ADVANCED_FACE('',(#8875),#3552,.F.);
#8875 = FACE_BOUND('',#8876,.F.);
#8876 = EDGE_LOOP('',(#8877,#8878,#8906,#8925));
#8877 = ORIENTED_EDGE('',*,*,#8856,.T.);
#8878 = ORIENTED_EDGE('',*,*,#8879,.F.);
#8879 = EDGE_CURVE('',#8880,#8831,#8882,.T.);
#8880 = VERTEX_POINT('',#8881);
#8881 = CARTESIAN_POINT('',(-14.35102269383,35.023858263203,1.05));
#8882 = SURFACE_CURVE('',#8883,(#8888,#8895),.PCURVE_S1.);
#8883 = CIRCLE('',#8884,37.85);
#8884 = AXIS2_PLACEMENT_3D('',#8885,#8886,#8887);
#8885 = CARTESIAN_POINT('',(0.,0.,1.05));
#8886 = DIRECTION('',(0.,0.,-1.));
#8887 = DIRECTION('',(1.,0.,0.));
#8888 = PCURVE('',#3552,#8889);
#8889 = DEFINITIONAL_REPRESENTATION('',(#8890),#8894);
#8890 = LINE('',#8891,#8892);
#8891 = CARTESIAN_POINT('',(0.,-1.05));
#8892 = VECTOR('',#8893,1.);
#8893 = DIRECTION('',(1.,0.));
#8894 = ( GEOMETRIC_REPRESENTATION_CONTEXT(2) 
PARAMETRIC_REPRESENTATION_CONTEXT() REPRESENTATION_CONTEXT('2D SPACE',''
  ) );
#8895 = PCURVE('',#8234,#8896);
#8896 = DEFINITIONAL_REPRESENTATION('',(#8897),#8905);
#8897 = ( BOUNDED_CURVE() B_SPLINE_CURVE(2,(#8898,#8899,#8900,#8901,
#8902,#8903,#8904),.UNSPECIFIED.,.T.,.F.) B_SPLINE_CURVE_WITH_KNOTS((1,2
    ,2,2,2,1),(-2.094395102393,0.,2.094395102393,4.188790204786,
6.28318530718,8.377580409573),.UNSPECIFIED.) CURVE() 
GEOMETRIC_REPRESENTATION_ITEM() RATIONAL_B_SPLINE_CURVE((1.,0.5,1.,0.5,
1.,0.5,1.)) REPRESENTATION_ITEM('') );
#8898 = CARTESIAN_POINT('',(37.85,-6.177165574951E-16));
#8899 = CARTESIAN_POINT('',(37.85,-65.55812306648));
#8900 = CARTESIAN_POINT('',(-18.925,-32.77906153324));
#8901 = CARTESIAN_POINT('',(-75.7,-9.888292827041E-15));
#8902 = CARTESIAN_POINT('',(-18.925,32.779061533241));
#8903 = CARTESIAN_POINT('',(37.85,65.558123066482));
#8904 = CARTESIAN_POINT('',(37.85,-6.177165574951E-16));
#8905 = ( GEOMETRIC_REPRESENTATION_CONTEXT(2) 
PARAMETRIC_REPRESENTATION_CONTEXT() REPRESENTATION_CONTEXT('2D SPACE',''
  ) );
#8906 = ORIENTED_EDGE('',*,*,#8907,.F.);
#8907 = EDGE_CURVE('',#3503,#8880,#8908,.T.);
#8908 = SURFACE_CURVE('',#8909,(#8913,#8919),.PCURVE_S1.);
#8909 = LINE('',#8910,#8911);
#8910 = CARTESIAN_POINT('',(-14.35102269383,35.023858263203,1.05));
#8911 = VECTOR('',#8912,1.);
#8912 = DIRECTION('',(-0.,-0.,-1.));
#8913 = PCURVE('',#3552,#8914);
#8914 = DEFINITIONAL_REPRESENTATION('',(#8915),#8918);
#8915 = B_SPLINE_CURVE_WITH_KNOTS('',1,(#8916,#8917),.UNSPECIFIED.,.F.,
  .F.,(2,2),(-4.9500006,5.999999999062E-07),.PIECEWISE_BEZIER_KNOTS.);
#8916 = CARTESIAN_POINT('',(4.323505869834,-6.0000006));
#8917 = CARTESIAN_POINT('',(4.323505869834,-1.0499994));
#8918 = ( GEOMETRIC_REPRESENTATION_CONTEXT(2) 
PARAMETRIC_REPRESENTATION_CONTEXT() REPRESENTATION_CONTEXT('2D SPACE',''
  ) );
#8919 = PCURVE('',#3519,#8920);
#8920 = DEFINITIONAL_REPRESENTATION('',(#8921),#8924);
#8921 = B_SPLINE_CURVE_WITH_KNOTS('',1,(#8922,#8923),.UNSPECIFIED.,.F.,
  .F.,(2,2),(-4.9500006,5.999999999062E-07),.PIECEWISE_BEZIER_KNOTS.);
#8922 = CARTESIAN_POINT('',(1.82648531849,-4.9500006));
#8923 = CARTESIAN_POINT('',(1.82648531849,5.999999999062E-07));
#8924 = ( GEOMETRIC_REPRESENTATION_CONTEXT(2) 
PARAMETRIC_REPRESENTATION_CONTEXT() REPRESENTATION_CONTEXT('2D SPACE',''
  ) );
#8925 = ORIENTED_EDGE('',*,*,#3531,.T.);
#8926 = ADVANCED_FACE('',(#8927),#3519,.T.);
#8927 = FACE_BOUND('',#8928,.T.);
#8928 = EDGE_LOOP('',(#8929,#8953,#8954,#8955));
#8929 = ORIENTED_EDGE('',*,*,#8930,.T.);
#8930 = EDGE_CURVE('',#8931,#8880,#8933,.T.);
#8931 = VERTEX_POINT('',#8932);
#8932 = CARTESIAN_POINT('',(-15.82343967052,36.028339636919,1.05));
#8933 = SURFACE_CURVE('',#8934,(#8939,#8946),.PCURVE_S1.);
#8934 = CIRCLE('',#8935,2.65);
#8935 = AXIS2_PLACEMENT_3D('',#8936,#8937,#8938);
#8936 = CARTESIAN_POINT('',(-13.68080573302,37.587704831436,1.05));
#8937 = DIRECTION('',(0.,0.,1.));
#8938 = DIRECTION('',(-0.808541108491,-0.588439696044,0.));
#8939 = PCURVE('',#3519,#8940);
#8940 = DEFINITIONAL_REPRESENTATION('',(#8941),#8945);
#8941 = LINE('',#8942,#8943);
#8942 = CARTESIAN_POINT('',(2.512464947962,0.));
#8943 = VECTOR('',#8944,1.);
#8944 = DIRECTION('',(-1.,0.));
#8945 = ( GEOMETRIC_REPRESENTATION_CONTEXT(2) 
PARAMETRIC_REPRESENTATION_CONTEXT() REPRESENTATION_CONTEXT('2D SPACE',''
  ) );
#8946 = PCURVE('',#8234,#8947);
#8947 = DEFINITIONAL_REPRESENTATION('',(#8948),#8952);
#8948 = CIRCLE('',#8949,2.65);
#8949 = AXIS2_PLACEMENT_2D('',#8950,#8951);
#8950 = CARTESIAN_POINT('',(-13.68080573302,37.587704831436));
#8951 = DIRECTION('',(-0.808541108491,-0.588439696044));
#8952 = ( GEOMETRIC_REPRESENTATION_CONTEXT(2) 
PARAMETRIC_REPRESENTATION_CONTEXT() REPRESENTATION_CONTEXT('2D SPACE',''
  ) );
#8953 = ORIENTED_EDGE('',*,*,#8907,.F.);
#8954 = ORIENTED_EDGE('',*,*,#3502,.F.);
#8955 = ORIENTED_EDGE('',*,*,#8956,.T.);
#8956 = EDGE_CURVE('',#3470,#8931,#8957,.T.);
#8957 = SURFACE_CURVE('',#8958,(#8962,#8968),.PCURVE_S1.);
#8958 = LINE('',#8959,#8960);
#8959 = CARTESIAN_POINT('',(-15.82343967052,36.028339636919,1.05));
#8960 = VECTOR('',#8961,1.);
#8961 = DIRECTION('',(-0.,-0.,-1.));
#8962 = PCURVE('',#3519,#8963);
#8963 = DEFINITIONAL_REPRESENTATION('',(#8964),#8967);
#8964 = B_SPLINE_CURVE_WITH_KNOTS('',1,(#8965,#8966),.UNSPECIFIED.,.F.,
  .F.,(2,2),(-4.95,0.),.PIECEWISE_BEZIER_KNOTS.);
#8965 = CARTESIAN_POINT('',(2.512464947962,-4.95));
#8966 = CARTESIAN_POINT('',(2.512464947962,0.));
#8967 = ( GEOMETRIC_REPRESENTATION_CONTEXT(2) 
PARAMETRIC_REPRESENTATION_CONTEXT() REPRESENTATION_CONTEXT('2D SPACE',''
  ) );
#8968 = PCURVE('',#3490,#8969);
#8969 = DEFINITIONAL_REPRESENTATION('',(#8970),#8973);
#8970 = B_SPLINE_CURVE_WITH_KNOTS('',1,(#8971,#8972),.UNSPECIFIED.,.F.,
  .F.,(2,2),(-4.9500006,5.999999999062E-07),.PIECEWISE_BEZIER_KNOTS.);
#8971 = CARTESIAN_POINT('',(4.298557363402,-4.9500006));
#8972 = CARTESIAN_POINT('',(4.298557363402,5.999999999062E-07));
#8973 = ( GEOMETRIC_REPRESENTATION_CONTEXT(2) 
PARAMETRIC_REPRESENTATION_CONTEXT() REPRESENTATION_CONTEXT('2D SPACE',''
  ) );
#8974 = ADVANCED_FACE('',(#8975),#3490,.F.);
#8975 = FACE_BOUND('',#8976,.F.);
#8976 = EDGE_LOOP('',(#8977,#8998,#8999,#9025,#9086,#9112,#9113,#9114,
    #9115,#9180,#9204,#9205,#9227,#9297,#9330,#9352,#9385,#9407,#9440,
    #9501,#9521,#9522,#9523,#9524));
#8977 = ORIENTED_EDGE('',*,*,#8978,.F.);
#8978 = EDGE_CURVE('',#5768,#8979,#8981,.T.);
#8979 = VERTEX_POINT('',#8980);
#8980 = CARTESIAN_POINT('',(-15.82343967052,-36.02833963691,1.05));
#8981 = SURFACE_CURVE('',#8982,(#8986,#8992),.PCURVE_S1.);
#8982 = LINE('',#8983,#8984);
#8983 = CARTESIAN_POINT('',(-15.82343967052,-36.02833963691,1.05));
#8984 = VECTOR('',#8985,1.);
#8985 = DIRECTION('',(-0.,-0.,-1.));
#8986 = PCURVE('',#3490,#8987);
#8987 = DEFINITIONAL_REPRESENTATION('',(#8988),#8991);
#8988 = B_SPLINE_CURVE_WITH_KNOTS('',1,(#8989,#8990),.UNSPECIFIED.,.F.,
  .F.,(2,2),(-4.9500006,5.999999999062E-07),.PIECEWISE_BEZIER_KNOTS.);
#8989 = CARTESIAN_POINT('',(1.984627943778,-4.9500006));
#8990 = CARTESIAN_POINT('',(1.984627943778,5.999999999062E-07));
#8991 = ( GEOMETRIC_REPRESENTATION_CONTEXT(2) 
PARAMETRIC_REPRESENTATION_CONTEXT() REPRESENTATION_CONTEXT('2D SPACE',''
  ) );
#8992 = PCURVE('',#5784,#8993);
#8993 = DEFINITIONAL_REPRESENTATION('',(#8994),#8997);
#8994 = B_SPLINE_CURVE_WITH_KNOTS('',1,(#8995,#8996),.UNSPECIFIED.,.F.,
  .F.,(2,2),(-4.95,0.),.PIECEWISE_BEZIER_KNOTS.);
#8995 = CARTESIAN_POINT('',(3.770720359217,-4.95));
#8996 = CARTESIAN_POINT('',(3.770720359217,0.));
#8997 = ( GEOMETRIC_REPRESENTATION_CONTEXT(2) 
PARAMETRIC_REPRESENTATION_CONTEXT() REPRESENTATION_CONTEXT('2D SPACE',''
  ) );
#8998 = ORIENTED_EDGE('',*,*,#5796,.T.);
#8999 = ORIENTED_EDGE('',*,*,#9000,.T.);
#9000 = EDGE_CURVE('',#5362,#9001,#9003,.T.);
#9001 = VERTEX_POINT('',#9002);
#9002 = CARTESIAN_POINT('',(-20.52265882168,-33.57443930862,5.24));
#9003 = SURFACE_CURVE('',#9004,(#9008,#9014),.PCURVE_S1.);
#9004 = LINE('',#9005,#9006);
#9005 = CARTESIAN_POINT('',(-20.52265882168,-33.57443930862,1.05));
#9006 = VECTOR('',#9007,1.);
#9007 = DIRECTION('',(-0.,-0.,-1.));
#9008 = PCURVE('',#3490,#9009);
#9009 = DEFINITIONAL_REPRESENTATION('',(#9010),#9013);
#9010 = B_SPLINE_CURVE_WITH_KNOTS('',1,(#9011,#9012),.UNSPECIFIED.,.F.,
  .F.,(2,2),(-4.9500006,-4.114),.PIECEWISE_BEZIER_KNOTS.);
#9011 = CARTESIAN_POINT('',(2.119452978442,-4.9500006));
#9012 = CARTESIAN_POINT('',(2.119452978442,-4.114));
#9013 = ( GEOMETRIC_REPRESENTATION_CONTEXT(2) 
PARAMETRIC_REPRESENTATION_CONTEXT() REPRESENTATION_CONTEXT('2D SPACE',''
  ) );
#9014 = PCURVE('',#9015,#9020);
#9015 = PLANE('',#9016);
#9016 = AXIS2_PLACEMENT_3D('',#9017,#9018,#9019);
#9017 = CARTESIAN_POINT('',(-11.5562397558,-24.28944055976,4.14));
#9018 = DIRECTION('',(0.719339800339,-0.694658370459,0.));
#9019 = DIRECTION('',(0.,0.,1.));
#9020 = DEFINITIONAL_REPRESENTATION('',(#9021),#9024);
#9021 = B_SPLINE_CURVE_WITH_KNOTS('',1,(#9022,#9023),.UNSPECIFIED.,.F.,
  .F.,(2,2),(-4.9500006,-4.114),.PIECEWISE_BEZIER_KNOTS.);
#9022 = CARTESIAN_POINT('',(1.8600006,12.907667203307));
#9023 = CARTESIAN_POINT('',(1.024,12.907667203307));
#9024 = ( GEOMETRIC_REPRESENTATION_CONTEXT(2) 
PARAMETRIC_REPRESENTATION_CONTEXT() REPRESENTATION_CONTEXT('2D SPACE',''
  ) );
#9025 = ORIENTED_EDGE('',*,*,#9026,.T.);
#9026 = EDGE_CURVE('',#9001,#9027,#9029,.T.);
#9027 = VERTEX_POINT('',#9028);
#9028 = CARTESIAN_POINT('',(-21.47281921444,-32.9748470047,4.14));
#9029 = SURFACE_CURVE('',#9030,(#9045,#9063),.PCURVE_S1.);
#9030 = B_SPLINE_CURVE_WITH_KNOTS('',7,(#9031,#9032,#9033,#9034,#9035,
    #9036,#9037,#9038,#9039,#9040,#9041,#9042,#9043,#9044),
  .UNSPECIFIED.,.F.,.F.,(8,6,8),(0.,0.611879290328,1.),.UNSPECIFIED.);
#9031 = CARTESIAN_POINT('',(-20.52265882168,-33.57443930862,5.24));
#9032 = CARTESIAN_POINT('',(-20.52265882168,-33.57443930862,
    5.102560751431));
#9033 = CARTESIAN_POINT('',(-20.54017180523,-33.56373432481,
    4.964887672069));
#9034 = CARTESIAN_POINT('',(-20.5753068461,-33.54225786577,
    4.829458157389));
#9035 = CARTESIAN_POINT('',(-20.62823275098,-33.50982706509,
    4.698929869301));
#9036 = CARTESIAN_POINT('',(-20.69902774389,-33.46623472071,
    4.576359740692));
#9037 = CARTESIAN_POINT('',(-20.78756282791,-33.41130438191,
    4.465402817396));
#9038 = CARTESIAN_POINT('',(-20.96014317768,-33.30317020895,
    4.310840745262));
#9039 = CARTESIAN_POINT('',(-21.03429997744,-33.2564868558,
    4.257166877679));
#9040 = CARTESIAN_POINT('',(-21.11480372443,-33.20552312073,
    4.211826307134));
#9041 = CARTESIAN_POINT('',(-21.20044265686,-33.15095286644,
    4.176449538421));
#9042 = CARTESIAN_POINT('',(-21.2897459929,-33.09363826056,
    4.152250561708));
#9043 = CARTESIAN_POINT('',(-21.38109485396,-33.03457679237,4.14));
#9044 = CARTESIAN_POINT('',(-21.47281921444,-32.9748470047,4.14));
#9045 = PCURVE('',#3490,#9046);
#9046 = DEFINITIONAL_REPRESENTATION('',(#9047),#9062);
#9047 = B_SPLINE_CURVE_WITH_KNOTS('',7,(#9048,#9049,#9050,#9051,#9052,
    #9053,#9054,#9055,#9056,#9057,#9058,#9059,#9060,#9061),
  .UNSPECIFIED.,.F.,.F.,(8,6,8),(0.,0.611879290328,1.),.UNSPECIFIED.);
#9048 = CARTESIAN_POINT('',(2.119452978442,-4.19));
#9049 = CARTESIAN_POINT('',(2.119452978442,-4.052560751431));
#9050 = CARTESIAN_POINT('',(2.119974595378,-3.914887672069));
#9051 = CARTESIAN_POINT('',(2.121021075267,-3.779458157389));
#9052 = CARTESIAN_POINT('',(2.122598503052,-3.648929869301));
#9053 = CARTESIAN_POINT('',(2.124711318864,-3.526359740692));
#9054 = CARTESIAN_POINT('',(2.127359099465,-3.415402817396));
#9055 = CARTESIAN_POINT('',(2.132534676874,-3.260840745262));
#9056 = CARTESIAN_POINT('',(2.134761544361,-3.207166877679));
#9057 = CARTESIAN_POINT('',(2.137182861839,-3.161826307134));
#9058 = CARTESIAN_POINT('',(2.139763468151,-3.126449538421));
#9059 = CARTESIAN_POINT('',(2.142460099146,-3.102250561708));
#9060 = CARTESIAN_POINT('',(2.145224480977,-3.09));
#9061 = CARTESIAN_POINT('',(2.148006127257,-3.09));
#9062 = ( GEOMETRIC_REPRESENTATION_CONTEXT(2) 
PARAMETRIC_REPRESENTATION_CONTEXT() REPRESENTATION_CONTEXT('2D SPACE',''
  ) );
#9063 = PCURVE('',#9064,#9069);
#9064 = CYLINDRICAL_SURFACE('',#9065,1.1);
#9065 = AXIS2_PLACEMENT_3D('',#9066,#9067,#9068);
#9066 = CARTESIAN_POINT('',(-12.34751353617,-23.52531635226,5.24));
#9067 = DIRECTION('',(-0.694658370459,-0.719339800339,0.));
#9068 = DIRECTION('',(0.719339800339,-0.694658370459,0.));
#9069 = DEFINITIONAL_REPRESENTATION('',(#9070),#9085);
#9070 = B_SPLINE_CURVE_WITH_KNOTS('',7,(#9071,#9072,#9073,#9074,#9075,
    #9076,#9077,#9078,#9079,#9080,#9081,#9082,#9083,#9084),
  .UNSPECIFIED.,.F.,.F.,(8,6,8),(0.,0.611879290328,1.),.UNSPECIFIED.);
#9071 = CARTESIAN_POINT('',(0.,12.907667203307));
#9072 = CARTESIAN_POINT('',(-0.124944771427,12.907667203307));
#9073 = CARTESIAN_POINT('',(-0.25010167918,12.912132223001));
#9074 = CARTESIAN_POINT('',(-0.376407331409,12.921090201483));
#9075 = CARTESIAN_POINT('',(-0.504671710547,12.934526858636));
#9076 = CARTESIAN_POINT('',(-0.635804835442,12.952347484741));
#9077 = CARTESIAN_POINT('',(-0.770786513024,12.97433554299));
#9078 = CARTESIAN_POINT('',(-1.00003982938,13.016434713152));
#9079 = CARTESIAN_POINT('',(-1.091558610752,13.034367160896));
#9080 = CARTESIAN_POINT('',(-1.185001512257,13.053629519587));
#9081 = CARTESIAN_POINT('',(-1.279940616045,13.073864765012));
#9082 = CARTESIAN_POINT('',(-1.376059180539,13.094671397746));
#9083 = CARTESIAN_POINT('',(-1.473093799409,13.115642383986));
#9084 = CARTESIAN_POINT('',(-1.570796326795,13.136393465229));
#9085 = ( GEOMETRIC_REPRESENTATION_CONTEXT(2) 
PARAMETRIC_REPRESENTATION_CONTEXT() REPRESENTATION_CONTEXT('2D SPACE',''
  ) );
#9086 = ORIENTED_EDGE('',*,*,#9087,.T.);
#9087 = EDGE_CURVE('',#9027,#5042,#9088,.T.);
#9088 = SURFACE_CURVE('',#9089,(#9094,#9101),.PCURVE_S1.);
#9089 = CIRCLE('',#9090,39.35);
#9090 = AXIS2_PLACEMENT_3D('',#9091,#9092,#9093);
#9091 = CARTESIAN_POINT('',(0.,0.,4.14));
#9092 = DIRECTION('',(0.,0.,-1.));
#9093 = DIRECTION('',(1.,0.,0.));
#9094 = PCURVE('',#3490,#9095);
#9095 = DEFINITIONAL_REPRESENTATION('',(#9096),#9100);
#9096 = LINE('',#9097,#9098);
#9097 = CARTESIAN_POINT('',(0.,-3.09));
#9098 = VECTOR('',#9099,1.);
#9099 = DIRECTION('',(1.,0.));
#9100 = ( GEOMETRIC_REPRESENTATION_CONTEXT(2) 
PARAMETRIC_REPRESENTATION_CONTEXT() REPRESENTATION_CONTEXT('2D SPACE',''
  ) );
#9101 = PCURVE('',#5056,#9102);
#9102 = DEFINITIONAL_REPRESENTATION('',(#9103),#9111);
#9103 = ( BOUNDED_CURVE() B_SPLINE_CURVE(2,(#9104,#9105,#9106,#9107,
#9108,#9109,#9110),.UNSPECIFIED.,.T.,.F.) B_SPLINE_CURVE_WITH_KNOTS((1,2
    ,2,2,2,1),(-2.094395102393,0.,2.094395102393,4.188790204786,
6.28318530718,8.377580409573),.UNSPECIFIED.) CURVE() 
GEOMETRIC_REPRESENTATION_ITEM() RATIONAL_B_SPLINE_CURVE((1.,0.5,1.,0.5,
1.,0.5,1.)) REPRESENTATION_ITEM('') );
#9104 = CARTESIAN_POINT('',(-52.83480687756,36.866021143326));
#9105 = CARTESIAN_POINT('',(-3.807340097202,84.211295470346));
#9106 = CARTESIAN_POINT('',(12.68113682896,18.079626591847));
#9107 = CARTESIAN_POINT('',(29.169613755123,-48.05204228665));
#9108 = CARTESIAN_POINT('',(-36.34632995139,-29.26564773517));
#9109 = CARTESIAN_POINT('',(-101.8622736579,-10.47925318369));
#9110 = CARTESIAN_POINT('',(-52.83480687756,36.866021143326));
#9111 = ( GEOMETRIC_REPRESENTATION_CONTEXT(2) 
PARAMETRIC_REPRESENTATION_CONTEXT() REPRESENTATION_CONTEXT('2D SPACE',''
  ) );
#9112 = ORIENTED_EDGE('',*,*,#5067,.T.);
#9113 = ORIENTED_EDGE('',*,*,#4902,.T.);
#9114 = ORIENTED_EDGE('',*,*,#4784,.F.);
#9115 = ORIENTED_EDGE('',*,*,#9116,.F.);
#9116 = EDGE_CURVE('',#9117,#4751,#9119,.T.);
#9117 = VERTEX_POINT('',#9118);
#9118 = CARTESIAN_POINT('',(-32.83775620348,-21.68188800637,5.24));
#9119 = SURFACE_CURVE('',#9120,(#9138,#9159),.PCURVE_S1.);
#9120 = B_SPLINE_CURVE_WITH_KNOTS('',6,(#9121,#9122,#9123,#9124,#9125,
    #9126,#9127,#9128,#9129,#9130,#9131,#9132,#9133,#9134,#9135,#9136,
    #9137),.UNSPECIFIED.,.F.,.F.,(7,5,5,7),(0.,0.450726158348,
    0.621204344111,1.),.UNSPECIFIED.);
#9121 = CARTESIAN_POINT('',(-32.83775620348,-21.68188800637,5.24));
#9122 = CARTESIAN_POINT('',(-32.83775620348,-21.68188800637,
    5.121702906505));
#9123 = CARTESIAN_POINT('',(-32.82913797581,-21.69494058084,
    5.003350853658));
#9124 = CARTESIAN_POINT('',(-32.81188662749,-21.72106791428,
    4.886643728419));
#9125 = CARTESIAN_POINT('',(-32.78588316344,-21.76036684719,
    4.773353732553));
#9126 = CARTESIAN_POINT('',(-32.7509528209,-21.81292861091,
    4.665534030433));
#9127 = CARTESIAN_POINT('',(-32.6902975564,-21.90360340147,
    4.528080679423));
#9128 = CARTESIAN_POINT('',(-32.67235589125,-21.93037559732,
    4.49152283464));
#9129 = CARTESIAN_POINT('',(-32.65312204369,-21.95901626148,
    4.456295101045));
#9130 = CARTESIAN_POINT('',(-32.63260577511,-21.98949505786,
    4.42256973817));
#9131 = CARTESIAN_POINT('',(-32.61082354083,-22.02177048727,
    4.39052526856));
#9132 = CARTESIAN_POINT('',(-32.5366399658,-22.13137796513,4.2932917033)
  );
#9133 = CARTESIAN_POINT('',(-32.4789186915,-22.21620864263,
    4.234886556762));
#9134 = CARTESIAN_POINT('',(-32.41543326075,-22.30889289984,
    4.188410312258));
#9135 = CARTESIAN_POINT('',(-32.34752034267,-22.40724886421,
    4.156288041187));
#9136 = CARTESIAN_POINT('',(-32.2768766569,-22.50869210874,4.14));
#9137 = CARTESIAN_POINT('',(-32.20536903549,-22.61054411745,4.14));
#9138 = PCURVE('',#3490,#9139);
#9139 = DEFINITIONAL_REPRESENTATION('',(#9140),#9158);
#9140 = B_SPLINE_CURVE_WITH_KNOTS('',6,(#9141,#9142,#9143,#9144,#9145,
    #9146,#9147,#9148,#9149,#9150,#9151,#9152,#9153,#9154,#9155,#9156,
    #9157),.UNSPECIFIED.,.F.,.F.,(7,5,5,7),(0.,0.450726158348,
    0.621204344111,1.),.UNSPECIFIED.);
#9141 = CARTESIAN_POINT('',(2.558029416903,-4.19));
#9142 = CARTESIAN_POINT('',(2.558029416903,-4.071702906505));
#9143 = CARTESIAN_POINT('',(2.557631930613,-3.953350853658));
#9144 = CARTESIAN_POINT('',(2.556836279063,-3.836643728419));
#9145 = CARTESIAN_POINT('',(2.555638742147,-3.723353732553));
#9146 = CARTESIAN_POINT('',(2.554034938407,-3.615534030433));
#9147 = CARTESIAN_POINT('',(2.551262597691,-3.478080679423));
#9148 = CARTESIAN_POINT('',(2.550443585213,-3.44152283464));
#9149 = CARTESIAN_POINT('',(2.549566846625,-3.406295101045));
#9150 = CARTESIAN_POINT('',(2.548633159231,-3.37256973817));
#9151 = CARTESIAN_POINT('',(2.547643629834,-3.34052526856));
#9152 = CARTESIAN_POINT('',(2.544280178462,-3.2432917033));
#9153 = CARTESIAN_POINT('',(2.541672664384,-3.184886556762));
#9154 = CARTESIAN_POINT('',(2.53881773844,-3.138410312258));
#9155 = CARTESIAN_POINT('',(2.535780307949,-3.106288041187));
#9156 = CARTESIAN_POINT('',(2.53263884662,-3.09));
#9157 = CARTESIAN_POINT('',(2.529476268088,-3.09));
#9158 = ( GEOMETRIC_REPRESENTATION_CONTEXT(2) 
PARAMETRIC_REPRESENTATION_CONTEXT() REPRESENTATION_CONTEXT('2D SPACE',''
  ) );
#9159 = PCURVE('',#4770,#9160);
#9160 = DEFINITIONAL_REPRESENTATION('',(#9161),#9179);
#9161 = B_SPLINE_CURVE_WITH_KNOTS('',6,(#9162,#9163,#9164,#9165,#9166,
    #9167,#9168,#9169,#9170,#9171,#9172,#9173,#9174,#9175,#9176,#9177,
    #9178),.UNSPECIFIED.,.F.,.F.,(7,5,5,7),(0.,0.450726158348,
    0.621204344111,1.),.UNSPECIFIED.);
#9162 = CARTESIAN_POINT('',(0.,12.907667203307));
#9163 = CARTESIAN_POINT('',(0.107542812268,12.907667203307));
#9164 = CARTESIAN_POINT('',(0.215136447452,12.911069715636));
#9165 = CARTESIAN_POINT('',(0.323468703539,12.917880352945));
#9166 = CARTESIAN_POINT('',(0.433196099435,12.928086115534));
#9167 = CARTESIAN_POINT('',(0.544990816174,12.941631229327));
#9168 = CARTESIAN_POINT('',(0.703133952483,12.964722527871));
#9169 = CARTESIAN_POINT('',(0.746947739689,12.971517506004));
#9170 = CARTESIAN_POINT('',(0.791194428377,12.978758922441));
#9171 = CARTESIAN_POINT('',(0.835895592029,12.986431736046));
#9172 = CARTESIAN_POINT('',(0.881076997233,12.994517525625));
#9173 = CARTESIAN_POINT('',(1.02829747134,13.021830305517));
#9174 = CARTESIAN_POINT('',(1.133202157012,13.042755821785));
#9175 = CARTESIAN_POINT('',(1.240462021265,13.065326610985));
#9176 = CARTESIAN_POINT('',(1.349455013734,13.08890169375));
#9177 = CARTESIAN_POINT('',(1.459713937242,13.112800629384));
#9178 = CARTESIAN_POINT('',(1.570796326795,13.136393465229));
#9179 = ( GEOMETRIC_REPRESENTATION_CONTEXT(2) 
PARAMETRIC_REPRESENTATION_CONTEXT() REPRESENTATION_CONTEXT('2D SPACE',''
  ) );
#9180 = ORIENTED_EDGE('',*,*,#9181,.F.);
#9181 = EDGE_CURVE('',#4363,#9117,#9182,.T.);
#9182 = SURFACE_CURVE('',#9183,(#9187,#9193),.PCURVE_S1.);
#9183 = LINE('',#9184,#9185);
#9184 = CARTESIAN_POINT('',(-32.83775620348,-21.68188800637,1.05));
#9185 = VECTOR('',#9186,1.);
#9186 = DIRECTION('',(-0.,-0.,-1.));
#9187 = PCURVE('',#3490,#9188);
#9188 = DEFINITIONAL_REPRESENTATION('',(#9189),#9192);
#9189 = B_SPLINE_CURVE_WITH_KNOTS('',1,(#9190,#9191),.UNSPECIFIED.,.F.,
  .F.,(2,2),(-4.9500006,-4.114),.PIECEWISE_BEZIER_KNOTS.);
#9190 = CARTESIAN_POINT('',(2.558029416903,-4.9500006));
#9191 = CARTESIAN_POINT('',(2.558029416903,-4.114));
#9192 = ( GEOMETRIC_REPRESENTATION_CONTEXT(2) 
PARAMETRIC_REPRESENTATION_CONTEXT() REPRESENTATION_CONTEXT('2D SPACE',''
  ) );
#9193 = PCURVE('',#9194,#9199);
#9194 = PLANE('',#9195);
#9195 = AXIS2_PLACEMENT_3D('',#9196,#9197,#9198);
#9196 = CARTESIAN_POINT('',(-23.8713371376,-12.3968892575,4.14));
#9197 = DIRECTION('',(0.719339800339,-0.694658370459,0.));
#9198 = DIRECTION('',(0.,0.,1.));
#9199 = DEFINITIONAL_REPRESENTATION('',(#9200),#9203);
#9200 = B_SPLINE_CURVE_WITH_KNOTS('',1,(#9201,#9202),.UNSPECIFIED.,.F.,
  .F.,(2,2),(-4.9500006,-4.114),.PIECEWISE_BEZIER_KNOTS.);
#9201 = CARTESIAN_POINT('',(1.8600006,12.907667203307));
#9202 = CARTESIAN_POINT('',(1.024,12.907667203307));
#9203 = ( GEOMETRIC_REPRESENTATION_CONTEXT(2) 
PARAMETRIC_REPRESENTATION_CONTEXT() REPRESENTATION_CONTEXT('2D SPACE',''
  ) );
#9204 = ORIENTED_EDGE('',*,*,#4390,.T.);
#9205 = ORIENTED_EDGE('',*,*,#9206,.T.);
#9206 = EDGE_CURVE('',#4391,#9207,#9209,.T.);
#9207 = VERTEX_POINT('',#9208);
#9208 = CARTESIAN_POINT('',(-36.37887436411,-15.,5.8));
#9209 = SURFACE_CURVE('',#9210,(#9214,#9220),.PCURVE_S1.);
#9210 = LINE('',#9211,#9212);
#9211 = CARTESIAN_POINT('',(-36.37887436411,-15.,1.05));
#9212 = VECTOR('',#9213,1.);
#9213 = DIRECTION('',(-0.,-0.,-1.));
#9214 = PCURVE('',#3490,#9215);
#9215 = DEFINITIONAL_REPRESENTATION('',(#9216),#9219);
#9216 = B_SPLINE_CURVE_WITH_KNOTS('',1,(#9217,#9218),.UNSPECIFIED.,.F.,
  .F.,(2,2),(-4.9500006,-3.87),.PIECEWISE_BEZIER_KNOTS.);
#9217 = CARTESIAN_POINT('',(2.750504742082,-4.9500006));
#9218 = CARTESIAN_POINT('',(2.750504742082,-3.87));
#9219 = ( GEOMETRIC_REPRESENTATION_CONTEXT(2) 
PARAMETRIC_REPRESENTATION_CONTEXT() REPRESENTATION_CONTEXT('2D SPACE',''
  ) );
#9220 = PCURVE('',#4434,#9221);
#9221 = DEFINITIONAL_REPRESENTATION('',(#9222),#9226);
#9222 = LINE('',#9223,#9224);
#9223 = CARTESIAN_POINT('',(-3.15,20.12112563589));
#9224 = VECTOR('',#9225,1.);
#9225 = DIRECTION('',(-1.,0.));
#9226 = ( GEOMETRIC_REPRESENTATION_CONTEXT(2) 
PARAMETRIC_REPRESENTATION_CONTEXT() REPRESENTATION_CONTEXT('2D SPACE',''
  ) );
#9227 = ORIENTED_EDGE('',*,*,#9228,.T.);
#9228 = EDGE_CURVE('',#9207,#9229,#9231,.T.);
#9229 = VERTEX_POINT('',#9230);
#9230 = CARTESIAN_POINT('',(-36.99814184523,-13.4,4.2));
#9231 = SURFACE_CURVE('',#9232,(#9250,#9271),.PCURVE_S1.);
#9232 = B_SPLINE_CURVE_WITH_KNOTS('',6,(#9233,#9234,#9235,#9236,#9237,
    #9238,#9239,#9240,#9241,#9242,#9243,#9244,#9245,#9246,#9247,#9248,
    #9249),.UNSPECIFIED.,.F.,.F.,(7,5,5,7),(0.,0.447857324511,
    0.628359515035,1.),.UNSPECIFIED.);
#9233 = CARTESIAN_POINT('',(-36.37887436411,-15.,5.8));
#9234 = CARTESIAN_POINT('',(-36.37887436411,-15.,5.627452113985));
#9235 = CARTESIAN_POINT('',(-36.38808165937,-14.9776700556,
    5.454818044245));
#9236 = CARTESIAN_POINT('',(-36.40651228031,-14.93297044669,
    5.284768113615));
#9237 = CARTESIAN_POINT('',(-36.43408014096,-14.86582109987,
    5.120035236567));
#9238 = CARTESIAN_POINT('',(-36.470552257,-14.77619269994,4.963666926191
    ));
#9239 = CARTESIAN_POINT('',(-36.53362684522,-14.6191303922,4.76118341914
    ));
#9240 = CARTESIAN_POINT('',(-36.55312075691,-14.57039505489,
    4.70498502845));
#9241 = CARTESIAN_POINT('',(-36.57394947728,-14.51808481175,
    4.651032882676));
#9242 = CARTESIAN_POINT('',(-36.59606158008,-14.46226357327,
    4.59961453614));
#9243 = CARTESIAN_POINT('',(-36.61939512028,-14.40301754293,
    4.551026137274));
#9244 = CARTESIAN_POINT('',(-36.69428705153,-14.21164770573,
    4.411987811976));
#9245 = CARTESIAN_POINT('',(-36.74990706291,-14.06792142191,
    4.331065291686));
#9246 = CARTESIAN_POINT('',(-36.80965288597,-13.9113695193,
    4.266884552146));
#9247 = CARTESIAN_POINT('',(-36.87201253263,-13.74520638468,
    4.222538103324));
#9248 = CARTESIAN_POINT('',(-36.93535720572,-13.57335186553,4.2));
#9249 = CARTESIAN_POINT('',(-36.99814184523,-13.4,4.2));
#9250 = PCURVE('',#3490,#9251);
#9251 = DEFINITIONAL_REPRESENTATION('',(#9252),#9270);
#9252 = B_SPLINE_CURVE_WITH_KNOTS('',6,(#9253,#9254,#9255,#9256,#9257,
    #9258,#9259,#9260,#9261,#9262,#9263,#9264,#9265,#9266,#9267,#9268,
    #9269),.UNSPECIFIED.,.F.,.F.,(7,5,5,7),(0.,0.447857324511,
    0.628359515035,1.),.UNSPECIFIED.);
#9253 = CARTESIAN_POINT('',(2.750504742082,-4.75));
#9254 = CARTESIAN_POINT('',(2.750504742082,-4.577452113985));
#9255 = CARTESIAN_POINT('',(2.751118558799,-4.404818044245));
#9256 = CARTESIAN_POINT('',(2.752347280938,-4.234768113615));
#9257 = CARTESIAN_POINT('',(2.75419195517,-4.070035236567));
#9258 = CARTESIAN_POINT('',(2.756651014415,-3.913666926191));
#9259 = CARTESIAN_POINT('',(2.76095226383,-3.71118341914));
#9260 = CARTESIAN_POINT('',(2.762286175711,-3.65498502845));
#9261 = CARTESIAN_POINT('',(2.763717037028,-3.601032882676));
#9262 = CARTESIAN_POINT('',(2.765242859738,-3.54961453614));
#9263 = CARTESIAN_POINT('',(2.766861034315,-3.501026137274));
#9264 = CARTESIAN_POINT('',(2.772083457447,-3.361987811976));
#9265 = CARTESIAN_POINT('',(2.775999898301,-3.281065291686));
#9266 = CARTESIAN_POINT('',(2.780258148777,-3.216884552146));
#9267 = CARTESIAN_POINT('',(2.784768307576,-3.172538103324));
#9268 = CARTESIAN_POINT('',(2.78942279743,-3.15));
#9269 = CARTESIAN_POINT('',(2.794108218289,-3.15));
#9270 = ( GEOMETRIC_REPRESENTATION_CONTEXT(2) 
PARAMETRIC_REPRESENTATION_CONTEXT() REPRESENTATION_CONTEXT('2D SPACE',''
  ) );
#9271 = PCURVE('',#9272,#9277);
#9272 = CYLINDRICAL_SURFACE('',#9273,1.6);
#9273 = AXIS2_PLACEMENT_3D('',#9274,#9275,#9276);
#9274 = CARTESIAN_POINT('',(-56.5,-13.4,5.8));
#9275 = DIRECTION('',(1.,0.,0.));
#9276 = DIRECTION('',(0.,-1.,0.));
#9277 = DEFINITIONAL_REPRESENTATION('',(#9278),#9296);
#9278 = B_SPLINE_CURVE_WITH_KNOTS('',6,(#9279,#9280,#9281,#9282,#9283,
    #9284,#9285,#9286,#9287,#9288,#9289,#9290,#9291,#9292,#9293,#9294,
    #9295),.UNSPECIFIED.,.F.,.F.,(7,5,5,7),(0.,0.447857324511,
    0.628359515035,1.),.UNSPECIFIED.);
#9279 = CARTESIAN_POINT('',(0.,20.121125635886));
#9280 = CARTESIAN_POINT('',(0.107842428759,20.121125635886));
#9281 = CARTESIAN_POINT('',(0.215739454522,20.111918340625));
#9282 = CARTESIAN_POINT('',(0.324274926392,20.093487719682));
#9283 = CARTESIAN_POINT('',(0.434024817873,20.065919859033));
#9284 = CARTESIAN_POINT('',(0.545581055567,20.029447742994));
#9285 = CARTESIAN_POINT('',(0.705742277005,19.966373154779));
#9286 = CARTESIAN_POINT('',(0.75216453958,19.946879243082));
#9287 = CARTESIAN_POINT('',(0.799022341973,19.92605052272));
#9288 = CARTESIAN_POINT('',(0.846340006842,19.90393841992));
#9289 = CARTESIAN_POINT('',(0.894146658029,19.880604879712));
#9290 = CARTESIAN_POINT('',(1.041987987788,19.805712948468));
#9291 = CARTESIAN_POINT('',(1.144389021519,19.75009293709));
#9292 = CARTESIAN_POINT('',(1.248899937456,19.690347114026));
#9293 = CARTESIAN_POINT('',(1.355042624949,19.627987467367));
#9294 = CARTESIAN_POINT('',(1.462451410837,19.564642794273));
#9295 = CARTESIAN_POINT('',(1.570796326795,19.501858154767));
#9296 = ( GEOMETRIC_REPRESENTATION_CONTEXT(2) 
PARAMETRIC_REPRESENTATION_CONTEXT() REPRESENTATION_CONTEXT('2D SPACE',''
  ) );
#9297 = ORIENTED_EDGE('',*,*,#9298,.T.);
#9298 = EDGE_CURVE('',#9229,#9299,#9301,.T.);
#9299 = VERTEX_POINT('',#9300);
#9300 = CARTESIAN_POINT('',(-38.1,-9.839334327077,4.2));
#9301 = SURFACE_CURVE('',#9302,(#9307,#9314),.PCURVE_S1.);
#9302 = CIRCLE('',#9303,39.35);
#9303 = AXIS2_PLACEMENT_3D('',#9304,#9305,#9306);
#9304 = CARTESIAN_POINT('',(0.,0.,4.2));
#9305 = DIRECTION('',(0.,0.,-1.));
#9306 = DIRECTION('',(1.,0.,0.));
#9307 = PCURVE('',#3490,#9308);
#9308 = DEFINITIONAL_REPRESENTATION('',(#9309),#9313);
#9309 = LINE('',#9310,#9311);
#9310 = CARTESIAN_POINT('',(-4.138911435803E-13,-3.15));
#9311 = VECTOR('',#9312,1.);
#9312 = DIRECTION('',(1.,-0.));
#9313 = ( GEOMETRIC_REPRESENTATION_CONTEXT(2) 
PARAMETRIC_REPRESENTATION_CONTEXT() REPRESENTATION_CONTEXT('2D SPACE',''
  ) );
#9314 = PCURVE('',#9315,#9320);
#9315 = PLANE('',#9316);
#9316 = AXIS2_PLACEMENT_3D('',#9317,#9318,#9319);
#9317 = CARTESIAN_POINT('',(-56.5,-15.,4.2));
#9318 = DIRECTION('',(0.,0.,1.));
#9319 = DIRECTION('',(1.,0.,-0.));
#9320 = DEFINITIONAL_REPRESENTATION('',(#9321),#9329);
#9321 = ( BOUNDED_CURVE() B_SPLINE_CURVE(2,(#9322,#9323,#9324,#9325,
#9326,#9327,#9328),.UNSPECIFIED.,.T.,.F.) B_SPLINE_CURVE_WITH_KNOTS((1,2
    ,2,2,2,1),(-2.094395102393,0.,2.094395102393,4.188790204786,
6.28318530718,8.377580409573),.UNSPECIFIED.) CURVE() 
GEOMETRIC_REPRESENTATION_ITEM() RATIONAL_B_SPLINE_CURVE((1.,0.5,1.,0.5,
1.,0.5,1.)) REPRESENTATION_ITEM('') );
#9322 = CARTESIAN_POINT('',(95.85,15.));
#9323 = CARTESIAN_POINT('',(95.85,-53.15619927783));
#9324 = CARTESIAN_POINT('',(36.825,-19.07809963891));
#9325 = CARTESIAN_POINT('',(-22.2,15.));
#9326 = CARTESIAN_POINT('',(36.825,49.078099638918));
#9327 = CARTESIAN_POINT('',(95.85,83.156199277835));
#9328 = CARTESIAN_POINT('',(95.85,15.));
#9329 = ( GEOMETRIC_REPRESENTATION_CONTEXT(2) 
PARAMETRIC_REPRESENTATION_CONTEXT() REPRESENTATION_CONTEXT('2D SPACE',''
  ) );
#9330 = ORIENTED_EDGE('',*,*,#9331,.T.);
#9331 = EDGE_CURVE('',#9299,#9332,#9334,.T.);
#9332 = VERTEX_POINT('',#9333);
#9333 = CARTESIAN_POINT('',(-38.1,-9.839334327077,3.8));
#9334 = SURFACE_CURVE('',#9335,(#9339,#9345),.PCURVE_S1.);
#9335 = LINE('',#9336,#9337);
#9336 = CARTESIAN_POINT('',(-38.1,-9.839334327077,1.05));
#9337 = VECTOR('',#9338,1.);
#9338 = DIRECTION('',(-0.,-0.,-1.));
#9339 = PCURVE('',#3490,#9340);
#9340 = DEFINITIONAL_REPRESENTATION('',(#9341),#9344);
#9341 = B_SPLINE_CURVE_WITH_KNOTS('',1,(#9342,#9343),.UNSPECIFIED.,.F.,
  .F.,(2,2),(-4.9500006,-2.465),.PIECEWISE_BEZIER_KNOTS.);
#9342 = CARTESIAN_POINT('',(2.88886425368,-4.9500006));
#9343 = CARTESIAN_POINT('',(2.88886425368,-2.465));
#9344 = ( GEOMETRIC_REPRESENTATION_CONTEXT(2) 
PARAMETRIC_REPRESENTATION_CONTEXT() REPRESENTATION_CONTEXT('2D SPACE',''
  ) );
#9345 = PCURVE('',#3691,#9346);
#9346 = DEFINITIONAL_REPRESENTATION('',(#9347),#9351);
#9347 = LINE('',#9348,#9349);
#9348 = CARTESIAN_POINT('',(-2.75,-6.160665672923));
#9349 = VECTOR('',#9350,1.);
#9350 = DIRECTION('',(-1.,0.));
#9351 = ( GEOMETRIC_REPRESENTATION_CONTEXT(2) 
PARAMETRIC_REPRESENTATION_CONTEXT() REPRESENTATION_CONTEXT('2D SPACE',''
  ) );
#9352 = ORIENTED_EDGE('',*,*,#9353,.T.);
#9353 = EDGE_CURVE('',#9332,#9354,#9356,.T.);
#9354 = VERTEX_POINT('',#9355);
#9355 = CARTESIAN_POINT('',(-38.1,9.839334327077,3.8));
#9356 = SURFACE_CURVE('',#9357,(#9362,#9369),.PCURVE_S1.);
#9357 = CIRCLE('',#9358,39.35);
#9358 = AXIS2_PLACEMENT_3D('',#9359,#9360,#9361);
#9359 = CARTESIAN_POINT('',(0.,0.,3.8));
#9360 = DIRECTION('',(0.,0.,-1.));
#9361 = DIRECTION('',(1.,0.,0.));
#9362 = PCURVE('',#3490,#9363);
#9363 = DEFINITIONAL_REPRESENTATION('',(#9364),#9368);
#9364 = LINE('',#9365,#9366);
#9365 = CARTESIAN_POINT('',(-4.138911435803E-13,-2.75));
#9366 = VECTOR('',#9367,1.);
#9367 = DIRECTION('',(1.,-0.));
#9368 = ( GEOMETRIC_REPRESENTATION_CONTEXT(2) 
PARAMETRIC_REPRESENTATION_CONTEXT() REPRESENTATION_CONTEXT('2D SPACE',''
  ) );
#9369 = PCURVE('',#9370,#9375);
#9370 = PLANE('',#9371);
#9371 = AXIS2_PLACEMENT_3D('',#9372,#9373,#9374);
#9372 = CARTESIAN_POINT('',(-44.5,-13.5,3.8));
#9373 = DIRECTION('',(0.,0.,1.));
#9374 = DIRECTION('',(1.,0.,-0.));
#9375 = DEFINITIONAL_REPRESENTATION('',(#9376),#9384);
#9376 = ( BOUNDED_CURVE() B_SPLINE_CURVE(2,(#9377,#9378,#9379,#9380,
#9381,#9382,#9383),.UNSPECIFIED.,.T.,.F.) B_SPLINE_CURVE_WITH_KNOTS((1,2
    ,2,2,2,1),(-2.094395102393,0.,2.094395102393,4.188790204786,
6.28318530718,8.377580409573),.UNSPECIFIED.) CURVE() 
GEOMETRIC_REPRESENTATION_ITEM() RATIONAL_B_SPLINE_CURVE((1.,0.5,1.,0.5,
1.,0.5,1.)) REPRESENTATION_ITEM('') );
#9377 = CARTESIAN_POINT('',(83.85,13.5));
#9378 = CARTESIAN_POINT('',(83.85,-54.65619927783));
#9379 = CARTESIAN_POINT('',(24.825,-20.57809963891));
#9380 = CARTESIAN_POINT('',(-34.2,13.5));
#9381 = CARTESIAN_POINT('',(24.825,47.578099638918));
#9382 = CARTESIAN_POINT('',(83.85,81.656199277835));
#9383 = CARTESIAN_POINT('',(83.85,13.5));
#9384 = ( GEOMETRIC_REPRESENTATION_CONTEXT(2) 
PARAMETRIC_REPRESENTATION_CONTEXT() REPRESENTATION_CONTEXT('2D SPACE',''
  ) );
#9385 = ORIENTED_EDGE('',*,*,#9386,.F.);
#9386 = EDGE_CURVE('',#9387,#9354,#9389,.T.);
#9387 = VERTEX_POINT('',#9388);
#9388 = CARTESIAN_POINT('',(-38.1,9.839334327077,4.2));
#9389 = SURFACE_CURVE('',#9390,(#9394,#9400),.PCURVE_S1.);
#9390 = LINE('',#9391,#9392);
#9391 = CARTESIAN_POINT('',(-38.1,9.839334327077,1.05));
#9392 = VECTOR('',#9393,1.);
#9393 = DIRECTION('',(-0.,-0.,-1.));
#9394 = PCURVE('',#3490,#9395);
#9395 = DEFINITIONAL_REPRESENTATION('',(#9396),#9399);
#9396 = B_SPLINE_CURVE_WITH_KNOTS('',1,(#9397,#9398),.UNSPECIFIED.,.F.,
  .F.,(2,2),(-4.9500006,-2.465),.PIECEWISE_BEZIER_KNOTS.);
#9397 = CARTESIAN_POINT('',(3.394321053501,-4.9500006));
#9398 = CARTESIAN_POINT('',(3.394321053501,-2.465));
#9399 = ( GEOMETRIC_REPRESENTATION_CONTEXT(2) 
PARAMETRIC_REPRESENTATION_CONTEXT() REPRESENTATION_CONTEXT('2D SPACE',''
  ) );
#9400 = PCURVE('',#3691,#9401);
#9401 = DEFINITIONAL_REPRESENTATION('',(#9402),#9406);
#9402 = LINE('',#9403,#9404);
#9403 = CARTESIAN_POINT('',(-2.75,-25.83933432707));
#9404 = VECTOR('',#9405,1.);
#9405 = DIRECTION('',(-1.,0.));
#9406 = ( GEOMETRIC_REPRESENTATION_CONTEXT(2) 
PARAMETRIC_REPRESENTATION_CONTEXT() REPRESENTATION_CONTEXT('2D SPACE',''
  ) );
#9407 = ORIENTED_EDGE('',*,*,#9408,.T.);
#9408 = EDGE_CURVE('',#9387,#9409,#9411,.T.);
#9409 = VERTEX_POINT('',#9410);
#9410 = CARTESIAN_POINT('',(-37.34518041193,12.4,4.2));
#9411 = SURFACE_CURVE('',#9412,(#9417,#9424),.PCURVE_S1.);
#9412 = CIRCLE('',#9413,39.35);
#9413 = AXIS2_PLACEMENT_3D('',#9414,#9415,#9416);
#9414 = CARTESIAN_POINT('',(0.,0.,4.2));
#9415 = DIRECTION('',(0.,0.,-1.));
#9416 = DIRECTION('',(1.,0.,0.));
#9417 = PCURVE('',#3490,#9418);
#9418 = DEFINITIONAL_REPRESENTATION('',(#9419),#9423);
#9419 = LINE('',#9420,#9421);
#9420 = CARTESIAN_POINT('',(-4.138911435803E-13,-3.15));
#9421 = VECTOR('',#9422,1.);
#9422 = DIRECTION('',(1.,-0.));
#9423 = ( GEOMETRIC_REPRESENTATION_CONTEXT(2) 
PARAMETRIC_REPRESENTATION_CONTEXT() REPRESENTATION_CONTEXT('2D SPACE',''
  ) );
#9424 = PCURVE('',#9425,#9430);
#9425 = PLANE('',#9426);
#9426 = AXIS2_PLACEMENT_3D('',#9427,#9428,#9429);
#9427 = CARTESIAN_POINT('',(-56.5,-15.,4.2));
#9428 = DIRECTION('',(0.,0.,1.));
#9429 = DIRECTION('',(1.,0.,-0.));
#9430 = DEFINITIONAL_REPRESENTATION('',(#9431),#9439);
#9431 = ( BOUNDED_CURVE() B_SPLINE_CURVE(2,(#9432,#9433,#9434,#9435,
#9436,#9437,#9438),.UNSPECIFIED.,.T.,.F.) B_SPLINE_CURVE_WITH_KNOTS((1,2
    ,2,2,2,1),(-2.094395102393,0.,2.094395102393,4.188790204786,
6.28318530718,8.377580409573),.UNSPECIFIED.) CURVE() 
GEOMETRIC_REPRESENTATION_ITEM() RATIONAL_B_SPLINE_CURVE((1.,0.5,1.,0.5,
1.,0.5,1.)) REPRESENTATION_ITEM('') );
#9432 = CARTESIAN_POINT('',(95.85,15.));
#9433 = CARTESIAN_POINT('',(95.85,-53.15619927783));
#9434 = CARTESIAN_POINT('',(36.825,-19.07809963891));
#9435 = CARTESIAN_POINT('',(-22.2,15.));
#9436 = CARTESIAN_POINT('',(36.825,49.078099638918));
#9437 = CARTESIAN_POINT('',(95.85,83.156199277835));
#9438 = CARTESIAN_POINT('',(95.85,15.));
#9439 = ( GEOMETRIC_REPRESENTATION_CONTEXT(2) 
PARAMETRIC_REPRESENTATION_CONTEXT() REPRESENTATION_CONTEXT('2D SPACE',''
  ) );
#9440 = ORIENTED_EDGE('',*,*,#9441,.F.);
#9441 = EDGE_CURVE('',#9442,#9409,#9444,.T.);
#9442 = VERTEX_POINT('',#9443);
#9443 = CARTESIAN_POINT('',(-36.77529741552,14.,5.8));
#9444 = SURFACE_CURVE('',#9445,(#9460,#9478),.PCURVE_S1.);
#9445 = B_SPLINE_CURVE_WITH_KNOTS('',7,(#9446,#9447,#9448,#9449,#9450,
    #9451,#9452,#9453,#9454,#9455,#9456,#9457,#9458,#9459),
  .UNSPECIFIED.,.F.,.F.,(8,6,8),(0.,0.451507372576,1.),.UNSPECIFIED.);
#9446 = CARTESIAN_POINT('',(-36.77529741552,14.,5.8));
#9447 = CARTESIAN_POINT('',(-36.77529741552,14.,5.652306296689));
#9448 = CARTESIAN_POINT('',(-36.78135267175,13.984094113861,
    5.504565681258));
#9449 = CARTESIAN_POINT('',(-36.79346943424,13.95226535868,
    5.358242732662));
#9450 = CARTESIAN_POINT('',(-36.81162511378,13.904444043133,
    5.214833155583));
#9451 = CARTESIAN_POINT('',(-36.83575412953,13.840539318015,
    5.075947690595));
#9452 = CARTESIAN_POINT('',(-36.86573321487,13.7604776216,4.943407169262
    ));
#9453 = CARTESIAN_POINT('',(-36.94465322523,13.547347985976,
    4.668642098653));
#9454 = CARTESIAN_POINT('',(-36.99697545232,13.404720902646,
    4.528046488586));
#9455 = CARTESIAN_POINT('',(-37.05765095057,13.237164131373,
    4.404947307336));
#9456 = CARTESIAN_POINT('',(-37.12507741844,13.047678983348,
    4.305854830529));
#9457 = CARTESIAN_POINT('',(-37.1970643593,12.840900335323,
    4.236171401209));
#9458 = CARTESIAN_POINT('',(-37.27122710458,12.622725774617,4.2));
#9459 = CARTESIAN_POINT('',(-37.34518041193,12.4,4.2));
#9460 = PCURVE('',#3490,#9461);
#9461 = DEFINITIONAL_REPRESENTATION('',(#9462),#9477);
#9462 = B_SPLINE_CURVE_WITH_KNOTS('',7,(#9463,#9464,#9465,#9466,#9467,
    #9468,#9469,#9470,#9471,#9472,#9473,#9474,#9475,#9476),
  .UNSPECIFIED.,.F.,.F.,(8,6,8),(0.,0.451507372576,1.),.UNSPECIFIED.);
#9463 = CARTESIAN_POINT('',(3.50534274703,-4.75));
#9464 = CARTESIAN_POINT('',(3.50534274703,-4.602306296689));
#9465 = CARTESIAN_POINT('',(3.504910231179,-4.454565681258));
#9466 = CARTESIAN_POINT('',(3.504044739606,-4.308242732662));
#9467 = CARTESIAN_POINT('',(3.50274482138,-4.164833155583));
#9468 = CARTESIAN_POINT('',(3.501008911826,-4.025947690595));
#9469 = CARTESIAN_POINT('',(3.498836360325,-3.893407169262));
#9470 = CARTESIAN_POINT('',(3.493060703278,-3.618642098653));
#9471 = CARTESIAN_POINT('',(3.489199949934,-3.478046488586));
#9472 = CARTESIAN_POINT('',(3.484671313033,-3.354947307336));
#9473 = CARTESIAN_POINT('',(3.47956031679,-3.255854830529));
#9474 = CARTESIAN_POINT('',(3.473996360175,-3.186171401209));
#9475 = CARTESIAN_POINT('',(3.468140473135,-3.15));
#9476 = CARTESIAN_POINT('',(3.462176496735,-3.15));
#9477 = ( GEOMETRIC_REPRESENTATION_CONTEXT(2) 
PARAMETRIC_REPRESENTATION_CONTEXT() REPRESENTATION_CONTEXT('2D SPACE',''
  ) );
#9478 = PCURVE('',#9479,#9484);
#9479 = CYLINDRICAL_SURFACE('',#9480,1.6);
#9480 = AXIS2_PLACEMENT_3D('',#9481,#9482,#9483);
#9481 = CARTESIAN_POINT('',(-56.5,12.4,5.8));
#9482 = DIRECTION('',(1.,0.,0.));
#9483 = DIRECTION('',(-0.,1.,0.));
#9484 = DEFINITIONAL_REPRESENTATION('',(#9485),#9500);
#9485 = B_SPLINE_CURVE_WITH_KNOTS('',7,(#9486,#9487,#9488,#9489,#9490,
    #9491,#9492,#9493,#9494,#9495,#9496,#9497,#9498,#9499),
  .UNSPECIFIED.,.F.,.F.,(8,6,8),(0.,0.451507372576,1.),.UNSPECIFIED.);
#9486 = CARTESIAN_POINT('',(6.28318530718,19.724702584479));
#9487 = CARTESIAN_POINT('',(6.19087674261,19.724702584479));
#9488 = CARTESIAN_POINT('',(6.098538300913,19.718647328245));
#9489 = CARTESIAN_POINT('',(6.005803601823,19.706530565751));
#9490 = CARTESIAN_POINT('',(5.912312597469,19.688374886215));
#9491 = CARTESIAN_POINT('',(5.817703341764,19.664245870466));
#9492 = CARTESIAN_POINT('',(5.721579107328,19.634266785129));
#9493 = CARTESIAN_POINT('',(5.504244323088,19.555346774764));
#9494 = CARTESIAN_POINT('',(5.380176000638,19.503024547679));
#9495 = CARTESIAN_POINT('',(5.252431213847,19.442349049424));
#9496 = CARTESIAN_POINT('',(5.121593701257,19.374922581559));
#9497 = CARTESIAN_POINT('',(4.987951769669,19.302935640694));
#9498 = CARTESIAN_POINT('',(4.851592589521,19.22877289542));
#9499 = CARTESIAN_POINT('',(4.712388980385,19.154819588065));
#9500 = ( GEOMETRIC_REPRESENTATION_CONTEXT(2) 
PARAMETRIC_REPRESENTATION_CONTEXT() REPRESENTATION_CONTEXT('2D SPACE',''
  ) );
#9501 = ORIENTED_EDGE('',*,*,#9502,.F.);
#9502 = EDGE_CURVE('',#3704,#9442,#9503,.T.);
#9503 = SURFACE_CURVE('',#9504,(#9508,#9514),.PCURVE_S1.);
#9504 = LINE('',#9505,#9506);
#9505 = CARTESIAN_POINT('',(-36.77529741552,14.,1.05));
#9506 = VECTOR('',#9507,1.);
#9507 = DIRECTION('',(-0.,-0.,-1.));
#9508 = PCURVE('',#3490,#9509);
#9509 = DEFINITIONAL_REPRESENTATION('',(#9510),#9513);
#9510 = B_SPLINE_CURVE_WITH_KNOTS('',1,(#9511,#9512),.UNSPECIFIED.,.F.,
  .F.,(2,2),(-4.9500006,-3.87),.PIECEWISE_BEZIER_KNOTS.);
#9511 = CARTESIAN_POINT('',(3.50534274703,-4.9500006));
#9512 = CARTESIAN_POINT('',(3.50534274703,-3.87));
#9513 = ( GEOMETRIC_REPRESENTATION_CONTEXT(2) 
PARAMETRIC_REPRESENTATION_CONTEXT() REPRESENTATION_CONTEXT('2D SPACE',''
  ) );
#9514 = PCURVE('',#3719,#9515);
#9515 = DEFINITIONAL_REPRESENTATION('',(#9516),#9520);
#9516 = LINE('',#9517,#9518);
#9517 = CARTESIAN_POINT('',(-3.15,19.72470258448));
#9518 = VECTOR('',#9519,1.);
#9519 = DIRECTION('',(-1.,0.));
#9520 = ( GEOMETRIC_REPRESENTATION_CONTEXT(2) 
PARAMETRIC_REPRESENTATION_CONTEXT() REPRESENTATION_CONTEXT('2D SPACE',''
  ) );
#9521 = ORIENTED_EDGE('',*,*,#3731,.T.);
#9522 = ORIENTED_EDGE('',*,*,#3469,.T.);
#9523 = ORIENTED_EDGE('',*,*,#8956,.T.);
#9524 = ORIENTED_EDGE('',*,*,#9525,.F.);
#9525 = EDGE_CURVE('',#8979,#8931,#9526,.T.);
#9526 = SURFACE_CURVE('',#9527,(#9532,#9539),.PCURVE_S1.);
#9527 = CIRCLE('',#9528,39.35);
#9528 = AXIS2_PLACEMENT_3D('',#9529,#9530,#9531);
#9529 = CARTESIAN_POINT('',(0.,0.,1.05));
#9530 = DIRECTION('',(0.,0.,-1.));
#9531 = DIRECTION('',(0.40212044906,0.915586776034,0.));
#9532 = PCURVE('',#3490,#9533);
#9533 = DEFINITIONAL_REPRESENTATION('',(#9534),#9538);
#9534 = LINE('',#9535,#9536);
#9535 = CARTESIAN_POINT('',(-1.156964709811,0.));
#9536 = VECTOR('',#9537,1.);
#9537 = DIRECTION('',(1.,-0.));
#9538 = ( GEOMETRIC_REPRESENTATION_CONTEXT(2) 
PARAMETRIC_REPRESENTATION_CONTEXT() REPRESENTATION_CONTEXT('2D SPACE',''
  ) );
#9539 = PCURVE('',#8234,#9540);
#9540 = DEFINITIONAL_REPRESENTATION('',(#9541),#9549);
#9541 = ( BOUNDED_CURVE() B_SPLINE_CURVE(2,(#9542,#9543,#9544,#9545,
#9546,#9547,#9548),.UNSPECIFIED.,.T.,.F.) B_SPLINE_CURVE_WITH_KNOTS((1,2
    ,2,2,2,1),(-2.094395102393,0.,2.094395102393,4.188790204786,
6.28318530718,8.377580409573),.UNSPECIFIED.) CURVE() 
GEOMETRIC_REPRESENTATION_ITEM() RATIONAL_B_SPLINE_CURVE((1.,0.5,1.,0.5,
1.,0.5,1.)) REPRESENTATION_ITEM('') );
#9542 = CARTESIAN_POINT('',(15.823439670507,36.028339636928));
#9543 = CARTESIAN_POINT('',(78.226354434014,8.62133817711));
#9544 = CARTESIAN_POINT('',(23.2897375465,-31.71767054837));
#9545 = CARTESIAN_POINT('',(-31.64687934101,-72.05667927385));
#9546 = CARTESIAN_POINT('',(-39.113177217,-4.310669088555));
#9547 = CARTESIAN_POINT('',(-46.579475093,63.435341096746));
#9548 = CARTESIAN_POINT('',(15.823439670507,36.028339636928));
#9549 = ( GEOMETRIC_REPRESENTATION_CONTEXT(2) 
PARAMETRIC_REPRESENTATION_CONTEXT() REPRESENTATION_CONTEXT('2D SPACE',''
  ) );
#9550 = ADVANCED_FACE('',(#9551),#3719,.F.);
#9551 = FACE_BOUND('',#9552,.F.);
#9552 = EDGE_LOOP('',(#9553,#9554,#9555,#9578));
#9553 = ORIENTED_EDGE('',*,*,#3703,.F.);
#9554 = ORIENTED_EDGE('',*,*,#9502,.T.);
#9555 = ORIENTED_EDGE('',*,*,#9556,.F.);
#9556 = EDGE_CURVE('',#9557,#9442,#9559,.T.);
#9557 = VERTEX_POINT('',#9558);
#9558 = CARTESIAN_POINT('',(-38.1,14.,5.8));
#9559 = SURFACE_CURVE('',#9560,(#9564,#9571),.PCURVE_S1.);
#9560 = LINE('',#9561,#9562);
#9561 = CARTESIAN_POINT('',(-56.5,14.,5.8));
#9562 = VECTOR('',#9563,1.);
#9563 = DIRECTION('',(1.,0.,0.));
#9564 = PCURVE('',#3719,#9565);
#9565 = DEFINITIONAL_REPRESENTATION('',(#9566),#9570);
#9566 = LINE('',#9567,#9568);
#9567 = CARTESIAN_POINT('',(1.6,0.));
#9568 = VECTOR('',#9569,1.);
#9569 = DIRECTION('',(0.,1.));
#9570 = ( GEOMETRIC_REPRESENTATION_CONTEXT(2) 
PARAMETRIC_REPRESENTATION_CONTEXT() REPRESENTATION_CONTEXT('2D SPACE',''
  ) );
#9571 = PCURVE('',#9479,#9572);
#9572 = DEFINITIONAL_REPRESENTATION('',(#9573),#9577);
#9573 = LINE('',#9574,#9575);
#9574 = CARTESIAN_POINT('',(6.28318530718,0.));
#9575 = VECTOR('',#9576,1.);
#9576 = DIRECTION('',(-0.,1.));
#9577 = ( GEOMETRIC_REPRESENTATION_CONTEXT(2) 
PARAMETRIC_REPRESENTATION_CONTEXT() REPRESENTATION_CONTEXT('2D SPACE',''
  ) );
#9578 = ORIENTED_EDGE('',*,*,#9579,.F.);
#9579 = EDGE_CURVE('',#3677,#9557,#9580,.T.);
#9580 = SURFACE_CURVE('',#9581,(#9585,#9591),.PCURVE_S1.);
#9581 = LINE('',#9582,#9583);
#9582 = CARTESIAN_POINT('',(-38.1,14.,4.));
#9583 = VECTOR('',#9584,1.);
#9584 = DIRECTION('',(0.,0.,-1.));
#9585 = PCURVE('',#3719,#9586);
#9586 = DEFINITIONAL_REPRESENTATION('',(#9587),#9590);
#9587 = B_SPLINE_CURVE_WITH_KNOTS('',1,(#9588,#9589),.UNSPECIFIED.,.F.,
  .F.,(2,2),(-2.,-1.8),.PIECEWISE_BEZIER_KNOTS.);
#9588 = CARTESIAN_POINT('',(1.8,18.4));
#9589 = CARTESIAN_POINT('',(1.6,18.4));
#9590 = ( GEOMETRIC_REPRESENTATION_CONTEXT(2) 
PARAMETRIC_REPRESENTATION_CONTEXT() REPRESENTATION_CONTEXT('2D SPACE',''
  ) );
#9591 = PCURVE('',#3691,#9592);
#9592 = DEFINITIONAL_REPRESENTATION('',(#9593),#9597);
#9593 = LINE('',#9594,#9595);
#9594 = CARTESIAN_POINT('',(0.2,-30.));
#9595 = VECTOR('',#9596,1.);
#9596 = DIRECTION('',(-1.,0.));
#9597 = ( GEOMETRIC_REPRESENTATION_CONTEXT(2) 
PARAMETRIC_REPRESENTATION_CONTEXT() REPRESENTATION_CONTEXT('2D SPACE',''
  ) );
#9598 = ADVANCED_FACE('',(#9599),#3691,.T.);
#9599 = FACE_BOUND('',#9600,.T.);
#9600 = EDGE_LOOP('',(#9601,#9602,#9603,#9604,#9625,#9651,#9674,#9707,
    #9735,#9768,#9796,#9824,#9853,#9881,#9910,#9938,#9961,#9987,#10006,
    #10007,#10008,#10030,#10054,#10075,#10076,#10097,#10098,#10121));
#9601 = ORIENTED_EDGE('',*,*,#9579,.F.);
#9602 = ORIENTED_EDGE('',*,*,#3676,.T.);
#9603 = ORIENTED_EDGE('',*,*,#3904,.T.);
#9604 = ORIENTED_EDGE('',*,*,#9605,.T.);
#9605 = EDGE_CURVE('',#3905,#9606,#9608,.T.);
#9606 = VERTEX_POINT('',#9607);
#9607 = CARTESIAN_POINT('',(-38.1,14.,6.25));
#9608 = SURFACE_CURVE('',#9609,(#9613,#9619),.PCURVE_S1.);
#9609 = LINE('',#9610,#9611);
#9610 = CARTESIAN_POINT('',(-38.1,-8.,6.25));
#9611 = VECTOR('',#9612,1.);
#9612 = DIRECTION('',(0.,-1.,0.));
#9613 = PCURVE('',#3691,#9614);
#9614 = DEFINITIONAL_REPRESENTATION('',(#9615),#9618);
#9615 = B_SPLINE_CURVE_WITH_KNOTS('',1,(#9616,#9617),.UNSPECIFIED.,.F.,
  .F.,(2,2),(-23.,-22.),.PIECEWISE_BEZIER_KNOTS.);
#9616 = CARTESIAN_POINT('',(2.45,-31.));
#9617 = CARTESIAN_POINT('',(2.45,-30.));
#9618 = ( GEOMETRIC_REPRESENTATION_CONTEXT(2) 
PARAMETRIC_REPRESENTATION_CONTEXT() REPRESENTATION_CONTEXT('2D SPACE',''
  ) );
#9619 = PCURVE('',#4046,#9620);
#9620 = DEFINITIONAL_REPRESENTATION('',(#9621),#9624);
#9621 = B_SPLINE_CURVE_WITH_KNOTS('',1,(#9622,#9623),.UNSPECIFIED.,.F.,
  .F.,(2,2),(-23.,-22.),.PIECEWISE_BEZIER_KNOTS.);
#9622 = CARTESIAN_POINT('',(-38.1,15.));
#9623 = CARTESIAN_POINT('',(-38.1,14.));
#9624 = ( GEOMETRIC_REPRESENTATION_CONTEXT(2) 
PARAMETRIC_REPRESENTATION_CONTEXT() REPRESENTATION_CONTEXT('2D SPACE',''
  ) );
#9625 = ORIENTED_EDGE('',*,*,#9626,.T.);
#9626 = EDGE_CURVE('',#9606,#9627,#9629,.T.);
#9627 = VERTEX_POINT('',#9628);
#9628 = CARTESIAN_POINT('',(-38.1,14.,6.65));
#9629 = SURFACE_CURVE('',#9630,(#9634,#9640),.PCURVE_S1.);
#9630 = LINE('',#9631,#9632);
#9631 = CARTESIAN_POINT('',(-38.1,14.,4.));
#9632 = VECTOR('',#9633,1.);
#9633 = DIRECTION('',(0.,0.,1.));
#9634 = PCURVE('',#3691,#9635);
#9635 = DEFINITIONAL_REPRESENTATION('',(#9636),#9639);
#9636 = B_SPLINE_CURVE_WITH_KNOTS('',1,(#9637,#9638),.UNSPECIFIED.,.F.,
  .F.,(2,2),(-0.2,2.65),.PIECEWISE_BEZIER_KNOTS.);
#9637 = CARTESIAN_POINT('',(-8.881784197001E-16,-30.));
#9638 = CARTESIAN_POINT('',(2.85,-30.));
#9639 = ( GEOMETRIC_REPRESENTATION_CONTEXT(2) 
PARAMETRIC_REPRESENTATION_CONTEXT() REPRESENTATION_CONTEXT('2D SPACE',''
  ) );
#9640 = PCURVE('',#9641,#9646);
#9641 = PLANE('',#9642);
#9642 = AXIS2_PLACEMENT_3D('',#9643,#9644,#9645);
#9643 = CARTESIAN_POINT('',(-56.5,14.,4.2));
#9644 = DIRECTION('',(0.,1.,0.));
#9645 = DIRECTION('',(0.,0.,1.));
#9646 = DEFINITIONAL_REPRESENTATION('',(#9647),#9650);
#9647 = B_SPLINE_CURVE_WITH_KNOTS('',1,(#9648,#9649),.UNSPECIFIED.,.F.,
  .F.,(2,2),(-0.2,2.65),.PIECEWISE_BEZIER_KNOTS.);
#9648 = CARTESIAN_POINT('',(-0.4,18.4));
#9649 = CARTESIAN_POINT('',(2.45,18.4));
#9650 = ( GEOMETRIC_REPRESENTATION_CONTEXT(2) 
PARAMETRIC_REPRESENTATION_CONTEXT() REPRESENTATION_CONTEXT('2D SPACE',''
  ) );
#9651 = ORIENTED_EDGE('',*,*,#9652,.T.);
#9652 = EDGE_CURVE('',#9627,#9653,#9655,.T.);
#9653 = VERTEX_POINT('',#9654);
#9654 = CARTESIAN_POINT('',(-38.1,9.402331666987,6.65));
#9655 = SURFACE_CURVE('',#9656,(#9660,#9667),.PCURVE_S1.);
#9656 = LINE('',#9657,#9658);
#9657 = CARTESIAN_POINT('',(-38.1,15.,6.65));
#9658 = VECTOR('',#9659,1.);
#9659 = DIRECTION('',(0.,-1.,1.586693542492E-16));
#9660 = PCURVE('',#3691,#9661);
#9661 = DEFINITIONAL_REPRESENTATION('',(#9662),#9666);
#9662 = LINE('',#9663,#9664);
#9663 = CARTESIAN_POINT('',(2.85,-31.));
#9664 = VECTOR('',#9665,1.);
#9665 = DIRECTION('',(1.586693542492E-16,1.));
#9666 = ( GEOMETRIC_REPRESENTATION_CONTEXT(2) 
PARAMETRIC_REPRESENTATION_CONTEXT() REPRESENTATION_CONTEXT('2D SPACE',''
  ) );
#9667 = PCURVE('',#3995,#9668);
#9668 = DEFINITIONAL_REPRESENTATION('',(#9669),#9673);
#9669 = LINE('',#9670,#9671);
#9670 = CARTESIAN_POINT('',(36.9,90.));
#9671 = VECTOR('',#9672,1.);
#9672 = DIRECTION('',(0.,-1.));
#9673 = ( GEOMETRIC_REPRESENTATION_CONTEXT(2) 
PARAMETRIC_REPRESENTATION_CONTEXT() REPRESENTATION_CONTEXT('2D SPACE',''
  ) );
#9674 = ORIENTED_EDGE('',*,*,#9675,.T.);
#9675 = EDGE_CURVE('',#9653,#9676,#9678,.T.);
#9676 = VERTEX_POINT('',#9677);
#9677 = CARTESIAN_POINT('',(-38.1,6.802331666987,6.65));
#9678 = SURFACE_CURVE('',#9679,(#9684,#9695),.PCURVE_S1.);
#9679 = CIRCLE('',#9680,1.3);
#9680 = AXIS2_PLACEMENT_3D('',#9681,#9682,#9683);
#9681 = CARTESIAN_POINT('',(-38.1,8.102331666987,6.65));
#9682 = DIRECTION('',(-1.,0.,0.));
#9683 = DIRECTION('',(0.,1.,0.));
#9684 = PCURVE('',#3691,#9685);
#9685 = DEFINITIONAL_REPRESENTATION('',(#9686),#9694);
#9686 = ( BOUNDED_CURVE() B_SPLINE_CURVE(2,(#9687,#9688,#9689,#9690,
#9691,#9692,#9693),.UNSPECIFIED.,.T.,.F.) B_SPLINE_CURVE_WITH_KNOTS((1,2
    ,2,2,2,1),(-2.094395102393,0.,2.094395102393,4.188790204786,
6.28318530718,8.377580409573),.UNSPECIFIED.) CURVE() 
GEOMETRIC_REPRESENTATION_ITEM() RATIONAL_B_SPLINE_CURVE((1.,0.5,1.,0.5,
1.,0.5,1.)) REPRESENTATION_ITEM('') );
#9687 = CARTESIAN_POINT('',(2.85,-25.40233166698));
#9688 = CARTESIAN_POINT('',(0.59833395016,-25.40233166698));
#9689 = CARTESIAN_POINT('',(1.72416697508,-23.45233166698));
#9690 = CARTESIAN_POINT('',(2.85,-21.50233166698));
#9691 = CARTESIAN_POINT('',(3.97583302492,-23.45233166698));
#9692 = CARTESIAN_POINT('',(5.10166604984,-25.40233166698));
#9693 = CARTESIAN_POINT('',(2.85,-25.40233166698));
#9694 = ( GEOMETRIC_REPRESENTATION_CONTEXT(2) 
PARAMETRIC_REPRESENTATION_CONTEXT() REPRESENTATION_CONTEXT('2D SPACE',''
  ) );
#9695 = PCURVE('',#9696,#9701);
#9696 = CYLINDRICAL_SURFACE('',#9697,1.3);
#9697 = AXIS2_PLACEMENT_3D('',#9698,#9699,#9700);
#9698 = CARTESIAN_POINT('',(-49.,8.102331666987,6.65));
#9699 = DIRECTION('',(-1.,-0.,-0.));
#9700 = DIRECTION('',(0.,1.,0.));
#9701 = DEFINITIONAL_REPRESENTATION('',(#9702),#9706);
#9702 = LINE('',#9703,#9704);
#9703 = CARTESIAN_POINT('',(-4.138911435803E-13,-10.9));
#9704 = VECTOR('',#9705,1.);
#9705 = DIRECTION('',(1.,-0.));
#9706 = ( GEOMETRIC_REPRESENTATION_CONTEXT(2) 
PARAMETRIC_REPRESENTATION_CONTEXT() REPRESENTATION_CONTEXT('2D SPACE',''
  ) );
#9707 = ORIENTED_EDGE('',*,*,#9708,.T.);
#9708 = EDGE_CURVE('',#9676,#9709,#9711,.T.);
#9709 = VERTEX_POINT('',#9710);
#9710 = CARTESIAN_POINT('',(-38.1,1.802331666987,6.65));
#9711 = SURFACE_CURVE('',#9712,(#9716,#9723),.PCURVE_S1.);
#9712 = LINE('',#9713,#9714);
#9713 = CARTESIAN_POINT('',(-38.1,-44.25,6.65));
#9714 = VECTOR('',#9715,1.);
#9715 = DIRECTION('',(0.,-1.,0.));
#9716 = PCURVE('',#3691,#9717);
#9717 = DEFINITIONAL_REPRESENTATION('',(#9718),#9722);
#9718 = LINE('',#9719,#9720);
#9719 = CARTESIAN_POINT('',(2.85,28.25));
#9720 = VECTOR('',#9721,1.);
#9721 = DIRECTION('',(0.,1.));
#9722 = ( GEOMETRIC_REPRESENTATION_CONTEXT(2) 
PARAMETRIC_REPRESENTATION_CONTEXT() REPRESENTATION_CONTEXT('2D SPACE',''
  ) );
#9723 = PCURVE('',#9724,#9729);
#9724 = PLANE('',#9725);
#9725 = AXIS2_PLACEMENT_3D('',#9726,#9727,#9728);
#9726 = CARTESIAN_POINT('',(-75.,-75.,6.65));
#9727 = DIRECTION('',(0.,0.,1.));
#9728 = DIRECTION('',(1.,0.,-0.));
#9729 = DEFINITIONAL_REPRESENTATION('',(#9730),#9734);
#9730 = LINE('',#9731,#9732);
#9731 = CARTESIAN_POINT('',(36.9,30.75));
#9732 = VECTOR('',#9733,1.);
#9733 = DIRECTION('',(0.,-1.));
#9734 = ( GEOMETRIC_REPRESENTATION_CONTEXT(2) 
PARAMETRIC_REPRESENTATION_CONTEXT() REPRESENTATION_CONTEXT('2D SPACE',''
  ) );
#9735 = ORIENTED_EDGE('',*,*,#9736,.T.);
#9736 = EDGE_CURVE('',#9709,#9737,#9739,.T.);
#9737 = VERTEX_POINT('',#9738);
#9738 = CARTESIAN_POINT('',(-38.1,-0.797668333013,6.65));
#9739 = SURFACE_CURVE('',#9740,(#9745,#9756),.PCURVE_S1.);
#9740 = CIRCLE('',#9741,1.3);
#9741 = AXIS2_PLACEMENT_3D('',#9742,#9743,#9744);
#9742 = CARTESIAN_POINT('',(-38.1,0.502331666987,6.65));
#9743 = DIRECTION('',(-1.,0.,0.));
#9744 = DIRECTION('',(0.,1.,0.));
#9745 = PCURVE('',#3691,#9746);
#9746 = DEFINITIONAL_REPRESENTATION('',(#9747),#9755);
#9747 = ( BOUNDED_CURVE() B_SPLINE_CURVE(2,(#9748,#9749,#9750,#9751,
#9752,#9753,#9754),.UNSPECIFIED.,.T.,.F.) B_SPLINE_CURVE_WITH_KNOTS((1,2
    ,2,2,2,1),(-2.094395102393,0.,2.094395102393,4.188790204786,
6.28318530718,8.377580409573),.UNSPECIFIED.) CURVE() 
GEOMETRIC_REPRESENTATION_ITEM() RATIONAL_B_SPLINE_CURVE((1.,0.5,1.,0.5,
1.,0.5,1.)) REPRESENTATION_ITEM('') );
#9748 = CARTESIAN_POINT('',(2.85,-17.80233166698));
#9749 = CARTESIAN_POINT('',(0.59833395016,-17.80233166698));
#9750 = CARTESIAN_POINT('',(1.72416697508,-15.85233166698));
#9751 = CARTESIAN_POINT('',(2.85,-13.90233166698));
#9752 = CARTESIAN_POINT('',(3.97583302492,-15.85233166698));
#9753 = CARTESIAN_POINT('',(5.10166604984,-17.80233166698));
#9754 = CARTESIAN_POINT('',(2.85,-17.80233166698));
#9755 = ( GEOMETRIC_REPRESENTATION_CONTEXT(2) 
PARAMETRIC_REPRESENTATION_CONTEXT() REPRESENTATION_CONTEXT('2D SPACE',''
  ) );
#9756 = PCURVE('',#9757,#9762);
#9757 = CYLINDRICAL_SURFACE('',#9758,1.3);
#9758 = AXIS2_PLACEMENT_3D('',#9759,#9760,#9761);
#9759 = CARTESIAN_POINT('',(-49.,0.502331666987,6.65));
#9760 = DIRECTION('',(-1.,-0.,-0.));
#9761 = DIRECTION('',(0.,1.,0.));
#9762 = DEFINITIONAL_REPRESENTATION('',(#9763),#9767);
#9763 = LINE('',#9764,#9765);
#9764 = CARTESIAN_POINT('',(-4.138911435803E-13,-10.9));
#9765 = VECTOR('',#9766,1.);
#9766 = DIRECTION('',(1.,-0.));
#9767 = ( GEOMETRIC_REPRESENTATION_CONTEXT(2) 
PARAMETRIC_REPRESENTATION_CONTEXT() REPRESENTATION_CONTEXT('2D SPACE',''
  ) );
#9768 = ORIENTED_EDGE('',*,*,#9769,.T.);
#9769 = EDGE_CURVE('',#9737,#9770,#9772,.T.);
#9770 = VERTEX_POINT('',#9771);
#9771 = CARTESIAN_POINT('',(-38.1,-5.052744145116,6.65));
#9772 = SURFACE_CURVE('',#9773,(#9777,#9784),.PCURVE_S1.);
#9773 = LINE('',#9774,#9775);
#9774 = CARTESIAN_POINT('',(-38.1,-44.25,6.65));
#9775 = VECTOR('',#9776,1.);
#9776 = DIRECTION('',(0.,-1.,0.));
#9777 = PCURVE('',#3691,#9778);
#9778 = DEFINITIONAL_REPRESENTATION('',(#9779),#9783);
#9779 = LINE('',#9780,#9781);
#9780 = CARTESIAN_POINT('',(2.85,28.25));
#9781 = VECTOR('',#9782,1.);
#9782 = DIRECTION('',(0.,1.));
#9783 = ( GEOMETRIC_REPRESENTATION_CONTEXT(2) 
PARAMETRIC_REPRESENTATION_CONTEXT() REPRESENTATION_CONTEXT('2D SPACE',''
  ) );
#9784 = PCURVE('',#9785,#9790);
#9785 = PLANE('',#9786);
#9786 = AXIS2_PLACEMENT_3D('',#9787,#9788,#9789);
#9787 = CARTESIAN_POINT('',(-75.,-75.,6.65));
#9788 = DIRECTION('',(0.,0.,1.));
#9789 = DIRECTION('',(1.,0.,-0.));
#9790 = DEFINITIONAL_REPRESENTATION('',(#9791),#9795);
#9791 = LINE('',#9792,#9793);
#9792 = CARTESIAN_POINT('',(36.9,30.75));
#9793 = VECTOR('',#9794,1.);
#9794 = DIRECTION('',(0.,-1.));
#9795 = ( GEOMETRIC_REPRESENTATION_CONTEXT(2) 
PARAMETRIC_REPRESENTATION_CONTEXT() REPRESENTATION_CONTEXT('2D SPACE',''
  ) );
#9796 = ORIENTED_EDGE('',*,*,#9797,.F.);
#9797 = EDGE_CURVE('',#9798,#9770,#9800,.T.);
#9798 = VERTEX_POINT('',#9799);
#9799 = CARTESIAN_POINT('',(-38.1,-5.052744145116,5.60031026));
#9800 = SURFACE_CURVE('',#9801,(#9805,#9812),.PCURVE_S1.);
#9801 = LINE('',#9802,#9803);
#9802 = CARTESIAN_POINT('',(-38.1,-5.052744145116,4.60015513));
#9803 = VECTOR('',#9804,1.);
#9804 = DIRECTION('',(0.,0.,1.));
#9805 = PCURVE('',#3691,#9806);
#9806 = DEFINITIONAL_REPRESENTATION('',(#9807),#9811);
#9807 = LINE('',#9808,#9809);
#9808 = CARTESIAN_POINT('',(0.80015513,-10.94725585488));
#9809 = VECTOR('',#9810,1.);
#9810 = DIRECTION('',(1.,0.));
#9811 = ( GEOMETRIC_REPRESENTATION_CONTEXT(2) 
PARAMETRIC_REPRESENTATION_CONTEXT() REPRESENTATION_CONTEXT('2D SPACE',''
  ) );
#9812 = PCURVE('',#9813,#9818);
#9813 = PLANE('',#9814);
#9814 = AXIS2_PLACEMENT_3D('',#9815,#9816,#9817);
#9815 = CARTESIAN_POINT('',(-50.,-5.052744145116,5.40031026));
#9816 = DIRECTION('',(0.,1.,0.));
#9817 = DIRECTION('',(0.,-0.,1.));
#9818 = DEFINITIONAL_REPRESENTATION('',(#9819),#9823);
#9819 = LINE('',#9820,#9821);
#9820 = CARTESIAN_POINT('',(-0.80015513,11.9));
#9821 = VECTOR('',#9822,1.);
#9822 = DIRECTION('',(1.,0.));
#9823 = ( GEOMETRIC_REPRESENTATION_CONTEXT(2) 
PARAMETRIC_REPRESENTATION_CONTEXT() REPRESENTATION_CONTEXT('2D SPACE',''
  ) );
#9824 = ORIENTED_EDGE('',*,*,#9825,.F.);
#9825 = EDGE_CURVE('',#9826,#9798,#9828,.T.);
#9826 = VERTEX_POINT('',#9827);
#9827 = CARTESIAN_POINT('',(-38.1,-5.252744145116,5.40031026));
#9828 = SURFACE_CURVE('',#9829,(#9834,#9841),.PCURVE_S1.);
#9829 = CIRCLE('',#9830,0.2);
#9830 = AXIS2_PLACEMENT_3D('',#9831,#9832,#9833);
#9831 = CARTESIAN_POINT('',(-38.1,-5.252744145116,5.60031026));
#9832 = DIRECTION('',(1.,0.,0.));
#9833 = DIRECTION('',(-0.,1.,0.));
#9834 = PCURVE('',#3691,#9835);
#9835 = DEFINITIONAL_REPRESENTATION('',(#9836),#9840);
#9836 = CIRCLE('',#9837,0.2);
#9837 = AXIS2_PLACEMENT_2D('',#9838,#9839);
#9838 = CARTESIAN_POINT('',(1.80031026,-10.74725585488));
#9839 = DIRECTION('',(0.,-1.));
#9840 = ( GEOMETRIC_REPRESENTATION_CONTEXT(2) 
PARAMETRIC_REPRESENTATION_CONTEXT() REPRESENTATION_CONTEXT('2D SPACE',''
  ) );
#9841 = PCURVE('',#9842,#9847);
#9842 = CYLINDRICAL_SURFACE('',#9843,0.2);
#9843 = AXIS2_PLACEMENT_3D('',#9844,#9845,#9846);
#9844 = CARTESIAN_POINT('',(-50.,-5.252744145116,5.60031026));
#9845 = DIRECTION('',(1.,0.,0.));
#9846 = DIRECTION('',(-0.,1.,0.));
#9847 = DEFINITIONAL_REPRESENTATION('',(#9848),#9852);
#9848 = LINE('',#9849,#9850);
#9849 = CARTESIAN_POINT('',(-4.138911435803E-13,11.9));
#9850 = VECTOR('',#9851,1.);
#9851 = DIRECTION('',(1.,-0.));
#9852 = ( GEOMETRIC_REPRESENTATION_CONTEXT(2) 
PARAMETRIC_REPRESENTATION_CONTEXT() REPRESENTATION_CONTEXT('2D SPACE',''
  ) );
#9853 = ORIENTED_EDGE('',*,*,#9854,.T.);
#9854 = EDGE_CURVE('',#9826,#9855,#9857,.T.);
#9855 = VERTEX_POINT('',#9856);
#9856 = CARTESIAN_POINT('',(-38.1,-9.352744145116,5.40031026));
#9857 = SURFACE_CURVE('',#9858,(#9862,#9869),.PCURVE_S1.);
#9858 = LINE('',#9859,#9860);
#9859 = CARTESIAN_POINT('',(-38.1,-11.52637207255,5.40031026));
#9860 = VECTOR('',#9861,1.);
#9861 = DIRECTION('',(0.,-1.,0.));
#9862 = PCURVE('',#3691,#9863);
#9863 = DEFINITIONAL_REPRESENTATION('',(#9864),#9868);
#9864 = LINE('',#9865,#9866);
#9865 = CARTESIAN_POINT('',(1.60031026,-4.47362792745));
#9866 = VECTOR('',#9867,1.);
#9867 = DIRECTION('',(0.,1.));
#9868 = ( GEOMETRIC_REPRESENTATION_CONTEXT(2) 
PARAMETRIC_REPRESENTATION_CONTEXT() REPRESENTATION_CONTEXT('2D SPACE',''
  ) );
#9869 = PCURVE('',#9870,#9875);
#9870 = PLANE('',#9871);
#9871 = AXIS2_PLACEMENT_3D('',#9872,#9873,#9874);
#9872 = CARTESIAN_POINT('',(-50.,-9.552744145116,5.40031026));
#9873 = DIRECTION('',(0.,0.,1.));
#9874 = DIRECTION('',(1.,0.,-0.));
#9875 = DEFINITIONAL_REPRESENTATION('',(#9876),#9880);
#9876 = LINE('',#9877,#9878);
#9877 = CARTESIAN_POINT('',(11.9,-1.973627927434));
#9878 = VECTOR('',#9879,1.);
#9879 = DIRECTION('',(0.,-1.));
#9880 = ( GEOMETRIC_REPRESENTATION_CONTEXT(2) 
PARAMETRIC_REPRESENTATION_CONTEXT() REPRESENTATION_CONTEXT('2D SPACE',''
  ) );
#9881 = ORIENTED_EDGE('',*,*,#9882,.F.);
#9882 = EDGE_CURVE('',#9883,#9855,#9885,.T.);
#9883 = VERTEX_POINT('',#9884);
#9884 = CARTESIAN_POINT('',(-38.1,-9.552744145116,5.60031026));
#9885 = SURFACE_CURVE('',#9886,(#9891,#9898),.PCURVE_S1.);
#9886 = CIRCLE('',#9887,0.2);
#9887 = AXIS2_PLACEMENT_3D('',#9888,#9889,#9890);
#9888 = CARTESIAN_POINT('',(-38.1,-9.352744145116,5.60031026));
#9889 = DIRECTION('',(1.,0.,0.));
#9890 = DIRECTION('',(0.,-1.,0.));
#9891 = PCURVE('',#3691,#9892);
#9892 = DEFINITIONAL_REPRESENTATION('',(#9893),#9897);
#9893 = CIRCLE('',#9894,0.2);
#9894 = AXIS2_PLACEMENT_2D('',#9895,#9896);
#9895 = CARTESIAN_POINT('',(1.80031026,-6.647255854884));
#9896 = DIRECTION('',(0.,1.));
#9897 = ( GEOMETRIC_REPRESENTATION_CONTEXT(2) 
PARAMETRIC_REPRESENTATION_CONTEXT() REPRESENTATION_CONTEXT('2D SPACE',''
  ) );
#9898 = PCURVE('',#9899,#9904);
#9899 = CYLINDRICAL_SURFACE('',#9900,0.2);
#9900 = AXIS2_PLACEMENT_3D('',#9901,#9902,#9903);
#9901 = CARTESIAN_POINT('',(-50.,-9.352744145116,5.60031026));
#9902 = DIRECTION('',(1.,0.,0.));
#9903 = DIRECTION('',(0.,-1.,0.));
#9904 = DEFINITIONAL_REPRESENTATION('',(#9905),#9909);
#9905 = LINE('',#9906,#9907);
#9906 = CARTESIAN_POINT('',(0.,11.9));
#9907 = VECTOR('',#9908,1.);
#9908 = DIRECTION('',(1.,0.));
#9909 = ( GEOMETRIC_REPRESENTATION_CONTEXT(2) 
PARAMETRIC_REPRESENTATION_CONTEXT() REPRESENTATION_CONTEXT('2D SPACE',''
  ) );
#9910 = ORIENTED_EDGE('',*,*,#9911,.T.);
#9911 = EDGE_CURVE('',#9883,#9912,#9914,.T.);
#9912 = VERTEX_POINT('',#9913);
#9913 = CARTESIAN_POINT('',(-38.1,-9.552744145116,6.65));
#9914 = SURFACE_CURVE('',#9915,(#9919,#9926),.PCURVE_S1.);
#9915 = LINE('',#9916,#9917);
#9916 = CARTESIAN_POINT('',(-38.1,-9.552744145116,4.60015513));
#9917 = VECTOR('',#9918,1.);
#9918 = DIRECTION('',(0.,0.,1.));
#9919 = PCURVE('',#3691,#9920);
#9920 = DEFINITIONAL_REPRESENTATION('',(#9921),#9925);
#9921 = LINE('',#9922,#9923);
#9922 = CARTESIAN_POINT('',(0.80015513,-6.447255854884));
#9923 = VECTOR('',#9924,1.);
#9924 = DIRECTION('',(1.,0.));
#9925 = ( GEOMETRIC_REPRESENTATION_CONTEXT(2) 
PARAMETRIC_REPRESENTATION_CONTEXT() REPRESENTATION_CONTEXT('2D SPACE',''
  ) );
#9926 = PCURVE('',#9927,#9932);
#9927 = PLANE('',#9928);
#9928 = AXIS2_PLACEMENT_3D('',#9929,#9930,#9931);
#9929 = CARTESIAN_POINT('',(-50.,-9.552744145116,5.40031026));
#9930 = DIRECTION('',(0.,1.,0.));
#9931 = DIRECTION('',(0.,-0.,1.));
#9932 = DEFINITIONAL_REPRESENTATION('',(#9933),#9937);
#9933 = LINE('',#9934,#9935);
#9934 = CARTESIAN_POINT('',(-0.80015513,11.9));
#9935 = VECTOR('',#9936,1.);
#9936 = DIRECTION('',(1.,0.));
#9937 = ( GEOMETRIC_REPRESENTATION_CONTEXT(2) 
PARAMETRIC_REPRESENTATION_CONTEXT() REPRESENTATION_CONTEXT('2D SPACE',''
  ) );
#9938 = ORIENTED_EDGE('',*,*,#9939,.T.);
#9939 = EDGE_CURVE('',#9912,#9940,#9942,.T.);
#9940 = VERTEX_POINT('',#9941);
#9941 = CARTESIAN_POINT('',(-38.1,-15.,6.65));
#9942 = SURFACE_CURVE('',#9943,(#9947,#9954),.PCURVE_S1.);
#9943 = LINE('',#9944,#9945);
#9944 = CARTESIAN_POINT('',(-38.1,-9.552744145116,6.65));
#9945 = VECTOR('',#9946,1.);
#9946 = DIRECTION('',(0.,-1.,-1.377606907018E-16));
#9947 = PCURVE('',#3691,#9948);
#9948 = DEFINITIONAL_REPRESENTATION('',(#9949),#9953);
#9949 = LINE('',#9950,#9951);
#9950 = CARTESIAN_POINT('',(2.85,-6.447255854884));
#9951 = VECTOR('',#9952,1.);
#9952 = DIRECTION('',(-1.377606907018E-16,1.));
#9953 = ( GEOMETRIC_REPRESENTATION_CONTEXT(2) 
PARAMETRIC_REPRESENTATION_CONTEXT() REPRESENTATION_CONTEXT('2D SPACE',''
  ) );
#9954 = PCURVE('',#4297,#9955);
#9955 = DEFINITIONAL_REPRESENTATION('',(#9956),#9960);
#9956 = LINE('',#9957,#9958);
#9957 = CARTESIAN_POINT('',(36.9,65.447255854884));
#9958 = VECTOR('',#9959,1.);
#9959 = DIRECTION('',(0.,-1.));
#9960 = ( GEOMETRIC_REPRESENTATION_CONTEXT(2) 
PARAMETRIC_REPRESENTATION_CONTEXT() REPRESENTATION_CONTEXT('2D SPACE',''
  ) );
#9961 = ORIENTED_EDGE('',*,*,#9962,.F.);
#9962 = EDGE_CURVE('',#9963,#9940,#9965,.T.);
#9963 = VERTEX_POINT('',#9964);
#9964 = CARTESIAN_POINT('',(-38.1,-15.,6.25));
#9965 = SURFACE_CURVE('',#9966,(#9970,#9976),.PCURVE_S1.);
#9966 = LINE('',#9967,#9968);
#9967 = CARTESIAN_POINT('',(-38.1,-15.,4.));
#9968 = VECTOR('',#9969,1.);
#9969 = DIRECTION('',(0.,0.,1.));
#9970 = PCURVE('',#3691,#9971);
#9971 = DEFINITIONAL_REPRESENTATION('',(#9972),#9975);
#9972 = B_SPLINE_CURVE_WITH_KNOTS('',1,(#9973,#9974),.UNSPECIFIED.,.F.,
  .F.,(2,2),(-0.2,2.65),.PIECEWISE_BEZIER_KNOTS.);
#9973 = CARTESIAN_POINT('',(-8.881784197001E-16,-1.));
#9974 = CARTESIAN_POINT('',(2.85,-1.));
#9975 = ( GEOMETRIC_REPRESENTATION_CONTEXT(2) 
PARAMETRIC_REPRESENTATION_CONTEXT() REPRESENTATION_CONTEXT('2D SPACE',''
  ) );
#9976 = PCURVE('',#9977,#9982);
#9977 = PLANE('',#9978);
#9978 = AXIS2_PLACEMENT_3D('',#9979,#9980,#9981);
#9979 = CARTESIAN_POINT('',(-56.5,-15.,4.2));
#9980 = DIRECTION('',(0.,1.,0.));
#9981 = DIRECTION('',(0.,0.,1.));
#9982 = DEFINITIONAL_REPRESENTATION('',(#9983),#9986);
#9983 = B_SPLINE_CURVE_WITH_KNOTS('',1,(#9984,#9985),.UNSPECIFIED.,.F.,
  .F.,(2,2),(-0.2,2.65),.PIECEWISE_BEZIER_KNOTS.);
#9984 = CARTESIAN_POINT('',(-0.4,18.4));
#9985 = CARTESIAN_POINT('',(2.45,18.4));
#9986 = ( GEOMETRIC_REPRESENTATION_CONTEXT(2) 
PARAMETRIC_REPRESENTATION_CONTEXT() REPRESENTATION_CONTEXT('2D SPACE',''
  ) );
#9987 = ORIENTED_EDGE('',*,*,#9988,.T.);
#9988 = EDGE_CURVE('',#9963,#4216,#9989,.T.);
#9989 = SURFACE_CURVE('',#9990,(#9994,#10000),.PCURVE_S1.);
#9990 = LINE('',#9991,#9992);
#9991 = CARTESIAN_POINT('',(-38.1,-8.,6.25));
#9992 = VECTOR('',#9993,1.);
#9993 = DIRECTION('',(0.,-1.,0.));
#9994 = PCURVE('',#3691,#9995);
#9995 = DEFINITIONAL_REPRESENTATION('',(#9996),#9999);
#9996 = B_SPLINE_CURVE_WITH_KNOTS('',1,(#9997,#9998),.UNSPECIFIED.,.F.,
  .F.,(2,2),(7.,8.),.PIECEWISE_BEZIER_KNOTS.);
#9997 = CARTESIAN_POINT('',(2.45,-1.));
#9998 = CARTESIAN_POINT('',(2.45,0.));
#9999 = ( GEOMETRIC_REPRESENTATION_CONTEXT(2) 
PARAMETRIC_REPRESENTATION_CONTEXT() REPRESENTATION_CONTEXT('2D SPACE',''
  ) );
#10000 = PCURVE('',#4348,#10001);
#10001 = DEFINITIONAL_REPRESENTATION('',(#10002),#10005);
#10002 = B_SPLINE_CURVE_WITH_KNOTS('',1,(#10003,#10004),.UNSPECIFIED.,
  .F.,.F.,(2,2),(7.,8.),.PIECEWISE_BEZIER_KNOTS.);
#10003 = CARTESIAN_POINT('',(-38.1,-15.));
#10004 = CARTESIAN_POINT('',(-38.1,-16.));
#10005 = ( GEOMETRIC_REPRESENTATION_CONTEXT(2) 
PARAMETRIC_REPRESENTATION_CONTEXT() REPRESENTATION_CONTEXT('2D SPACE',''
  ) );
#10006 = ORIENTED_EDGE('',*,*,#4213,.F.);
#10007 = ORIENTED_EDGE('',*,*,#4446,.T.);
#10008 = ORIENTED_EDGE('',*,*,#10009,.T.);
#10009 = EDGE_CURVE('',#4419,#10010,#10012,.T.);
#10010 = VERTEX_POINT('',#10011);
#10011 = CARTESIAN_POINT('',(-38.1,-15.,5.8));
#10012 = SURFACE_CURVE('',#10013,(#10017,#10024),.PCURVE_S1.);
#10013 = LINE('',#10014,#10015);
#10014 = CARTESIAN_POINT('',(-38.1,-15.,4.));
#10015 = VECTOR('',#10016,1.);
#10016 = DIRECTION('',(0.,0.,-1.));
#10017 = PCURVE('',#3691,#10018);
#10018 = DEFINITIONAL_REPRESENTATION('',(#10019),#10023);
#10019 = LINE('',#10020,#10021);
#10020 = CARTESIAN_POINT('',(0.2,-1.));
#10021 = VECTOR('',#10022,1.);
#10022 = DIRECTION('',(-1.,0.));
#10023 = ( GEOMETRIC_REPRESENTATION_CONTEXT(2) 
PARAMETRIC_REPRESENTATION_CONTEXT() REPRESENTATION_CONTEXT('2D SPACE',''
  ) );
#10024 = PCURVE('',#4434,#10025);
#10025 = DEFINITIONAL_REPRESENTATION('',(#10026),#10029);
#10026 = B_SPLINE_CURVE_WITH_KNOTS('',1,(#10027,#10028),.UNSPECIFIED.,
  .F.,.F.,(2,2),(-2.,-1.8),.PIECEWISE_BEZIER_KNOTS.);
#10027 = CARTESIAN_POINT('',(1.8,18.4));
#10028 = CARTESIAN_POINT('',(1.6,18.4));
#10029 = ( GEOMETRIC_REPRESENTATION_CONTEXT(2) 
PARAMETRIC_REPRESENTATION_CONTEXT() REPRESENTATION_CONTEXT('2D SPACE',''
  ) );
#10030 = ORIENTED_EDGE('',*,*,#10031,.T.);
#10031 = EDGE_CURVE('',#10010,#10032,#10034,.T.);
#10032 = VERTEX_POINT('',#10033);
#10033 = CARTESIAN_POINT('',(-38.1,-13.4,4.2));
#10034 = SURFACE_CURVE('',#10035,(#10040,#10047),.PCURVE_S1.);
#10035 = CIRCLE('',#10036,1.6);
#10036 = AXIS2_PLACEMENT_3D('',#10037,#10038,#10039);
#10037 = CARTESIAN_POINT('',(-38.1,-13.4,5.8));
#10038 = DIRECTION('',(1.,0.,0.));
#10039 = DIRECTION('',(0.,-1.,0.));
#10040 = PCURVE('',#3691,#10041);
#10041 = DEFINITIONAL_REPRESENTATION('',(#10042),#10046);
#10042 = CIRCLE('',#10043,1.6);
#10043 = AXIS2_PLACEMENT_2D('',#10044,#10045);
#10044 = CARTESIAN_POINT('',(2.,-2.6));
#10045 = DIRECTION('',(0.,1.));
#10046 = ( GEOMETRIC_REPRESENTATION_CONTEXT(2) 
PARAMETRIC_REPRESENTATION_CONTEXT() REPRESENTATION_CONTEXT('2D SPACE',''
  ) );
#10047 = PCURVE('',#9272,#10048);
#10048 = DEFINITIONAL_REPRESENTATION('',(#10049),#10053);
#10049 = LINE('',#10050,#10051);
#10050 = CARTESIAN_POINT('',(0.,18.4));
#10051 = VECTOR('',#10052,1.);
#10052 = DIRECTION('',(1.,0.));
#10053 = ( GEOMETRIC_REPRESENTATION_CONTEXT(2) 
PARAMETRIC_REPRESENTATION_CONTEXT() REPRESENTATION_CONTEXT('2D SPACE',''
  ) );
#10054 = ORIENTED_EDGE('',*,*,#10055,.T.);
#10055 = EDGE_CURVE('',#10032,#9299,#10056,.T.);
#10056 = SURFACE_CURVE('',#10057,(#10061,#10068),.PCURVE_S1.);
#10057 = LINE('',#10058,#10059);
#10058 = CARTESIAN_POINT('',(-38.1,-13.4,4.2));
#10059 = VECTOR('',#10060,1.);
#10060 = DIRECTION('',(-1.995533422763E-15,1.,0.));
#10061 = PCURVE('',#3691,#10062);
#10062 = DEFINITIONAL_REPRESENTATION('',(#10063),#10067);
#10063 = LINE('',#10064,#10065);
#10064 = CARTESIAN_POINT('',(0.4,-2.6));
#10065 = VECTOR('',#10066,1.);
#10066 = DIRECTION('',(0.,-1.));
#10067 = ( GEOMETRIC_REPRESENTATION_CONTEXT(2) 
PARAMETRIC_REPRESENTATION_CONTEXT() REPRESENTATION_CONTEXT('2D SPACE',''
  ) );
#10068 = PCURVE('',#9315,#10069);
#10069 = DEFINITIONAL_REPRESENTATION('',(#10070),#10074);
#10070 = LINE('',#10071,#10072);
#10071 = CARTESIAN_POINT('',(18.4,1.6));
#10072 = VECTOR('',#10073,1.);
#10073 = DIRECTION('',(-1.995533422763E-15,1.));
#10074 = ( GEOMETRIC_REPRESENTATION_CONTEXT(2) 
PARAMETRIC_REPRESENTATION_CONTEXT() REPRESENTATION_CONTEXT('2D SPACE',''
  ) );
#10075 = ORIENTED_EDGE('',*,*,#9331,.T.);
#10076 = ORIENTED_EDGE('',*,*,#10077,.T.);
#10077 = EDGE_CURVE('',#9332,#9354,#10078,.T.);
#10078 = SURFACE_CURVE('',#10079,(#10083,#10090),.PCURVE_S1.);
#10079 = LINE('',#10080,#10081);
#10080 = CARTESIAN_POINT('',(-38.1,-13.5,3.8));
#10081 = VECTOR('',#10082,1.);
#10082 = DIRECTION('',(0.,1.,0.));
#10083 = PCURVE('',#3691,#10084);
#10084 = DEFINITIONAL_REPRESENTATION('',(#10085),#10089);
#10085 = LINE('',#10086,#10087);
#10086 = CARTESIAN_POINT('',(-8.881784197001E-16,-2.5));
#10087 = VECTOR('',#10088,1.);
#10088 = DIRECTION('',(0.,-1.));
#10089 = ( GEOMETRIC_REPRESENTATION_CONTEXT(2) 
PARAMETRIC_REPRESENTATION_CONTEXT() REPRESENTATION_CONTEXT('2D SPACE',''
  ) );
#10090 = PCURVE('',#9370,#10091);
#10091 = DEFINITIONAL_REPRESENTATION('',(#10092),#10096);
#10092 = LINE('',#10093,#10094);
#10093 = CARTESIAN_POINT('',(6.4,0.));
#10094 = VECTOR('',#10095,1.);
#10095 = DIRECTION('',(0.,1.));
#10096 = ( GEOMETRIC_REPRESENTATION_CONTEXT(2) 
PARAMETRIC_REPRESENTATION_CONTEXT() REPRESENTATION_CONTEXT('2D SPACE',''
  ) );
#10097 = ORIENTED_EDGE('',*,*,#9386,.F.);
#10098 = ORIENTED_EDGE('',*,*,#10099,.T.);
#10099 = EDGE_CURVE('',#9387,#10100,#10102,.T.);
#10100 = VERTEX_POINT('',#10101);
#10101 = CARTESIAN_POINT('',(-38.1,12.4,4.2));
#10102 = SURFACE_CURVE('',#10103,(#10107,#10114),.PCURVE_S1.);
#10103 = LINE('',#10104,#10105);
#10104 = CARTESIAN_POINT('',(-38.1,-14.25,4.2));
#10105 = VECTOR('',#10106,1.);
#10106 = DIRECTION('',(0.,1.,0.));
#10107 = PCURVE('',#3691,#10108);
#10108 = DEFINITIONAL_REPRESENTATION('',(#10109),#10113);
#10109 = LINE('',#10110,#10111);
#10110 = CARTESIAN_POINT('',(0.4,-1.75));
#10111 = VECTOR('',#10112,1.);
#10112 = DIRECTION('',(0.,-1.));
#10113 = ( GEOMETRIC_REPRESENTATION_CONTEXT(2) 
PARAMETRIC_REPRESENTATION_CONTEXT() REPRESENTATION_CONTEXT('2D SPACE',''
  ) );
#10114 = PCURVE('',#9425,#10115);
#10115 = DEFINITIONAL_REPRESENTATION('',(#10116),#10120);
#10116 = LINE('',#10117,#10118);
#10117 = CARTESIAN_POINT('',(18.4,0.75));
#10118 = VECTOR('',#10119,1.);
#10119 = DIRECTION('',(0.,1.));
#10120 = ( GEOMETRIC_REPRESENTATION_CONTEXT(2) 
PARAMETRIC_REPRESENTATION_CONTEXT() REPRESENTATION_CONTEXT('2D SPACE',''
  ) );
#10121 = ORIENTED_EDGE('',*,*,#10122,.T.);
#10122 = EDGE_CURVE('',#10100,#9557,#10123,.T.);
#10123 = SURFACE_CURVE('',#10124,(#10129,#10136),.PCURVE_S1.);
#10124 = CIRCLE('',#10125,1.6);
#10125 = AXIS2_PLACEMENT_3D('',#10126,#10127,#10128);
#10126 = CARTESIAN_POINT('',(-38.1,12.4,5.8));
#10127 = DIRECTION('',(1.,0.,0.));
#10128 = DIRECTION('',(0.,0.,-1.));
#10129 = PCURVE('',#3691,#10130);
#10130 = DEFINITIONAL_REPRESENTATION('',(#10131),#10135);
#10131 = CIRCLE('',#10132,1.6);
#10132 = AXIS2_PLACEMENT_2D('',#10133,#10134);
#10133 = CARTESIAN_POINT('',(2.,-28.4));
#10134 = DIRECTION('',(-1.,0.));
#10135 = ( GEOMETRIC_REPRESENTATION_CONTEXT(2) 
PARAMETRIC_REPRESENTATION_CONTEXT() REPRESENTATION_CONTEXT('2D SPACE',''
  ) );
#10136 = PCURVE('',#9479,#10137);
#10137 = DEFINITIONAL_REPRESENTATION('',(#10138),#10142);
#10138 = LINE('',#10139,#10140);
#10139 = CARTESIAN_POINT('',(4.712388980384,18.4));
#10140 = VECTOR('',#10141,1.);
#10141 = DIRECTION('',(1.,-0.));
#10142 = ( GEOMETRIC_REPRESENTATION_CONTEXT(2) 
PARAMETRIC_REPRESENTATION_CONTEXT() REPRESENTATION_CONTEXT('2D SPACE',''
  ) );
#10143 = ADVANCED_FACE('',(#10144),#3823,.F.);
#10144 = FACE_BOUND('',#10145,.F.);
#10145 = EDGE_LOOP('',(#10146,#10169,#10170,#10171));
#10146 = ORIENTED_EDGE('',*,*,#10147,.T.);
#10147 = EDGE_CURVE('',#10148,#3803,#10150,.T.);
#10148 = VERTEX_POINT('',#10149);
#10149 = CARTESIAN_POINT('',(-12.63080573302,37.587704831436,1.4));
#10150 = SEAM_CURVE('',#10151,(#10155,#10162),.PCURVE_S1.);
#10151 = LINE('',#10152,#10153);
#10152 = CARTESIAN_POINT('',(-12.63080573302,37.587704831436,1.4));
#10153 = VECTOR('',#10154,1.);
#10154 = DIRECTION('',(0.,0.,1.));
#10155 = PCURVE('',#3823,#10156);
#10156 = DEFINITIONAL_REPRESENTATION('',(#10157),#10161);
#10157 = LINE('',#10158,#10159);
#10158 = CARTESIAN_POINT('',(-4.138911435803E-13,0.));
#10159 = VECTOR('',#10160,1.);
#10160 = DIRECTION('',(-0.,-1.));
#10161 = ( GEOMETRIC_REPRESENTATION_CONTEXT(2) 
PARAMETRIC_REPRESENTATION_CONTEXT() REPRESENTATION_CONTEXT('2D SPACE',''
  ) );
#10162 = PCURVE('',#3823,#10163);
#10163 = DEFINITIONAL_REPRESENTATION('',(#10164),#10168);
#10164 = LINE('',#10165,#10166);
#10165 = CARTESIAN_POINT('',(6.28318530718,0.));
#10166 = VECTOR('',#10167,1.);
#10167 = DIRECTION('',(-0.,-1.));
#10168 = ( GEOMETRIC_REPRESENTATION_CONTEXT(2) 
PARAMETRIC_REPRESENTATION_CONTEXT() REPRESENTATION_CONTEXT('2D SPACE',''
  ) );
#10169 = ORIENTED_EDGE('',*,*,#3802,.T.);
#10170 = ORIENTED_EDGE('',*,*,#10147,.F.);
#10171 = ORIENTED_EDGE('',*,*,#10172,.T.);
#10172 = EDGE_CURVE('',#10148,#10148,#10173,.T.);
#10173 = SURFACE_CURVE('',#10174,(#10179,#10186),.PCURVE_S1.);
#10174 = CIRCLE('',#10175,1.05);
#10175 = AXIS2_PLACEMENT_3D('',#10176,#10177,#10178);
#10176 = CARTESIAN_POINT('',(-13.68080573302,37.587704831436,1.4));
#10177 = DIRECTION('',(0.,0.,1.));
#10178 = DIRECTION('',(1.,0.,-0.));
#10179 = PCURVE('',#3823,#10180);
#10180 = DEFINITIONAL_REPRESENTATION('',(#10181),#10185);
#10181 = LINE('',#10182,#10183);
#10182 = CARTESIAN_POINT('',(6.28318530718,0.));
#10183 = VECTOR('',#10184,1.);
#10184 = DIRECTION('',(-1.,0.));
#10185 = ( GEOMETRIC_REPRESENTATION_CONTEXT(2) 
PARAMETRIC_REPRESENTATION_CONTEXT() REPRESENTATION_CONTEXT('2D SPACE',''
  ) );
#10186 = PCURVE('',#10187,#10192);
#10187 = PLANE('',#10188);
#10188 = AXIS2_PLACEMENT_3D('',#10189,#10190,#10191);
#10189 = CARTESIAN_POINT('',(-13.68080573302,37.587704831436,1.4));
#10190 = DIRECTION('',(0.,0.,1.));
#10191 = DIRECTION('',(1.,0.,-0.));
#10192 = DEFINITIONAL_REPRESENTATION('',(#10193),#10197);
#10193 = CIRCLE('',#10194,1.05);
#10194 = AXIS2_PLACEMENT_2D('',#10195,#10196);
#10195 = CARTESIAN_POINT('',(0.,0.));
#10196 = DIRECTION('',(1.,0.));
#10197 = ( GEOMETRIC_REPRESENTATION_CONTEXT(2) 
PARAMETRIC_REPRESENTATION_CONTEXT() REPRESENTATION_CONTEXT('2D SPACE',''
  ) );
#10198 = ADVANCED_FACE('',(#10199),#3784,.F.);
#10199 = FACE_BOUND('',#10200,.F.);
#10200 = EDGE_LOOP('',(#10201,#10224,#10225,#10226));
#10201 = ORIENTED_EDGE('',*,*,#10202,.T.);
#10202 = EDGE_CURVE('',#10203,#3764,#10205,.T.);
#10203 = VERTEX_POINT('',#10204);
#10204 = CARTESIAN_POINT('',(14.730805733027,37.587704831436,1.4));
#10205 = SEAM_CURVE('',#10206,(#10210,#10217),.PCURVE_S1.);
#10206 = LINE('',#10207,#10208);
#10207 = CARTESIAN_POINT('',(14.730805733027,37.587704831436,1.4));
#10208 = VECTOR('',#10209,1.);
#10209 = DIRECTION('',(0.,0.,1.));
#10210 = PCURVE('',#3784,#10211);
#10211 = DEFINITIONAL_REPRESENTATION('',(#10212),#10216);
#10212 = LINE('',#10213,#10214);
#10213 = CARTESIAN_POINT('',(-4.138911435803E-13,0.));
#10214 = VECTOR('',#10215,1.);
#10215 = DIRECTION('',(-0.,-1.));
#10216 = ( GEOMETRIC_REPRESENTATION_CONTEXT(2) 
PARAMETRIC_REPRESENTATION_CONTEXT() REPRESENTATION_CONTEXT('2D SPACE',''
  ) );
#10217 = PCURVE('',#3784,#10218);
#10218 = DEFINITIONAL_REPRESENTATION('',(#10219),#10223);
#10219 = LINE('',#10220,#10221);
#10220 = CARTESIAN_POINT('',(6.28318530718,0.));
#10221 = VECTOR('',#10222,1.);
#10222 = DIRECTION('',(-0.,-1.));
#10223 = ( GEOMETRIC_REPRESENTATION_CONTEXT(2) 
PARAMETRIC_REPRESENTATION_CONTEXT() REPRESENTATION_CONTEXT('2D SPACE',''
  ) );
#10224 = ORIENTED_EDGE('',*,*,#3763,.T.);
#10225 = ORIENTED_EDGE('',*,*,#10202,.F.);
#10226 = ORIENTED_EDGE('',*,*,#10227,.T.);
#10227 = EDGE_CURVE('',#10203,#10203,#10228,.T.);
#10228 = SURFACE_CURVE('',#10229,(#10234,#10241),.PCURVE_S1.);
#10229 = CIRCLE('',#10230,1.05);
#10230 = AXIS2_PLACEMENT_3D('',#10231,#10232,#10233);
#10231 = CARTESIAN_POINT('',(13.680805733027,37.587704831436,1.4));
#10232 = DIRECTION('',(0.,0.,1.));
#10233 = DIRECTION('',(1.,0.,-0.));
#10234 = PCURVE('',#3784,#10235);
#10235 = DEFINITIONAL_REPRESENTATION('',(#10236),#10240);
#10236 = LINE('',#10237,#10238);
#10237 = CARTESIAN_POINT('',(6.28318530718,0.));
#10238 = VECTOR('',#10239,1.);
#10239 = DIRECTION('',(-1.,0.));
#10240 = ( GEOMETRIC_REPRESENTATION_CONTEXT(2) 
PARAMETRIC_REPRESENTATION_CONTEXT() REPRESENTATION_CONTEXT('2D SPACE',''
  ) );
#10241 = PCURVE('',#10242,#10247);
#10242 = PLANE('',#10243);
#10243 = AXIS2_PLACEMENT_3D('',#10244,#10245,#10246);
#10244 = CARTESIAN_POINT('',(13.680805733027,37.587704831436,1.4));
#10245 = DIRECTION('',(0.,0.,1.));
#10246 = DIRECTION('',(1.,0.,-0.));
#10247 = DEFINITIONAL_REPRESENTATION('',(#10248),#10252);
#10248 = CIRCLE('',#10249,1.05);
#10249 = AXIS2_PLACEMENT_2D('',#10250,#10251);
#10250 = CARTESIAN_POINT('',(0.,0.));
#10251 = DIRECTION('',(1.,0.));
#10252 = ( GEOMETRIC_REPRESENTATION_CONTEXT(2) 
PARAMETRIC_REPRESENTATION_CONTEXT() REPRESENTATION_CONTEXT('2D SPACE',''
  ) );
#10253 = ADVANCED_FACE('',(#10254),#4046,.T.);
#10254 = FACE_BOUND('',#10255,.T.);
#10255 = EDGE_LOOP('',(#10256,#10278,#10279,#10280));
#10256 = ORIENTED_EDGE('',*,*,#10257,.F.);
#10257 = EDGE_CURVE('',#9606,#10258,#10260,.T.);
#10258 = VERTEX_POINT('',#10259);
#10259 = CARTESIAN_POINT('',(-40.12792045446,14.,6.25));
#10260 = SURFACE_CURVE('',#10261,(#10265,#10271),.PCURVE_S1.);
#10261 = LINE('',#10262,#10263);
#10262 = CARTESIAN_POINT('',(-28.25,14.,6.25));
#10263 = VECTOR('',#10264,1.);
#10264 = DIRECTION('',(-1.,0.,0.));
#10265 = PCURVE('',#4046,#10266);
#10266 = DEFINITIONAL_REPRESENTATION('',(#10267),#10270);
#10267 = B_SPLINE_CURVE_WITH_KNOTS('',1,(#10268,#10269),.UNSPECIFIED.,
  .F.,.F.,(2,2),(-0.75,14.25),.PIECEWISE_BEZIER_KNOTS.);
#10268 = CARTESIAN_POINT('',(-27.5,14.));
#10269 = CARTESIAN_POINT('',(-42.5,14.));
#10270 = ( GEOMETRIC_REPRESENTATION_CONTEXT(2) 
PARAMETRIC_REPRESENTATION_CONTEXT() REPRESENTATION_CONTEXT('2D SPACE',''
  ) );
#10271 = PCURVE('',#9641,#10272);
#10272 = DEFINITIONAL_REPRESENTATION('',(#10273),#10277);
#10273 = LINE('',#10274,#10275);
#10274 = CARTESIAN_POINT('',(2.05,28.25));
#10275 = VECTOR('',#10276,1.);
#10276 = DIRECTION('',(0.,-1.));
#10277 = ( GEOMETRIC_REPRESENTATION_CONTEXT(2) 
PARAMETRIC_REPRESENTATION_CONTEXT() REPRESENTATION_CONTEXT('2D SPACE',''
  ) );
#10278 = ORIENTED_EDGE('',*,*,#9605,.F.);
#10279 = ORIENTED_EDGE('',*,*,#4033,.F.);
#10280 = ORIENTED_EDGE('',*,*,#10281,.T.);
#10281 = EDGE_CURVE('',#4008,#10258,#10282,.T.);
#10282 = SURFACE_CURVE('',#10283,(#10288,#10295),.PCURVE_S1.);
#10283 = CIRCLE('',#10284,42.5);
#10284 = AXIS2_PLACEMENT_3D('',#10285,#10286,#10287);
#10285 = CARTESIAN_POINT('',(0.,0.,6.25));
#10286 = DIRECTION('',(0.,-0.,1.));
#10287 = DIRECTION('',(0.276012186051,0.961154136001,0.));
#10288 = PCURVE('',#4046,#10289);
#10289 = DEFINITIONAL_REPRESENTATION('',(#10290),#10294);
#10290 = CIRCLE('',#10291,42.5);
#10291 = AXIS2_PLACEMENT_2D('',#10292,#10293);
#10292 = CARTESIAN_POINT('',(4.118407928589E-15,-3.242876655026E-16));
#10293 = DIRECTION('',(0.276012186051,0.961154136001));
#10294 = ( GEOMETRIC_REPRESENTATION_CONTEXT(2) 
PARAMETRIC_REPRESENTATION_CONTEXT() REPRESENTATION_CONTEXT('2D SPACE',''
  ) );
#10295 = PCURVE('',#4022,#10296);
#10296 = DEFINITIONAL_REPRESENTATION('',(#10297),#10301);
#10297 = LINE('',#10298,#10299);
#10298 = CARTESIAN_POINT('',(-1.291153688982,0.));
#10299 = VECTOR('',#10300,1.);
#10300 = DIRECTION('',(-1.,0.));
#10301 = ( GEOMETRIC_REPRESENTATION_CONTEXT(2) 
PARAMETRIC_REPRESENTATION_CONTEXT() REPRESENTATION_CONTEXT('2D SPACE',''
  ) );
#10302 = ADVANCED_FACE('',(#10303),#4022,.F.);
#10303 = FACE_BOUND('',#10304,.T.);
#10304 = EDGE_LOOP('',(#10305,#10306,#10307,#10335));
#10305 = ORIENTED_EDGE('',*,*,#10281,.F.);
#10306 = ORIENTED_EDGE('',*,*,#4007,.F.);
#10307 = ORIENTED_EDGE('',*,*,#10308,.F.);
#10308 = EDGE_CURVE('',#10309,#3981,#10311,.T.);
#10309 = VERTEX_POINT('',#10310);
#10310 = CARTESIAN_POINT('',(-40.12792045446,14.,6.65));
#10311 = SURFACE_CURVE('',#10312,(#10317,#10324),.PCURVE_S1.);
#10312 = CIRCLE('',#10313,42.5);
#10313 = AXIS2_PLACEMENT_3D('',#10314,#10315,#10316);
#10314 = CARTESIAN_POINT('',(0.,0.,6.65));
#10315 = DIRECTION('',(0.,0.,-1.));
#10316 = DIRECTION('',(1.,0.,0.));
#10317 = PCURVE('',#4022,#10318);
#10318 = DEFINITIONAL_REPRESENTATION('',(#10319),#10323);
#10319 = LINE('',#10320,#10321);
#10320 = CARTESIAN_POINT('',(-6.28318530718,-0.4));
#10321 = VECTOR('',#10322,1.);
#10322 = DIRECTION('',(1.,-0.));
#10323 = ( GEOMETRIC_REPRESENTATION_CONTEXT(2) 
PARAMETRIC_REPRESENTATION_CONTEXT() REPRESENTATION_CONTEXT('2D SPACE',''
  ) );
#10324 = PCURVE('',#3995,#10325);
#10325 = DEFINITIONAL_REPRESENTATION('',(#10326),#10334);
#10326 = ( BOUNDED_CURVE() B_SPLINE_CURVE(2,(#10327,#10328,#10329,#10330
    ,#10331,#10332,#10333),.UNSPECIFIED.,.T.,.F.) 
B_SPLINE_CURVE_WITH_KNOTS((1,2,2,2,2,1),(-2.094395102393,0.,
    2.094395102393,4.188790204786,6.28318530718,8.377580409573),
.UNSPECIFIED.) CURVE() GEOMETRIC_REPRESENTATION_ITEM() 
RATIONAL_B_SPLINE_CURVE((1.,0.5,1.,0.5,1.,0.5,1.)) REPRESENTATION_ITEM(
  '') );
#10327 = CARTESIAN_POINT('',(117.5,75.));
#10328 = CARTESIAN_POINT('',(117.5,1.387840678323));
#10329 = CARTESIAN_POINT('',(53.75,38.193920339161));
#10330 = CARTESIAN_POINT('',(-10.,75.));
#10331 = CARTESIAN_POINT('',(53.75,111.80607966083));
#10332 = CARTESIAN_POINT('',(117.5,148.61215932167));
#10333 = CARTESIAN_POINT('',(117.5,75.));
#10334 = ( GEOMETRIC_REPRESENTATION_CONTEXT(2) 
PARAMETRIC_REPRESENTATION_CONTEXT() REPRESENTATION_CONTEXT('2D SPACE',''
  ) );
#10335 = ORIENTED_EDGE('',*,*,#10336,.F.);
#10336 = EDGE_CURVE('',#10258,#10309,#10337,.T.);
#10337 = SURFACE_CURVE('',#10338,(#10342,#10349),.PCURVE_S1.);
#10338 = LINE('',#10339,#10340);
#10339 = CARTESIAN_POINT('',(-40.12792045446,14.,6.25));
#10340 = VECTOR('',#10341,1.);
#10341 = DIRECTION('',(0.,-6.382120381079E-16,1.));
#10342 = PCURVE('',#4022,#10343);
#10343 = DEFINITIONAL_REPRESENTATION('',(#10344),#10348);
#10344 = LINE('',#10345,#10346);
#10345 = CARTESIAN_POINT('',(-2.805912153813,0.));
#10346 = VECTOR('',#10347,1.);
#10347 = DIRECTION('',(-0.,-1.));
#10348 = ( GEOMETRIC_REPRESENTATION_CONTEXT(2) 
PARAMETRIC_REPRESENTATION_CONTEXT() REPRESENTATION_CONTEXT('2D SPACE',''
  ) );
#10349 = PCURVE('',#9641,#10350);
#10350 = DEFINITIONAL_REPRESENTATION('',(#10351),#10355);
#10351 = LINE('',#10352,#10353);
#10352 = CARTESIAN_POINT('',(2.05,16.372079545533));
#10353 = VECTOR('',#10354,1.);
#10354 = DIRECTION('',(1.,0.));
#10355 = ( GEOMETRIC_REPRESENTATION_CONTEXT(2) 
PARAMETRIC_REPRESENTATION_CONTEXT() REPRESENTATION_CONTEXT('2D SPACE',''
  ) );
#10356 = ADVANCED_FACE('',(#10357),#3995,.T.);
#10357 = FACE_BOUND('',#10358,.T.);
#10358 = EDGE_LOOP('',(#10359,#10360,#10383,#10404,#10405,#10425));
#10359 = ORIENTED_EDGE('',*,*,#3980,.F.);
#10360 = ORIENTED_EDGE('',*,*,#10361,.T.);
#10361 = EDGE_CURVE('',#3953,#10362,#10364,.T.);
#10362 = VERTEX_POINT('',#10363);
#10363 = CARTESIAN_POINT('',(-44.5,9.402331666987,6.65));
#10364 = SURFACE_CURVE('',#10365,(#10369,#10376),.PCURVE_S1.);
#10365 = LINE('',#10366,#10367);
#10366 = CARTESIAN_POINT('',(-44.5,15.,6.65));
#10367 = VECTOR('',#10368,1.);
#10368 = DIRECTION('',(0.,-1.,0.));
#10369 = PCURVE('',#3995,#10370);
#10370 = DEFINITIONAL_REPRESENTATION('',(#10371),#10375);
#10371 = LINE('',#10372,#10373);
#10372 = CARTESIAN_POINT('',(30.5,90.));
#10373 = VECTOR('',#10374,1.);
#10374 = DIRECTION('',(0.,-1.));
#10375 = ( GEOMETRIC_REPRESENTATION_CONTEXT(2) 
PARAMETRIC_REPRESENTATION_CONTEXT() REPRESENTATION_CONTEXT('2D SPACE',''
  ) );
#10376 = PCURVE('',#3968,#10377);
#10377 = DEFINITIONAL_REPRESENTATION('',(#10378),#10382);
#10378 = LINE('',#10379,#10380);
#10379 = CARTESIAN_POINT('',(2.85,-31.));
#10380 = VECTOR('',#10381,1.);
#10381 = DIRECTION('',(0.,1.));
#10382 = ( GEOMETRIC_REPRESENTATION_CONTEXT(2) 
PARAMETRIC_REPRESENTATION_CONTEXT() REPRESENTATION_CONTEXT('2D SPACE',''
  ) );
#10383 = ORIENTED_EDGE('',*,*,#10384,.T.);
#10384 = EDGE_CURVE('',#10362,#9653,#10385,.T.);
#10385 = SURFACE_CURVE('',#10386,(#10390,#10397),.PCURVE_S1.);
#10386 = LINE('',#10387,#10388);
#10387 = CARTESIAN_POINT('',(-49.,9.402331666987,6.65));
#10388 = VECTOR('',#10389,1.);
#10389 = DIRECTION('',(1.,0.,0.));
#10390 = PCURVE('',#3995,#10391);
#10391 = DEFINITIONAL_REPRESENTATION('',(#10392),#10396);
#10392 = LINE('',#10393,#10394);
#10393 = CARTESIAN_POINT('',(26.,84.402331666987));
#10394 = VECTOR('',#10395,1.);
#10395 = DIRECTION('',(1.,0.));
#10396 = ( GEOMETRIC_REPRESENTATION_CONTEXT(2) 
PARAMETRIC_REPRESENTATION_CONTEXT() REPRESENTATION_CONTEXT('2D SPACE',''
  ) );
#10397 = PCURVE('',#9696,#10398);
#10398 = DEFINITIONAL_REPRESENTATION('',(#10399),#10403);
#10399 = LINE('',#10400,#10401);
#10400 = CARTESIAN_POINT('',(-4.138911435803E-13,0.));
#10401 = VECTOR('',#10402,1.);
#10402 = DIRECTION('',(-0.,-1.));
#10403 = ( GEOMETRIC_REPRESENTATION_CONTEXT(2) 
PARAMETRIC_REPRESENTATION_CONTEXT() REPRESENTATION_CONTEXT('2D SPACE',''
  ) );
#10404 = ORIENTED_EDGE('',*,*,#9652,.F.);
#10405 = ORIENTED_EDGE('',*,*,#10406,.F.);
#10406 = EDGE_CURVE('',#10309,#9627,#10407,.T.);
#10407 = SURFACE_CURVE('',#10408,(#10412,#10419),.PCURVE_S1.);
#10408 = LINE('',#10409,#10410);
#10409 = CARTESIAN_POINT('',(-65.75,14.,6.65));
#10410 = VECTOR('',#10411,1.);
#10411 = DIRECTION('',(1.,0.,0.));
#10412 = PCURVE('',#3995,#10413);
#10413 = DEFINITIONAL_REPRESENTATION('',(#10414),#10418);
#10414 = LINE('',#10415,#10416);
#10415 = CARTESIAN_POINT('',(9.25,89.));
#10416 = VECTOR('',#10417,1.);
#10417 = DIRECTION('',(1.,0.));
#10418 = ( GEOMETRIC_REPRESENTATION_CONTEXT(2) 
PARAMETRIC_REPRESENTATION_CONTEXT() REPRESENTATION_CONTEXT('2D SPACE',''
  ) );
#10419 = PCURVE('',#9641,#10420);
#10420 = DEFINITIONAL_REPRESENTATION('',(#10421),#10424);
#10421 = B_SPLINE_CURVE_WITH_KNOTS('',1,(#10422,#10423),.UNSPECIFIED.,
  .F.,.F.,(2,2),(25.622079545533,27.65),.PIECEWISE_BEZIER_KNOTS.);
#10422 = CARTESIAN_POINT('',(2.45,16.372079545533));
#10423 = CARTESIAN_POINT('',(2.45,18.4));
#10424 = ( GEOMETRIC_REPRESENTATION_CONTEXT(2) 
PARAMETRIC_REPRESENTATION_CONTEXT() REPRESENTATION_CONTEXT('2D SPACE',''
  ) );
#10425 = ORIENTED_EDGE('',*,*,#10308,.T.);
#10426 = ADVANCED_FACE('',(#10427),#3968,.F.);
#10427 = FACE_BOUND('',#10428,.F.);
#10428 = EDGE_LOOP('',(#10429,#10430,#10458,#10481,#10509,#10532,#10555,
    #10579,#10602,#10626,#10649,#10670,#10671,#10672,#10673,#10674));
#10429 = ORIENTED_EDGE('',*,*,#10361,.T.);
#10430 = ORIENTED_EDGE('',*,*,#10431,.T.);
#10431 = EDGE_CURVE('',#10362,#10432,#10434,.T.);
#10432 = VERTEX_POINT('',#10433);
#10433 = CARTESIAN_POINT('',(-44.5,6.802331666987,6.65));
#10434 = SURFACE_CURVE('',#10435,(#10440,#10451),.PCURVE_S1.);
#10435 = CIRCLE('',#10436,1.3);
#10436 = AXIS2_PLACEMENT_3D('',#10437,#10438,#10439);
#10437 = CARTESIAN_POINT('',(-44.5,8.102331666987,6.65));
#10438 = DIRECTION('',(-1.,0.,0.));
#10439 = DIRECTION('',(0.,1.,0.));
#10440 = PCURVE('',#3968,#10441);
#10441 = DEFINITIONAL_REPRESENTATION('',(#10442),#10450);
#10442 = ( BOUNDED_CURVE() B_SPLINE_CURVE(2,(#10443,#10444,#10445,#10446
    ,#10447,#10448,#10449),.UNSPECIFIED.,.T.,.F.) 
B_SPLINE_CURVE_WITH_KNOTS((1,2,2,2,2,1),(-2.094395102393,0.,
    2.094395102393,4.188790204786,6.28318530718,8.377580409573),
.UNSPECIFIED.) CURVE() GEOMETRIC_REPRESENTATION_ITEM() 
RATIONAL_B_SPLINE_CURVE((1.,0.5,1.,0.5,1.,0.5,1.)) REPRESENTATION_ITEM(
  '') );
#10443 = CARTESIAN_POINT('',(2.85,-25.40233166698));
#10444 = CARTESIAN_POINT('',(0.59833395016,-25.40233166698));
#10445 = CARTESIAN_POINT('',(1.72416697508,-23.45233166698));
#10446 = CARTESIAN_POINT('',(2.85,-21.50233166698));
#10447 = CARTESIAN_POINT('',(3.97583302492,-23.45233166698));
#10448 = CARTESIAN_POINT('',(5.10166604984,-25.40233166698));
#10449 = CARTESIAN_POINT('',(2.85,-25.40233166698));
#10450 = ( GEOMETRIC_REPRESENTATION_CONTEXT(2) 
PARAMETRIC_REPRESENTATION_CONTEXT() REPRESENTATION_CONTEXT('2D SPACE',''
  ) );
#10451 = PCURVE('',#9696,#10452);
#10452 = DEFINITIONAL_REPRESENTATION('',(#10453),#10457);
#10453 = LINE('',#10454,#10455);
#10454 = CARTESIAN_POINT('',(-4.138911435803E-13,-4.5));
#10455 = VECTOR('',#10456,1.);
#10456 = DIRECTION('',(1.,-0.));
#10457 = ( GEOMETRIC_REPRESENTATION_CONTEXT(2) 
PARAMETRIC_REPRESENTATION_CONTEXT() REPRESENTATION_CONTEXT('2D SPACE',''
  ) );
#10458 = ORIENTED_EDGE('',*,*,#10459,.T.);
#10459 = EDGE_CURVE('',#10432,#10460,#10462,.T.);
#10460 = VERTEX_POINT('',#10461);
#10461 = CARTESIAN_POINT('',(-44.5,1.802331666987,6.65));
#10462 = SURFACE_CURVE('',#10463,(#10467,#10474),.PCURVE_S1.);
#10463 = LINE('',#10464,#10465);
#10464 = CARTESIAN_POINT('',(-44.5,-44.25,6.65));
#10465 = VECTOR('',#10466,1.);
#10466 = DIRECTION('',(0.,-1.,0.));
#10467 = PCURVE('',#3968,#10468);
#10468 = DEFINITIONAL_REPRESENTATION('',(#10469),#10473);
#10469 = LINE('',#10470,#10471);
#10470 = CARTESIAN_POINT('',(2.85,28.25));
#10471 = VECTOR('',#10472,1.);
#10472 = DIRECTION('',(0.,1.));
#10473 = ( GEOMETRIC_REPRESENTATION_CONTEXT(2) 
PARAMETRIC_REPRESENTATION_CONTEXT() REPRESENTATION_CONTEXT('2D SPACE',''
  ) );
#10474 = PCURVE('',#9724,#10475);
#10475 = DEFINITIONAL_REPRESENTATION('',(#10476),#10480);
#10476 = LINE('',#10477,#10478);
#10477 = CARTESIAN_POINT('',(30.5,30.75));
#10478 = VECTOR('',#10479,1.);
#10479 = DIRECTION('',(0.,-1.));
#10480 = ( GEOMETRIC_REPRESENTATION_CONTEXT(2) 
PARAMETRIC_REPRESENTATION_CONTEXT() REPRESENTATION_CONTEXT('2D SPACE',''
  ) );
#10481 = ORIENTED_EDGE('',*,*,#10482,.T.);
#10482 = EDGE_CURVE('',#10460,#10483,#10485,.T.);
#10483 = VERTEX_POINT('',#10484);
#10484 = CARTESIAN_POINT('',(-44.5,-0.797668333013,6.65));
#10485 = SURFACE_CURVE('',#10486,(#10491,#10502),.PCURVE_S1.);
#10486 = CIRCLE('',#10487,1.3);
#10487 = AXIS2_PLACEMENT_3D('',#10488,#10489,#10490);
#10488 = CARTESIAN_POINT('',(-44.5,0.502331666987,6.65));
#10489 = DIRECTION('',(-1.,0.,0.));
#10490 = DIRECTION('',(0.,1.,0.));
#10491 = PCURVE('',#3968,#10492);
#10492 = DEFINITIONAL_REPRESENTATION('',(#10493),#10501);
#10493 = ( BOUNDED_CURVE() B_SPLINE_CURVE(2,(#10494,#10495,#10496,#10497
    ,#10498,#10499,#10500),.UNSPECIFIED.,.T.,.F.) 
B_SPLINE_CURVE_WITH_KNOTS((1,2,2,2,2,1),(-2.094395102393,0.,
    2.094395102393,4.188790204786,6.28318530718,8.377580409573),
.UNSPECIFIED.) CURVE() GEOMETRIC_REPRESENTATION_ITEM() 
RATIONAL_B_SPLINE_CURVE((1.,0.5,1.,0.5,1.,0.5,1.)) REPRESENTATION_ITEM(
  '') );
#10494 = CARTESIAN_POINT('',(2.85,-17.80233166698));
#10495 = CARTESIAN_POINT('',(0.59833395016,-17.80233166698));
#10496 = CARTESIAN_POINT('',(1.72416697508,-15.85233166698));
#10497 = CARTESIAN_POINT('',(2.85,-13.90233166698));
#10498 = CARTESIAN_POINT('',(3.97583302492,-15.85233166698));
#10499 = CARTESIAN_POINT('',(5.10166604984,-17.80233166698));
#10500 = CARTESIAN_POINT('',(2.85,-17.80233166698));
#10501 = ( GEOMETRIC_REPRESENTATION_CONTEXT(2) 
PARAMETRIC_REPRESENTATION_CONTEXT() REPRESENTATION_CONTEXT('2D SPACE',''
  ) );
#10502 = PCURVE('',#9757,#10503);
#10503 = DEFINITIONAL_REPRESENTATION('',(#10504),#10508);
#10504 = LINE('',#10505,#10506);
#10505 = CARTESIAN_POINT('',(-4.138911435803E-13,-4.5));
#10506 = VECTOR('',#10507,1.);
#10507 = DIRECTION('',(1.,-0.));
#10508 = ( GEOMETRIC_REPRESENTATION_CONTEXT(2) 
PARAMETRIC_REPRESENTATION_CONTEXT() REPRESENTATION_CONTEXT('2D SPACE',''
  ) );
#10509 = ORIENTED_EDGE('',*,*,#10510,.T.);
#10510 = EDGE_CURVE('',#10483,#10511,#10513,.T.);
#10511 = VERTEX_POINT('',#10512);
#10512 = CARTESIAN_POINT('',(-44.5,-5.052744145116,6.65));
#10513 = SURFACE_CURVE('',#10514,(#10518,#10525),.PCURVE_S1.);
#10514 = LINE('',#10515,#10516);
#10515 = CARTESIAN_POINT('',(-44.5,-44.25,6.65));
#10516 = VECTOR('',#10517,1.);
#10517 = DIRECTION('',(0.,-1.,0.));
#10518 = PCURVE('',#3968,#10519);
#10519 = DEFINITIONAL_REPRESENTATION('',(#10520),#10524);
#10520 = LINE('',#10521,#10522);
#10521 = CARTESIAN_POINT('',(2.85,28.25));
#10522 = VECTOR('',#10523,1.);
#10523 = DIRECTION('',(0.,1.));
#10524 = ( GEOMETRIC_REPRESENTATION_CONTEXT(2) 
PARAMETRIC_REPRESENTATION_CONTEXT() REPRESENTATION_CONTEXT('2D SPACE',''
  ) );
#10525 = PCURVE('',#9785,#10526);
#10526 = DEFINITIONAL_REPRESENTATION('',(#10527),#10531);
#10527 = LINE('',#10528,#10529);
#10528 = CARTESIAN_POINT('',(30.5,30.75));
#10529 = VECTOR('',#10530,1.);
#10530 = DIRECTION('',(0.,-1.));
#10531 = ( GEOMETRIC_REPRESENTATION_CONTEXT(2) 
PARAMETRIC_REPRESENTATION_CONTEXT() REPRESENTATION_CONTEXT('2D SPACE',''
  ) );
#10532 = ORIENTED_EDGE('',*,*,#10533,.F.);
#10533 = EDGE_CURVE('',#10534,#10511,#10536,.T.);
#10534 = VERTEX_POINT('',#10535);
#10535 = CARTESIAN_POINT('',(-44.5,-5.052744145116,5.60031026));
#10536 = SURFACE_CURVE('',#10537,(#10541,#10548),.PCURVE_S1.);
#10537 = LINE('',#10538,#10539);
#10538 = CARTESIAN_POINT('',(-44.5,-5.052744145116,4.60015513));
#10539 = VECTOR('',#10540,1.);
#10540 = DIRECTION('',(0.,0.,1.));
#10541 = PCURVE('',#3968,#10542);
#10542 = DEFINITIONAL_REPRESENTATION('',(#10543),#10547);
#10543 = LINE('',#10544,#10545);
#10544 = CARTESIAN_POINT('',(0.80015513,-10.94725585488));
#10545 = VECTOR('',#10546,1.);
#10546 = DIRECTION('',(1.,0.));
#10547 = ( GEOMETRIC_REPRESENTATION_CONTEXT(2) 
PARAMETRIC_REPRESENTATION_CONTEXT() REPRESENTATION_CONTEXT('2D SPACE',''
  ) );
#10548 = PCURVE('',#9813,#10549);
#10549 = DEFINITIONAL_REPRESENTATION('',(#10550),#10554);
#10550 = LINE('',#10551,#10552);
#10551 = CARTESIAN_POINT('',(-0.80015513,5.5));
#10552 = VECTOR('',#10553,1.);
#10553 = DIRECTION('',(1.,0.));
#10554 = ( GEOMETRIC_REPRESENTATION_CONTEXT(2) 
PARAMETRIC_REPRESENTATION_CONTEXT() REPRESENTATION_CONTEXT('2D SPACE',''
  ) );
#10555 = ORIENTED_EDGE('',*,*,#10556,.F.);
#10556 = EDGE_CURVE('',#10557,#10534,#10559,.T.);
#10557 = VERTEX_POINT('',#10558);
#10558 = CARTESIAN_POINT('',(-44.5,-5.252744145116,5.40031026));
#10559 = SURFACE_CURVE('',#10560,(#10565,#10572),.PCURVE_S1.);
#10560 = CIRCLE('',#10561,0.2);
#10561 = AXIS2_PLACEMENT_3D('',#10562,#10563,#10564);
#10562 = CARTESIAN_POINT('',(-44.5,-5.252744145116,5.60031026));
#10563 = DIRECTION('',(1.,0.,0.));
#10564 = DIRECTION('',(-0.,1.,0.));
#10565 = PCURVE('',#3968,#10566);
#10566 = DEFINITIONAL_REPRESENTATION('',(#10567),#10571);
#10567 = CIRCLE('',#10568,0.2);
#10568 = AXIS2_PLACEMENT_2D('',#10569,#10570);
#10569 = CARTESIAN_POINT('',(1.80031026,-10.74725585488));
#10570 = DIRECTION('',(0.,-1.));
#10571 = ( GEOMETRIC_REPRESENTATION_CONTEXT(2) 
PARAMETRIC_REPRESENTATION_CONTEXT() REPRESENTATION_CONTEXT('2D SPACE',''
  ) );
#10572 = PCURVE('',#9842,#10573);
#10573 = DEFINITIONAL_REPRESENTATION('',(#10574),#10578);
#10574 = LINE('',#10575,#10576);
#10575 = CARTESIAN_POINT('',(-4.138911435803E-13,5.5));
#10576 = VECTOR('',#10577,1.);
#10577 = DIRECTION('',(1.,-0.));
#10578 = ( GEOMETRIC_REPRESENTATION_CONTEXT(2) 
PARAMETRIC_REPRESENTATION_CONTEXT() REPRESENTATION_CONTEXT('2D SPACE',''
  ) );
#10579 = ORIENTED_EDGE('',*,*,#10580,.T.);
#10580 = EDGE_CURVE('',#10557,#10581,#10583,.T.);
#10581 = VERTEX_POINT('',#10582);
#10582 = CARTESIAN_POINT('',(-44.5,-9.352744145116,5.40031026));
#10583 = SURFACE_CURVE('',#10584,(#10588,#10595),.PCURVE_S1.);
#10584 = LINE('',#10585,#10586);
#10585 = CARTESIAN_POINT('',(-44.5,-11.52637207255,5.40031026));
#10586 = VECTOR('',#10587,1.);
#10587 = DIRECTION('',(0.,-1.,0.));
#10588 = PCURVE('',#3968,#10589);
#10589 = DEFINITIONAL_REPRESENTATION('',(#10590),#10594);
#10590 = LINE('',#10591,#10592);
#10591 = CARTESIAN_POINT('',(1.60031026,-4.47362792745));
#10592 = VECTOR('',#10593,1.);
#10593 = DIRECTION('',(0.,1.));
#10594 = ( GEOMETRIC_REPRESENTATION_CONTEXT(2) 
PARAMETRIC_REPRESENTATION_CONTEXT() REPRESENTATION_CONTEXT('2D SPACE',''
  ) );
#10595 = PCURVE('',#9870,#10596);
#10596 = DEFINITIONAL_REPRESENTATION('',(#10597),#10601);
#10597 = LINE('',#10598,#10599);
#10598 = CARTESIAN_POINT('',(5.5,-1.973627927434));
#10599 = VECTOR('',#10600,1.);
#10600 = DIRECTION('',(0.,-1.));
#10601 = ( GEOMETRIC_REPRESENTATION_CONTEXT(2) 
PARAMETRIC_REPRESENTATION_CONTEXT() REPRESENTATION_CONTEXT('2D SPACE',''
  ) );
#10602 = ORIENTED_EDGE('',*,*,#10603,.F.);
#10603 = EDGE_CURVE('',#10604,#10581,#10606,.T.);
#10604 = VERTEX_POINT('',#10605);
#10605 = CARTESIAN_POINT('',(-44.5,-9.552744145116,5.60031026));
#10606 = SURFACE_CURVE('',#10607,(#10612,#10619),.PCURVE_S1.);
#10607 = CIRCLE('',#10608,0.2);
#10608 = AXIS2_PLACEMENT_3D('',#10609,#10610,#10611);
#10609 = CARTESIAN_POINT('',(-44.5,-9.352744145116,5.60031026));
#10610 = DIRECTION('',(1.,0.,0.));
#10611 = DIRECTION('',(0.,-1.,0.));
#10612 = PCURVE('',#3968,#10613);
#10613 = DEFINITIONAL_REPRESENTATION('',(#10614),#10618);
#10614 = CIRCLE('',#10615,0.2);
#10615 = AXIS2_PLACEMENT_2D('',#10616,#10617);
#10616 = CARTESIAN_POINT('',(1.80031026,-6.647255854884));
#10617 = DIRECTION('',(0.,1.));
#10618 = ( GEOMETRIC_REPRESENTATION_CONTEXT(2) 
PARAMETRIC_REPRESENTATION_CONTEXT() REPRESENTATION_CONTEXT('2D SPACE',''
  ) );
#10619 = PCURVE('',#9899,#10620);
#10620 = DEFINITIONAL_REPRESENTATION('',(#10621),#10625);
#10621 = LINE('',#10622,#10623);
#10622 = CARTESIAN_POINT('',(0.,5.5));
#10623 = VECTOR('',#10624,1.);
#10624 = DIRECTION('',(1.,0.));
#10625 = ( GEOMETRIC_REPRESENTATION_CONTEXT(2) 
PARAMETRIC_REPRESENTATION_CONTEXT() REPRESENTATION_CONTEXT('2D SPACE',''
  ) );
#10626 = ORIENTED_EDGE('',*,*,#10627,.T.);
#10627 = EDGE_CURVE('',#10604,#10628,#10630,.T.);
#10628 = VERTEX_POINT('',#10629);
#10629 = CARTESIAN_POINT('',(-44.5,-9.552744145116,6.65));
#10630 = SURFACE_CURVE('',#10631,(#10635,#10642),.PCURVE_S1.);
#10631 = LINE('',#10632,#10633);
#10632 = CARTESIAN_POINT('',(-44.5,-9.552744145116,4.60015513));
#10633 = VECTOR('',#10634,1.);
#10634 = DIRECTION('',(0.,0.,1.));
#10635 = PCURVE('',#3968,#10636);
#10636 = DEFINITIONAL_REPRESENTATION('',(#10637),#10641);
#10637 = LINE('',#10638,#10639);
#10638 = CARTESIAN_POINT('',(0.80015513,-6.447255854884));
#10639 = VECTOR('',#10640,1.);
#10640 = DIRECTION('',(1.,0.));
#10641 = ( GEOMETRIC_REPRESENTATION_CONTEXT(2) 
PARAMETRIC_REPRESENTATION_CONTEXT() REPRESENTATION_CONTEXT('2D SPACE',''
  ) );
#10642 = PCURVE('',#9927,#10643);
#10643 = DEFINITIONAL_REPRESENTATION('',(#10644),#10648);
#10644 = LINE('',#10645,#10646);
#10645 = CARTESIAN_POINT('',(-0.80015513,5.5));
#10646 = VECTOR('',#10647,1.);
#10647 = DIRECTION('',(1.,0.));
#10648 = ( GEOMETRIC_REPRESENTATION_CONTEXT(2) 
PARAMETRIC_REPRESENTATION_CONTEXT() REPRESENTATION_CONTEXT('2D SPACE',''
  ) );
#10649 = ORIENTED_EDGE('',*,*,#10650,.F.);
#10650 = EDGE_CURVE('',#4260,#10628,#10651,.T.);
#10651 = SURFACE_CURVE('',#10652,(#10656,#10663),.PCURVE_S1.);
#10652 = LINE('',#10653,#10654);
#10653 = CARTESIAN_POINT('',(-44.5,-16.,6.65));
#10654 = VECTOR('',#10655,1.);
#10655 = DIRECTION('',(0.,1.,1.377606907018E-16));
#10656 = PCURVE('',#3968,#10657);
#10657 = DEFINITIONAL_REPRESENTATION('',(#10658),#10662);
#10658 = LINE('',#10659,#10660);
#10659 = CARTESIAN_POINT('',(2.85,0.));
#10660 = VECTOR('',#10661,1.);
#10661 = DIRECTION('',(1.377606907018E-16,-1.));
#10662 = ( GEOMETRIC_REPRESENTATION_CONTEXT(2) 
PARAMETRIC_REPRESENTATION_CONTEXT() REPRESENTATION_CONTEXT('2D SPACE',''
  ) );
#10663 = PCURVE('',#4297,#10664);
#10664 = DEFINITIONAL_REPRESENTATION('',(#10665),#10669);
#10665 = LINE('',#10666,#10667);
#10666 = CARTESIAN_POINT('',(30.5,59.));
#10667 = VECTOR('',#10668,1.);
#10668 = DIRECTION('',(0.,1.));
#10669 = ( GEOMETRIC_REPRESENTATION_CONTEXT(2) 
PARAMETRIC_REPRESENTATION_CONTEXT() REPRESENTATION_CONTEXT('2D SPACE',''
  ) );
#10670 = ORIENTED_EDGE('',*,*,#4259,.F.);
#10671 = ORIENTED_EDGE('',*,*,#4186,.T.);
#10672 = ORIENTED_EDGE('',*,*,#4114,.T.);
#10673 = ORIENTED_EDGE('',*,*,#4061,.F.);
#10674 = ORIENTED_EDGE('',*,*,#3952,.T.);
#10675 = ADVANCED_FACE('',(#10676),#4348,.T.);
#10676 = FACE_BOUND('',#10677,.T.);
#10677 = EDGE_LOOP('',(#10678,#10679,#10701,#10723));
#10678 = ORIENTED_EDGE('',*,*,#9988,.F.);
#10679 = ORIENTED_EDGE('',*,*,#10680,.T.);
#10680 = EDGE_CURVE('',#9963,#10681,#10683,.T.);
#10681 = VERTEX_POINT('',#10682);
#10682 = CARTESIAN_POINT('',(-39.76493430146,-15.,6.25));
#10683 = SURFACE_CURVE('',#10684,(#10688,#10694),.PCURVE_S1.);
#10684 = LINE('',#10685,#10686);
#10685 = CARTESIAN_POINT('',(-28.25,-15.,6.25));
#10686 = VECTOR('',#10687,1.);
#10687 = DIRECTION('',(-1.,0.,0.));
#10688 = PCURVE('',#4348,#10689);
#10689 = DEFINITIONAL_REPRESENTATION('',(#10690),#10693);
#10690 = B_SPLINE_CURVE_WITH_KNOTS('',1,(#10691,#10692),.UNSPECIFIED.,
  .F.,.F.,(2,2),(-0.75,14.25),.PIECEWISE_BEZIER_KNOTS.);
#10691 = CARTESIAN_POINT('',(-27.5,-15.));
#10692 = CARTESIAN_POINT('',(-42.5,-15.));
#10693 = ( GEOMETRIC_REPRESENTATION_CONTEXT(2) 
PARAMETRIC_REPRESENTATION_CONTEXT() REPRESENTATION_CONTEXT('2D SPACE',''
  ) );
#10694 = PCURVE('',#9977,#10695);
#10695 = DEFINITIONAL_REPRESENTATION('',(#10696),#10700);
#10696 = LINE('',#10697,#10698);
#10697 = CARTESIAN_POINT('',(2.05,28.25));
#10698 = VECTOR('',#10699,1.);
#10699 = DIRECTION('',(0.,-1.));
#10700 = ( GEOMETRIC_REPRESENTATION_CONTEXT(2) 
PARAMETRIC_REPRESENTATION_CONTEXT() REPRESENTATION_CONTEXT('2D SPACE',''
  ) );
#10701 = ORIENTED_EDGE('',*,*,#10702,.T.);
#10702 = EDGE_CURVE('',#10681,#4310,#10703,.T.);
#10703 = SURFACE_CURVE('',#10704,(#10709,#10716),.PCURVE_S1.);
#10704 = CIRCLE('',#10705,42.5);
#10705 = AXIS2_PLACEMENT_3D('',#10706,#10707,#10708);
#10706 = CARTESIAN_POINT('',(0.,0.,6.25));
#10707 = DIRECTION('',(0.,-0.,1.));
#10708 = DIRECTION('',(0.276012186051,0.961154136001,0.));
#10709 = PCURVE('',#4348,#10710);
#10710 = DEFINITIONAL_REPRESENTATION('',(#10711),#10715);
#10711 = CIRCLE('',#10712,42.5);
#10712 = AXIS2_PLACEMENT_2D('',#10713,#10714);
#10713 = CARTESIAN_POINT('',(4.118407928589E-15,-3.242876655026E-16));
#10714 = DIRECTION('',(0.276012186051,0.961154136001));
#10715 = ( GEOMETRIC_REPRESENTATION_CONTEXT(2) 
PARAMETRIC_REPRESENTATION_CONTEXT() REPRESENTATION_CONTEXT('2D SPACE',''
  ) );
#10716 = PCURVE('',#4324,#10717);
#10717 = DEFINITIONAL_REPRESENTATION('',(#10718),#10722);
#10718 = LINE('',#10719,#10720);
#10719 = CARTESIAN_POINT('',(-1.291153688982,0.));
#10720 = VECTOR('',#10721,1.);
#10721 = DIRECTION('',(-1.,0.));
#10722 = ( GEOMETRIC_REPRESENTATION_CONTEXT(2) 
PARAMETRIC_REPRESENTATION_CONTEXT() REPRESENTATION_CONTEXT('2D SPACE',''
  ) );
#10723 = ORIENTED_EDGE('',*,*,#4335,.T.);
#10724 = ADVANCED_FACE('',(#10725),#4324,.F.);
#10725 = FACE_BOUND('',#10726,.T.);
#10726 = EDGE_LOOP('',(#10727,#10728,#10729,#10752));
#10727 = ORIENTED_EDGE('',*,*,#4309,.T.);
#10728 = ORIENTED_EDGE('',*,*,#10702,.F.);
#10729 = ORIENTED_EDGE('',*,*,#10730,.F.);
#10730 = EDGE_CURVE('',#10731,#10681,#10733,.T.);
#10731 = VERTEX_POINT('',#10732);
#10732 = CARTESIAN_POINT('',(-39.76493430146,-15.,6.65));
#10733 = SURFACE_CURVE('',#10734,(#10738,#10745),.PCURVE_S1.);
#10734 = LINE('',#10735,#10736);
#10735 = CARTESIAN_POINT('',(-39.76493430146,-15.,14.6));
#10736 = VECTOR('',#10737,1.);
#10737 = DIRECTION('',(0.,-1.06368673018E-15,-1.));
#10738 = PCURVE('',#4324,#10739);
#10739 = DEFINITIONAL_REPRESENTATION('',(#10740),#10744);
#10740 = LINE('',#10741,#10742);
#10741 = CARTESIAN_POINT('',(-3.502305373953,-8.35));
#10742 = VECTOR('',#10743,1.);
#10743 = DIRECTION('',(-0.,1.));
#10744 = ( GEOMETRIC_REPRESENTATION_CONTEXT(2) 
PARAMETRIC_REPRESENTATION_CONTEXT() REPRESENTATION_CONTEXT('2D SPACE',''
  ) );
#10745 = PCURVE('',#9977,#10746);
#10746 = DEFINITIONAL_REPRESENTATION('',(#10747),#10751);
#10747 = LINE('',#10748,#10749);
#10748 = CARTESIAN_POINT('',(10.4,16.735065698533));
#10749 = VECTOR('',#10750,1.);
#10750 = DIRECTION('',(-1.,0.));
#10751 = ( GEOMETRIC_REPRESENTATION_CONTEXT(2) 
PARAMETRIC_REPRESENTATION_CONTEXT() REPRESENTATION_CONTEXT('2D SPACE',''
  ) );
#10752 = ORIENTED_EDGE('',*,*,#10753,.F.);
#10753 = EDGE_CURVE('',#4283,#10731,#10754,.T.);
#10754 = SURFACE_CURVE('',#10755,(#10760,#10767),.PCURVE_S1.);
#10755 = CIRCLE('',#10756,42.5);
#10756 = AXIS2_PLACEMENT_3D('',#10757,#10758,#10759);
#10757 = CARTESIAN_POINT('',(0.,0.,6.65));
#10758 = DIRECTION('',(0.,0.,-1.));
#10759 = DIRECTION('',(1.,0.,0.));
#10760 = PCURVE('',#4324,#10761);
#10761 = DEFINITIONAL_REPRESENTATION('',(#10762),#10766);
#10762 = LINE('',#10763,#10764);
#10763 = CARTESIAN_POINT('',(-6.28318530718,-0.4));
#10764 = VECTOR('',#10765,1.);
#10765 = DIRECTION('',(1.,-0.));
#10766 = ( GEOMETRIC_REPRESENTATION_CONTEXT(2) 
PARAMETRIC_REPRESENTATION_CONTEXT() REPRESENTATION_CONTEXT('2D SPACE',''
  ) );
#10767 = PCURVE('',#4297,#10768);
#10768 = DEFINITIONAL_REPRESENTATION('',(#10769),#10777);
#10769 = ( BOUNDED_CURVE() B_SPLINE_CURVE(2,(#10770,#10771,#10772,#10773
    ,#10774,#10775,#10776),.UNSPECIFIED.,.T.,.F.) 
B_SPLINE_CURVE_WITH_KNOTS((1,2,2,2,2,1),(-2.094395102393,0.,
    2.094395102393,4.188790204786,6.28318530718,8.377580409573),
.UNSPECIFIED.) CURVE() GEOMETRIC_REPRESENTATION_ITEM() 
RATIONAL_B_SPLINE_CURVE((1.,0.5,1.,0.5,1.,0.5,1.)) REPRESENTATION_ITEM(
  '') );
#10770 = CARTESIAN_POINT('',(117.5,75.));
#10771 = CARTESIAN_POINT('',(117.5,1.387840678323));
#10772 = CARTESIAN_POINT('',(53.75,38.193920339161));
#10773 = CARTESIAN_POINT('',(-10.,75.));
#10774 = CARTESIAN_POINT('',(53.75,111.80607966083));
#10775 = CARTESIAN_POINT('',(117.5,148.61215932167));
#10776 = CARTESIAN_POINT('',(117.5,75.));
#10777 = ( GEOMETRIC_REPRESENTATION_CONTEXT(2) 
PARAMETRIC_REPRESENTATION_CONTEXT() REPRESENTATION_CONTEXT('2D SPACE',''
  ) );
#10778 = ADVANCED_FACE('',(#10779),#4297,.T.);
#10779 = FACE_BOUND('',#10780,.T.);
#10780 = EDGE_LOOP('',(#10781,#10782,#10803,#10804,#10805,#10806));
#10781 = ORIENTED_EDGE('',*,*,#9939,.F.);
#10782 = ORIENTED_EDGE('',*,*,#10783,.F.);
#10783 = EDGE_CURVE('',#10628,#9912,#10784,.T.);
#10784 = SURFACE_CURVE('',#10785,(#10789,#10796),.PCURVE_S1.);
#10785 = LINE('',#10786,#10787);
#10786 = CARTESIAN_POINT('',(-62.5,-9.552744145116,6.65));
#10787 = VECTOR('',#10788,1.);
#10788 = DIRECTION('',(1.,0.,0.));
#10789 = PCURVE('',#4297,#10790);
#10790 = DEFINITIONAL_REPRESENTATION('',(#10791),#10795);
#10791 = LINE('',#10792,#10793);
#10792 = CARTESIAN_POINT('',(12.5,65.447255854884));
#10793 = VECTOR('',#10794,1.);
#10794 = DIRECTION('',(1.,0.));
#10795 = ( GEOMETRIC_REPRESENTATION_CONTEXT(2) 
PARAMETRIC_REPRESENTATION_CONTEXT() REPRESENTATION_CONTEXT('2D SPACE',''
  ) );
#10796 = PCURVE('',#9927,#10797);
#10797 = DEFINITIONAL_REPRESENTATION('',(#10798),#10802);
#10798 = LINE('',#10799,#10800);
#10799 = CARTESIAN_POINT('',(1.24968974,-12.5));
#10800 = VECTOR('',#10801,1.);
#10801 = DIRECTION('',(0.,1.));
#10802 = ( GEOMETRIC_REPRESENTATION_CONTEXT(2) 
PARAMETRIC_REPRESENTATION_CONTEXT() REPRESENTATION_CONTEXT('2D SPACE',''
  ) );
#10803 = ORIENTED_EDGE('',*,*,#10650,.F.);
#10804 = ORIENTED_EDGE('',*,*,#4282,.T.);
#10805 = ORIENTED_EDGE('',*,*,#10753,.T.);
#10806 = ORIENTED_EDGE('',*,*,#10807,.T.);
#10807 = EDGE_CURVE('',#10731,#9940,#10808,.T.);
#10808 = SURFACE_CURVE('',#10809,(#10813,#10820),.PCURVE_S1.);
#10809 = LINE('',#10810,#10811);
#10810 = CARTESIAN_POINT('',(-65.75,-15.,6.65));
#10811 = VECTOR('',#10812,1.);
#10812 = DIRECTION('',(1.,0.,0.));
#10813 = PCURVE('',#4297,#10814);
#10814 = DEFINITIONAL_REPRESENTATION('',(#10815),#10819);
#10815 = LINE('',#10816,#10817);
#10816 = CARTESIAN_POINT('',(9.25,60.));
#10817 = VECTOR('',#10818,1.);
#10818 = DIRECTION('',(1.,0.));
#10819 = ( GEOMETRIC_REPRESENTATION_CONTEXT(2) 
PARAMETRIC_REPRESENTATION_CONTEXT() REPRESENTATION_CONTEXT('2D SPACE',''
  ) );
#10820 = PCURVE('',#9977,#10821);
#10821 = DEFINITIONAL_REPRESENTATION('',(#10822),#10825);
#10822 = B_SPLINE_CURVE_WITH_KNOTS('',1,(#10823,#10824),.UNSPECIFIED.,
  .F.,.F.,(2,2),(25.985065698533,27.65),.PIECEWISE_BEZIER_KNOTS.);
#10823 = CARTESIAN_POINT('',(2.45,16.735065698533));
#10824 = CARTESIAN_POINT('',(2.45,18.4));
#10825 = ( GEOMETRIC_REPRESENTATION_CONTEXT(2) 
PARAMETRIC_REPRESENTATION_CONTEXT() REPRESENTATION_CONTEXT('2D SPACE',''
  ) );
#10826 = ADVANCED_FACE('',(#10827),#4378,.T.);
#10827 = FACE_BOUND('',#10828,.T.);
#10828 = EDGE_LOOP('',(#10829,#10857,#10887,#10888));
#10829 = ORIENTED_EDGE('',*,*,#10830,.T.);
#10830 = EDGE_CURVE('',#4618,#10831,#10833,.T.);
#10831 = VERTEX_POINT('',#10832);
#10832 = CARTESIAN_POINT('',(-32.80385085557,-21.73315138319,6.));
#10833 = SURFACE_CURVE('',#10834,(#10838,#10845),.PCURVE_S1.);
#10834 = LINE('',#10835,#10836);
#10835 = CARTESIAN_POINT('',(-14.97128252623,-3.266986305416,6.));
#10836 = VECTOR('',#10837,1.);
#10837 = DIRECTION('',(0.694658370459,0.719339800339,-0.));
#10838 = PCURVE('',#4378,#10839);
#10839 = DEFINITIONAL_REPRESENTATION('',(#10840),#10844);
#10840 = LINE('',#10841,#10842);
#10841 = CARTESIAN_POINT('',(-14.97128252623,-3.266986305416));
#10842 = VECTOR('',#10843,1.);
#10843 = DIRECTION('',(0.694658370459,0.719339800339));
#10844 = ( GEOMETRIC_REPRESENTATION_CONTEXT(2) 
PARAMETRIC_REPRESENTATION_CONTEXT() REPRESENTATION_CONTEXT('2D SPACE',''
  ) );
#10845 = PCURVE('',#10846,#10851);
#10846 = PLANE('',#10847);
#10847 = AXIS2_PLACEMENT_3D('',#10848,#10849,#10850);
#10848 = CARTESIAN_POINT('',(-4.118407928589E-15,3.242876655026E-16,6.)
  );
#10849 = DIRECTION('',(0.,0.,1.));
#10850 = DIRECTION('',(1.,0.,-0.));
#10851 = DEFINITIONAL_REPRESENTATION('',(#10852),#10856);
#10852 = LINE('',#10853,#10854);
#10853 = CARTESIAN_POINT('',(-14.97128252623,-3.266986305416));
#10854 = VECTOR('',#10855,1.);
#10855 = DIRECTION('',(0.694658370459,0.719339800339));
#10856 = ( GEOMETRIC_REPRESENTATION_CONTEXT(2) 
PARAMETRIC_REPRESENTATION_CONTEXT() REPRESENTATION_CONTEXT('2D SPACE',''
  ) );
#10857 = ORIENTED_EDGE('',*,*,#10858,.T.);
#10858 = EDGE_CURVE('',#10831,#4363,#10859,.T.);
#10859 = SURFACE_CURVE('',#10860,(#10865,#10876),.PCURVE_S1.);
#10860 = CIRCLE('',#10861,39.35);
#10861 = AXIS2_PLACEMENT_3D('',#10862,#10863,#10864);
#10862 = CARTESIAN_POINT('',(0.,0.,6.));
#10863 = DIRECTION('',(0.,0.,-1.));
#10864 = DIRECTION('',(0.40212044906,0.915586776034,0.));
#10865 = PCURVE('',#4378,#10866);
#10866 = DEFINITIONAL_REPRESENTATION('',(#10867),#10875);
#10867 = ( BOUNDED_CURVE() B_SPLINE_CURVE(2,(#10868,#10869,#10870,#10871
    ,#10872,#10873,#10874),.UNSPECIFIED.,.T.,.F.) 
B_SPLINE_CURVE_WITH_KNOTS((1,2,2,2,2,1),(-2.094395102393,0.,
    2.094395102393,4.188790204786,6.28318530718,8.377580409573),
.UNSPECIFIED.) CURVE() GEOMETRIC_REPRESENTATION_ITEM() 
RATIONAL_B_SPLINE_CURVE((1.,0.5,1.,0.5,1.,0.5,1.)) REPRESENTATION_ITEM(
  '') );
#10868 = CARTESIAN_POINT('',(15.823439670507,36.028339636928));
#10869 = CARTESIAN_POINT('',(78.226354434014,8.62133817711));
#10870 = CARTESIAN_POINT('',(23.2897375465,-31.71767054837));
#10871 = CARTESIAN_POINT('',(-31.64687934101,-72.05667927385));
#10872 = CARTESIAN_POINT('',(-39.113177217,-4.310669088555));
#10873 = CARTESIAN_POINT('',(-46.579475093,63.435341096746));
#10874 = CARTESIAN_POINT('',(15.823439670507,36.028339636928));
#10875 = ( GEOMETRIC_REPRESENTATION_CONTEXT(2) 
PARAMETRIC_REPRESENTATION_CONTEXT() REPRESENTATION_CONTEXT('2D SPACE',''
  ) );
#10876 = PCURVE('',#10846,#10877);
#10877 = DEFINITIONAL_REPRESENTATION('',(#10878),#10886);
#10878 = ( BOUNDED_CURVE() B_SPLINE_CURVE(2,(#10879,#10880,#10881,#10882
    ,#10883,#10884,#10885),.UNSPECIFIED.,.T.,.F.) 
B_SPLINE_CURVE_WITH_KNOTS((1,2,2,2,2,1),(-2.094395102393,0.,
    2.094395102393,4.188790204786,6.28318530718,8.377580409573),
.UNSPECIFIED.) CURVE() GEOMETRIC_REPRESENTATION_ITEM() 
RATIONAL_B_SPLINE_CURVE((1.,0.5,1.,0.5,1.,0.5,1.)) REPRESENTATION_ITEM(
  '') );
#10879 = CARTESIAN_POINT('',(15.823439670507,36.028339636928));
#10880 = CARTESIAN_POINT('',(78.226354434014,8.62133817711));
#10881 = CARTESIAN_POINT('',(23.2897375465,-31.71767054837));
#10882 = CARTESIAN_POINT('',(-31.64687934101,-72.05667927385));
#10883 = CARTESIAN_POINT('',(-39.113177217,-4.310669088555));
#10884 = CARTESIAN_POINT('',(-46.579475093,63.435341096746));
#10885 = CARTESIAN_POINT('',(15.823439670507,36.028339636928));
#10886 = ( GEOMETRIC_REPRESENTATION_CONTEXT(2) 
PARAMETRIC_REPRESENTATION_CONTEXT() REPRESENTATION_CONTEXT('2D SPACE',''
  ) );
#10887 = ORIENTED_EDGE('',*,*,#4362,.F.);
#10888 = ORIENTED_EDGE('',*,*,#4639,.T.);
#10889 = ADVANCED_FACE('',(#10890),#4434,.T.);
#10890 = FACE_BOUND('',#10891,.T.);
#10891 = EDGE_LOOP('',(#10892,#10893,#10894,#10915));
#10892 = ORIENTED_EDGE('',*,*,#4418,.F.);
#10893 = ORIENTED_EDGE('',*,*,#9206,.T.);
#10894 = ORIENTED_EDGE('',*,*,#10895,.F.);
#10895 = EDGE_CURVE('',#10010,#9207,#10896,.T.);
#10896 = SURFACE_CURVE('',#10897,(#10901,#10908),.PCURVE_S1.);
#10897 = LINE('',#10898,#10899);
#10898 = CARTESIAN_POINT('',(-56.5,-15.,5.8));
#10899 = VECTOR('',#10900,1.);
#10900 = DIRECTION('',(1.,0.,0.));
#10901 = PCURVE('',#4434,#10902);
#10902 = DEFINITIONAL_REPRESENTATION('',(#10903),#10907);
#10903 = LINE('',#10904,#10905);
#10904 = CARTESIAN_POINT('',(1.6,0.));
#10905 = VECTOR('',#10906,1.);
#10906 = DIRECTION('',(0.,1.));
#10907 = ( GEOMETRIC_REPRESENTATION_CONTEXT(2) 
PARAMETRIC_REPRESENTATION_CONTEXT() REPRESENTATION_CONTEXT('2D SPACE',''
  ) );
#10908 = PCURVE('',#9272,#10909);
#10909 = DEFINITIONAL_REPRESENTATION('',(#10910),#10914);
#10910 = LINE('',#10911,#10912);
#10911 = CARTESIAN_POINT('',(0.,0.));
#10912 = VECTOR('',#10913,1.);
#10913 = DIRECTION('',(0.,1.));
#10914 = ( GEOMETRIC_REPRESENTATION_CONTEXT(2) 
PARAMETRIC_REPRESENTATION_CONTEXT() REPRESENTATION_CONTEXT('2D SPACE',''
  ) );
#10915 = ORIENTED_EDGE('',*,*,#10009,.F.);
#10916 = ADVANCED_FACE('',(#10917),#4566,.T.);
#10917 = FACE_BOUND('',#10918,.F.);
#10918 = EDGE_LOOP('',(#10919,#10920,#10944,#10963,#10964));
#10919 = ORIENTED_EDGE('',*,*,#4617,.F.);
#10920 = ORIENTED_EDGE('',*,*,#10921,.T.);
#10921 = EDGE_CURVE('',#4618,#10922,#10924,.T.);
#10922 = VERTEX_POINT('',#10923);
#10923 = CARTESIAN_POINT('',(-34.87685899754,-24.28692459875,6.));
#10924 = SURFACE_CURVE('',#10925,(#10930,#10937),.PCURVE_S1.);
#10925 = CIRCLE('',#10926,42.5);
#10926 = AXIS2_PLACEMENT_3D('',#10927,#10928,#10929);
#10927 = CARTESIAN_POINT('',(0.,0.,6.));
#10928 = DIRECTION('',(0.,0.,1.));
#10929 = DIRECTION('',(1.,0.,0.));
#10930 = PCURVE('',#4566,#10931);
#10931 = DEFINITIONAL_REPRESENTATION('',(#10932),#10936);
#10932 = LINE('',#10933,#10934);
#10933 = CARTESIAN_POINT('',(-0.,-4.95));
#10934 = VECTOR('',#10935,1.);
#10935 = DIRECTION('',(-1.,0.));
#10936 = ( GEOMETRIC_REPRESENTATION_CONTEXT(2) 
PARAMETRIC_REPRESENTATION_CONTEXT() REPRESENTATION_CONTEXT('2D SPACE',''
  ) );
#10937 = PCURVE('',#10846,#10938);
#10938 = DEFINITIONAL_REPRESENTATION('',(#10939),#10943);
#10939 = CIRCLE('',#10940,42.5);
#10940 = AXIS2_PLACEMENT_2D('',#10941,#10942);
#10941 = CARTESIAN_POINT('',(4.118407928589E-15,-3.242876655026E-16));
#10942 = DIRECTION('',(1.,0.));
#10943 = ( GEOMETRIC_REPRESENTATION_CONTEXT(2) 
PARAMETRIC_REPRESENTATION_CONTEXT() REPRESENTATION_CONTEXT('2D SPACE',''
  ) );
#10944 = ORIENTED_EDGE('',*,*,#10945,.T.);
#10945 = EDGE_CURVE('',#10922,#4668,#10946,.T.);
#10946 = SURFACE_CURVE('',#10947,(#10951,#10957),.PCURVE_S1.);
#10947 = LINE('',#10948,#10949);
#10948 = CARTESIAN_POINT('',(-34.87685899754,-24.28692459875,1.05));
#10949 = VECTOR('',#10950,1.);
#10950 = DIRECTION('',(-0.,-0.,-1.));
#10951 = PCURVE('',#4566,#10952);
#10952 = DEFINITIONAL_REPRESENTATION('',(#10953),#10956);
#10953 = B_SPLINE_CURVE_WITH_KNOTS('',1,(#10954,#10955),.UNSPECIFIED.,
  .F.,.F.,(2,2),(-4.9500006,-3.439521702273),.PIECEWISE_BEZIER_KNOTS.);
#10954 = CARTESIAN_POINT('',(-3.749872934547,-4.9500006));
#10955 = CARTESIAN_POINT('',(-3.749872934547,-3.439521702273));
#10956 = ( GEOMETRIC_REPRESENTATION_CONTEXT(2) 
PARAMETRIC_REPRESENTATION_CONTEXT() REPRESENTATION_CONTEXT('2D SPACE',''
  ) );
#10957 = PCURVE('',#4683,#10958);
#10958 = DEFINITIONAL_REPRESENTATION('',(#10959),#10962);
#10959 = B_SPLINE_CURVE_WITH_KNOTS('',1,(#10960,#10961),.UNSPECIFIED.,
  .F.,.F.,(2,2),(-4.9500006,-3.439521702273),.PIECEWISE_BEZIER_KNOTS.);
#10960 = CARTESIAN_POINT('',(2.030478897727,5.352226617556));
#10961 = CARTESIAN_POINT('',(0.52,5.352226617556));
#10962 = ( GEOMETRIC_REPRESENTATION_CONTEXT(2) 
PARAMETRIC_REPRESENTATION_CONTEXT() REPRESENTATION_CONTEXT('2D SPACE',''
  ) );
#10963 = ORIENTED_EDGE('',*,*,#4863,.T.);
#10964 = ORIENTED_EDGE('',*,*,#4522,.F.);
#10965 = ADVANCED_FACE('',(#10966),#4683,.T.);
#10966 = FACE_BOUND('',#10967,.T.);
#10967 = EDGE_LOOP('',(#10968,#10969,#10970,#10991));
#10968 = ORIENTED_EDGE('',*,*,#10945,.T.);
#10969 = ORIENTED_EDGE('',*,*,#4665,.F.);
#10970 = ORIENTED_EDGE('',*,*,#10971,.F.);
#10971 = EDGE_CURVE('',#10972,#4666,#10974,.T.);
#10972 = VERTEX_POINT('',#10973);
#10973 = CARTESIAN_POINT('',(-32.49001194882,-22.02184423624,6.));
#10974 = SURFACE_CURVE('',#10975,(#10979,#10985),.PCURVE_S1.);
#10975 = LINE('',#10976,#10977);
#10976 = CARTESIAN_POINT('',(-32.49001194882,-22.02184423624,1.05));
#10977 = VECTOR('',#10978,1.);
#10978 = DIRECTION('',(-0.,-0.,-1.));
#10979 = PCURVE('',#4683,#10980);
#10980 = DEFINITIONAL_REPRESENTATION('',(#10981),#10984);
#10981 = B_SPLINE_CURVE_WITH_KNOTS('',1,(#10982,#10983),.UNSPECIFIED.,
  .F.,.F.,(2,2),(-4.9500006,-3.439521702273),.PIECEWISE_BEZIER_KNOTS.);
#10982 = CARTESIAN_POINT('',(2.030478897727,2.061690508863));
#10983 = CARTESIAN_POINT('',(0.52,2.061690508863));
#10984 = ( GEOMETRIC_REPRESENTATION_CONTEXT(2) 
PARAMETRIC_REPRESENTATION_CONTEXT() REPRESENTATION_CONTEXT('2D SPACE',''
  ) );
#10985 = PCURVE('',#4729,#10986);
#10986 = DEFINITIONAL_REPRESENTATION('',(#10987),#10990);
#10987 = B_SPLINE_CURVE_WITH_KNOTS('',1,(#10988,#10989),.UNSPECIFIED.,
  .F.,.F.,(2,2),(-4.9500006,-3.439521702273),.PIECEWISE_BEZIER_KNOTS.);
#10988 = CARTESIAN_POINT('',(-3.737265803063,-4.9500006));
#10989 = CARTESIAN_POINT('',(-3.737265803063,-3.439521702273));
#10990 = ( GEOMETRIC_REPRESENTATION_CONTEXT(2) 
PARAMETRIC_REPRESENTATION_CONTEXT() REPRESENTATION_CONTEXT('2D SPACE',''
  ) );
#10991 = ORIENTED_EDGE('',*,*,#10992,.F.);
#10992 = EDGE_CURVE('',#10922,#10972,#10993,.T.);
#10993 = SURFACE_CURVE('',#10994,(#10998,#11004),.PCURVE_S1.);
#10994 = LINE('',#10995,#10996);
#10995 = CARTESIAN_POINT('',(-17.69691503394,-7.983427597645,6.));
#10996 = VECTOR('',#10997,1.);
#10997 = DIRECTION('',(0.72536722585,0.688362105045,-0.));
#10998 = PCURVE('',#4683,#10999);
#10999 = DEFINITIONAL_REPRESENTATION('',(#11000),#11003);
#11000 = B_SPLINE_CURVE_WITH_KNOTS('',1,(#11001,#11002),.UNSPECIFIED.,
  .F.,.F.,(2,2),(-23.91060424964,-19.79300830675),
  .PIECEWISE_BEZIER_KNOTS.);
#11001 = CARTESIAN_POINT('',(2.030478297727,5.578353058779));
#11002 = CARTESIAN_POINT('',(2.030478297727,1.460757115891));
#11003 = ( GEOMETRIC_REPRESENTATION_CONTEXT(2) 
PARAMETRIC_REPRESENTATION_CONTEXT() REPRESENTATION_CONTEXT('2D SPACE',''
  ) );
#11004 = PCURVE('',#10846,#11005);
#11005 = DEFINITIONAL_REPRESENTATION('',(#11006),#11009);
#11006 = B_SPLINE_CURVE_WITH_KNOTS('',1,(#11007,#11008),.UNSPECIFIED.,
  .F.,.F.,(2,2),(-23.91060424964,-19.79300830675),
  .PIECEWISE_BEZIER_KNOTS.);
#11007 = CARTESIAN_POINT('',(-35.0408837069,-24.44258147184));
#11008 = CARTESIAN_POINT('',(-32.05411456064,-21.60818446086));
#11009 = ( GEOMETRIC_REPRESENTATION_CONTEXT(2) 
PARAMETRIC_REPRESENTATION_CONTEXT() REPRESENTATION_CONTEXT('2D SPACE',''
  ) );
#11010 = ADVANCED_FACE('',(#11011),#4770,.T.);
#11011 = FACE_BOUND('',#11012,.T.);
#11012 = EDGE_LOOP('',(#11013,#11036,#11099,#11100));
#11013 = ORIENTED_EDGE('',*,*,#11014,.F.);
#11014 = EDGE_CURVE('',#11015,#9117,#11017,.T.);
#11015 = VERTEX_POINT('',#11016);
#11016 = CARTESIAN_POINT('',(-32.76658151692,-21.60818446086,5.24));
#11017 = SURFACE_CURVE('',#11018,(#11022,#11029),.PCURVE_S1.);
#11018 = LINE('',#11019,#11020);
#11019 = CARTESIAN_POINT('',(-23.8713371376,-12.3968892575,5.24));
#11020 = VECTOR('',#11021,1.);
#11021 = DIRECTION('',(-0.694658370459,-0.719339800339,0.));
#11022 = PCURVE('',#4770,#11023);
#11023 = DEFINITIONAL_REPRESENTATION('',(#11024),#11028);
#11024 = LINE('',#11025,#11026);
#11025 = CARTESIAN_POINT('',(0.,0.));
#11026 = VECTOR('',#11027,1.);
#11027 = DIRECTION('',(0.,1.));
#11028 = ( GEOMETRIC_REPRESENTATION_CONTEXT(2) 
PARAMETRIC_REPRESENTATION_CONTEXT() REPRESENTATION_CONTEXT('2D SPACE',''
  ) );
#11029 = PCURVE('',#9194,#11030);
#11030 = DEFINITIONAL_REPRESENTATION('',(#11031),#11035);
#11031 = LINE('',#11032,#11033);
#11032 = CARTESIAN_POINT('',(1.1,0.));
#11033 = VECTOR('',#11034,1.);
#11034 = DIRECTION('',(0.,1.));
#11035 = ( GEOMETRIC_REPRESENTATION_CONTEXT(2) 
PARAMETRIC_REPRESENTATION_CONTEXT() REPRESENTATION_CONTEXT('2D SPACE',''
  ) );
#11036 = ORIENTED_EDGE('',*,*,#11037,.T.);
#11037 = EDGE_CURVE('',#11015,#4696,#11038,.T.);
#11038 = SURFACE_CURVE('',#11039,(#11057,#11078),.PCURVE_S1.);
#11039 = B_SPLINE_CURVE_WITH_KNOTS('',6,(#11040,#11041,#11042,#11043,
    #11044,#11045,#11046,#11047,#11048,#11049,#11050,#11051,#11052,
    #11053,#11054,#11055,#11056),.UNSPECIFIED.,.F.,.F.,(7,5,5,7),(0.,
    0.450708694035,0.621187046032,1.),.UNSPECIFIED.);
#11040 = CARTESIAN_POINT('',(-32.76658151692,-21.60818446086,5.24));
#11041 = CARTESIAN_POINT('',(-32.76658151692,-21.60818446086,
    5.121701415373));
#11042 = CARTESIAN_POINT('',(-32.7579693943,-21.62124391137,
    5.00334777664));
#11043 = CARTESIAN_POINT('',(-32.74073024086,-21.64738504694,
    4.886639629538));
#11044 = CARTESIAN_POINT('',(-32.71474528351,-21.68670428276,
    4.773349747587));
#11045 = CARTESIAN_POINT('',(-32.67984010055,-21.73929201814,
    4.665531536469));
#11046 = CARTESIAN_POINT('',(-32.61922848329,-21.83000984175,
    4.528080124312));
#11047 = CARTESIAN_POINT('',(-32.60129921622,-21.85679535473,
    4.491521970418));
#11048 = CARTESIAN_POINT('',(-32.58207867464,-21.88545005613,
    4.456294164987));
#11049 = CARTESIAN_POINT('',(-32.56157662315,-21.9159435322,
    4.422568946802));
#11050 = CARTESIAN_POINT('',(-32.53980951477,-21.94823419957,
    4.390524804889));
#11051 = CARTESIAN_POINT('',(-32.46567529171,-22.0578956642,
    4.293289736852));
#11052 = CARTESIAN_POINT('',(-32.40799187825,-22.14276749932,
    4.234884571286));
#11053 = CARTESIAN_POINT('',(-32.34454803891,-22.23549489038,
    4.188409101532));
#11054 = CARTESIAN_POINT('',(-32.27667908215,-22.33389499577,
    4.15628762617));
#11055 = CARTESIAN_POINT('',(-32.20608021183,-22.43538248198,4.14));
#11056 = CARTESIAN_POINT('',(-32.13461681791,-22.53727805138,4.14));
#11057 = PCURVE('',#4770,#11058);
#11058 = DEFINITIONAL_REPRESENTATION('',(#11059),#11077);
#11059 = B_SPLINE_CURVE_WITH_KNOTS('',6,(#11060,#11061,#11062,#11063,
    #11064,#11065,#11066,#11067,#11068,#11069,#11070,#11071,#11072,
    #11073,#11074,#11075,#11076),.UNSPECIFIED.,.F.,.F.,(7,5,5,7),(0.,
    0.450708694035,0.621187046032,1.),.UNSPECIFIED.);
#11060 = CARTESIAN_POINT('',(0.,12.805207217818));
#11061 = CARTESIAN_POINT('',(0.107544167843,12.805207217818));
#11062 = CARTESIAN_POINT('',(0.215139243908,12.808618917277));
#11063 = CARTESIAN_POINT('',(0.323472517486,12.815447954276));
#11064 = CARTESIAN_POINT('',(0.433200072205,12.825681177399));
#11065 = CARTESIAN_POINT('',(0.544993685535,12.839262450952));
#11066 = CARTESIAN_POINT('',(0.703134591151,12.862415024796));
#11067 = CARTESIAN_POINT('',(0.74694878564,12.869228194903));
#11068 = CARTESIAN_POINT('',(0.791195632427,12.87648895199));
#11069 = CARTESIAN_POINT('',(0.835896687761,12.884182201306));
#11070 = CARTESIAN_POINT('',(0.881077699272,12.892289459487));
#11071 = CARTESIAN_POINT('',(1.028300448722,12.919675356971));
#11072 = CARTESIAN_POINT('',(1.133206130458,12.940656779905));
#11073 = CARTESIAN_POINT('',(1.240465769985,12.963287488821));
#11074 = CARTESIAN_POINT('',(1.349457795073,12.986924862082));
#11075 = CARTESIAN_POINT('',(1.459715350696,13.010886753933));
#11076 = CARTESIAN_POINT('',(1.570796326795,13.034541647722));
#11077 = ( GEOMETRIC_REPRESENTATION_CONTEXT(2) 
PARAMETRIC_REPRESENTATION_CONTEXT() REPRESENTATION_CONTEXT('2D SPACE',''
  ) );
#11078 = PCURVE('',#4729,#11079);
#11079 = DEFINITIONAL_REPRESENTATION('',(#11080),#11098);
#11080 = B_SPLINE_CURVE_WITH_KNOTS('',6,(#11081,#11082,#11083,#11084,
    #11085,#11086,#11087,#11088,#11089,#11090,#11091,#11092,#11093,
    #11094,#11095,#11096,#11097),.UNSPECIFIED.,.F.,.F.,(7,5,5,7),(0.,
    0.450708694035,0.621187046032,1.),.UNSPECIFIED.);
#11081 = CARTESIAN_POINT('',(-3.724588027136,-4.19));
#11082 = CARTESIAN_POINT('',(-3.724588027136,-4.071701415373));
#11083 = CARTESIAN_POINT('',(-3.724986586683,-3.95334777664));
#11084 = CARTESIAN_POINT('',(-3.725784387754,-3.836639629538));
#11085 = CARTESIAN_POINT('',(-3.726985147106,-3.723349747587));
#11086 = CARTESIAN_POINT('',(-3.728593233496,-3.615531536469));
#11087 = CARTESIAN_POINT('',(-3.731372930923,-3.478080124312));
#11088 = CARTESIAN_POINT('',(-3.732194136181,-3.441521970418));
#11089 = CARTESIAN_POINT('',(-3.733073216527,-3.406294164987));
#11090 = CARTESIAN_POINT('',(-3.734009390872,-3.372568946802));
#11091 = CARTESIAN_POINT('',(-3.735001547721,-3.340524804889));
#11092 = CARTESIAN_POINT('',(-3.738374003211,-3.243289736852));
#11093 = CARTESIAN_POINT('',(-3.740988485262,-3.184884571286));
#11094 = CARTESIAN_POINT('',(-3.743850993007,-3.138409101532));
#11095 = CARTESIAN_POINT('',(-3.746896451422,-3.10628762617));
#11096 = CARTESIAN_POINT('',(-3.750046189234,-3.09));
#11097 = CARTESIAN_POINT('',(-3.753217086525,-3.09));
#11098 = ( GEOMETRIC_REPRESENTATION_CONTEXT(2) 
PARAMETRIC_REPRESENTATION_CONTEXT() REPRESENTATION_CONTEXT('2D SPACE',''
  ) );
#11099 = ORIENTED_EDGE('',*,*,#4750,.F.);
#11100 = ORIENTED_EDGE('',*,*,#9116,.F.);
#11101 = ADVANCED_FACE('',(#11102),#4729,.F.);
#11102 = FACE_BOUND('',#11103,.T.);
#11103 = EDGE_LOOP('',(#11104,#11125,#11147,#11148,#11149));
#11104 = ORIENTED_EDGE('',*,*,#11105,.F.);
#11105 = EDGE_CURVE('',#11106,#11015,#11108,.T.);
#11106 = VERTEX_POINT('',#11107);
#11107 = CARTESIAN_POINT('',(-32.76658151692,-21.60818446086,6.));
#11108 = SURFACE_CURVE('',#11109,(#11113,#11119),.PCURVE_S1.);
#11109 = LINE('',#11110,#11111);
#11110 = CARTESIAN_POINT('',(-32.76658151692,-21.60818446086,1.05));
#11111 = VECTOR('',#11112,1.);
#11112 = DIRECTION('',(-0.,-0.,-1.));
#11113 = PCURVE('',#4729,#11114);
#11114 = DEFINITIONAL_REPRESENTATION('',(#11115),#11118);
#11115 = B_SPLINE_CURVE_WITH_KNOTS('',1,(#11116,#11117),.UNSPECIFIED.,
  .F.,.F.,(2,2),(-4.9500006,-3.478),.PIECEWISE_BEZIER_KNOTS.);
#11116 = CARTESIAN_POINT('',(-3.724588027136,-4.9500006));
#11117 = CARTESIAN_POINT('',(-3.724588027136,-3.478));
#11118 = ( GEOMETRIC_REPRESENTATION_CONTEXT(2) 
PARAMETRIC_REPRESENTATION_CONTEXT() REPRESENTATION_CONTEXT('2D SPACE',''
  ) );
#11119 = PCURVE('',#9194,#11120);
#11120 = DEFINITIONAL_REPRESENTATION('',(#11121),#11124);
#11121 = B_SPLINE_CURVE_WITH_KNOTS('',1,(#11122,#11123),.UNSPECIFIED.,
  .F.,.F.,(2,2),(-4.9500006,-3.478),.PIECEWISE_BEZIER_KNOTS.);
#11122 = CARTESIAN_POINT('',(1.8600006,12.805207217818));
#11123 = CARTESIAN_POINT('',(0.388,12.805207217818));
#11124 = ( GEOMETRIC_REPRESENTATION_CONTEXT(2) 
PARAMETRIC_REPRESENTATION_CONTEXT() REPRESENTATION_CONTEXT('2D SPACE',''
  ) );
#11125 = ORIENTED_EDGE('',*,*,#11126,.T.);
#11126 = EDGE_CURVE('',#11106,#10972,#11127,.T.);
#11127 = SURFACE_CURVE('',#11128,(#11133,#11140),.PCURVE_S1.);
#11128 = CIRCLE('',#11129,39.25);
#11129 = AXIS2_PLACEMENT_3D('',#11130,#11131,#11132);
#11130 = CARTESIAN_POINT('',(2.025146430259E-13,-1.910692005867E-15,6.)
  );
#11131 = DIRECTION('',(0.,0.,1.));
#11132 = DIRECTION('',(1.,0.,0.));
#11133 = PCURVE('',#4729,#11134);
#11134 = DEFINITIONAL_REPRESENTATION('',(#11135),#11139);
#11135 = LINE('',#11136,#11137);
#11136 = CARTESIAN_POINT('',(-0.,-4.95));
#11137 = VECTOR('',#11138,1.);
#11138 = DIRECTION('',(-1.,0.));
#11139 = ( GEOMETRIC_REPRESENTATION_CONTEXT(2) 
PARAMETRIC_REPRESENTATION_CONTEXT() REPRESENTATION_CONTEXT('2D SPACE',''
  ) );
#11140 = PCURVE('',#10846,#11141);
#11141 = DEFINITIONAL_REPRESENTATION('',(#11142),#11146);
#11142 = CIRCLE('',#11143,39.25);
#11143 = AXIS2_PLACEMENT_2D('',#11144,#11145);
#11144 = CARTESIAN_POINT('',(2.066330509545E-13,-2.23497967137E-15));
#11145 = DIRECTION('',(1.,0.));
#11146 = ( GEOMETRIC_REPRESENTATION_CONTEXT(2) 
PARAMETRIC_REPRESENTATION_CONTEXT() REPRESENTATION_CONTEXT('2D SPACE',''
  ) );
#11147 = ORIENTED_EDGE('',*,*,#10971,.T.);
#11148 = ORIENTED_EDGE('',*,*,#4695,.T.);
#11149 = ORIENTED_EDGE('',*,*,#11037,.F.);
#11150 = ADVANCED_FACE('',(#11151),#4974,.F.);
#11151 = FACE_BOUND('',#11152,.F.);
#11152 = EDGE_LOOP('',(#11153,#11174,#11175,#11196));
#11153 = ORIENTED_EDGE('',*,*,#11154,.T.);
#11154 = EDGE_CURVE('',#11155,#4959,#11157,.T.);
#11155 = VERTEX_POINT('',#11156);
#11156 = CARTESIAN_POINT('',(-26.06382834117,-33.56973119049,6.));
#11157 = SURFACE_CURVE('',#11158,(#11162,#11168),.PCURVE_S1.);
#11158 = LINE('',#11159,#11160);
#11159 = CARTESIAN_POINT('',(-26.06382834117,-33.56973119049,1.05));
#11160 = VECTOR('',#11161,1.);
#11161 = DIRECTION('',(-0.,-0.,-1.));
#11162 = PCURVE('',#4974,#11163);
#11163 = DEFINITIONAL_REPRESENTATION('',(#11164),#11167);
#11164 = B_SPLINE_CURVE_WITH_KNOTS('',1,(#11165,#11166),.UNSPECIFIED.,
  .F.,.F.,(2,2),(-4.9500006,-3.439521702273),.PIECEWISE_BEZIER_KNOTS.);
#11165 = CARTESIAN_POINT('',(2.030478897727,5.349475305233));
#11166 = CARTESIAN_POINT('',(0.52,5.349475305233));
#11167 = ( GEOMETRIC_REPRESENTATION_CONTEXT(2) 
PARAMETRIC_REPRESENTATION_CONTEXT() REPRESENTATION_CONTEXT('2D SPACE',''
  ) );
#11168 = PCURVE('',#5197,#11169);
#11169 = DEFINITIONAL_REPRESENTATION('',(#11170),#11173);
#11170 = B_SPLINE_CURVE_WITH_KNOTS('',1,(#11171,#11172),.UNSPECIFIED.,
  .F.,.F.,(2,2),(-4.9500006,-3.439521702273),.PIECEWISE_BEZIER_KNOTS.);
#11171 = CARTESIAN_POINT('',(-4.052199474419,-4.9500006));
#11172 = CARTESIAN_POINT('',(-4.052199474419,-3.439521702273));
#11173 = ( GEOMETRIC_REPRESENTATION_CONTEXT(2) 
PARAMETRIC_REPRESENTATION_CONTEXT() REPRESENTATION_CONTEXT('2D SPACE',''
  ) );
#11174 = ORIENTED_EDGE('',*,*,#4956,.F.);
#11175 = ORIENTED_EDGE('',*,*,#11176,.F.);
#11176 = EDGE_CURVE('',#11177,#4957,#11179,.T.);
#11177 = VERTEX_POINT('',#11178);
#11178 = CARTESIAN_POINT('',(-23.67681170573,-31.30448989284,6.));
#11179 = SURFACE_CURVE('',#11180,(#11184,#11190),.PCURVE_S1.);
#11180 = LINE('',#11181,#11182);
#11181 = CARTESIAN_POINT('',(-23.67681170573,-31.30448989284,1.05));
#11182 = VECTOR('',#11183,1.);
#11183 = DIRECTION('',(-0.,-0.,-1.));
#11184 = PCURVE('',#4974,#11185);
#11185 = DEFINITIONAL_REPRESENTATION('',(#11186),#11189);
#11186 = B_SPLINE_CURVE_WITH_KNOTS('',1,(#11187,#11188),.UNSPECIFIED.,
  .F.,.F.,(2,2),(-4.9500006,-3.439521702273),.PIECEWISE_BEZIER_KNOTS.);
#11187 = CARTESIAN_POINT('',(2.030478897727,2.058705402241));
#11188 = CARTESIAN_POINT('',(0.52,2.058705402241));
#11189 = ( GEOMETRIC_REPRESENTATION_CONTEXT(2) 
PARAMETRIC_REPRESENTATION_CONTEXT() REPRESENTATION_CONTEXT('2D SPACE',''
  ) );
#11190 = PCURVE('',#5020,#11191);
#11191 = DEFINITIONAL_REPRESENTATION('',(#11192),#11195);
#11192 = B_SPLINE_CURVE_WITH_KNOTS('',1,(#11193,#11194),.UNSPECIFIED.,
  .F.,.F.,(2,2),(-4.9500006,-3.439521702273),.PIECEWISE_BEZIER_KNOTS.);
#11193 = CARTESIAN_POINT('',(-4.06484313626,-4.9500006));
#11194 = CARTESIAN_POINT('',(-4.06484313626,-3.439521702273));
#11195 = ( GEOMETRIC_REPRESENTATION_CONTEXT(2) 
PARAMETRIC_REPRESENTATION_CONTEXT() REPRESENTATION_CONTEXT('2D SPACE',''
  ) );
#11196 = ORIENTED_EDGE('',*,*,#11197,.F.);
#11197 = EDGE_CURVE('',#11155,#11177,#11198,.T.);
#11198 = SURFACE_CURVE('',#11199,(#11203,#11209),.PCURVE_S1.);
#11199 = LINE('',#11200,#11201);
#11200 = CARTESIAN_POINT('',(-8.885880089359,-17.26812808852,6.));
#11201 = VECTOR('',#11202,1.);
#11202 = DIRECTION('',(0.72536722585,0.688362105045,-0.));
#11203 = PCURVE('',#4974,#11204);
#11204 = DEFINITIONAL_REPRESENTATION('',(#11205),#11208);
#11205 = B_SPLINE_CURVE_WITH_KNOTS('',1,(#11206,#11207),.UNSPECIFIED.,
  .F.,.F.,(2,2),(-27.00719691961,-18.33225119086),
  .PIECEWISE_BEZIER_KNOTS.);
#11206 = CARTESIAN_POINT('',(2.030478297727,8.674945728752));
#11207 = CARTESIAN_POINT('',(2.030478297727,0.));
#11208 = ( GEOMETRIC_REPRESENTATION_CONTEXT(2) 
PARAMETRIC_REPRESENTATION_CONTEXT() REPRESENTATION_CONTEXT('2D SPACE',''
  ) );
#11209 = PCURVE('',#11210,#11215);
#11210 = PLANE('',#11211);
#11211 = AXIS2_PLACEMENT_3D('',#11212,#11213,#11214);
#11212 = CARTESIAN_POINT('',(-4.118407928589E-15,3.242876655026E-16,6.)
  );
#11213 = DIRECTION('',(0.,0.,1.));
#11214 = DIRECTION('',(1.,0.,-0.));
#11215 = DEFINITIONAL_REPRESENTATION('',(#11216),#11219);
#11216 = B_SPLINE_CURVE_WITH_KNOTS('',1,(#11217,#11218),.UNSPECIFIED.,
  .F.,.F.,(2,2),(-27.00719691961,-18.33225119086),
  .PIECEWISE_BEZIER_KNOTS.);
#11217 = CARTESIAN_POINT('',(-28.47601559692,-35.85885901149));
#11218 = CARTESIAN_POINT('',(-22.18349427926,-29.88735510849));
#11219 = ( GEOMETRIC_REPRESENTATION_CONTEXT(2) 
PARAMETRIC_REPRESENTATION_CONTEXT() REPRESENTATION_CONTEXT('2D SPACE',''
  ) );
#11220 = ADVANCED_FACE('',(#11221),#5197,.T.);
#11221 = FACE_BOUND('',#11222,.F.);
#11222 = EDGE_LOOP('',(#11223,#11224,#11246,#11247,#11248,#11249));
#11223 = ORIENTED_EDGE('',*,*,#11154,.F.);
#11224 = ORIENTED_EDGE('',*,*,#11225,.T.);
#11225 = EDGE_CURVE('',#11155,#5219,#11226,.T.);
#11226 = SURFACE_CURVE('',#11227,(#11232,#11239),.PCURVE_S1.);
#11227 = CIRCLE('',#11228,42.5);
#11228 = AXIS2_PLACEMENT_3D('',#11229,#11230,#11231);
#11229 = CARTESIAN_POINT('',(0.,0.,6.));
#11230 = DIRECTION('',(0.,0.,1.));
#11231 = DIRECTION('',(1.,0.,0.));
#11232 = PCURVE('',#5197,#11233);
#11233 = DEFINITIONAL_REPRESENTATION('',(#11234),#11238);
#11234 = LINE('',#11235,#11236);
#11235 = CARTESIAN_POINT('',(-0.,-4.95));
#11236 = VECTOR('',#11237,1.);
#11237 = DIRECTION('',(-1.,0.));
#11238 = ( GEOMETRIC_REPRESENTATION_CONTEXT(2) 
PARAMETRIC_REPRESENTATION_CONTEXT() REPRESENTATION_CONTEXT('2D SPACE',''
  ) );
#11239 = PCURVE('',#11210,#11240);
#11240 = DEFINITIONAL_REPRESENTATION('',(#11241),#11245);
#11241 = CIRCLE('',#11242,42.5);
#11242 = AXIS2_PLACEMENT_2D('',#11243,#11244);
#11243 = CARTESIAN_POINT('',(4.118407928589E-15,-3.242876655026E-16));
#11244 = DIRECTION('',(1.,0.));
#11245 = ( GEOMETRIC_REPRESENTATION_CONTEXT(2) 
PARAMETRIC_REPRESENTATION_CONTEXT() REPRESENTATION_CONTEXT('2D SPACE',''
  ) );
#11246 = ORIENTED_EDGE('',*,*,#5247,.T.);
#11247 = ORIENTED_EDGE('',*,*,#5269,.T.);
#11248 = ORIENTED_EDGE('',*,*,#5333,.T.);
#11249 = ORIENTED_EDGE('',*,*,#5173,.F.);
#11250 = ADVANCED_FACE('',(#11251),#5056,.F.);
#11251 = FACE_BOUND('',#11252,.F.);
#11252 = EDGE_LOOP('',(#11253,#11276,#11302,#11303));
#11253 = ORIENTED_EDGE('',*,*,#11254,.F.);
#11254 = EDGE_CURVE('',#11255,#9027,#11257,.T.);
#11255 = VERTEX_POINT('',#11256);
#11256 = CARTESIAN_POINT('',(-21.40206699686,-32.90158093863,4.14));
#11257 = SURFACE_CURVE('',#11258,(#11262,#11269),.PCURVE_S1.);
#11258 = LINE('',#11259,#11260);
#11259 = CARTESIAN_POINT('',(-12.34751353617,-23.52531635226,4.14));
#11260 = VECTOR('',#11261,1.);
#11261 = DIRECTION('',(-0.694658370459,-0.719339800339,0.));
#11262 = PCURVE('',#5056,#11263);
#11263 = DEFINITIONAL_REPRESENTATION('',(#11264),#11268);
#11264 = LINE('',#11265,#11266);
#11265 = CARTESIAN_POINT('',(-2.136171613562E-15,16.02));
#11266 = VECTOR('',#11267,1.);
#11267 = DIRECTION('',(1.,-2.135040936069E-17));
#11268 = ( GEOMETRIC_REPRESENTATION_CONTEXT(2) 
PARAMETRIC_REPRESENTATION_CONTEXT() REPRESENTATION_CONTEXT('2D SPACE',''
  ) );
#11269 = PCURVE('',#9064,#11270);
#11270 = DEFINITIONAL_REPRESENTATION('',(#11271),#11275);
#11271 = LINE('',#11272,#11273);
#11272 = CARTESIAN_POINT('',(-1.570796326795,0.));
#11273 = VECTOR('',#11274,1.);
#11274 = DIRECTION('',(-0.,1.));
#11275 = ( GEOMETRIC_REPRESENTATION_CONTEXT(2) 
PARAMETRIC_REPRESENTATION_CONTEXT() REPRESENTATION_CONTEXT('2D SPACE',''
  ) );
#11276 = ORIENTED_EDGE('',*,*,#11277,.T.);
#11277 = EDGE_CURVE('',#11255,#4987,#11278,.T.);
#11278 = SURFACE_CURVE('',#11279,(#11284,#11295),.PCURVE_S1.);
#11279 = CIRCLE('',#11280,39.25);
#11280 = AXIS2_PLACEMENT_3D('',#11281,#11282,#11283);
#11281 = CARTESIAN_POINT('',(2.025146430259E-13,-1.910692005867E-15,4.14
    ));
#11282 = DIRECTION('',(0.,0.,-1.));
#11283 = DIRECTION('',(1.,0.,0.));
#11284 = PCURVE('',#5056,#11285);
#11285 = DEFINITIONAL_REPRESENTATION('',(#11286),#11294);
#11286 = ( BOUNDED_CURVE() B_SPLINE_CURVE(2,(#11287,#11288,#11289,#11290
    ,#11291,#11292,#11293),.UNSPECIFIED.,.T.,.F.) 
B_SPLINE_CURVE_WITH_KNOTS((1,2,2,2,2,1),(-2.094395102393,0.,
    2.094395102393,4.188790204786,6.28318530718,8.377580409573),
.UNSPECIFIED.) CURVE() GEOMETRIC_REPRESENTATION_ITEM() 
RATIONAL_B_SPLINE_CURVE((1.,0.5,1.,0.5,1.,0.5,1.)) REPRESENTATION_ITEM(
  '') );
#11287 = CARTESIAN_POINT('',(-52.76534104051,36.794087163292));
#11288 = CARTESIAN_POINT('',(-3.862467568366,84.019043131158));
#11289 = CARTESIAN_POINT('',(12.584107256333,18.055434402287));
#11290 = CARTESIAN_POINT('',(29.030682081031,-47.90817432658));
#11291 = CARTESIAN_POINT('',(-36.31876621581,-29.16952156557));
#11292 = CARTESIAN_POINT('',(-101.6682145126,-10.43086880457));
#11293 = CARTESIAN_POINT('',(-52.76534104051,36.794087163292));
#11294 = ( GEOMETRIC_REPRESENTATION_CONTEXT(2) 
PARAMETRIC_REPRESENTATION_CONTEXT() REPRESENTATION_CONTEXT('2D SPACE',''
  ) );
#11295 = PCURVE('',#5020,#11296);
#11296 = DEFINITIONAL_REPRESENTATION('',(#11297),#11301);
#11297 = LINE('',#11298,#11299);
#11298 = CARTESIAN_POINT('',(-6.28318530718,-3.09));
#11299 = VECTOR('',#11300,1.);
#11300 = DIRECTION('',(1.,-0.));
#11301 = ( GEOMETRIC_REPRESENTATION_CONTEXT(2) 
PARAMETRIC_REPRESENTATION_CONTEXT() REPRESENTATION_CONTEXT('2D SPACE',''
  ) );
#11302 = ORIENTED_EDGE('',*,*,#5041,.T.);
#11303 = ORIENTED_EDGE('',*,*,#9087,.F.);
#11304 = ADVANCED_FACE('',(#11305),#5020,.F.);
#11305 = FACE_BOUND('',#11306,.T.);
#11306 = EDGE_LOOP('',(#11307,#11308,#11332,#11353,#11407,#11408));
#11307 = ORIENTED_EDGE('',*,*,#11176,.F.);
#11308 = ORIENTED_EDGE('',*,*,#11309,.T.);
#11309 = EDGE_CURVE('',#11177,#11310,#11312,.T.);
#11310 = VERTEX_POINT('',#11311);
#11311 = CARTESIAN_POINT('',(-20.45148413512,-33.50073576312,6.));
#11312 = SURFACE_CURVE('',#11313,(#11318,#11325),.PCURVE_S1.);
#11313 = CIRCLE('',#11314,39.25);
#11314 = AXIS2_PLACEMENT_3D('',#11315,#11316,#11317);
#11315 = CARTESIAN_POINT('',(2.025146430259E-13,-1.910692005867E-15,6.)
  );
#11316 = DIRECTION('',(0.,0.,1.));
#11317 = DIRECTION('',(1.,0.,0.));
#11318 = PCURVE('',#5020,#11319);
#11319 = DEFINITIONAL_REPRESENTATION('',(#11320),#11324);
#11320 = LINE('',#11321,#11322);
#11321 = CARTESIAN_POINT('',(-0.,-4.95));
#11322 = VECTOR('',#11323,1.);
#11323 = DIRECTION('',(-1.,0.));
#11324 = ( GEOMETRIC_REPRESENTATION_CONTEXT(2) 
PARAMETRIC_REPRESENTATION_CONTEXT() REPRESENTATION_CONTEXT('2D SPACE',''
  ) );
#11325 = PCURVE('',#11210,#11326);
#11326 = DEFINITIONAL_REPRESENTATION('',(#11327),#11331);
#11327 = CIRCLE('',#11328,39.25);
#11328 = AXIS2_PLACEMENT_2D('',#11329,#11330);
#11329 = CARTESIAN_POINT('',(2.066330509545E-13,-2.23497967137E-15));
#11330 = DIRECTION('',(1.,0.));
#11331 = ( GEOMETRIC_REPRESENTATION_CONTEXT(2) 
PARAMETRIC_REPRESENTATION_CONTEXT() REPRESENTATION_CONTEXT('2D SPACE',''
  ) );
#11332 = ORIENTED_EDGE('',*,*,#11333,.T.);
#11333 = EDGE_CURVE('',#11310,#11334,#11336,.T.);
#11334 = VERTEX_POINT('',#11335);
#11335 = CARTESIAN_POINT('',(-20.45148413512,-33.50073576312,5.24));
#11336 = SURFACE_CURVE('',#11337,(#11341,#11347),.PCURVE_S1.);
#11337 = LINE('',#11338,#11339);
#11338 = CARTESIAN_POINT('',(-20.45148413512,-33.50073576312,1.05));
#11339 = VECTOR('',#11340,1.);
#11340 = DIRECTION('',(-0.,-0.,-1.));
#11341 = PCURVE('',#5020,#11342);
#11342 = DEFINITIONAL_REPRESENTATION('',(#11343),#11346);
#11343 = B_SPLINE_CURVE_WITH_KNOTS('',1,(#11344,#11345),.UNSPECIFIED.,
  .F.,.F.,(2,2),(-4.9500006,-3.478),.PIECEWISE_BEZIER_KNOTS.);
#11344 = CARTESIAN_POINT('',(-4.164300191878,-4.9500006));
#11345 = CARTESIAN_POINT('',(-4.164300191878,-3.478));
#11346 = ( GEOMETRIC_REPRESENTATION_CONTEXT(2) 
PARAMETRIC_REPRESENTATION_CONTEXT() REPRESENTATION_CONTEXT('2D SPACE',''
  ) );
#11347 = PCURVE('',#9015,#11348);
#11348 = DEFINITIONAL_REPRESENTATION('',(#11349),#11352);
#11349 = B_SPLINE_CURVE_WITH_KNOTS('',1,(#11350,#11351),.UNSPECIFIED.,
  .F.,.F.,(2,2),(-4.9500006,-3.478),.PIECEWISE_BEZIER_KNOTS.);
#11350 = CARTESIAN_POINT('',(1.8600006,12.805207217818));
#11351 = CARTESIAN_POINT('',(0.388,12.805207217818));
#11352 = ( GEOMETRIC_REPRESENTATION_CONTEXT(2) 
PARAMETRIC_REPRESENTATION_CONTEXT() REPRESENTATION_CONTEXT('2D SPACE',''
  ) );
#11353 = ORIENTED_EDGE('',*,*,#11354,.T.);
#11354 = EDGE_CURVE('',#11334,#11255,#11355,.T.);
#11355 = SURFACE_CURVE('',#11356,(#11371,#11389),.PCURVE_S1.);
#11356 = B_SPLINE_CURVE_WITH_KNOTS('',7,(#11357,#11358,#11359,#11360,
    #11361,#11362,#11363,#11364,#11365,#11366,#11367,#11368,#11369,
    #11370),.UNSPECIFIED.,.F.,.F.,(8,6,8),(0.,0.611861829442,1.),
  .UNSPECIFIED.);
#11357 = CARTESIAN_POINT('',(-20.45148413512,-33.50073576312,5.24));
#11358 = CARTESIAN_POINT('',(-20.45148413512,-33.50073576312,
    5.102557663977));
#11359 = CARTESIAN_POINT('',(-20.46900620269,-33.49003888973,
    4.964881249131));
#11360 = CARTESIAN_POINT('',(-20.50415957706,-33.46857863575,
    4.829449301058));
#11361 = CARTESIAN_POINT('',(-20.55711240676,-33.43617246648,
    4.698920429543));
#11362 = CARTESIAN_POINT('',(-20.62794161746,-33.39261362294,
    4.576352000807));
#11363 = CARTESIAN_POINT('',(-20.71651638197,-33.33772607753,
    4.465398746019));
#11364 = CARTESIAN_POINT('',(-20.8891720734,-33.22967408639,
    4.310838917179));
#11365 = CARTESIAN_POINT('',(-20.96336324425,-33.18302424984,
    4.257164715525));
#11366 = CARTESIAN_POINT('',(-21.04390293851,-33.13209705648,
    4.211824607297));
#11367 = CARTESIAN_POINT('',(-21.12957882869,-33.0775656227,
    4.176448568299));
#11368 = CARTESIAN_POINT('',(-21.21891957852,-33.02029123241,
    4.152250225106));
#11369 = CARTESIAN_POINT('',(-21.31030579498,-32.96127045307,4.14));
#11370 = CARTESIAN_POINT('',(-21.40206699686,-32.90158093863,4.14));
#11371 = PCURVE('',#5020,#11372);
#11372 = DEFINITIONAL_REPRESENTATION('',(#11373),#11388);
#11373 = B_SPLINE_CURVE_WITH_KNOTS('',7,(#11374,#11375,#11376,#11377,
    #11378,#11379,#11380,#11381,#11382,#11383,#11384,#11385,#11386,
    #11387),.UNSPECIFIED.,.F.,.F.,(8,6,8),(0.,0.611861829442,1.),
  .UNSPECIFIED.);
#11374 = CARTESIAN_POINT('',(-4.164300191878,-4.19));
#11375 = CARTESIAN_POINT('',(-4.164300191878,-4.052557663977));
#11376 = CARTESIAN_POINT('',(-4.163777156197,-3.914881249131));
#11377 = CARTESIAN_POINT('',(-4.162727826737,-3.779449301058));
#11378 = CARTESIAN_POINT('',(-4.161146122748,-3.648920429543));
#11379 = CARTESIAN_POINT('',(-4.159027628885,-3.526352000807));
#11380 = CARTESIAN_POINT('',(-4.156372817828,-3.415398746019));
#11381 = CARTESIAN_POINT('',(-4.151183538593,-3.260838917179));
#11382 = CARTESIAN_POINT('',(-4.148950711117,-3.207164715525));
#11383 = CARTESIAN_POINT('',(-4.146522948567,-3.161824607297));
#11384 = CARTESIAN_POINT('',(-4.143935504654,-3.126448568299));
#11385 = CARTESIAN_POINT('',(-4.141231754242,-3.102250225106));
#11386 = CARTESIAN_POINT('',(-4.138460092754,-3.09));
#11387 = CARTESIAN_POINT('',(-4.135671132489,-3.09));
#11388 = ( GEOMETRIC_REPRESENTATION_CONTEXT(2) 
PARAMETRIC_REPRESENTATION_CONTEXT() REPRESENTATION_CONTEXT('2D SPACE',''
  ) );
#11389 = PCURVE('',#9064,#11390);
#11390 = DEFINITIONAL_REPRESENTATION('',(#11391),#11406);
#11391 = B_SPLINE_CURVE_WITH_KNOTS('',7,(#11392,#11393,#11394,#11395,
    #11396,#11397,#11398,#11399,#11400,#11401,#11402,#11403,#11404,
    #11405),.UNSPECIFIED.,.F.,.F.,(8,6,8),(0.,0.611861829442,1.),
  .UNSPECIFIED.);
#11392 = CARTESIAN_POINT('',(0.,12.805207217818));
#11393 = CARTESIAN_POINT('',(-0.124947578203,12.805207217818));
#11394 = CARTESIAN_POINT('',(-0.250107518573,12.809684381957));
#11395 = CARTESIAN_POINT('',(-0.376415596163,12.818666752896));
#11396 = CARTESIAN_POINT('',(-0.504681205948,12.832139831951));
#11397 = CARTESIAN_POINT('',(-0.635813768519,12.850008326227));
#11398 = CARTESIAN_POINT('',(-0.77079255187,12.872054731847));
#11399 = CARTESIAN_POINT('',(-1.000042540873,12.914265355369));
#11400 = CARTESIAN_POINT('',(-1.091562544226,12.932245789107));
#11401 = CARTESIAN_POINT('',(-1.185005633932,12.951559404779));
#11402 = CARTESIAN_POINT('',(-1.279944216327,12.971848248346));
#11403 = CARTESIAN_POINT('',(-1.376061788058,12.99270979957));
#11404 = CARTESIAN_POINT('',(-1.473095140001,13.013736004147));
#11405 = CARTESIAN_POINT('',(-1.570796326795,13.034541647722));
#11406 = ( GEOMETRIC_REPRESENTATION_CONTEXT(2) 
PARAMETRIC_REPRESENTATION_CONTEXT() REPRESENTATION_CONTEXT('2D SPACE',''
  ) );
#11407 = ORIENTED_EDGE('',*,*,#11277,.T.);
#11408 = ORIENTED_EDGE('',*,*,#4986,.F.);
#11409 = ADVANCED_FACE('',(#11410),#5235,.T.);
#11410 = FACE_BOUND('',#11411,.T.);
#11411 = EDGE_LOOP('',(#11412,#11435,#11436,#11437));
#11412 = ORIENTED_EDGE('',*,*,#11413,.F.);
#11413 = EDGE_CURVE('',#5219,#11414,#11416,.T.);
#11414 = VERTEX_POINT('',#11415);
#11415 = CARTESIAN_POINT('',(-20.57507424982,-33.542343681,6.));
#11416 = SURFACE_CURVE('',#11417,(#11421,#11428),.PCURVE_S1.);
#11417 = LINE('',#11418,#11419);
#11418 = CARTESIAN_POINT('',(-2.742505920474,-15.07617860321,6.));
#11419 = VECTOR('',#11420,1.);
#11420 = DIRECTION('',(0.694658370459,0.719339800339,-0.));
#11421 = PCURVE('',#5235,#11422);
#11422 = DEFINITIONAL_REPRESENTATION('',(#11423),#11427);
#11423 = LINE('',#11424,#11425);
#11424 = CARTESIAN_POINT('',(-2.742505920474,-15.07617860321));
#11425 = VECTOR('',#11426,1.);
#11426 = DIRECTION('',(0.694658370459,0.719339800339));
#11427 = ( GEOMETRIC_REPRESENTATION_CONTEXT(2) 
PARAMETRIC_REPRESENTATION_CONTEXT() REPRESENTATION_CONTEXT('2D SPACE',''
  ) );
#11428 = PCURVE('',#11210,#11429);
#11429 = DEFINITIONAL_REPRESENTATION('',(#11430),#11434);
#11430 = LINE('',#11431,#11432);
#11431 = CARTESIAN_POINT('',(-2.742505920474,-15.07617860321));
#11432 = VECTOR('',#11433,1.);
#11433 = DIRECTION('',(0.694658370459,0.719339800339));
#11434 = ( GEOMETRIC_REPRESENTATION_CONTEXT(2) 
PARAMETRIC_REPRESENTATION_CONTEXT() REPRESENTATION_CONTEXT('2D SPACE',''
  ) );
#11435 = ORIENTED_EDGE('',*,*,#5218,.T.);
#11436 = ORIENTED_EDGE('',*,*,#5361,.T.);
#11437 = ORIENTED_EDGE('',*,*,#11438,.T.);
#11438 = EDGE_CURVE('',#5362,#11414,#11439,.T.);
#11439 = SURFACE_CURVE('',#11440,(#11445,#11456),.PCURVE_S1.);
#11440 = CIRCLE('',#11441,39.35);
#11441 = AXIS2_PLACEMENT_3D('',#11442,#11443,#11444);
#11442 = CARTESIAN_POINT('',(0.,0.,6.));
#11443 = DIRECTION('',(0.,0.,-1.));
#11444 = DIRECTION('',(0.40212044906,0.915586776034,0.));
#11445 = PCURVE('',#5235,#11446);
#11446 = DEFINITIONAL_REPRESENTATION('',(#11447),#11455);
#11447 = ( BOUNDED_CURVE() B_SPLINE_CURVE(2,(#11448,#11449,#11450,#11451
    ,#11452,#11453,#11454),.UNSPECIFIED.,.T.,.F.) 
B_SPLINE_CURVE_WITH_KNOTS((1,2,2,2,2,1),(-2.094395102393,0.,
    2.094395102393,4.188790204786,6.28318530718,8.377580409573),
.UNSPECIFIED.) CURVE() GEOMETRIC_REPRESENTATION_ITEM() 
RATIONAL_B_SPLINE_CURVE((1.,0.5,1.,0.5,1.,0.5,1.)) REPRESENTATION_ITEM(
  '') );
#11448 = CARTESIAN_POINT('',(15.823439670507,36.028339636928));
#11449 = CARTESIAN_POINT('',(78.226354434014,8.62133817711));
#11450 = CARTESIAN_POINT('',(23.2897375465,-31.71767054837));
#11451 = CARTESIAN_POINT('',(-31.64687934101,-72.05667927385));
#11452 = CARTESIAN_POINT('',(-39.113177217,-4.310669088555));
#11453 = CARTESIAN_POINT('',(-46.579475093,63.435341096746));
#11454 = CARTESIAN_POINT('',(15.823439670507,36.028339636928));
#11455 = ( GEOMETRIC_REPRESENTATION_CONTEXT(2) 
PARAMETRIC_REPRESENTATION_CONTEXT() REPRESENTATION_CONTEXT('2D SPACE',''
  ) );
#11456 = PCURVE('',#11210,#11457);
#11457 = DEFINITIONAL_REPRESENTATION('',(#11458),#11466);
#11458 = ( BOUNDED_CURVE() B_SPLINE_CURVE(2,(#11459,#11460,#11461,#11462
    ,#11463,#11464,#11465),.UNSPECIFIED.,.T.,.F.) 
B_SPLINE_CURVE_WITH_KNOTS((1,2,2,2,2,1),(-2.094395102393,0.,
    2.094395102393,4.188790204786,6.28318530718,8.377580409573),
.UNSPECIFIED.) CURVE() GEOMETRIC_REPRESENTATION_ITEM() 
RATIONAL_B_SPLINE_CURVE((1.,0.5,1.,0.5,1.,0.5,1.)) REPRESENTATION_ITEM(
  '') );
#11459 = CARTESIAN_POINT('',(15.823439670507,36.028339636928));
#11460 = CARTESIAN_POINT('',(78.226354434014,8.62133817711));
#11461 = CARTESIAN_POINT('',(23.2897375465,-31.71767054837));
#11462 = CARTESIAN_POINT('',(-31.64687934101,-72.05667927385));
#11463 = CARTESIAN_POINT('',(-39.113177217,-4.310669088555));
#11464 = CARTESIAN_POINT('',(-46.579475093,63.435341096746));
#11465 = CARTESIAN_POINT('',(15.823439670507,36.028339636928));
#11466 = ( GEOMETRIC_REPRESENTATION_CONTEXT(2) 
PARAMETRIC_REPRESENTATION_CONTEXT() REPRESENTATION_CONTEXT('2D SPACE',''
  ) );
#11467 = ADVANCED_FACE('',(#11468),#5784,.T.);
#11468 = FACE_BOUND('',#11469,.T.);
#11469 = EDGE_LOOP('',(#11470,#11494,#11495,#11496));
#11470 = ORIENTED_EDGE('',*,*,#11471,.T.);
#11471 = EDGE_CURVE('',#11472,#8979,#11474,.T.);
#11472 = VERTEX_POINT('',#11473);
#11473 = CARTESIAN_POINT('',(-14.35102269383,-35.0238582632,1.05));
#11474 = SURFACE_CURVE('',#11475,(#11480,#11487),.PCURVE_S1.);
#11475 = CIRCLE('',#11476,2.65);
#11476 = AXIS2_PLACEMENT_3D('',#11477,#11478,#11479);
#11477 = CARTESIAN_POINT('',(-13.68080573302,-37.58770483143,1.05));
#11478 = DIRECTION('',(0.,0.,1.));
#11479 = DIRECTION('',(-0.252912060683,0.967489271031,0.));
#11480 = PCURVE('',#5784,#11481);
#11481 = DEFINITIONAL_REPRESENTATION('',(#11482),#11486);
#11482 = LINE('',#11483,#11484);
#11483 = CARTESIAN_POINT('',(4.45669998869,0.));
#11484 = VECTOR('',#11485,1.);
#11485 = DIRECTION('',(-1.,0.));
#11486 = ( GEOMETRIC_REPRESENTATION_CONTEXT(2) 
PARAMETRIC_REPRESENTATION_CONTEXT() REPRESENTATION_CONTEXT('2D SPACE',''
  ) );
#11487 = PCURVE('',#8234,#11488);
#11488 = DEFINITIONAL_REPRESENTATION('',(#11489),#11493);
#11489 = CIRCLE('',#11490,2.65);
#11490 = AXIS2_PLACEMENT_2D('',#11491,#11492);
#11491 = CARTESIAN_POINT('',(-13.68080573302,-37.58770483143));
#11492 = DIRECTION('',(-0.252912060683,0.967489271031));
#11493 = ( GEOMETRIC_REPRESENTATION_CONTEXT(2) 
PARAMETRIC_REPRESENTATION_CONTEXT() REPRESENTATION_CONTEXT('2D SPACE',''
  ) );
#11494 = ORIENTED_EDGE('',*,*,#8978,.F.);
#11495 = ORIENTED_EDGE('',*,*,#5767,.F.);
#11496 = ORIENTED_EDGE('',*,*,#11497,.T.);
#11497 = EDGE_CURVE('',#5735,#11472,#11498,.T.);
#11498 = SURFACE_CURVE('',#11499,(#11503,#11509),.PCURVE_S1.);
#11499 = LINE('',#11500,#11501);
#11500 = CARTESIAN_POINT('',(-14.35102269383,-35.0238582632,1.05));
#11501 = VECTOR('',#11502,1.);
#11502 = DIRECTION('',(-0.,-0.,-1.));
#11503 = PCURVE('',#5784,#11504);
#11504 = DEFINITIONAL_REPRESENTATION('',(#11505),#11508);
#11505 = B_SPLINE_CURVE_WITH_KNOTS('',1,(#11506,#11507),.UNSPECIFIED.,
  .F.,.F.,(2,2),(-4.9500006,5.999999999062E-07),
  .PIECEWISE_BEZIER_KNOTS.);
#11506 = CARTESIAN_POINT('',(4.45669998869,-4.9500006));
#11507 = CARTESIAN_POINT('',(4.45669998869,5.999999999062E-07));
#11508 = ( GEOMETRIC_REPRESENTATION_CONTEXT(2) 
PARAMETRIC_REPRESENTATION_CONTEXT() REPRESENTATION_CONTEXT('2D SPACE',''
  ) );
#11509 = PCURVE('',#5755,#11510);
#11510 = DEFINITIONAL_REPRESENTATION('',(#11511),#11514);
#11511 = B_SPLINE_CURVE_WITH_KNOTS('',1,(#11512,#11513),.UNSPECIFIED.,
  .F.,.F.,(2,2),(-4.9500006,5.999999999062E-07),
  .PIECEWISE_BEZIER_KNOTS.);
#11512 = CARTESIAN_POINT('',(1.959679437347,-6.0000006));
#11513 = CARTESIAN_POINT('',(1.959679437347,-1.0499994));
#11514 = ( GEOMETRIC_REPRESENTATION_CONTEXT(2) 
PARAMETRIC_REPRESENTATION_CONTEXT() REPRESENTATION_CONTEXT('2D SPACE',''
  ) );
#11515 = ADVANCED_FACE('',(#11516),#5755,.F.);
#11516 = FACE_BOUND('',#11517,.F.);
#11517 = EDGE_LOOP('',(#11518,#11519,#11547,#11566));
#11518 = ORIENTED_EDGE('',*,*,#11497,.T.);
#11519 = ORIENTED_EDGE('',*,*,#11520,.F.);
#11520 = EDGE_CURVE('',#11521,#11472,#11523,.T.);
#11521 = VERTEX_POINT('',#11522);
#11522 = CARTESIAN_POINT('',(-11.51938094731,-36.05449157304,1.05));
#11523 = SURFACE_CURVE('',#11524,(#11529,#11536),.PCURVE_S1.);
#11524 = CIRCLE('',#11525,37.85);
#11525 = AXIS2_PLACEMENT_3D('',#11526,#11527,#11528);
#11526 = CARTESIAN_POINT('',(0.,0.,1.05));
#11527 = DIRECTION('',(0.,0.,-1.));
#11528 = DIRECTION('',(1.,0.,0.));
#11529 = PCURVE('',#5755,#11530);
#11530 = DEFINITIONAL_REPRESENTATION('',(#11531),#11535);
#11531 = LINE('',#11532,#11533);
#11532 = CARTESIAN_POINT('',(0.,-1.05));
#11533 = VECTOR('',#11534,1.);
#11534 = DIRECTION('',(1.,0.));
#11535 = ( GEOMETRIC_REPRESENTATION_CONTEXT(2) 
PARAMETRIC_REPRESENTATION_CONTEXT() REPRESENTATION_CONTEXT('2D SPACE',''
  ) );
#11536 = PCURVE('',#8234,#11537);
#11537 = DEFINITIONAL_REPRESENTATION('',(#11538),#11546);
#11538 = ( BOUNDED_CURVE() B_SPLINE_CURVE(2,(#11539,#11540,#11541,#11542
    ,#11543,#11544,#11545),.UNSPECIFIED.,.T.,.F.) 
B_SPLINE_CURVE_WITH_KNOTS((1,2,2,2,2,1),(-2.094395102393,0.,
    2.094395102393,4.188790204786,6.28318530718,8.377580409573),
.UNSPECIFIED.) CURVE() GEOMETRIC_REPRESENTATION_ITEM() 
RATIONAL_B_SPLINE_CURVE((1.,0.5,1.,0.5,1.,0.5,1.)) REPRESENTATION_ITEM(
  '') );
#11539 = CARTESIAN_POINT('',(37.85,-6.177165574951E-16));
#11540 = CARTESIAN_POINT('',(37.85,-65.55812306648));
#11541 = CARTESIAN_POINT('',(-18.925,-32.77906153324));
#11542 = CARTESIAN_POINT('',(-75.7,-9.888292827041E-15));
#11543 = CARTESIAN_POINT('',(-18.925,32.779061533241));
#11544 = CARTESIAN_POINT('',(37.85,65.558123066482));
#11545 = CARTESIAN_POINT('',(37.85,-6.177165574951E-16));
#11546 = ( GEOMETRIC_REPRESENTATION_CONTEXT(2) 
PARAMETRIC_REPRESENTATION_CONTEXT() REPRESENTATION_CONTEXT('2D SPACE',''
  ) );
#11547 = ORIENTED_EDGE('',*,*,#11548,.F.);
#11548 = EDGE_CURVE('',#5706,#11521,#11549,.T.);
#11549 = SURFACE_CURVE('',#11550,(#11554,#11560),.PCURVE_S1.);
#11550 = LINE('',#11551,#11552);
#11551 = CARTESIAN_POINT('',(-11.51938094731,-36.05449157304,1.05));
#11552 = VECTOR('',#11553,1.);
#11553 = DIRECTION('',(-0.,-0.,-1.));
#11554 = PCURVE('',#5755,#11555);
#11555 = DEFINITIONAL_REPRESENTATION('',(#11556),#11559);
#11556 = B_SPLINE_CURVE_WITH_KNOTS('',1,(#11557,#11558),.UNSPECIFIED.,
  .F.,.F.,(2,2),(-4.9500006,5.999999999062E-07),
  .PIECEWISE_BEZIER_KNOTS.);
#11557 = CARTESIAN_POINT('',(1.880044917042,-6.0000006));
#11558 = CARTESIAN_POINT('',(1.880044917042,-1.0499994));
#11559 = ( GEOMETRIC_REPRESENTATION_CONTEXT(2) 
PARAMETRIC_REPRESENTATION_CONTEXT() REPRESENTATION_CONTEXT('2D SPACE',''
  ) );
#11560 = PCURVE('',#5722,#11561);
#11561 = DEFINITIONAL_REPRESENTATION('',(#11562),#11565);
#11562 = B_SPLINE_CURVE_WITH_KNOTS('',1,(#11563,#11564),.UNSPECIFIED.,
  .F.,.F.,(2,2),(-4.9500006,5.999999999062E-07),
  .PIECEWISE_BEZIER_KNOTS.);
#11563 = CARTESIAN_POINT('',(5.666209672876,-4.9500006));
#11564 = CARTESIAN_POINT('',(5.666209672876,5.999999999062E-07));
#11565 = ( GEOMETRIC_REPRESENTATION_CONTEXT(2) 
PARAMETRIC_REPRESENTATION_CONTEXT() REPRESENTATION_CONTEXT('2D SPACE',''
  ) );
#11566 = ORIENTED_EDGE('',*,*,#5734,.T.);
#11567 = ADVANCED_FACE('',(#11568),#5722,.T.);
#11568 = FACE_BOUND('',#11569,.T.);
#11569 = EDGE_LOOP('',(#11570,#11594,#11595,#11596));
#11570 = ORIENTED_EDGE('',*,*,#11571,.T.);
#11571 = EDGE_CURVE('',#11572,#11521,#11574,.T.);
#11572 = VERTEX_POINT('',#11573);
#11573 = CARTESIAN_POINT('',(-11.03711228555,-37.7704203365,1.05));
#11574 = SURFACE_CURVE('',#11575,(#11580,#11587),.PCURVE_S1.);
#11575 = CIRCLE('',#11576,2.65);
#11576 = AXIS2_PLACEMENT_3D('',#11577,#11578,#11579);
#11577 = CARTESIAN_POINT('',(-13.68080573302,-37.58770483143,1.05));
#11578 = DIRECTION('',(-0.,0.,1.));
#11579 = DIRECTION('',(0.997620168857,-6.894924719628E-02,0.));
#11580 = PCURVE('',#5722,#11581);
#11581 = DEFINITIONAL_REPRESENTATION('',(#11582),#11586);
#11582 = LINE('',#11583,#11584);
#11583 = CARTESIAN_POINT('',(6.352189302349,0.));
#11584 = VECTOR('',#11585,1.);
#11585 = DIRECTION('',(-1.,0.));
#11586 = ( GEOMETRIC_REPRESENTATION_CONTEXT(2) 
PARAMETRIC_REPRESENTATION_CONTEXT() REPRESENTATION_CONTEXT('2D SPACE',''
  ) );
#11587 = PCURVE('',#8234,#11588);
#11588 = DEFINITIONAL_REPRESENTATION('',(#11589),#11593);
#11589 = CIRCLE('',#11590,2.65);
#11590 = AXIS2_PLACEMENT_2D('',#11591,#11592);
#11591 = CARTESIAN_POINT('',(-13.68080573302,-37.58770483143));
#11592 = DIRECTION('',(0.997620168857,-6.894924719628E-02));
#11593 = ( GEOMETRIC_REPRESENTATION_CONTEXT(2) 
PARAMETRIC_REPRESENTATION_CONTEXT() REPRESENTATION_CONTEXT('2D SPACE',''
  ) );
#11594 = ORIENTED_EDGE('',*,*,#11548,.F.);
#11595 = ORIENTED_EDGE('',*,*,#5705,.F.);
#11596 = ORIENTED_EDGE('',*,*,#11597,.T.);
#11597 = EDGE_CURVE('',#5673,#11572,#11598,.T.);
#11598 = SURFACE_CURVE('',#11599,(#11603,#11609),.PCURVE_S1.);
#11599 = LINE('',#11600,#11601);
#11600 = CARTESIAN_POINT('',(-11.03711228555,-37.7704203365,1.05));
#11601 = VECTOR('',#11602,1.);
#11602 = DIRECTION('',(-0.,-0.,-1.));
#11603 = PCURVE('',#5722,#11604);
#11604 = DEFINITIONAL_REPRESENTATION('',(#11605),#11608);
#11605 = B_SPLINE_CURVE_WITH_KNOTS('',1,(#11606,#11607),.UNSPECIFIED.,
  .F.,.F.,(2,2),(-4.95,0.),.PIECEWISE_BEZIER_KNOTS.);
#11606 = CARTESIAN_POINT('',(6.352189302349,-4.95));
#11607 = CARTESIAN_POINT('',(6.352189302349,0.));
#11608 = ( GEOMETRIC_REPRESENTATION_CONTEXT(2) 
PARAMETRIC_REPRESENTATION_CONTEXT() REPRESENTATION_CONTEXT('2D SPACE',''
  ) );
#11609 = PCURVE('',#5693,#11610);
#11610 = DEFINITIONAL_REPRESENTATION('',(#11611),#11614);
#11611 = B_SPLINE_CURVE_WITH_KNOTS('',1,(#11612,#11613),.UNSPECIFIED.,
  .F.,.F.,(2,2),(-4.9500006,5.999999999062E-07),
  .PIECEWISE_BEZIER_KNOTS.);
#11612 = CARTESIAN_POINT('',(1.85509641061,-4.9500006));
#11613 = CARTESIAN_POINT('',(1.85509641061,5.999999999062E-07));
#11614 = ( GEOMETRIC_REPRESENTATION_CONTEXT(2) 
PARAMETRIC_REPRESENTATION_CONTEXT() REPRESENTATION_CONTEXT('2D SPACE',''
  ) );
#11615 = ADVANCED_FACE('',(#11616),#5693,.F.);
#11616 = FACE_BOUND('',#11617,.F.);
#11617 = EDGE_LOOP('',(#11618,#11619,#11647,#11666));
#11618 = ORIENTED_EDGE('',*,*,#11597,.T.);
#11619 = ORIENTED_EDGE('',*,*,#11620,.F.);
#11620 = EDGE_CURVE('',#11621,#11572,#11623,.T.);
#11621 = VERTEX_POINT('',#11622);
#11622 = CARTESIAN_POINT('',(11.037112285554,-37.7704203365,1.05));
#11623 = SURFACE_CURVE('',#11624,(#11629,#11636),.PCURVE_S1.);
#11624 = CIRCLE('',#11625,39.35);
#11625 = AXIS2_PLACEMENT_3D('',#11626,#11627,#11628);
#11626 = CARTESIAN_POINT('',(0.,0.,1.05));
#11627 = DIRECTION('',(0.,0.,-1.));
#11628 = DIRECTION('',(0.40212044906,0.915586776034,0.));
#11629 = PCURVE('',#5693,#11630);
#11630 = DEFINITIONAL_REPRESENTATION('',(#11631),#11635);
#11631 = LINE('',#11632,#11633);
#11632 = CARTESIAN_POINT('',(-1.156964709811,0.));
#11633 = VECTOR('',#11634,1.);
#11634 = DIRECTION('',(1.,-0.));
#11635 = ( GEOMETRIC_REPRESENTATION_CONTEXT(2) 
PARAMETRIC_REPRESENTATION_CONTEXT() REPRESENTATION_CONTEXT('2D SPACE',''
  ) );
#11636 = PCURVE('',#8234,#11637);
#11637 = DEFINITIONAL_REPRESENTATION('',(#11638),#11646);
#11638 = ( BOUNDED_CURVE() B_SPLINE_CURVE(2,(#11639,#11640,#11641,#11642
    ,#11643,#11644,#11645),.UNSPECIFIED.,.T.,.F.) 
B_SPLINE_CURVE_WITH_KNOTS((1,2,2,2,2,1),(-2.094395102393,0.,
    2.094395102393,4.188790204786,6.28318530718,8.377580409573),
.UNSPECIFIED.) CURVE() GEOMETRIC_REPRESENTATION_ITEM() 
RATIONAL_B_SPLINE_CURVE((1.,0.5,1.,0.5,1.,0.5,1.)) REPRESENTATION_ITEM(
  '') );
#11639 = CARTESIAN_POINT('',(15.823439670507,36.028339636928));
#11640 = CARTESIAN_POINT('',(78.226354434014,8.62133817711));
#11641 = CARTESIAN_POINT('',(23.2897375465,-31.71767054837));
#11642 = CARTESIAN_POINT('',(-31.64687934101,-72.05667927385));
#11643 = CARTESIAN_POINT('',(-39.113177217,-4.310669088555));
#11644 = CARTESIAN_POINT('',(-46.579475093,63.435341096746));
#11645 = CARTESIAN_POINT('',(15.823439670507,36.028339636928));
#11646 = ( GEOMETRIC_REPRESENTATION_CONTEXT(2) 
PARAMETRIC_REPRESENTATION_CONTEXT() REPRESENTATION_CONTEXT('2D SPACE',''
  ) );
#11647 = ORIENTED_EDGE('',*,*,#11648,.F.);
#11648 = EDGE_CURVE('',#5644,#11621,#11649,.T.);
#11649 = SURFACE_CURVE('',#11650,(#11654,#11660),.PCURVE_S1.);
#11650 = LINE('',#11651,#11652);
#11651 = CARTESIAN_POINT('',(11.037112285554,-37.7704203365,1.05));
#11652 = VECTOR('',#11653,1.);
#11653 = DIRECTION('',(-0.,-0.,-1.));
#11654 = PCURVE('',#5693,#11655);
#11655 = DEFINITIONAL_REPRESENTATION('',(#11656),#11659);
#11656 = B_SPLINE_CURVE_WITH_KNOTS('',1,(#11657,#11658),.UNSPECIFIED.,
  .F.,.F.,(2,2),(-4.9500006,5.999999999062E-07),
  .PIECEWISE_BEZIER_KNOTS.);
#11657 = CARTESIAN_POINT('',(1.286496242981,-4.9500006));
#11658 = CARTESIAN_POINT('',(1.286496242981,5.999999999062E-07));
#11659 = ( GEOMETRIC_REPRESENTATION_CONTEXT(2) 
PARAMETRIC_REPRESENTATION_CONTEXT() REPRESENTATION_CONTEXT('2D SPACE',''
  ) );
#11660 = PCURVE('',#5660,#11661);
#11661 = DEFINITIONAL_REPRESENTATION('',(#11662),#11665);
#11662 = B_SPLINE_CURVE_WITH_KNOTS('',1,(#11663,#11664),.UNSPECIFIED.,
  .F.,.F.,(2,2),(-4.9500006,5.999999999062E-07),
  .PIECEWISE_BEZIER_KNOTS.);
#11663 = CARTESIAN_POINT('',(3.07258865842,-4.9500006));
#11664 = CARTESIAN_POINT('',(3.07258865842,5.999999999062E-07));
#11665 = ( GEOMETRIC_REPRESENTATION_CONTEXT(2) 
PARAMETRIC_REPRESENTATION_CONTEXT() REPRESENTATION_CONTEXT('2D SPACE',''
  ) );
#11666 = ORIENTED_EDGE('',*,*,#5672,.T.);
#11667 = ADVANCED_FACE('',(#11668),#5660,.T.);
#11668 = FACE_BOUND('',#11669,.T.);
#11669 = EDGE_LOOP('',(#11670,#11671,#11672,#11693));
#11670 = ORIENTED_EDGE('',*,*,#11648,.F.);
#11671 = ORIENTED_EDGE('',*,*,#5643,.F.);
#11672 = ORIENTED_EDGE('',*,*,#11673,.T.);
#11673 = EDGE_CURVE('',#5611,#11674,#11676,.T.);
#11674 = VERTEX_POINT('',#11675);
#11675 = CARTESIAN_POINT('',(11.519380947316,-36.05449157304,1.05));
#11676 = SURFACE_CURVE('',#11677,(#11681,#11687),.PCURVE_S1.);
#11677 = LINE('',#11678,#11679);
#11678 = CARTESIAN_POINT('',(11.519380947316,-36.05449157304,1.05));
#11679 = VECTOR('',#11680,1.);
#11680 = DIRECTION('',(-0.,-0.,-1.));
#11681 = PCURVE('',#5660,#11682);
#11682 = DEFINITIONAL_REPRESENTATION('',(#11683),#11686);
#11683 = B_SPLINE_CURVE_WITH_KNOTS('',1,(#11684,#11685),.UNSPECIFIED.,
  .F.,.F.,(2,2),(-4.9500006,5.999999999062E-07),
  .PIECEWISE_BEZIER_KNOTS.);
#11684 = CARTESIAN_POINT('',(3.758568287893,-4.9500006));
#11685 = CARTESIAN_POINT('',(3.758568287893,5.999999999062E-07));
#11686 = ( GEOMETRIC_REPRESENTATION_CONTEXT(2) 
PARAMETRIC_REPRESENTATION_CONTEXT() REPRESENTATION_CONTEXT('2D SPACE',''
  ) );
#11687 = PCURVE('',#5631,#11688);
#11688 = DEFINITIONAL_REPRESENTATION('',(#11689),#11692);
#11689 = B_SPLINE_CURVE_WITH_KNOTS('',1,(#11690,#11691),.UNSPECIFIED.,
  .F.,.F.,(2,2),(-4.9500006,5.999999999062E-07),
  .PIECEWISE_BEZIER_KNOTS.);
#11690 = CARTESIAN_POINT('',(1.261547736549,-6.0000006));
#11691 = CARTESIAN_POINT('',(1.261547736549,-1.0499994));
#11692 = ( GEOMETRIC_REPRESENTATION_CONTEXT(2) 
PARAMETRIC_REPRESENTATION_CONTEXT() REPRESENTATION_CONTEXT('2D SPACE',''
  ) );
#11693 = ORIENTED_EDGE('',*,*,#11694,.T.);
#11694 = EDGE_CURVE('',#11674,#11621,#11695,.T.);
#11695 = SURFACE_CURVE('',#11696,(#11701,#11708),.PCURVE_S1.);
#11696 = CIRCLE('',#11697,2.65);
#11697 = AXIS2_PLACEMENT_3D('',#11698,#11699,#11700);
#11698 = CARTESIAN_POINT('',(13.680805733027,-37.58770483143,1.05));
#11699 = DIRECTION('',(0.,0.,1.));
#11700 = DIRECTION('',(-0.815631994609,0.578571040902,0.));
#11701 = PCURVE('',#5660,#11702);
#11702 = DEFINITIONAL_REPRESENTATION('',(#11703),#11707);
#11703 = LINE('',#11704,#11705);
#11704 = CARTESIAN_POINT('',(3.758568287892,0.));
#11705 = VECTOR('',#11706,1.);
#11706 = DIRECTION('',(-1.,0.));
#11707 = ( GEOMETRIC_REPRESENTATION_CONTEXT(2) 
PARAMETRIC_REPRESENTATION_CONTEXT() REPRESENTATION_CONTEXT('2D SPACE',''
  ) );
#11708 = PCURVE('',#8234,#11709);
#11709 = DEFINITIONAL_REPRESENTATION('',(#11710),#11714);
#11710 = CIRCLE('',#11711,2.65);
#11711 = AXIS2_PLACEMENT_2D('',#11712,#11713);
#11712 = CARTESIAN_POINT('',(13.680805733027,-37.58770483143));
#11713 = DIRECTION('',(-0.815631994609,0.578571040902));
#11714 = ( GEOMETRIC_REPRESENTATION_CONTEXT(2) 
PARAMETRIC_REPRESENTATION_CONTEXT() REPRESENTATION_CONTEXT('2D SPACE',''
  ) );
#11715 = ADVANCED_FACE('',(#11716),#5631,.F.);
#11716 = FACE_BOUND('',#11717,.F.);
#11717 = EDGE_LOOP('',(#11718,#11746,#11765,#11766));
#11718 = ORIENTED_EDGE('',*,*,#11719,.F.);
#11719 = EDGE_CURVE('',#11720,#11674,#11722,.T.);
#11720 = VERTEX_POINT('',#11721);
#11721 = CARTESIAN_POINT('',(14.351022693838,-35.0238582632,1.05));
#11722 = SURFACE_CURVE('',#11723,(#11728,#11735),.PCURVE_S1.);
#11723 = CIRCLE('',#11724,37.85);
#11724 = AXIS2_PLACEMENT_3D('',#11725,#11726,#11727);
#11725 = CARTESIAN_POINT('',(0.,0.,1.05));
#11726 = DIRECTION('',(0.,0.,-1.));
#11727 = DIRECTION('',(1.,0.,0.));
#11728 = PCURVE('',#5631,#11729);
#11729 = DEFINITIONAL_REPRESENTATION('',(#11730),#11734);
#11730 = LINE('',#11731,#11732);
#11731 = CARTESIAN_POINT('',(0.,-1.05));
#11732 = VECTOR('',#11733,1.);
#11733 = DIRECTION('',(1.,0.));
#11734 = ( GEOMETRIC_REPRESENTATION_CONTEXT(2) 
PARAMETRIC_REPRESENTATION_CONTEXT() REPRESENTATION_CONTEXT('2D SPACE',''
  ) );
#11735 = PCURVE('',#8234,#11736);
#11736 = DEFINITIONAL_REPRESENTATION('',(#11737),#11745);
#11737 = ( BOUNDED_CURVE() B_SPLINE_CURVE(2,(#11738,#11739,#11740,#11741
    ,#11742,#11743,#11744),.UNSPECIFIED.,.T.,.F.) 
B_SPLINE_CURVE_WITH_KNOTS((1,2,2,2,2,1),(-2.094395102393,0.,
    2.094395102393,4.188790204786,6.28318530718,8.377580409573),
.UNSPECIFIED.) CURVE() GEOMETRIC_REPRESENTATION_ITEM() 
RATIONAL_B_SPLINE_CURVE((1.,0.5,1.,0.5,1.,0.5,1.)) REPRESENTATION_ITEM(
  '') );
#11738 = CARTESIAN_POINT('',(37.85,-6.177165574951E-16));
#11739 = CARTESIAN_POINT('',(37.85,-65.55812306648));
#11740 = CARTESIAN_POINT('',(-18.925,-32.77906153324));
#11741 = CARTESIAN_POINT('',(-75.7,-9.888292827041E-15));
#11742 = CARTESIAN_POINT('',(-18.925,32.779061533241));
#11743 = CARTESIAN_POINT('',(37.85,65.558123066482));
#11744 = CARTESIAN_POINT('',(37.85,-6.177165574951E-16));
#11745 = ( GEOMETRIC_REPRESENTATION_CONTEXT(2) 
PARAMETRIC_REPRESENTATION_CONTEXT() REPRESENTATION_CONTEXT('2D SPACE',''
  ) );
#11746 = ORIENTED_EDGE('',*,*,#11747,.F.);
#11747 = EDGE_CURVE('',#5582,#11720,#11748,.T.);
#11748 = SURFACE_CURVE('',#11749,(#11753,#11759),.PCURVE_S1.);
#11749 = LINE('',#11750,#11751);
#11750 = CARTESIAN_POINT('',(14.351022693838,-35.0238582632,1.05));
#11751 = VECTOR('',#11752,1.);
#11752 = DIRECTION('',(-0.,-0.,-1.));
#11753 = PCURVE('',#5631,#11754);
#11754 = DEFINITIONAL_REPRESENTATION('',(#11755),#11758);
#11755 = B_SPLINE_CURVE_WITH_KNOTS('',1,(#11756,#11757),.UNSPECIFIED.,
  .F.,.F.,(2,2),(-4.9500006,5.999999999062E-07),
  .PIECEWISE_BEZIER_KNOTS.);
#11756 = CARTESIAN_POINT('',(1.181913216244,-6.0000006));
#11757 = CARTESIAN_POINT('',(1.181913216244,-1.0499994));
#11758 = ( GEOMETRIC_REPRESENTATION_CONTEXT(2) 
PARAMETRIC_REPRESENTATION_CONTEXT() REPRESENTATION_CONTEXT('2D SPACE',''
  ) );
#11759 = PCURVE('',#5598,#11760);
#11760 = DEFINITIONAL_REPRESENTATION('',(#11761),#11764);
#11761 = B_SPLINE_CURVE_WITH_KNOTS('',1,(#11762,#11763),.UNSPECIFIED.,
  .F.,.F.,(2,2),(-4.9500006,5.999999999062E-07),
  .PIECEWISE_BEZIER_KNOTS.);
#11762 = CARTESIAN_POINT('',(4.968077972079,-4.9500006));
#11763 = CARTESIAN_POINT('',(4.968077972079,5.999999999062E-07));
#11764 = ( GEOMETRIC_REPRESENTATION_CONTEXT(2) 
PARAMETRIC_REPRESENTATION_CONTEXT() REPRESENTATION_CONTEXT('2D SPACE',''
  ) );
#11765 = ORIENTED_EDGE('',*,*,#5610,.T.);
#11766 = ORIENTED_EDGE('',*,*,#11673,.T.);
#11767 = ADVANCED_FACE('',(#11768),#5598,.T.);
#11768 = FACE_BOUND('',#11769,.T.);
#11769 = EDGE_LOOP('',(#11770,#11771,#11772,#11773));
#11770 = ORIENTED_EDGE('',*,*,#11747,.F.);
#11771 = ORIENTED_EDGE('',*,*,#5581,.F.);
#11772 = ORIENTED_EDGE('',*,*,#8198,.T.);
#11773 = ORIENTED_EDGE('',*,*,#11774,.T.);
#11774 = EDGE_CURVE('',#8199,#11720,#11775,.T.);
#11775 = SURFACE_CURVE('',#11776,(#11781,#11788),.PCURVE_S1.);
#11776 = CIRCLE('',#11777,2.65);
#11777 = AXIS2_PLACEMENT_3D('',#11778,#11779,#11780);
#11778 = CARTESIAN_POINT('',(13.680805733027,-37.58770483143,1.05));
#11779 = DIRECTION('',(0.,0.,1.));
#11780 = DIRECTION('',(0.80854110849,0.588439696045,-0.));
#11781 = PCURVE('',#5598,#11782);
#11782 = DEFINITIONAL_REPRESENTATION('',(#11783),#11787);
#11783 = LINE('',#11784,#11785);
#11784 = CARTESIAN_POINT('',(5.654057601551,0.));
#11785 = VECTOR('',#11786,1.);
#11786 = DIRECTION('',(-1.,0.));
#11787 = ( GEOMETRIC_REPRESENTATION_CONTEXT(2) 
PARAMETRIC_REPRESENTATION_CONTEXT() REPRESENTATION_CONTEXT('2D SPACE',''
  ) );
#11788 = PCURVE('',#8234,#11789);
#11789 = DEFINITIONAL_REPRESENTATION('',(#11790),#11794);
#11790 = CIRCLE('',#11791,2.65);
#11791 = AXIS2_PLACEMENT_2D('',#11792,#11793);
#11792 = CARTESIAN_POINT('',(13.680805733027,-37.58770483143));
#11793 = DIRECTION('',(0.80854110849,0.588439696045));
#11794 = ( GEOMETRIC_REPRESENTATION_CONTEXT(2) 
PARAMETRIC_REPRESENTATION_CONTEXT() REPRESENTATION_CONTEXT('2D SPACE',''
  ) );
#11795 = ADVANCED_FACE('',(#11796),#5541,.T.);
#11796 = FACE_BOUND('',#11797,.T.);
#11797 = EDGE_LOOP('',(#11798,#11799,#11800,#11828));
#11798 = ORIENTED_EDGE('',*,*,#5525,.F.);
#11799 = ORIENTED_EDGE('',*,*,#6211,.T.);
#11800 = ORIENTED_EDGE('',*,*,#11801,.T.);
#11801 = EDGE_CURVE('',#6190,#11802,#11804,.T.);
#11802 = VERTEX_POINT('',#11803);
#11803 = CARTESIAN_POINT('',(20.575074249821,-33.542343681,6.));
#11804 = SURFACE_CURVE('',#11805,(#11809,#11816),.PCURVE_S1.);
#11805 = LINE('',#11806,#11807);
#11806 = CARTESIAN_POINT('',(2.742505920474,-15.07617860321,6.));
#11807 = VECTOR('',#11808,1.);
#11808 = DIRECTION('',(-0.694658370459,0.719339800339,0.));
#11809 = PCURVE('',#5541,#11810);
#11810 = DEFINITIONAL_REPRESENTATION('',(#11811),#11815);
#11811 = LINE('',#11812,#11813);
#11812 = CARTESIAN_POINT('',(2.742505920474,-15.07617860321));
#11813 = VECTOR('',#11814,1.);
#11814 = DIRECTION('',(-0.694658370459,0.719339800339));
#11815 = ( GEOMETRIC_REPRESENTATION_CONTEXT(2) 
PARAMETRIC_REPRESENTATION_CONTEXT() REPRESENTATION_CONTEXT('2D SPACE',''
  ) );
#11816 = PCURVE('',#11817,#11822);
#11817 = PLANE('',#11818);
#11818 = AXIS2_PLACEMENT_3D('',#11819,#11820,#11821);
#11819 = CARTESIAN_POINT('',(-4.118407928589E-15,3.242876655026E-16,6.)
  );
#11820 = DIRECTION('',(0.,0.,1.));
#11821 = DIRECTION('',(1.,0.,-0.));
#11822 = DEFINITIONAL_REPRESENTATION('',(#11823),#11827);
#11823 = LINE('',#11824,#11825);
#11824 = CARTESIAN_POINT('',(2.742505920474,-15.07617860321));
#11825 = VECTOR('',#11826,1.);
#11826 = DIRECTION('',(-0.694658370459,0.719339800339));
#11827 = ( GEOMETRIC_REPRESENTATION_CONTEXT(2) 
PARAMETRIC_REPRESENTATION_CONTEXT() REPRESENTATION_CONTEXT('2D SPACE',''
  ) );
#11828 = ORIENTED_EDGE('',*,*,#11829,.T.);
#11829 = EDGE_CURVE('',#11802,#5526,#11830,.T.);
#11830 = SURFACE_CURVE('',#11831,(#11836,#11847),.PCURVE_S1.);
#11831 = CIRCLE('',#11832,39.35);
#11832 = AXIS2_PLACEMENT_3D('',#11833,#11834,#11835);
#11833 = CARTESIAN_POINT('',(0.,0.,6.));
#11834 = DIRECTION('',(0.,0.,-1.));
#11835 = DIRECTION('',(0.40212044906,0.915586776034,0.));
#11836 = PCURVE('',#5541,#11837);
#11837 = DEFINITIONAL_REPRESENTATION('',(#11838),#11846);
#11838 = ( BOUNDED_CURVE() B_SPLINE_CURVE(2,(#11839,#11840,#11841,#11842
    ,#11843,#11844,#11845),.UNSPECIFIED.,.T.,.F.) 
B_SPLINE_CURVE_WITH_KNOTS((1,2,2,2,2,1),(-2.094395102393,0.,
    2.094395102393,4.188790204786,6.28318530718,8.377580409573),
.UNSPECIFIED.) CURVE() GEOMETRIC_REPRESENTATION_ITEM() 
RATIONAL_B_SPLINE_CURVE((1.,0.5,1.,0.5,1.,0.5,1.)) REPRESENTATION_ITEM(
  '') );
#11839 = CARTESIAN_POINT('',(15.823439670507,36.028339636928));
#11840 = CARTESIAN_POINT('',(78.226354434014,8.62133817711));
#11841 = CARTESIAN_POINT('',(23.2897375465,-31.71767054837));
#11842 = CARTESIAN_POINT('',(-31.64687934101,-72.05667927385));
#11843 = CARTESIAN_POINT('',(-39.113177217,-4.310669088555));
#11844 = CARTESIAN_POINT('',(-46.579475093,63.435341096746));
#11845 = CARTESIAN_POINT('',(15.823439670507,36.028339636928));
#11846 = ( GEOMETRIC_REPRESENTATION_CONTEXT(2) 
PARAMETRIC_REPRESENTATION_CONTEXT() REPRESENTATION_CONTEXT('2D SPACE',''
  ) );
#11847 = PCURVE('',#11817,#11848);
#11848 = DEFINITIONAL_REPRESENTATION('',(#11849),#11857);
#11849 = ( BOUNDED_CURVE() B_SPLINE_CURVE(2,(#11850,#11851,#11852,#11853
    ,#11854,#11855,#11856),.UNSPECIFIED.,.T.,.F.) 
B_SPLINE_CURVE_WITH_KNOTS((1,2,2,2,2,1),(-2.094395102393,0.,
    2.094395102393,4.188790204786,6.28318530718,8.377580409573),
.UNSPECIFIED.) CURVE() GEOMETRIC_REPRESENTATION_ITEM() 
RATIONAL_B_SPLINE_CURVE((1.,0.5,1.,0.5,1.,0.5,1.)) REPRESENTATION_ITEM(
  '') );
#11850 = CARTESIAN_POINT('',(15.823439670507,36.028339636928));
#11851 = CARTESIAN_POINT('',(78.226354434014,8.62133817711));
#11852 = CARTESIAN_POINT('',(23.2897375465,-31.71767054837));
#11853 = CARTESIAN_POINT('',(-31.64687934101,-72.05667927385));
#11854 = CARTESIAN_POINT('',(-39.113177217,-4.310669088555));
#11855 = CARTESIAN_POINT('',(-46.579475093,63.435341096746));
#11856 = CARTESIAN_POINT('',(15.823439670507,36.028339636928));
#11857 = ( GEOMETRIC_REPRESENTATION_CONTEXT(2) 
PARAMETRIC_REPRESENTATION_CONTEXT() REPRESENTATION_CONTEXT('2D SPACE',''
  ) );
#11858 = ADVANCED_FACE('',(#11859),#5845,.F.);
#11859 = FACE_BOUND('',#11860,.F.);
#11860 = EDGE_LOOP('',(#11861,#11884,#11885,#11886));
#11861 = ORIENTED_EDGE('',*,*,#11862,.T.);
#11862 = EDGE_CURVE('',#11863,#5825,#11865,.T.);
#11863 = VERTEX_POINT('',#11864);
#11864 = CARTESIAN_POINT('',(-12.63080573302,-37.58770483143,1.4));
#11865 = SEAM_CURVE('',#11866,(#11870,#11877),.PCURVE_S1.);
#11866 = LINE('',#11867,#11868);
#11867 = CARTESIAN_POINT('',(-12.63080573302,-37.58770483143,1.4));
#11868 = VECTOR('',#11869,1.);
#11869 = DIRECTION('',(0.,0.,1.));
#11870 = PCURVE('',#5845,#11871);
#11871 = DEFINITIONAL_REPRESENTATION('',(#11872),#11876);
#11872 = LINE('',#11873,#11874);
#11873 = CARTESIAN_POINT('',(-4.138911435803E-13,0.));
#11874 = VECTOR('',#11875,1.);
#11875 = DIRECTION('',(-0.,-1.));
#11876 = ( GEOMETRIC_REPRESENTATION_CONTEXT(2) 
PARAMETRIC_REPRESENTATION_CONTEXT() REPRESENTATION_CONTEXT('2D SPACE',''
  ) );
#11877 = PCURVE('',#5845,#11878);
#11878 = DEFINITIONAL_REPRESENTATION('',(#11879),#11883);
#11879 = LINE('',#11880,#11881);
#11880 = CARTESIAN_POINT('',(6.28318530718,0.));
#11881 = VECTOR('',#11882,1.);
#11882 = DIRECTION('',(-0.,-1.));
#11883 = ( GEOMETRIC_REPRESENTATION_CONTEXT(2) 
PARAMETRIC_REPRESENTATION_CONTEXT() REPRESENTATION_CONTEXT('2D SPACE',''
  ) );
#11884 = ORIENTED_EDGE('',*,*,#5824,.T.);
#11885 = ORIENTED_EDGE('',*,*,#11862,.F.);
#11886 = ORIENTED_EDGE('',*,*,#11887,.T.);
#11887 = EDGE_CURVE('',#11863,#11863,#11888,.T.);
#11888 = SURFACE_CURVE('',#11889,(#11894,#11901),.PCURVE_S1.);
#11889 = CIRCLE('',#11890,1.05);
#11890 = AXIS2_PLACEMENT_3D('',#11891,#11892,#11893);
#11891 = CARTESIAN_POINT('',(-13.68080573302,-37.58770483143,1.4));
#11892 = DIRECTION('',(0.,0.,1.));
#11893 = DIRECTION('',(1.,0.,-0.));
#11894 = PCURVE('',#5845,#11895);
#11895 = DEFINITIONAL_REPRESENTATION('',(#11896),#11900);
#11896 = LINE('',#11897,#11898);
#11897 = CARTESIAN_POINT('',(6.28318530718,0.));
#11898 = VECTOR('',#11899,1.);
#11899 = DIRECTION('',(-1.,0.));
#11900 = ( GEOMETRIC_REPRESENTATION_CONTEXT(2) 
PARAMETRIC_REPRESENTATION_CONTEXT() REPRESENTATION_CONTEXT('2D SPACE',''
  ) );
#11901 = PCURVE('',#11902,#11907);
#11902 = PLANE('',#11903);
#11903 = AXIS2_PLACEMENT_3D('',#11904,#11905,#11906);
#11904 = CARTESIAN_POINT('',(-13.68080573302,-37.58770483143,1.4));
#11905 = DIRECTION('',(0.,0.,1.));
#11906 = DIRECTION('',(1.,0.,-0.));
#11907 = DEFINITIONAL_REPRESENTATION('',(#11908),#11912);
#11908 = CIRCLE('',#11909,1.05);
#11909 = AXIS2_PLACEMENT_2D('',#11910,#11911);
#11910 = CARTESIAN_POINT('',(0.,0.));
#11911 = DIRECTION('',(1.,0.));
#11912 = ( GEOMETRIC_REPRESENTATION_CONTEXT(2) 
PARAMETRIC_REPRESENTATION_CONTEXT() REPRESENTATION_CONTEXT('2D SPACE',''
  ) );
#11913 = ADVANCED_FACE('',(#11914),#5880,.F.);
#11914 = FACE_BOUND('',#11915,.F.);
#11915 = EDGE_LOOP('',(#11916,#11939,#11940,#11941));
#11916 = ORIENTED_EDGE('',*,*,#11917,.T.);
#11917 = EDGE_CURVE('',#11918,#5860,#11920,.T.);
#11918 = VERTEX_POINT('',#11919);
#11919 = CARTESIAN_POINT('',(14.730805733027,-37.58770483143,1.4));
#11920 = SEAM_CURVE('',#11921,(#11925,#11932),.PCURVE_S1.);
#11921 = LINE('',#11922,#11923);
#11922 = CARTESIAN_POINT('',(14.730805733027,-37.58770483143,1.4));
#11923 = VECTOR('',#11924,1.);
#11924 = DIRECTION('',(0.,0.,1.));
#11925 = PCURVE('',#5880,#11926);
#11926 = DEFINITIONAL_REPRESENTATION('',(#11927),#11931);
#11927 = LINE('',#11928,#11929);
#11928 = CARTESIAN_POINT('',(-4.138911435803E-13,0.));
#11929 = VECTOR('',#11930,1.);
#11930 = DIRECTION('',(-0.,-1.));
#11931 = ( GEOMETRIC_REPRESENTATION_CONTEXT(2) 
PARAMETRIC_REPRESENTATION_CONTEXT() REPRESENTATION_CONTEXT('2D SPACE',''
  ) );
#11932 = PCURVE('',#5880,#11933);
#11933 = DEFINITIONAL_REPRESENTATION('',(#11934),#11938);
#11934 = LINE('',#11935,#11936);
#11935 = CARTESIAN_POINT('',(6.28318530718,0.));
#11936 = VECTOR('',#11937,1.);
#11937 = DIRECTION('',(-0.,-1.));
#11938 = ( GEOMETRIC_REPRESENTATION_CONTEXT(2) 
PARAMETRIC_REPRESENTATION_CONTEXT() REPRESENTATION_CONTEXT('2D SPACE',''
  ) );
#11939 = ORIENTED_EDGE('',*,*,#5859,.T.);
#11940 = ORIENTED_EDGE('',*,*,#11917,.F.);
#11941 = ORIENTED_EDGE('',*,*,#11942,.T.);
#11942 = EDGE_CURVE('',#11918,#11918,#11943,.T.);
#11943 = SURFACE_CURVE('',#11944,(#11949,#11956),.PCURVE_S1.);
#11944 = CIRCLE('',#11945,1.05);
#11945 = AXIS2_PLACEMENT_3D('',#11946,#11947,#11948);
#11946 = CARTESIAN_POINT('',(13.680805733027,-37.58770483143,1.4));
#11947 = DIRECTION('',(0.,0.,1.));
#11948 = DIRECTION('',(1.,0.,-0.));
#11949 = PCURVE('',#5880,#11950);
#11950 = DEFINITIONAL_REPRESENTATION('',(#11951),#11955);
#11951 = LINE('',#11952,#11953);
#11952 = CARTESIAN_POINT('',(6.28318530718,0.));
#11953 = VECTOR('',#11954,1.);
#11954 = DIRECTION('',(-1.,0.));
#11955 = ( GEOMETRIC_REPRESENTATION_CONTEXT(2) 
PARAMETRIC_REPRESENTATION_CONTEXT() REPRESENTATION_CONTEXT('2D SPACE',''
  ) );
#11956 = PCURVE('',#11957,#11962);
#11957 = PLANE('',#11958);
#11958 = AXIS2_PLACEMENT_3D('',#11959,#11960,#11961);
#11959 = CARTESIAN_POINT('',(13.680805733027,-37.58770483143,1.4));
#11960 = DIRECTION('',(0.,0.,1.));
#11961 = DIRECTION('',(1.,0.,-0.));
#11962 = DEFINITIONAL_REPRESENTATION('',(#11963),#11967);
#11963 = CIRCLE('',#11964,1.05);
#11964 = AXIS2_PLACEMENT_2D('',#11965,#11966);
#11965 = CARTESIAN_POINT('',(0.,0.));
#11966 = DIRECTION('',(1.,0.));
#11967 = ( GEOMETRIC_REPRESENTATION_CONTEXT(2) 
PARAMETRIC_REPRESENTATION_CONTEXT() REPRESENTATION_CONTEXT('2D SPACE',''
  ) );
#11968 = ADVANCED_FACE('',(#11969),#6087,.T.);
#11969 = FACE_BOUND('',#11970,.F.);
#11970 = EDGE_LOOP('',(#11971,#11972,#11996,#12015,#12016,#12017));
#11971 = ORIENTED_EDGE('',*,*,#6189,.F.);
#11972 = ORIENTED_EDGE('',*,*,#11973,.T.);
#11973 = EDGE_CURVE('',#6190,#11974,#11976,.T.);
#11974 = VERTEX_POINT('',#11975);
#11975 = CARTESIAN_POINT('',(26.078755770526,-33.55813608443,6.));
#11976 = SURFACE_CURVE('',#11977,(#11982,#11989),.PCURVE_S1.);
#11977 = CIRCLE('',#11978,42.5);
#11978 = AXIS2_PLACEMENT_3D('',#11979,#11980,#11981);
#11979 = CARTESIAN_POINT('',(0.,0.,6.));
#11980 = DIRECTION('',(0.,0.,1.));
#11981 = DIRECTION('',(1.,0.,0.));
#11982 = PCURVE('',#6087,#11983);
#11983 = DEFINITIONAL_REPRESENTATION('',(#11984),#11988);
#11984 = LINE('',#11985,#11986);
#11985 = CARTESIAN_POINT('',(-0.,-4.95));
#11986 = VECTOR('',#11987,1.);
#11987 = DIRECTION('',(-1.,0.));
#11988 = ( GEOMETRIC_REPRESENTATION_CONTEXT(2) 
PARAMETRIC_REPRESENTATION_CONTEXT() REPRESENTATION_CONTEXT('2D SPACE',''
  ) );
#11989 = PCURVE('',#11817,#11990);
#11990 = DEFINITIONAL_REPRESENTATION('',(#11991),#11995);
#11991 = CIRCLE('',#11992,42.5);
#11992 = AXIS2_PLACEMENT_2D('',#11993,#11994);
#11993 = CARTESIAN_POINT('',(4.118407928589E-15,-3.242876655026E-16));
#11994 = DIRECTION('',(1.,0.));
#11995 = ( GEOMETRIC_REPRESENTATION_CONTEXT(2) 
PARAMETRIC_REPRESENTATION_CONTEXT() REPRESENTATION_CONTEXT('2D SPACE',''
  ) );
#11996 = ORIENTED_EDGE('',*,*,#11997,.T.);
#11997 = EDGE_CURVE('',#11974,#6241,#11998,.T.);
#11998 = SURFACE_CURVE('',#11999,(#12003,#12009),.PCURVE_S1.);
#11999 = LINE('',#12000,#12001);
#12000 = CARTESIAN_POINT('',(26.078755770526,-33.55813608443,1.05));
#12001 = VECTOR('',#12002,1.);
#12002 = DIRECTION('',(-0.,-0.,-1.));
#12003 = PCURVE('',#6087,#12004);
#12004 = DEFINITIONAL_REPRESENTATION('',(#12005),#12008);
#12005 = B_SPLINE_CURVE_WITH_KNOTS('',1,(#12006,#12007),.UNSPECIFIED.,
  .F.,.F.,(2,2),(-4.9500006,-3.43952285888),.PIECEWISE_BEZIER_KNOTS.);
#12006 = CARTESIAN_POINT('',(-5.373023232466,-4.9500006));
#12007 = CARTESIAN_POINT('',(-5.373023232466,-3.43952285888));
#12008 = ( GEOMETRIC_REPRESENTATION_CONTEXT(2) 
PARAMETRIC_REPRESENTATION_CONTEXT() REPRESENTATION_CONTEXT('2D SPACE',''
  ) );
#12009 = PCURVE('',#6256,#12010);
#12010 = DEFINITIONAL_REPRESENTATION('',(#12011),#12014);
#12011 = B_SPLINE_CURVE_WITH_KNOTS('',1,(#12012,#12013),.UNSPECIFIED.,
  .F.,.F.,(2,2),(-4.9500006,-3.43952285888),.PIECEWISE_BEZIER_KNOTS.);
#12012 = CARTESIAN_POINT('',(2.03047774112,5.228752982804));
#12013 = CARTESIAN_POINT('',(0.52,5.228752982804));
#12014 = ( GEOMETRIC_REPRESENTATION_CONTEXT(2) 
PARAMETRIC_REPRESENTATION_CONTEXT() REPRESENTATION_CONTEXT('2D SPACE',''
  ) );
#12015 = ORIENTED_EDGE('',*,*,#6428,.T.);
#12016 = ORIENTED_EDGE('',*,*,#6070,.T.);
#12017 = ORIENTED_EDGE('',*,*,#6099,.F.);
#12018 = ADVANCED_FACE('',(#12019),#6256,.T.);
#12019 = FACE_BOUND('',#12020,.T.);
#12020 = EDGE_LOOP('',(#12021,#12022,#12023,#12044));
#12021 = ORIENTED_EDGE('',*,*,#11997,.T.);
#12022 = ORIENTED_EDGE('',*,*,#6238,.F.);
#12023 = ORIENTED_EDGE('',*,*,#12024,.F.);
#12024 = EDGE_CURVE('',#12025,#6239,#12027,.T.);
#12025 = VERTEX_POINT('',#12026);
#12026 = CARTESIAN_POINT('',(23.668858708357,-31.31050346838,6.));
#12027 = SURFACE_CURVE('',#12028,(#12032,#12038),.PCURVE_S1.);
#12028 = LINE('',#12029,#12030);
#12029 = CARTESIAN_POINT('',(23.668858708357,-31.31050346838,1.05));
#12030 = VECTOR('',#12031,1.);
#12031 = DIRECTION('',(-0.,-0.,-1.));
#12032 = PCURVE('',#6256,#12033);
#12033 = DEFINITIONAL_REPRESENTATION('',(#12034),#12037);
#12034 = B_SPLINE_CURVE_WITH_KNOTS('',1,(#12035,#12036),.UNSPECIFIED.,
  .F.,.F.,(2,2),(-4.9500006,-3.43952285888),.PIECEWISE_BEZIER_KNOTS.);
#12035 = CARTESIAN_POINT('',(2.03047774112,1.933384076754));
#12036 = CARTESIAN_POINT('',(0.52,1.933384076754));
#12037 = ( GEOMETRIC_REPRESENTATION_CONTEXT(2) 
PARAMETRIC_REPRESENTATION_CONTEXT() REPRESENTATION_CONTEXT('2D SPACE',''
  ) );
#12038 = PCURVE('',#6302,#12039);
#12039 = DEFINITIONAL_REPRESENTATION('',(#12040),#12043);
#12040 = B_SPLINE_CURVE_WITH_KNOTS('',1,(#12041,#12042),.UNSPECIFIED.,
  .F.,.F.,(2,2),(-4.9500006,-3.43952285888),.PIECEWISE_BEZIER_KNOTS.);
#12041 = CARTESIAN_POINT('',(-5.35968079598,-4.9500006));
#12042 = CARTESIAN_POINT('',(-5.35968079598,-3.43952285888));
#12043 = ( GEOMETRIC_REPRESENTATION_CONTEXT(2) 
PARAMETRIC_REPRESENTATION_CONTEXT() REPRESENTATION_CONTEXT('2D SPACE',''
  ) );
#12044 = ORIENTED_EDGE('',*,*,#12045,.F.);
#12045 = EDGE_CURVE('',#11974,#12025,#12046,.T.);
#12046 = SURFACE_CURVE('',#12047,(#12051,#12057),.PCURVE_S1.);
#12047 = LINE('',#12048,#12049);
#12048 = CARTESIAN_POINT('',(8.824255091389,-17.4654244459,6.));
#12049 = VECTOR('',#12050,1.);
#12050 = DIRECTION('',(-0.731298112859,0.682057966839,0.));
#12051 = PCURVE('',#6256,#12052);
#12052 = DEFINITIONAL_REPRESENTATION('',(#12053),#12056);
#12053 = B_SPLINE_CURVE_WITH_KNOTS('',1,(#12054,#12055),.UNSPECIFIED.,
  .F.,.F.,(2,2),(-26.96755328703,-18.36559298327),
  .PIECEWISE_BEZIER_KNOTS.);
#12054 = CARTESIAN_POINT('',(2.03047714112,8.60196030376));
#12055 = CARTESIAN_POINT('',(2.03047714112,0.));
#12056 = ( GEOMETRIC_REPRESENTATION_CONTEXT(2) 
PARAMETRIC_REPRESENTATION_CONTEXT() REPRESENTATION_CONTEXT('2D SPACE',''
  ) );
#12057 = PCURVE('',#11817,#12058);
#12058 = DEFINITIONAL_REPRESENTATION('',(#12059),#12062);
#12059 = B_SPLINE_CURVE_WITH_KNOTS('',1,(#12060,#12061),.UNSPECIFIED.,
  .F.,.F.,(2,2),(-26.96755328703,-18.36559298327),
  .PIECEWISE_BEZIER_KNOTS.);
#12060 = CARTESIAN_POINT('',(28.545575918623,-35.85885901149));
#12061 = CARTESIAN_POINT('',(22.254978581595,-29.99182345587));
#12062 = ( GEOMETRIC_REPRESENTATION_CONTEXT(2) 
PARAMETRIC_REPRESENTATION_CONTEXT() REPRESENTATION_CONTEXT('2D SPACE',''
  ) );
#12063 = ADVANCED_FACE('',(#12064),#6338,.F.);
#12064 = FACE_BOUND('',#12065,.F.);
#12065 = EDGE_LOOP('',(#12066,#12067,#12095,#12116));
#12066 = ORIENTED_EDGE('',*,*,#6323,.F.);
#12067 = ORIENTED_EDGE('',*,*,#12068,.T.);
#12068 = EDGE_CURVE('',#6269,#12069,#12071,.T.);
#12069 = VERTEX_POINT('',#12070);
#12070 = CARTESIAN_POINT('',(21.402066996864,-32.90158093863,4.14));
#12071 = SURFACE_CURVE('',#12072,(#12077,#12088),.PCURVE_S1.);
#12072 = CIRCLE('',#12073,39.25);
#12073 = AXIS2_PLACEMENT_3D('',#12074,#12075,#12076);
#12074 = CARTESIAN_POINT('',(2.025146430259E-13,-1.910692005867E-15,4.14
    ));
#12075 = DIRECTION('',(0.,0.,-1.));
#12076 = DIRECTION('',(1.,0.,0.));
#12077 = PCURVE('',#6338,#12078);
#12078 = DEFINITIONAL_REPRESENTATION('',(#12079),#12087);
#12079 = ( BOUNDED_CURVE() B_SPLINE_CURVE(2,(#12080,#12081,#12082,#12083
    ,#12084,#12085,#12086),.UNSPECIFIED.,.T.,.F.) 
B_SPLINE_CURVE_WITH_KNOTS((1,2,2,2,2,1),(-2.094395102393,0.,
    2.094395102393,4.188790204786,6.28318530718,8.377580409573),
.UNSPECIFIED.) CURVE() GEOMETRIC_REPRESENTATION_ITEM() 
RATIONAL_B_SPLINE_CURVE((1.,0.5,1.,0.5,1.,0.5,1.)) REPRESENTATION_ITEM(
  '') );
#12080 = CARTESIAN_POINT('',(1.765341040516,36.794087163292));
#12081 = CARTESIAN_POINT('',(50.668214512666,-10.43086880457));
#12082 = CARTESIAN_POINT('',(-14.68123378418,-29.16952156557));
#12083 = CARTESIAN_POINT('',(-80.03068208103,-47.90817432658));
#12084 = CARTESIAN_POINT('',(-63.58410725633,18.055434402287));
#12085 = CARTESIAN_POINT('',(-47.13753243163,84.019043131158));
#12086 = CARTESIAN_POINT('',(1.765341040516,36.794087163292));
#12087 = ( GEOMETRIC_REPRESENTATION_CONTEXT(2) 
PARAMETRIC_REPRESENTATION_CONTEXT() REPRESENTATION_CONTEXT('2D SPACE',''
  ) );
#12088 = PCURVE('',#6302,#12089);
#12089 = DEFINITIONAL_REPRESENTATION('',(#12090),#12094);
#12090 = LINE('',#12091,#12092);
#12091 = CARTESIAN_POINT('',(-6.28318530718,-3.09));
#12092 = VECTOR('',#12093,1.);
#12093 = DIRECTION('',(1.,-0.));
#12094 = ( GEOMETRIC_REPRESENTATION_CONTEXT(2) 
PARAMETRIC_REPRESENTATION_CONTEXT() REPRESENTATION_CONTEXT('2D SPACE',''
  ) );
#12095 = ORIENTED_EDGE('',*,*,#12096,.T.);
#12096 = EDGE_CURVE('',#12069,#8076,#12097,.T.);
#12097 = SURFACE_CURVE('',#12098,(#12102,#12109),.PCURVE_S1.);
#12098 = LINE('',#12099,#12100);
#12099 = CARTESIAN_POINT('',(12.347513536178,-23.52531635226,4.14));
#12100 = VECTOR('',#12101,1.);
#12101 = DIRECTION('',(0.694658370459,-0.719339800339,0.));
#12102 = PCURVE('',#6338,#12103);
#12103 = DEFINITIONAL_REPRESENTATION('',(#12104),#12108);
#12104 = LINE('',#12105,#12106);
#12105 = CARTESIAN_POINT('',(2.937509852697E-16,1.1));
#12106 = VECTOR('',#12107,1.);
#12107 = DIRECTION('',(1.,2.135040936069E-17));
#12108 = ( GEOMETRIC_REPRESENTATION_CONTEXT(2) 
PARAMETRIC_REPRESENTATION_CONTEXT() REPRESENTATION_CONTEXT('2D SPACE',''
  ) );
#12109 = PCURVE('',#8147,#12110);
#12110 = DEFINITIONAL_REPRESENTATION('',(#12111),#12115);
#12111 = LINE('',#12112,#12113);
#12112 = CARTESIAN_POINT('',(1.570796326795,0.));
#12113 = VECTOR('',#12114,1.);
#12114 = DIRECTION('',(0.,1.));
#12115 = ( GEOMETRIC_REPRESENTATION_CONTEXT(2) 
PARAMETRIC_REPRESENTATION_CONTEXT() REPRESENTATION_CONTEXT('2D SPACE',''
  ) );
#12116 = ORIENTED_EDGE('',*,*,#8075,.F.);
#12117 = ADVANCED_FACE('',(#12118),#6302,.F.);
#12118 = FACE_BOUND('',#12119,.T.);
#12119 = EDGE_LOOP('',(#12120,#12143,#12165,#12166,#12167,#12168));
#12120 = ORIENTED_EDGE('',*,*,#12121,.F.);
#12121 = EDGE_CURVE('',#12122,#12124,#12126,.T.);
#12122 = VERTEX_POINT('',#12123);
#12123 = CARTESIAN_POINT('',(20.451484135125,-33.50073576312,6.));
#12124 = VERTEX_POINT('',#12125);
#12125 = CARTESIAN_POINT('',(20.451484135125,-33.50073576312,5.24));
#12126 = SURFACE_CURVE('',#12127,(#12131,#12137),.PCURVE_S1.);
#12127 = LINE('',#12128,#12129);
#12128 = CARTESIAN_POINT('',(20.451484135125,-33.50073576312,1.05));
#12129 = VECTOR('',#12130,1.);
#12130 = DIRECTION('',(-0.,-0.,-1.));
#12131 = PCURVE('',#6302,#12132);
#12132 = DEFINITIONAL_REPRESENTATION('',(#12133),#12136);
#12133 = B_SPLINE_CURVE_WITH_KNOTS('',1,(#12134,#12135),.UNSPECIFIED.,
  .F.,.F.,(2,2),(-4.9500006,-3.478),.PIECEWISE_BEZIER_KNOTS.);
#12134 = CARTESIAN_POINT('',(-5.260477768891,-4.9500006));
#12135 = CARTESIAN_POINT('',(-5.260477768891,-3.478));
#12136 = ( GEOMETRIC_REPRESENTATION_CONTEXT(2) 
PARAMETRIC_REPRESENTATION_CONTEXT() REPRESENTATION_CONTEXT('2D SPACE',''
  ) );
#12137 = PCURVE('',#8186,#12138);
#12138 = DEFINITIONAL_REPRESENTATION('',(#12139),#12142);
#12139 = B_SPLINE_CURVE_WITH_KNOTS('',1,(#12140,#12141),.UNSPECIFIED.,
  .F.,.F.,(2,2),(-4.9500006,-3.478),.PIECEWISE_BEZIER_KNOTS.);
#12140 = CARTESIAN_POINT('',(1.8600006,12.805207217818));
#12141 = CARTESIAN_POINT('',(0.388,12.805207217818));
#12142 = ( GEOMETRIC_REPRESENTATION_CONTEXT(2) 
PARAMETRIC_REPRESENTATION_CONTEXT() REPRESENTATION_CONTEXT('2D SPACE',''
  ) );
#12143 = ORIENTED_EDGE('',*,*,#12144,.T.);
#12144 = EDGE_CURVE('',#12122,#12025,#12145,.T.);
#12145 = SURFACE_CURVE('',#12146,(#12151,#12158),.PCURVE_S1.);
#12146 = CIRCLE('',#12147,39.25);
#12147 = AXIS2_PLACEMENT_3D('',#12148,#12149,#12150);
#12148 = CARTESIAN_POINT('',(2.025146430259E-13,-1.910692005867E-15,6.)
  );
#12149 = DIRECTION('',(0.,0.,1.));
#12150 = DIRECTION('',(1.,0.,0.));
#12151 = PCURVE('',#6302,#12152);
#12152 = DEFINITIONAL_REPRESENTATION('',(#12153),#12157);
#12153 = LINE('',#12154,#12155);
#12154 = CARTESIAN_POINT('',(-0.,-4.95));
#12155 = VECTOR('',#12156,1.);
#12156 = DIRECTION('',(-1.,0.));
#12157 = ( GEOMETRIC_REPRESENTATION_CONTEXT(2) 
PARAMETRIC_REPRESENTATION_CONTEXT() REPRESENTATION_CONTEXT('2D SPACE',''
  ) );
#12158 = PCURVE('',#11817,#12159);
#12159 = DEFINITIONAL_REPRESENTATION('',(#12160),#12164);
#12160 = CIRCLE('',#12161,39.25);
#12161 = AXIS2_PLACEMENT_2D('',#12162,#12163);
#12162 = CARTESIAN_POINT('',(2.066330509545E-13,-2.23497967137E-15));
#12163 = DIRECTION('',(1.,0.));
#12164 = ( GEOMETRIC_REPRESENTATION_CONTEXT(2) 
PARAMETRIC_REPRESENTATION_CONTEXT() REPRESENTATION_CONTEXT('2D SPACE',''
  ) );
#12165 = ORIENTED_EDGE('',*,*,#12024,.T.);
#12166 = ORIENTED_EDGE('',*,*,#6268,.T.);
#12167 = ORIENTED_EDGE('',*,*,#12068,.T.);
#12168 = ORIENTED_EDGE('',*,*,#12169,.F.);
#12169 = EDGE_CURVE('',#12124,#12069,#12170,.T.);
#12170 = SURFACE_CURVE('',#12171,(#12189,#12210),.PCURVE_S1.);
#12171 = B_SPLINE_CURVE_WITH_KNOTS('',6,(#12172,#12173,#12174,#12175,
    #12176,#12177,#12178,#12179,#12180,#12181,#12182,#12183,#12184,
    #12185,#12186,#12187,#12188),.UNSPECIFIED.,.F.,.F.,(7,5,5,7),(0.,
    0.450708694082,0.621187046096,1.),.UNSPECIFIED.);
#12172 = CARTESIAN_POINT('',(20.451484135125,-33.50073576312,5.24));
#12173 = CARTESIAN_POINT('',(20.451484135125,-33.50073576312,
    5.121701415373));
#12174 = CARTESIAN_POINT('',(20.464836188918,-33.49258465502,
    5.00334777664));
#12175 = CARTESIAN_POINT('',(20.491563037785,-33.47626831568,
    4.886639629538));
#12176 = CARTESIAN_POINT('',(20.531765183328,-33.45167140921,
    4.773349747587));
#12177 = CARTESIAN_POINT('',(20.585539057,-33.41862277505,4.665531536469
    ));
#12178 = CARTESIAN_POINT('',(20.678316932695,-33.36121408713,
    4.528080124312));
#12179 = CARTESIAN_POINT('',(20.705711851059,-33.344230543,
    4.491521970418));
#12180 = CARTESIAN_POINT('',(20.735019884015,-33.32602174471,
    4.456294164987));
#12181 = CARTESIAN_POINT('',(20.766210295563,-33.30659638949,
    4.422568946802));
#12182 = CARTESIAN_POINT('',(20.799240953464,-33.28596946908,
    4.390524804889));
#12183 = CARTESIAN_POINT('',(20.911422862338,-33.21570753653,
    4.293289736869));
#12184 = CARTESIAN_POINT('',(20.998256117974,-33.16102124655,
    4.234884571253));
#12185 = CARTESIAN_POINT('',(21.093141180058,-33.10085219476,
    4.188409101555));
#12186 = CARTESIAN_POINT('',(21.19384993515,-33.03645869613,
    4.156287626164));
#12187 = CARTESIAN_POINT('',(21.29773946303,-32.96944469487,4.14));
#12188 = CARTESIAN_POINT('',(21.402066996864,-32.90158093863,4.14));
#12189 = PCURVE('',#6302,#12190);
#12190 = DEFINITIONAL_REPRESENTATION('',(#12191),#12209);
#12191 = B_SPLINE_CURVE_WITH_KNOTS('',6,(#12192,#12193,#12194,#12195,
    #12196,#12197,#12198,#12199,#12200,#12201,#12202,#12203,#12204,
    #12205,#12206,#12207,#12208),.UNSPECIFIED.,.F.,.F.,(7,5,5,7),(0.,
    0.450708694082,0.621187046096,1.),.UNSPECIFIED.);
#12192 = CARTESIAN_POINT('',(-5.260477768891,-4.19));
#12193 = CARTESIAN_POINT('',(-5.260477768891,-4.071701415373));
#12194 = CARTESIAN_POINT('',(-5.260876328438,-3.95334777664));
#12195 = CARTESIAN_POINT('',(-5.261674129509,-3.836639629538));
#12196 = CARTESIAN_POINT('',(-5.262874888861,-3.723349747587));
#12197 = CARTESIAN_POINT('',(-5.264482975251,-3.615531536469));
#12198 = CARTESIAN_POINT('',(-5.267262672678,-3.478080124312));
#12199 = CARTESIAN_POINT('',(-5.268083877936,-3.441521970418));
#12200 = CARTESIAN_POINT('',(-5.268962958282,-3.406294164987));
#12201 = CARTESIAN_POINT('',(-5.269899132627,-3.372568946802));
#12202 = CARTESIAN_POINT('',(-5.270891289476,-3.340524804889));
#12203 = CARTESIAN_POINT('',(-5.274263744965,-3.243289736869));
#12204 = CARTESIAN_POINT('',(-5.276878227018,-3.184884571253));
#12205 = CARTESIAN_POINT('',(-5.279740734762,-3.138409101555));
#12206 = CARTESIAN_POINT('',(-5.282786193176,-3.106287626164));
#12207 = CARTESIAN_POINT('',(-5.28593593099,-3.09));
#12208 = CARTESIAN_POINT('',(-5.28910682828,-3.09));
#12209 = ( GEOMETRIC_REPRESENTATION_CONTEXT(2) 
PARAMETRIC_REPRESENTATION_CONTEXT() REPRESENTATION_CONTEXT('2D SPACE',''
  ) );
#12210 = PCURVE('',#8147,#12211);
#12211 = DEFINITIONAL_REPRESENTATION('',(#12212),#12230);
#12212 = B_SPLINE_CURVE_WITH_KNOTS('',6,(#12213,#12214,#12215,#12216,
    #12217,#12218,#12219,#12220,#12221,#12222,#12223,#12224,#12225,
    #12226,#12227,#12228,#12229),.UNSPECIFIED.,.F.,.F.,(7,5,5,7),(0.,
    0.450708694082,0.621187046096,1.),.UNSPECIFIED.);
#12213 = CARTESIAN_POINT('',(0.,12.805207217818));
#12214 = CARTESIAN_POINT('',(0.107544167843,12.805207217818));
#12215 = CARTESIAN_POINT('',(0.215139243908,12.808618917277));
#12216 = CARTESIAN_POINT('',(0.323472517486,12.815447954276));
#12217 = CARTESIAN_POINT('',(0.433200072205,12.825681177399));
#12218 = CARTESIAN_POINT('',(0.544993685535,12.839262450952));
#12219 = CARTESIAN_POINT('',(0.70313459115,12.862415024796));
#12220 = CARTESIAN_POINT('',(0.746948785641,12.869228194903));
#12221 = CARTESIAN_POINT('',(0.791195632428,12.87648895199));
#12222 = CARTESIAN_POINT('',(0.835896687761,12.884182201306));
#12223 = CARTESIAN_POINT('',(0.881077699272,12.892289459488));
#12224 = CARTESIAN_POINT('',(1.028300448696,12.919675356966));
#12225 = CARTESIAN_POINT('',(1.133206130495,12.940656779912));
#12226 = CARTESIAN_POINT('',(1.240465769989,12.963287488823));
#12227 = CARTESIAN_POINT('',(1.349457795032,12.986924862074));
#12228 = CARTESIAN_POINT('',(1.459715350721,13.010886753939));
#12229 = CARTESIAN_POINT('',(1.570796326795,13.034541647722));
#12230 = ( GEOMETRIC_REPRESENTATION_CONTEXT(2) 
PARAMETRIC_REPRESENTATION_CONTEXT() REPRESENTATION_CONTEXT('2D SPACE',''
  ) );
#12231 = ADVANCED_FACE('',(#12232),#6539,.F.);
#12232 = FACE_BOUND('',#12233,.F.);
#12233 = EDGE_LOOP('',(#12234,#12255,#12256,#12277));
#12234 = ORIENTED_EDGE('',*,*,#12235,.T.);
#12235 = EDGE_CURVE('',#12236,#6524,#12238,.T.);
#12236 = VERTEX_POINT('',#12237);
#12237 = CARTESIAN_POINT('',(34.887919033031,-24.27103429078,6.));
#12238 = SURFACE_CURVE('',#12239,(#12243,#12249),.PCURVE_S1.);
#12239 = LINE('',#12240,#12241);
#12240 = CARTESIAN_POINT('',(34.887919033031,-24.27103429078,1.05));
#12241 = VECTOR('',#12242,1.);
#12242 = DIRECTION('',(-0.,-0.,-1.));
#12243 = PCURVE('',#6539,#12244);
#12244 = DEFINITIONAL_REPRESENTATION('',(#12245),#12248);
#12245 = B_SPLINE_CURVE_WITH_KNOTS('',1,(#12246,#12247),.UNSPECIFIED.,
  .F.,.F.,(2,2),(-4.9500006,-3.43952285888),.PIECEWISE_BEZIER_KNOTS.);
#12246 = CARTESIAN_POINT('',(2.03047774112,5.336535685339));
#12247 = CARTESIAN_POINT('',(0.52,5.336535685339));
#12248 = ( GEOMETRIC_REPRESENTATION_CONTEXT(2) 
PARAMETRIC_REPRESENTATION_CONTEXT() REPRESENTATION_CONTEXT('2D SPACE',''
  ) );
#12249 = PCURVE('',#6770,#12250);
#12250 = DEFINITIONAL_REPRESENTATION('',(#12251),#12254);
#12251 = B_SPLINE_CURVE_WITH_KNOTS('',1,(#12252,#12253),.UNSPECIFIED.,
  .F.,.F.,(2,2),(-4.9500006,-3.43952285888),.PIECEWISE_BEZIER_KNOTS.);
#12252 = CARTESIAN_POINT('',(-5.675360565769,-4.9500006));
#12253 = CARTESIAN_POINT('',(-5.675360565769,-3.43952285888));
#12254 = ( GEOMETRIC_REPRESENTATION_CONTEXT(2) 
PARAMETRIC_REPRESENTATION_CONTEXT() REPRESENTATION_CONTEXT('2D SPACE',''
  ) );
#12255 = ORIENTED_EDGE('',*,*,#6521,.F.);
#12256 = ORIENTED_EDGE('',*,*,#12257,.F.);
#12257 = EDGE_CURVE('',#12258,#6522,#12260,.T.);
#12258 = VERTEX_POINT('',#12259);
#12259 = CARTESIAN_POINT('',(32.484720417618,-22.02964909818,6.));
#12260 = SURFACE_CURVE('',#12261,(#12265,#12271),.PCURVE_S1.);
#12261 = LINE('',#12262,#12263);
#12262 = CARTESIAN_POINT('',(32.484720417618,-22.02964909818,1.05));
#12263 = VECTOR('',#12264,1.);
#12264 = DIRECTION('',(-0.,-0.,-1.));
#12265 = PCURVE('',#6539,#12266);
#12266 = DEFINITIONAL_REPRESENTATION('',(#12267),#12270);
#12267 = B_SPLINE_CURVE_WITH_KNOTS('',1,(#12268,#12269),.UNSPECIFIED.,
  .F.,.F.,(2,2),(-4.9500006,-3.43952285888),.PIECEWISE_BEZIER_KNOTS.);
#12268 = CARTESIAN_POINT('',(2.03047774112,2.050326445692));
#12269 = CARTESIAN_POINT('',(0.52,2.050326445692));
#12270 = ( GEOMETRIC_REPRESENTATION_CONTEXT(2) 
PARAMETRIC_REPRESENTATION_CONTEXT() REPRESENTATION_CONTEXT('2D SPACE',''
  ) );
#12271 = PCURVE('',#6585,#12272);
#12272 = DEFINITIONAL_REPRESENTATION('',(#12273),#12276);
#12273 = B_SPLINE_CURVE_WITH_KNOTS('',1,(#12274,#12275),.UNSPECIFIED.,
  .F.,.F.,(2,2),(-4.9500006,-3.43952285888),.PIECEWISE_BEZIER_KNOTS.);
#12274 = CARTESIAN_POINT('',(-5.687271914719,-4.9500006));
#12275 = CARTESIAN_POINT('',(-5.687271914719,-3.43952285888));
#12276 = ( GEOMETRIC_REPRESENTATION_CONTEXT(2) 
PARAMETRIC_REPRESENTATION_CONTEXT() REPRESENTATION_CONTEXT('2D SPACE',''
  ) );
#12277 = ORIENTED_EDGE('',*,*,#12278,.F.);
#12278 = EDGE_CURVE('',#12236,#12258,#12279,.T.);
#12279 = SURFACE_CURVE('',#12280,(#12284,#12290),.PCURVE_S1.);
#12280 = LINE('',#12281,#12282);
#12281 = CARTESIAN_POINT('',(17.554597066932,-8.104808601309,6.));
#12282 = VECTOR('',#12283,1.);
#12283 = DIRECTION('',(-0.731298112859,0.682057966839,0.));
#12284 = PCURVE('',#6539,#12285);
#12285 = DEFINITIONAL_REPRESENTATION('',(#12286),#12289);
#12286 = B_SPLINE_CURVE_WITH_KNOTS('',1,(#12287,#12288),.UNSPECIFIED.,
  .F.,.F.,(2,2),(-23.91129736628,-19.79798861104),
  .PIECEWISE_BEZIER_KNOTS.);
#12287 = CARTESIAN_POINT('',(2.03047714112,5.545704383006));
#12288 = CARTESIAN_POINT('',(2.03047714112,1.43239562777));
#12289 = ( GEOMETRIC_REPRESENTATION_CONTEXT(2) 
PARAMETRIC_REPRESENTATION_CONTEXT() REPRESENTATION_CONTEXT('2D SPACE',''
  ) );
#12290 = PCURVE('',#12291,#12296);
#12291 = PLANE('',#12292);
#12292 = AXIS2_PLACEMENT_3D('',#12293,#12294,#12295);
#12293 = CARTESIAN_POINT('',(-4.118407928589E-15,3.242876655026E-16,6.)
  );
#12294 = DIRECTION('',(0.,0.,1.));
#12295 = DIRECTION('',(1.,0.,-0.));
#12296 = DEFINITIONAL_REPRESENTATION('',(#12297),#12300);
#12297 = B_SPLINE_CURVE_WITH_KNOTS('',1,(#12298,#12299),.UNSPECIFIED.,
  .F.,.F.,(2,2),(-23.91129736628,-19.79798861104),
  .PIECEWISE_BEZIER_KNOTS.);
#12298 = CARTESIAN_POINT('',(35.040883706904,-24.41369946744));
#12299 = CARTESIAN_POINT('',(32.032828776593,-21.60818446086));
#12300 = ( GEOMETRIC_REPRESENTATION_CONTEXT(2) 
PARAMETRIC_REPRESENTATION_CONTEXT() REPRESENTATION_CONTEXT('2D SPACE',''
  ) );
#12301 = ADVANCED_FACE('',(#12302),#6770,.T.);
#12302 = FACE_BOUND('',#12303,.F.);
#12303 = EDGE_LOOP('',(#12304,#12305,#12327,#12328,#12329));
#12304 = ORIENTED_EDGE('',*,*,#12235,.F.);
#12305 = ORIENTED_EDGE('',*,*,#12306,.T.);
#12306 = EDGE_CURVE('',#12236,#6792,#12307,.T.);
#12307 = SURFACE_CURVE('',#12308,(#12313,#12320),.PCURVE_S1.);
#12308 = CIRCLE('',#12309,42.5);
#12309 = AXIS2_PLACEMENT_3D('',#12310,#12311,#12312);
#12310 = CARTESIAN_POINT('',(0.,0.,6.));
#12311 = DIRECTION('',(0.,0.,1.));
#12312 = DIRECTION('',(1.,0.,0.));
#12313 = PCURVE('',#6770,#12314);
#12314 = DEFINITIONAL_REPRESENTATION('',(#12315),#12319);
#12315 = LINE('',#12316,#12317);
#12316 = CARTESIAN_POINT('',(-0.,-4.95));
#12317 = VECTOR('',#12318,1.);
#12318 = DIRECTION('',(-1.,0.));
#12319 = ( GEOMETRIC_REPRESENTATION_CONTEXT(2) 
PARAMETRIC_REPRESENTATION_CONTEXT() REPRESENTATION_CONTEXT('2D SPACE',''
  ) );
#12320 = PCURVE('',#12291,#12321);
#12321 = DEFINITIONAL_REPRESENTATION('',(#12322),#12326);
#12322 = CIRCLE('',#12323,42.5);
#12323 = AXIS2_PLACEMENT_2D('',#12324,#12325);
#12324 = CARTESIAN_POINT('',(4.118407928589E-15,-3.242876655026E-16));
#12325 = DIRECTION('',(1.,0.));
#12326 = ( GEOMETRIC_REPRESENTATION_CONTEXT(2) 
PARAMETRIC_REPRESENTATION_CONTEXT() REPRESENTATION_CONTEXT('2D SPACE',''
  ) );
#12327 = ORIENTED_EDGE('',*,*,#6820,.T.);
#12328 = ORIENTED_EDGE('',*,*,#6842,.T.);
#12329 = ORIENTED_EDGE('',*,*,#6746,.F.);
#12330 = ADVANCED_FACE('',(#12331),#6626,.T.);
#12331 = FACE_BOUND('',#12332,.F.);
#12332 = EDGE_LOOP('',(#12333,#12356,#12410,#12411));
#12333 = ORIENTED_EDGE('',*,*,#12334,.F.);
#12334 = EDGE_CURVE('',#12335,#7993,#12337,.T.);
#12335 = VERTEX_POINT('',#12336);
#12336 = CARTESIAN_POINT('',(32.766581516923,-21.60818446086,5.24));
#12337 = SURFACE_CURVE('',#12338,(#12342,#12349),.PCURVE_S1.);
#12338 = LINE('',#12339,#12340);
#12339 = CARTESIAN_POINT('',(23.871337137603,-12.3968892575,5.24));
#12340 = VECTOR('',#12341,1.);
#12341 = DIRECTION('',(0.694658370459,-0.719339800339,0.));
#12342 = PCURVE('',#6626,#12343);
#12343 = DEFINITIONAL_REPRESENTATION('',(#12344),#12348);
#12344 = LINE('',#12345,#12346);
#12345 = CARTESIAN_POINT('',(-0.,0.));
#12346 = VECTOR('',#12347,1.);
#12347 = DIRECTION('',(-0.,1.));
#12348 = ( GEOMETRIC_REPRESENTATION_CONTEXT(2) 
PARAMETRIC_REPRESENTATION_CONTEXT() REPRESENTATION_CONTEXT('2D SPACE',''
  ) );
#12349 = PCURVE('',#8007,#12350);
#12350 = DEFINITIONAL_REPRESENTATION('',(#12351),#12355);
#12351 = LINE('',#12352,#12353);
#12352 = CARTESIAN_POINT('',(1.1,0.));
#12353 = VECTOR('',#12354,1.);
#12354 = DIRECTION('',(0.,1.));
#12355 = ( GEOMETRIC_REPRESENTATION_CONTEXT(2) 
PARAMETRIC_REPRESENTATION_CONTEXT() REPRESENTATION_CONTEXT('2D SPACE',''
  ) );
#12356 = ORIENTED_EDGE('',*,*,#12357,.T.);
#12357 = EDGE_CURVE('',#12335,#6552,#12358,.T.);
#12358 = SURFACE_CURVE('',#12359,(#12374,#12392),.PCURVE_S1.);
#12359 = B_SPLINE_CURVE_WITH_KNOTS('',7,(#12360,#12361,#12362,#12363,
    #12364,#12365,#12366,#12367,#12368,#12369,#12370,#12371,#12372,
    #12373),.UNSPECIFIED.,.F.,.F.,(8,6,8),(0.,0.611861829475,1.),
  .UNSPECIFIED.);
#12360 = CARTESIAN_POINT('',(32.766581516923,-21.60818446086,5.24));
#12361 = CARTESIAN_POINT('',(32.766581516923,-21.60818446086,
    5.102557663977));
#12362 = CARTESIAN_POINT('',(32.755279648442,-21.62532253897,
    4.964881249132));
#12363 = CARTESIAN_POINT('',(32.732605632397,-21.65970554678,
    4.829449301058));
#12364 = CARTESIAN_POINT('',(32.698371176976,-21.71149516005,
    4.698920429543));
#12365 = CARTESIAN_POINT('',(32.652366964508,-21.7807610418,
    4.576352000807));
#12366 = CARTESIAN_POINT('',(32.5944216404,-21.86736630125,
    4.465398746019));
#12367 = CARTESIAN_POINT('',(32.480409874885,-22.03614585537,
    4.310838917187));
#12368 = CARTESIAN_POINT('',(32.431199221621,-22.10866377517,
    4.257164715514));
#12369 = CARTESIAN_POINT('',(32.377492256943,-22.18737707341,
    4.211824607297));
#12370 = CARTESIAN_POINT('',(32.320003996797,-22.27109765254,
    4.176448568306));
#12371 = CARTESIAN_POINT('',(32.259646549327,-22.358385131,
    4.152250225103));
#12372 = CARTESIAN_POINT('',(32.197472390868,-22.44765588197,4.14));
#12373 = CARTESIAN_POINT('',(32.134616817917,-22.53727805139,4.14));
#12374 = PCURVE('',#6626,#12375);
#12375 = DEFINITIONAL_REPRESENTATION('',(#12376),#12391);
#12376 = B_SPLINE_CURVE_WITH_KNOTS('',7,(#12377,#12378,#12379,#12380,
    #12381,#12382,#12383,#12384,#12385,#12386,#12387,#12388,#12389,
    #12390),.UNSPECIFIED.,.F.,.F.,(8,6,8),(0.,0.611861829475,1.),
  .UNSPECIFIED.);
#12377 = CARTESIAN_POINT('',(0.,12.805207217818));
#12378 = CARTESIAN_POINT('',(-0.124947578203,12.805207217818));
#12379 = CARTESIAN_POINT('',(-0.250107518573,12.809684381957));
#12380 = CARTESIAN_POINT('',(-0.376415596163,12.818666752896));
#12381 = CARTESIAN_POINT('',(-0.504681205948,12.832139831951));
#12382 = CARTESIAN_POINT('',(-0.635813768519,12.850008326227));
#12383 = CARTESIAN_POINT('',(-0.77079255187,12.872054731847));
#12384 = CARTESIAN_POINT('',(-1.000042540861,12.914265355367));
#12385 = CARTESIAN_POINT('',(-1.091562544238,12.932245789109));
#12386 = CARTESIAN_POINT('',(-1.185005633943,12.951559404782));
#12387 = CARTESIAN_POINT('',(-1.279944216318,12.971848248344));
#12388 = CARTESIAN_POINT('',(-1.376061788045,12.992709799567));
#12389 = CARTESIAN_POINT('',(-1.473095140014,13.01373600415));
#12390 = CARTESIAN_POINT('',(-1.570796326795,13.034541647722));
#12391 = ( GEOMETRIC_REPRESENTATION_CONTEXT(2) 
PARAMETRIC_REPRESENTATION_CONTEXT() REPRESENTATION_CONTEXT('2D SPACE',''
  ) );
#12392 = PCURVE('',#6585,#12393);
#12393 = DEFINITIONAL_REPRESENTATION('',(#12394),#12409);
#12394 = B_SPLINE_CURVE_WITH_KNOTS('',7,(#12395,#12396,#12397,#12398,
    #12399,#12400,#12401,#12402,#12403,#12404,#12405,#12406,#12407,
    #12408),.UNSPECIFIED.,.F.,.F.,(8,6,8),(0.,0.611861829475,1.),
  .UNSPECIFIED.);
#12395 = CARTESIAN_POINT('',(-5.700189933633,-4.19));
#12396 = CARTESIAN_POINT('',(-5.700189933633,-4.052557663977));
#12397 = CARTESIAN_POINT('',(-5.699666897952,-3.914881249132));
#12398 = CARTESIAN_POINT('',(-5.698617568492,-3.779449301057));
#12399 = CARTESIAN_POINT('',(-5.697035864503,-3.648920429543));
#12400 = CARTESIAN_POINT('',(-5.69491737064,-3.526352000807));
#12401 = CARTESIAN_POINT('',(-5.692262559583,-3.415398746019));
#12402 = CARTESIAN_POINT('',(-5.687073280348,-3.260838917187));
#12403 = CARTESIAN_POINT('',(-5.684840452872,-3.207164715514));
#12404 = CARTESIAN_POINT('',(-5.682412690322,-3.161824607297));
#12405 = CARTESIAN_POINT('',(-5.679825246409,-3.126448568306));
#12406 = CARTESIAN_POINT('',(-5.677121495998,-3.102250225103));
#12407 = CARTESIAN_POINT('',(-5.674349834509,-3.09));
#12408 = CARTESIAN_POINT('',(-5.671560874244,-3.09));
#12409 = ( GEOMETRIC_REPRESENTATION_CONTEXT(2) 
PARAMETRIC_REPRESENTATION_CONTEXT() REPRESENTATION_CONTEXT('2D SPACE',''
  ) );
#12410 = ORIENTED_EDGE('',*,*,#6606,.F.);
#12411 = ORIENTED_EDGE('',*,*,#8018,.F.);
#12412 = ADVANCED_FACE('',(#12413),#6585,.F.);
#12413 = FACE_BOUND('',#12414,.T.);
#12414 = EDGE_LOOP('',(#12415,#12416,#12440,#12459,#12460));
#12415 = ORIENTED_EDGE('',*,*,#12257,.F.);
#12416 = ORIENTED_EDGE('',*,*,#12417,.T.);
#12417 = EDGE_CURVE('',#12258,#12418,#12420,.T.);
#12418 = VERTEX_POINT('',#12419);
#12419 = CARTESIAN_POINT('',(32.766581516923,-21.60818446086,6.));
#12420 = SURFACE_CURVE('',#12421,(#12426,#12433),.PCURVE_S1.);
#12421 = CIRCLE('',#12422,39.25);
#12422 = AXIS2_PLACEMENT_3D('',#12423,#12424,#12425);
#12423 = CARTESIAN_POINT('',(2.025146430259E-13,-1.910692005867E-15,6.)
  );
#12424 = DIRECTION('',(0.,0.,1.));
#12425 = DIRECTION('',(1.,0.,0.));
#12426 = PCURVE('',#6585,#12427);
#12427 = DEFINITIONAL_REPRESENTATION('',(#12428),#12432);
#12428 = LINE('',#12429,#12430);
#12429 = CARTESIAN_POINT('',(-0.,-4.95));
#12430 = VECTOR('',#12431,1.);
#12431 = DIRECTION('',(-1.,0.));
#12432 = ( GEOMETRIC_REPRESENTATION_CONTEXT(2) 
PARAMETRIC_REPRESENTATION_CONTEXT() REPRESENTATION_CONTEXT('2D SPACE',''
  ) );
#12433 = PCURVE('',#12291,#12434);
#12434 = DEFINITIONAL_REPRESENTATION('',(#12435),#12439);
#12435 = CIRCLE('',#12436,39.25);
#12436 = AXIS2_PLACEMENT_2D('',#12437,#12438);
#12437 = CARTESIAN_POINT('',(2.066330509545E-13,-2.23497967137E-15));
#12438 = DIRECTION('',(1.,0.));
#12439 = ( GEOMETRIC_REPRESENTATION_CONTEXT(2) 
PARAMETRIC_REPRESENTATION_CONTEXT() REPRESENTATION_CONTEXT('2D SPACE',''
  ) );
#12440 = ORIENTED_EDGE('',*,*,#12441,.T.);
#12441 = EDGE_CURVE('',#12418,#12335,#12442,.T.);
#12442 = SURFACE_CURVE('',#12443,(#12447,#12453),.PCURVE_S1.);
#12443 = LINE('',#12444,#12445);
#12444 = CARTESIAN_POINT('',(32.766581516923,-21.60818446086,1.05));
#12445 = VECTOR('',#12446,1.);
#12446 = DIRECTION('',(-0.,-0.,-1.));
#12447 = PCURVE('',#6585,#12448);
#12448 = DEFINITIONAL_REPRESENTATION('',(#12449),#12452);
#12449 = B_SPLINE_CURVE_WITH_KNOTS('',1,(#12450,#12451),.UNSPECIFIED.,
  .F.,.F.,(2,2),(-4.9500006,-3.478),.PIECEWISE_BEZIER_KNOTS.);
#12450 = CARTESIAN_POINT('',(-5.700189933633,-4.9500006));
#12451 = CARTESIAN_POINT('',(-5.700189933633,-3.478));
#12452 = ( GEOMETRIC_REPRESENTATION_CONTEXT(2) 
PARAMETRIC_REPRESENTATION_CONTEXT() REPRESENTATION_CONTEXT('2D SPACE',''
  ) );
#12453 = PCURVE('',#8007,#12454);
#12454 = DEFINITIONAL_REPRESENTATION('',(#12455),#12458);
#12455 = B_SPLINE_CURVE_WITH_KNOTS('',1,(#12456,#12457),.UNSPECIFIED.,
  .F.,.F.,(2,2),(-4.9500006,-3.478),.PIECEWISE_BEZIER_KNOTS.);
#12456 = CARTESIAN_POINT('',(1.8600006,12.805207217818));
#12457 = CARTESIAN_POINT('',(0.388,12.805207217818));
#12458 = ( GEOMETRIC_REPRESENTATION_CONTEXT(2) 
PARAMETRIC_REPRESENTATION_CONTEXT() REPRESENTATION_CONTEXT('2D SPACE',''
  ) );
#12459 = ORIENTED_EDGE('',*,*,#12357,.T.);
#12460 = ORIENTED_EDGE('',*,*,#6551,.F.);
#12461 = ADVANCED_FACE('',(#12462),#6808,.T.);
#12462 = FACE_BOUND('',#12463,.T.);
#12463 = EDGE_LOOP('',(#12464,#12487,#12488,#12489));
#12464 = ORIENTED_EDGE('',*,*,#12465,.F.);
#12465 = EDGE_CURVE('',#6792,#12466,#12468,.T.);
#12466 = VERTEX_POINT('',#12467);
#12467 = CARTESIAN_POINT('',(32.803850855578,-21.73315138319,6.));
#12468 = SURFACE_CURVE('',#12469,(#12473,#12480),.PCURVE_S1.);
#12469 = LINE('',#12470,#12471);
#12470 = CARTESIAN_POINT('',(14.971282526231,-3.266986305416,6.));
#12471 = VECTOR('',#12472,1.);
#12472 = DIRECTION('',(-0.694658370459,0.719339800339,0.));
#12473 = PCURVE('',#6808,#12474);
#12474 = DEFINITIONAL_REPRESENTATION('',(#12475),#12479);
#12475 = LINE('',#12476,#12477);
#12476 = CARTESIAN_POINT('',(14.971282526231,-3.266986305416));
#12477 = VECTOR('',#12478,1.);
#12478 = DIRECTION('',(-0.694658370459,0.719339800339));
#12479 = ( GEOMETRIC_REPRESENTATION_CONTEXT(2) 
PARAMETRIC_REPRESENTATION_CONTEXT() REPRESENTATION_CONTEXT('2D SPACE',''
  ) );
#12480 = PCURVE('',#12291,#12481);
#12481 = DEFINITIONAL_REPRESENTATION('',(#12482),#12486);
#12482 = LINE('',#12483,#12484);
#12483 = CARTESIAN_POINT('',(14.971282526231,-3.266986305416));
#12484 = VECTOR('',#12485,1.);
#12485 = DIRECTION('',(-0.694658370459,0.719339800339));
#12486 = ( GEOMETRIC_REPRESENTATION_CONTEXT(2) 
PARAMETRIC_REPRESENTATION_CONTEXT() REPRESENTATION_CONTEXT('2D SPACE',''
  ) );
#12487 = ORIENTED_EDGE('',*,*,#6791,.T.);
#12488 = ORIENTED_EDGE('',*,*,#6909,.T.);
#12489 = ORIENTED_EDGE('',*,*,#12490,.T.);
#12490 = EDGE_CURVE('',#6910,#12466,#12491,.T.);
#12491 = SURFACE_CURVE('',#12492,(#12497,#12508),.PCURVE_S1.);
#12492 = CIRCLE('',#12493,39.35);
#12493 = AXIS2_PLACEMENT_3D('',#12494,#12495,#12496);
#12494 = CARTESIAN_POINT('',(0.,0.,6.));
#12495 = DIRECTION('',(0.,0.,-1.));
#12496 = DIRECTION('',(0.40212044906,0.915586776034,0.));
#12497 = PCURVE('',#6808,#12498);
#12498 = DEFINITIONAL_REPRESENTATION('',(#12499),#12507);
#12499 = ( BOUNDED_CURVE() B_SPLINE_CURVE(2,(#12500,#12501,#12502,#12503
    ,#12504,#12505,#12506),.UNSPECIFIED.,.T.,.F.) 
B_SPLINE_CURVE_WITH_KNOTS((1,2,2,2,2,1),(-2.094395102393,0.,
    2.094395102393,4.188790204786,6.28318530718,8.377580409573),
.UNSPECIFIED.) CURVE() GEOMETRIC_REPRESENTATION_ITEM() 
RATIONAL_B_SPLINE_CURVE((1.,0.5,1.,0.5,1.,0.5,1.)) REPRESENTATION_ITEM(
  '') );
#12500 = CARTESIAN_POINT('',(15.823439670507,36.028339636928));
#12501 = CARTESIAN_POINT('',(78.226354434014,8.62133817711));
#12502 = CARTESIAN_POINT('',(23.2897375465,-31.71767054837));
#12503 = CARTESIAN_POINT('',(-31.64687934101,-72.05667927385));
#12504 = CARTESIAN_POINT('',(-39.113177217,-4.310669088555));
#12505 = CARTESIAN_POINT('',(-46.579475093,63.435341096746));
#12506 = CARTESIAN_POINT('',(15.823439670507,36.028339636928));
#12507 = ( GEOMETRIC_REPRESENTATION_CONTEXT(2) 
PARAMETRIC_REPRESENTATION_CONTEXT() REPRESENTATION_CONTEXT('2D SPACE',''
  ) );
#12508 = PCURVE('',#12291,#12509);
#12509 = DEFINITIONAL_REPRESENTATION('',(#12510),#12518);
#12510 = ( BOUNDED_CURVE() B_SPLINE_CURVE(2,(#12511,#12512,#12513,#12514
    ,#12515,#12516,#12517),.UNSPECIFIED.,.T.,.F.) 
B_SPLINE_CURVE_WITH_KNOTS((1,2,2,2,2,1),(-2.094395102393,0.,
    2.094395102393,4.188790204786,6.28318530718,8.377580409573),
.UNSPECIFIED.) CURVE() GEOMETRIC_REPRESENTATION_ITEM() 
RATIONAL_B_SPLINE_CURVE((1.,0.5,1.,0.5,1.,0.5,1.)) REPRESENTATION_ITEM(
  '') );
#12511 = CARTESIAN_POINT('',(15.823439670507,36.028339636928));
#12512 = CARTESIAN_POINT('',(78.226354434014,8.62133817711));
#12513 = CARTESIAN_POINT('',(23.2897375465,-31.71767054837));
#12514 = CARTESIAN_POINT('',(-31.64687934101,-72.05667927385));
#12515 = CARTESIAN_POINT('',(-39.113177217,-4.310669088555));
#12516 = CARTESIAN_POINT('',(-46.579475093,63.435341096746));
#12517 = CARTESIAN_POINT('',(15.823439670507,36.028339636928));
#12518 = ( GEOMETRIC_REPRESENTATION_CONTEXT(2) 
PARAMETRIC_REPRESENTATION_CONTEXT() REPRESENTATION_CONTEXT('2D SPACE',''
  ) );
#12519 = ADVANCED_FACE('',(#12520),#6949,.T.);
#12520 = FACE_BOUND('',#12521,.T.);
#12521 = EDGE_LOOP('',(#12522,#12523,#12524,#12552));
#12522 = ORIENTED_EDGE('',*,*,#6933,.F.);
#12523 = ORIENTED_EDGE('',*,*,#7135,.T.);
#12524 = ORIENTED_EDGE('',*,*,#12525,.T.);
#12525 = EDGE_CURVE('',#7114,#12526,#12528,.T.);
#12526 = VERTEX_POINT('',#12527);
#12527 = CARTESIAN_POINT('',(37.475625411726,-12.,6.));
#12528 = SURFACE_CURVE('',#12529,(#12533,#12540),.PCURVE_S1.);
#12529 = LINE('',#12530,#12531);
#12530 = CARTESIAN_POINT('',(14.,-12.,6.));
#12531 = VECTOR('',#12532,1.);
#12532 = DIRECTION('',(-1.,0.,0.));
#12533 = PCURVE('',#6949,#12534);
#12534 = DEFINITIONAL_REPRESENTATION('',(#12535),#12539);
#12535 = LINE('',#12536,#12537);
#12536 = CARTESIAN_POINT('',(14.,-12.));
#12537 = VECTOR('',#12538,1.);
#12538 = DIRECTION('',(-1.,0.));
#12539 = ( GEOMETRIC_REPRESENTATION_CONTEXT(2) 
PARAMETRIC_REPRESENTATION_CONTEXT() REPRESENTATION_CONTEXT('2D SPACE',''
  ) );
#12540 = PCURVE('',#12541,#12546);
#12541 = PLANE('',#12542);
#12542 = AXIS2_PLACEMENT_3D('',#12543,#12544,#12545);
#12543 = CARTESIAN_POINT('',(-4.118407928589E-15,3.242876655026E-16,6.)
  );
#12544 = DIRECTION('',(0.,0.,1.));
#12545 = DIRECTION('',(1.,0.,-0.));
#12546 = DEFINITIONAL_REPRESENTATION('',(#12547),#12551);
#12547 = LINE('',#12548,#12549);
#12548 = CARTESIAN_POINT('',(14.,-12.));
#12549 = VECTOR('',#12550,1.);
#12550 = DIRECTION('',(-1.,0.));
#12551 = ( GEOMETRIC_REPRESENTATION_CONTEXT(2) 
PARAMETRIC_REPRESENTATION_CONTEXT() REPRESENTATION_CONTEXT('2D SPACE',''
  ) );
#12552 = ORIENTED_EDGE('',*,*,#12553,.T.);
#12553 = EDGE_CURVE('',#12526,#6934,#12554,.T.);
#12554 = SURFACE_CURVE('',#12555,(#12560,#12571),.PCURVE_S1.);
#12555 = CIRCLE('',#12556,39.35);
#12556 = AXIS2_PLACEMENT_3D('',#12557,#12558,#12559);
#12557 = CARTESIAN_POINT('',(0.,0.,6.));
#12558 = DIRECTION('',(0.,0.,-1.));
#12559 = DIRECTION('',(0.40212044906,0.915586776034,0.));
#12560 = PCURVE('',#6949,#12561);
#12561 = DEFINITIONAL_REPRESENTATION('',(#12562),#12570);
#12562 = ( BOUNDED_CURVE() B_SPLINE_CURVE(2,(#12563,#12564,#12565,#12566
    ,#12567,#12568,#12569),.UNSPECIFIED.,.T.,.F.) 
B_SPLINE_CURVE_WITH_KNOTS((1,2,2,2,2,1),(-2.094395102393,0.,
    2.094395102393,4.188790204786,6.28318530718,8.377580409573),
.UNSPECIFIED.) CURVE() GEOMETRIC_REPRESENTATION_ITEM() 
RATIONAL_B_SPLINE_CURVE((1.,0.5,1.,0.5,1.,0.5,1.)) REPRESENTATION_ITEM(
  '') );
#12563 = CARTESIAN_POINT('',(15.823439670507,36.028339636928));
#12564 = CARTESIAN_POINT('',(78.226354434014,8.62133817711));
#12565 = CARTESIAN_POINT('',(23.2897375465,-31.71767054837));
#12566 = CARTESIAN_POINT('',(-31.64687934101,-72.05667927385));
#12567 = CARTESIAN_POINT('',(-39.113177217,-4.310669088555));
#12568 = CARTESIAN_POINT('',(-46.579475093,63.435341096746));
#12569 = CARTESIAN_POINT('',(15.823439670507,36.028339636928));
#12570 = ( GEOMETRIC_REPRESENTATION_CONTEXT(2) 
PARAMETRIC_REPRESENTATION_CONTEXT() REPRESENTATION_CONTEXT('2D SPACE',''
  ) );
#12571 = PCURVE('',#12541,#12572);
#12572 = DEFINITIONAL_REPRESENTATION('',(#12573),#12581);
#12573 = ( BOUNDED_CURVE() B_SPLINE_CURVE(2,(#12574,#12575,#12576,#12577
    ,#12578,#12579,#12580),.UNSPECIFIED.,.T.,.F.) 
B_SPLINE_CURVE_WITH_KNOTS((1,2,2,2,2,1),(-2.094395102393,0.,
    2.094395102393,4.188790204786,6.28318530718,8.377580409573),
.UNSPECIFIED.) CURVE() GEOMETRIC_REPRESENTATION_ITEM() 
RATIONAL_B_SPLINE_CURVE((1.,0.5,1.,0.5,1.,0.5,1.)) REPRESENTATION_ITEM(
  '') );
#12574 = CARTESIAN_POINT('',(15.823439670507,36.028339636928));
#12575 = CARTESIAN_POINT('',(78.226354434014,8.62133817711));
#12576 = CARTESIAN_POINT('',(23.2897375465,-31.71767054837));
#12577 = CARTESIAN_POINT('',(-31.64687934101,-72.05667927385));
#12578 = CARTESIAN_POINT('',(-39.113177217,-4.310669088555));
#12579 = CARTESIAN_POINT('',(-46.579475093,63.435341096746));
#12580 = CARTESIAN_POINT('',(15.823439670507,36.028339636928));
#12581 = ( GEOMETRIC_REPRESENTATION_CONTEXT(2) 
PARAMETRIC_REPRESENTATION_CONTEXT() REPRESENTATION_CONTEXT('2D SPACE',''
  ) );
#12582 = ADVANCED_FACE('',(#12583),#7009,.T.);
#12583 = FACE_BOUND('',#12584,.F.);
#12584 = EDGE_LOOP('',(#12585,#12586,#12610,#12636,#12691,#12724,#12779,
    #12805,#12827,#12828,#12829));
#12585 = ORIENTED_EDGE('',*,*,#7113,.F.);
#12586 = ORIENTED_EDGE('',*,*,#12587,.T.);
#12587 = EDGE_CURVE('',#7114,#12588,#12590,.T.);
#12588 = VERTEX_POINT('',#12589);
#12589 = CARTESIAN_POINT('',(41.695169593446,-8.23181830301,6.));
#12590 = SURFACE_CURVE('',#12591,(#12596,#12603),.PCURVE_S1.);
#12591 = CIRCLE('',#12592,42.5);
#12592 = AXIS2_PLACEMENT_3D('',#12593,#12594,#12595);
#12593 = CARTESIAN_POINT('',(0.,0.,6.));
#12594 = DIRECTION('',(0.,0.,1.));
#12595 = DIRECTION('',(1.,0.,0.));
#12596 = PCURVE('',#7009,#12597);
#12597 = DEFINITIONAL_REPRESENTATION('',(#12598),#12602);
#12598 = LINE('',#12599,#12600);
#12599 = CARTESIAN_POINT('',(-0.,-4.95));
#12600 = VECTOR('',#12601,1.);
#12601 = DIRECTION('',(-1.,0.));
#12602 = ( GEOMETRIC_REPRESENTATION_CONTEXT(2) 
PARAMETRIC_REPRESENTATION_CONTEXT() REPRESENTATION_CONTEXT('2D SPACE',''
  ) );
#12603 = PCURVE('',#12541,#12604);
#12604 = DEFINITIONAL_REPRESENTATION('',(#12605),#12609);
#12605 = CIRCLE('',#12606,42.5);
#12606 = AXIS2_PLACEMENT_2D('',#12607,#12608);
#12607 = CARTESIAN_POINT('',(4.118407928589E-15,-3.242876655026E-16));
#12608 = DIRECTION('',(1.,0.));
#12609 = ( GEOMETRIC_REPRESENTATION_CONTEXT(2) 
PARAMETRIC_REPRESENTATION_CONTEXT() REPRESENTATION_CONTEXT('2D SPACE',''
  ) );
#12610 = ORIENTED_EDGE('',*,*,#12611,.T.);
#12611 = EDGE_CURVE('',#12588,#12612,#12614,.T.);
#12612 = VERTEX_POINT('',#12613);
#12613 = CARTESIAN_POINT('',(41.695169593446,-8.23181830301,
    5.402344242079));
#12614 = SURFACE_CURVE('',#12615,(#12619,#12625),.PCURVE_S1.);
#12615 = LINE('',#12616,#12617);
#12616 = CARTESIAN_POINT('',(41.695169593446,-8.23181830301,1.05));
#12617 = VECTOR('',#12618,1.);
#12618 = DIRECTION('',(-0.,-0.,-1.));
#12619 = PCURVE('',#7009,#12620);
#12620 = DEFINITIONAL_REPRESENTATION('',(#12621),#12624);
#12621 = B_SPLINE_CURVE_WITH_KNOTS('',1,(#12622,#12623),.UNSPECIFIED.,
  .F.,.F.,(2,2),(-4.9500006,-3.992344242079),.PIECEWISE_BEZIER_KNOTS.);
#12622 = CARTESIAN_POINT('',(-6.088263480697,-4.9500006));
#12623 = CARTESIAN_POINT('',(-6.088263480697,-3.992344242079));
#12624 = ( GEOMETRIC_REPRESENTATION_CONTEXT(2) 
PARAMETRIC_REPRESENTATION_CONTEXT() REPRESENTATION_CONTEXT('2D SPACE',''
  ) );
#12625 = PCURVE('',#12626,#12631);
#12626 = PLANE('',#12627);
#12627 = AXIS2_PLACEMENT_3D('',#12628,#12629,#12630);
#12628 = CARTESIAN_POINT('',(33.2,-8.23181830301,4.902344242079));
#12629 = DIRECTION('',(0.,1.,0.));
#12630 = DIRECTION('',(0.,0.,1.));
#12631 = DEFINITIONAL_REPRESENTATION('',(#12632),#12635);
#12632 = B_SPLINE_CURVE_WITH_KNOTS('',1,(#12633,#12634),.UNSPECIFIED.,
  .F.,.F.,(2,2),(-4.9500006,-3.992344242079),.PIECEWISE_BEZIER_KNOTS.);
#12633 = CARTESIAN_POINT('',(1.097656357921,8.495169593446));
#12634 = CARTESIAN_POINT('',(0.14,8.495169593446));
#12635 = ( GEOMETRIC_REPRESENTATION_CONTEXT(2) 
PARAMETRIC_REPRESENTATION_CONTEXT() REPRESENTATION_CONTEXT('2D SPACE',''
  ) );
#12636 = ORIENTED_EDGE('',*,*,#12637,.T.);
#12637 = EDGE_CURVE('',#12612,#12638,#12640,.T.);
#12638 = VERTEX_POINT('',#12639);
#12639 = CARTESIAN_POINT('',(41.790776323601,-7.73181830301,
    4.902344242079));
#12640 = SURFACE_CURVE('',#12641,(#12654,#12670),.PCURVE_S1.);
#12641 = B_SPLINE_CURVE_WITH_KNOTS('',6,(#12642,#12643,#12644,#12645,
    #12646,#12647,#12648,#12649,#12650,#12651,#12652,#12653),
  .UNSPECIFIED.,.F.,.F.,(7,5,7),(0.,0.544147112141,1.),.UNSPECIFIED.);
#12642 = CARTESIAN_POINT('',(41.695169593446,-8.23181830301,
    5.402344242079));
#12643 = CARTESIAN_POINT('',(41.695169593446,-8.23181830301,
    5.33413234285));
#12644 = CARTESIAN_POINT('',(41.697374205312,-8.22065164503,
    5.265768070989));
#12645 = CARTESIAN_POINT('',(41.701802220295,-8.198223338918,
    5.199327618729));
#12646 = CARTESIAN_POINT('',(41.708369673268,-8.164840007287,
    5.136918015083));
#12647 = CARTESIAN_POINT('',(41.716896272758,-8.121173734668,
    5.080617743684));
#12648 = CARTESIAN_POINT('',(41.735675896312,-8.024050780739,
    4.992242655363));
#12649 = CARTESIAN_POINT('',(41.745442666953,-7.973237188281,
    4.957632482574));
#12650 = CARTESIAN_POINT('',(41.756181220809,-7.916929056912,
    4.930390888167));
#12651 = CARTESIAN_POINT('',(41.767555506309,-7.856699888078,
    4.91173356117));
#12652 = CARTESIAN_POINT('',(41.77920437686,-7.794365121741,
    4.902344242079));
#12653 = CARTESIAN_POINT('',(41.790776323601,-7.73181830301,
    4.902344242079));
#12654 = PCURVE('',#7009,#12655);
#12655 = DEFINITIONAL_REPRESENTATION('',(#12656),#12669);
#12656 = B_SPLINE_CURVE_WITH_KNOTS('',6,(#12657,#12658,#12659,#12660,
    #12661,#12662,#12663,#12664,#12665,#12666,#12667,#12668),
  .UNSPECIFIED.,.F.,.F.,(7,5,7),(0.,0.544147112141,1.),.UNSPECIFIED.);
#12657 = CARTESIAN_POINT('',(-6.088263480697,-4.352344242079));
#12658 = CARTESIAN_POINT('',(-6.088263480697,-4.28413234285));
#12659 = CARTESIAN_POINT('',(-6.088531297233,-4.215768070989));
#12660 = CARTESIAN_POINT('',(-6.089069208839,-4.149327618729));
#12661 = CARTESIAN_POINT('',(-6.089869754335,-4.086918015083));
#12662 = CARTESIAN_POINT('',(-6.090916598855,-4.030617743684));
#12663 = CARTESIAN_POINT('',(-6.093244172989,-3.942242655363));
#12664 = CARTESIAN_POINT('',(-6.094461671187,-3.907632482574));
#12665 = CARTESIAN_POINT('',(-6.095810444513,-3.880390888167));
#12666 = CARTESIAN_POINT('',(-6.097252647096,-3.86173356117));
#12667 = CARTESIAN_POINT('',(-6.098744735815,-3.852344242079));
#12668 = CARTESIAN_POINT('',(-6.100241401448,-3.852344242079));
#12669 = ( GEOMETRIC_REPRESENTATION_CONTEXT(2) 
PARAMETRIC_REPRESENTATION_CONTEXT() REPRESENTATION_CONTEXT('2D SPACE',''
  ) );
#12670 = PCURVE('',#12671,#12676);
#12671 = CYLINDRICAL_SURFACE('',#12672,0.5);
#12672 = AXIS2_PLACEMENT_3D('',#12673,#12674,#12675);
#12673 = CARTESIAN_POINT('',(33.2,-7.73181830301,5.402344242079));
#12674 = DIRECTION('',(1.,0.,0.));
#12675 = DIRECTION('',(0.,-1.,0.));
#12676 = DEFINITIONAL_REPRESENTATION('',(#12677),#12690);
#12677 = B_SPLINE_CURVE_WITH_KNOTS('',6,(#12678,#12679,#12680,#12681,
    #12682,#12683,#12684,#12685,#12686,#12687,#12688,#12689),
  .UNSPECIFIED.,.F.,.F.,(7,5,7),(0.,0.544147112141,1.),.UNSPECIFIED.);
#12678 = CARTESIAN_POINT('',(0.,8.495169593446));
#12679 = CARTESIAN_POINT('',(0.136423798457,8.495169593446));
#12680 = CARTESIAN_POINT('',(0.273152796072,8.497374205312));
#12681 = CARTESIAN_POINT('',(0.410601924705,8.501802220295));
#12682 = CARTESIAN_POINT('',(0.549239073004,8.508369673268));
#12683 = CARTESIAN_POINT('',(0.689615203389,8.516896272758));
#12684 = CARTESIAN_POINT('',(0.952240597559,8.535675896312));
#12685 = CARTESIAN_POINT('',(1.073992374076,8.545442666953));
#12686 = CARTESIAN_POINT('',(1.19704809608,8.556181220809));
#12687 = CARTESIAN_POINT('',(1.321033937317,8.567555506309));
#12688 = CARTESIAN_POINT('',(1.445702689333,8.57920437686));
#12689 = CARTESIAN_POINT('',(1.570796326795,8.590776323601));
#12690 = ( GEOMETRIC_REPRESENTATION_CONTEXT(2) 
PARAMETRIC_REPRESENTATION_CONTEXT() REPRESENTATION_CONTEXT('2D SPACE',''
  ) );
#12691 = ORIENTED_EDGE('',*,*,#12692,.F.);
#12692 = EDGE_CURVE('',#12693,#12638,#12695,.T.);
#12693 = VERTEX_POINT('',#12694);
#12694 = CARTESIAN_POINT('',(42.475874285848,-1.43181830301,
    4.902344242079));
#12695 = SURFACE_CURVE('',#12696,(#12701,#12708),.PCURVE_S1.);
#12696 = CIRCLE('',#12697,42.5);
#12697 = AXIS2_PLACEMENT_3D('',#12698,#12699,#12700);
#12698 = CARTESIAN_POINT('',(0.,0.,4.902344242079));
#12699 = DIRECTION('',(0.,0.,-1.));
#12700 = DIRECTION('',(1.,0.,0.));
#12701 = PCURVE('',#7009,#12702);
#12702 = DEFINITIONAL_REPRESENTATION('',(#12703),#12707);
#12703 = LINE('',#12704,#12705);
#12704 = CARTESIAN_POINT('',(-6.28318530718,-3.852344242079));
#12705 = VECTOR('',#12706,1.);
#12706 = DIRECTION('',(1.,-0.));
#12707 = ( GEOMETRIC_REPRESENTATION_CONTEXT(2) 
PARAMETRIC_REPRESENTATION_CONTEXT() REPRESENTATION_CONTEXT('2D SPACE',''
  ) );
#12708 = PCURVE('',#12709,#12714);
#12709 = PLANE('',#12710);
#12710 = AXIS2_PLACEMENT_3D('',#12711,#12712,#12713);
#12711 = CARTESIAN_POINT('',(33.2,-8.23181830301,4.902344242079));
#12712 = DIRECTION('',(0.,0.,1.));
#12713 = DIRECTION('',(1.,0.,0.));
#12714 = DEFINITIONAL_REPRESENTATION('',(#12715),#12723);
#12715 = ( BOUNDED_CURVE() B_SPLINE_CURVE(2,(#12716,#12717,#12718,#12719
    ,#12720,#12721,#12722),.UNSPECIFIED.,.T.,.F.) 
B_SPLINE_CURVE_WITH_KNOTS((1,2,2,2,2,1),(-2.094395102393,0.,
    2.094395102393,4.188790204786,6.28318530718,8.377580409573),
.UNSPECIFIED.) CURVE() GEOMETRIC_REPRESENTATION_ITEM() 
RATIONAL_B_SPLINE_CURVE((1.,0.5,1.,0.5,1.,0.5,1.)) REPRESENTATION_ITEM(
  '') );
#12716 = CARTESIAN_POINT('',(9.3,8.23181830301));
#12717 = CARTESIAN_POINT('',(9.3,-65.38034101866));
#12718 = CARTESIAN_POINT('',(-54.45,-28.57426135782));
#12719 = CARTESIAN_POINT('',(-118.2,8.23181830301));
#12720 = CARTESIAN_POINT('',(-54.45,45.037897963849));
#12721 = CARTESIAN_POINT('',(9.3,81.843977624687));
#12722 = CARTESIAN_POINT('',(9.3,8.23181830301));
#12723 = ( GEOMETRIC_REPRESENTATION_CONTEXT(2) 
PARAMETRIC_REPRESENTATION_CONTEXT() REPRESENTATION_CONTEXT('2D SPACE',''
  ) );
#12724 = ORIENTED_EDGE('',*,*,#12725,.F.);
#12725 = EDGE_CURVE('',#12726,#12693,#12728,.T.);
#12726 = VERTEX_POINT('',#12727);
#12727 = CARTESIAN_POINT('',(42.48978365031,-0.93181830301,
    5.402344242079));
#12728 = SURFACE_CURVE('',#12729,(#12742,#12758),.PCURVE_S1.);
#12729 = B_SPLINE_CURVE_WITH_KNOTS('',6,(#12730,#12731,#12732,#12733,
    #12734,#12735,#12736,#12737,#12738,#12739,#12740,#12741),
  .UNSPECIFIED.,.F.,.F.,(7,5,7),(0.,0.535353645131,1.),.UNSPECIFIED.);
#12730 = CARTESIAN_POINT('',(42.48978365031,-0.93181830301,
    5.402344242079));
#12731 = CARTESIAN_POINT('',(42.48978365031,-0.93181830301,
    5.335459423255));
#12732 = CARTESIAN_POINT('',(42.489548196551,-0.942554695362,
    5.268442465575));
#12733 = CARTESIAN_POINT('',(42.489075516252,-0.964108418712,
    5.203211454205));
#12734 = CARTESIAN_POINT('',(42.488350703534,-0.996230517532,
    5.141720621352));
#12735 = CARTESIAN_POINT('',(42.487344391393,-1.038358476081,
    5.085927039061));
#12736 = CARTESIAN_POINT('',(42.484892441133,-1.133970553126,
    4.996141322404));
#12737 = CARTESIAN_POINT('',(42.483519165983,-1.185343992463,
    4.960126242005));
#12738 = CARTESIAN_POINT('',(42.481906711307,-1.24260089062,
    4.931688281904));
#12739 = CARTESIAN_POINT('',(42.480064659254,-1.304072366894,
    4.912174064616));
#12740 = CARTESIAN_POINT('',(42.478031556906,-1.367821374022,
    4.902344242079));
#12741 = CARTESIAN_POINT('',(42.475874285848,-1.43181830301,
    4.902344242079));
#12742 = PCURVE('',#7009,#12743);
#12743 = DEFINITIONAL_REPRESENTATION('',(#12744),#12757);
#12744 = B_SPLINE_CURVE_WITH_KNOTS('',6,(#12745,#12746,#12747,#12748,
    #12749,#12750,#12751,#12752,#12753,#12754,#12755,#12756),
  .UNSPECIFIED.,.F.,.F.,(7,5,7),(0.,0.535353645131,1.),.UNSPECIFIED.);
#12745 = CARTESIAN_POINT('',(-6.261258413647,-4.352344242079));
#12746 = CARTESIAN_POINT('',(-6.261258413647,-4.285459423255));
#12747 = CARTESIAN_POINT('',(-6.261005731926,-4.218442465575));
#12748 = CARTESIAN_POINT('',(-6.260498463479,-4.153211454205));
#12749 = CARTESIAN_POINT('',(-6.259742457336,-4.091720621352));
#12750 = CARTESIAN_POINT('',(-6.258750930045,-4.035927039061));
#12751 = CARTESIAN_POINT('',(-6.256500494474,-3.946141322404));
#12752 = CARTESIAN_POINT('',(-6.255291276571,-3.910126242005));
#12753 = CARTESIAN_POINT('',(-6.253943523562,-3.881688281904));
#12754 = CARTESIAN_POINT('',(-6.252496490658,-3.862174064616));
#12755 = CARTESIAN_POINT('',(-6.250995753846,-3.852344242079));
#12756 = CARTESIAN_POINT('',(-6.249489088473,-3.852344242079));
#12757 = ( GEOMETRIC_REPRESENTATION_CONTEXT(2) 
PARAMETRIC_REPRESENTATION_CONTEXT() REPRESENTATION_CONTEXT('2D SPACE',''
  ) );
#12758 = PCURVE('',#12759,#12764);
#12759 = CYLINDRICAL_SURFACE('',#12760,0.5);
#12760 = AXIS2_PLACEMENT_3D('',#12761,#12762,#12763);
#12761 = CARTESIAN_POINT('',(33.2,-1.43181830301,5.402344242079));
#12762 = DIRECTION('',(1.,0.,0.));
#12763 = DIRECTION('',(0.,1.,0.));
#12764 = DEFINITIONAL_REPRESENTATION('',(#12765),#12778);
#12765 = B_SPLINE_CURVE_WITH_KNOTS('',6,(#12766,#12767,#12768,#12769,
    #12770,#12771,#12772,#12773,#12774,#12775,#12776,#12777),
  .UNSPECIFIED.,.F.,.F.,(7,5,7),(0.,0.535353645131,1.),.UNSPECIFIED.);
#12766 = CARTESIAN_POINT('',(0.,9.28978365031));
#12767 = CARTESIAN_POINT('',(-0.133769637648,9.28978365031));
#12768 = CARTESIAN_POINT('',(-0.267804097852,9.289548196551));
#12769 = CARTESIAN_POINT('',(-0.402572212135,9.289075516252));
#12770 = CARTESIAN_POINT('',(-0.538571854789,9.288350703534));
#12771 = CARTESIAN_POINT('',(-0.676379311153,9.287344391393));
#12772 = CARTESIAN_POINT('',(-0.938700825272,9.284892441133));
#12773 = CARTESIAN_POINT('',(-1.062906905433,9.283519165983));
#12774 = CARTESIAN_POINT('',(-1.188583342134,9.281906711307));
#12775 = CARTESIAN_POINT('',(-1.31530538629,9.280064659253));
#12776 = CARTESIAN_POINT('',(-1.44280246882,9.278031556906));
#12777 = CARTESIAN_POINT('',(-1.570796326795,9.275874285848));
#12778 = ( GEOMETRIC_REPRESENTATION_CONTEXT(2) 
PARAMETRIC_REPRESENTATION_CONTEXT() REPRESENTATION_CONTEXT('2D SPACE',''
  ) );
#12779 = ORIENTED_EDGE('',*,*,#12780,.F.);
#12780 = EDGE_CURVE('',#12781,#12726,#12783,.T.);
#12781 = VERTEX_POINT('',#12782);
#12782 = CARTESIAN_POINT('',(42.48978365031,-0.93181830301,6.));
#12783 = SURFACE_CURVE('',#12784,(#12788,#12794),.PCURVE_S1.);
#12784 = LINE('',#12785,#12786);
#12785 = CARTESIAN_POINT('',(42.48978365031,-0.93181830301,1.05));
#12786 = VECTOR('',#12787,1.);
#12787 = DIRECTION('',(-0.,-0.,-1.));
#12788 = PCURVE('',#7009,#12789);
#12789 = DEFINITIONAL_REPRESENTATION('',(#12790),#12793);
#12790 = B_SPLINE_CURVE_WITH_KNOTS('',1,(#12791,#12792),.UNSPECIFIED.,
  .F.,.F.,(2,2),(-4.9500006,-3.992344242079),.PIECEWISE_BEZIER_KNOTS.);
#12791 = CARTESIAN_POINT('',(-6.261258413647,-4.9500006));
#12792 = CARTESIAN_POINT('',(-6.261258413647,-3.992344242079));
#12793 = ( GEOMETRIC_REPRESENTATION_CONTEXT(2) 
PARAMETRIC_REPRESENTATION_CONTEXT() REPRESENTATION_CONTEXT('2D SPACE',''
  ) );
#12794 = PCURVE('',#12795,#12800);
#12795 = PLANE('',#12796);
#12796 = AXIS2_PLACEMENT_3D('',#12797,#12798,#12799);
#12797 = CARTESIAN_POINT('',(33.2,-0.93181830301,4.902344242079));
#12798 = DIRECTION('',(0.,1.,0.));
#12799 = DIRECTION('',(0.,0.,1.));
#12800 = DEFINITIONAL_REPRESENTATION('',(#12801),#12804);
#12801 = B_SPLINE_CURVE_WITH_KNOTS('',1,(#12802,#12803),.UNSPECIFIED.,
  .F.,.F.,(2,2),(-4.9500006,-3.992344242079),.PIECEWISE_BEZIER_KNOTS.);
#12802 = CARTESIAN_POINT('',(1.097656357921,9.28978365031));
#12803 = CARTESIAN_POINT('',(0.14,9.28978365031));
#12804 = ( GEOMETRIC_REPRESENTATION_CONTEXT(2) 
PARAMETRIC_REPRESENTATION_CONTEXT() REPRESENTATION_CONTEXT('2D SPACE',''
  ) );
#12805 = ORIENTED_EDGE('',*,*,#12806,.T.);
#12806 = EDGE_CURVE('',#12781,#7204,#12807,.T.);
#12807 = SURFACE_CURVE('',#12808,(#12813,#12820),.PCURVE_S1.);
#12808 = CIRCLE('',#12809,42.5);
#12809 = AXIS2_PLACEMENT_3D('',#12810,#12811,#12812);
#12810 = CARTESIAN_POINT('',(0.,0.,6.));
#12811 = DIRECTION('',(0.,0.,1.));
#12812 = DIRECTION('',(1.,0.,0.));
#12813 = PCURVE('',#7009,#12814);
#12814 = DEFINITIONAL_REPRESENTATION('',(#12815),#12819);
#12815 = LINE('',#12816,#12817);
#12816 = CARTESIAN_POINT('',(-0.,-4.95));
#12817 = VECTOR('',#12818,1.);
#12818 = DIRECTION('',(-1.,0.));
#12819 = ( GEOMETRIC_REPRESENTATION_CONTEXT(2) 
PARAMETRIC_REPRESENTATION_CONTEXT() REPRESENTATION_CONTEXT('2D SPACE',''
  ) );
#12820 = PCURVE('',#7243,#12821);
#12821 = DEFINITIONAL_REPRESENTATION('',(#12822),#12826);
#12822 = CIRCLE('',#12823,42.5);
#12823 = AXIS2_PLACEMENT_2D('',#12824,#12825);
#12824 = CARTESIAN_POINT('',(4.118407928589E-15,-3.242876655026E-16));
#12825 = DIRECTION('',(1.,0.));
#12826 = ( GEOMETRIC_REPRESENTATION_CONTEXT(2) 
PARAMETRIC_REPRESENTATION_CONTEXT() REPRESENTATION_CONTEXT('2D SPACE',''
  ) );
#12827 = ORIENTED_EDGE('',*,*,#7203,.F.);
#12828 = ORIENTED_EDGE('',*,*,#6992,.T.);
#12829 = ORIENTED_EDGE('',*,*,#7021,.F.);
#12830 = ADVANCED_FACE('',(#12831),#7186,.F.);
#12831 = FACE_BOUND('',#12832,.T.);
#12832 = EDGE_LOOP('',(#12833,#12834,#12857,#12977,#13095));
#12833 = ORIENTED_EDGE('',*,*,#7165,.T.);
#12834 = ORIENTED_EDGE('',*,*,#12835,.T.);
#12835 = EDGE_CURVE('',#7166,#12836,#12838,.T.);
#12836 = VERTEX_POINT('',#12837);
#12837 = CARTESIAN_POINT('',(34.7,0.,-0.938008905188));
#12838 = SEAM_CURVE('',#12839,(#12843,#12850),.PCURVE_S1.);
#12839 = LINE('',#12840,#12841);
#12840 = CARTESIAN_POINT('',(34.7,0.,-3.));
#12841 = VECTOR('',#12842,1.);
#12842 = DIRECTION('',(0.,0.,1.));
#12843 = PCURVE('',#7186,#12844);
#12844 = DEFINITIONAL_REPRESENTATION('',(#12845),#12849);
#12845 = LINE('',#12846,#12847);
#12846 = CARTESIAN_POINT('',(-6.28318530718,0.));
#12847 = VECTOR('',#12848,1.);
#12848 = DIRECTION('',(-0.,-1.));
#12849 = ( GEOMETRIC_REPRESENTATION_CONTEXT(2) 
PARAMETRIC_REPRESENTATION_CONTEXT() REPRESENTATION_CONTEXT('2D SPACE',''
  ) );
#12850 = PCURVE('',#7186,#12851);
#12851 = DEFINITIONAL_REPRESENTATION('',(#12852),#12856);
#12852 = LINE('',#12853,#12854);
#12853 = CARTESIAN_POINT('',(-0.,0.));
#12854 = VECTOR('',#12855,1.);
#12855 = DIRECTION('',(-0.,-1.));
#12856 = ( GEOMETRIC_REPRESENTATION_CONTEXT(2) 
PARAMETRIC_REPRESENTATION_CONTEXT() REPRESENTATION_CONTEXT('2D SPACE',''
  ) );
#12857 = ORIENTED_EDGE('',*,*,#12858,.T.);
#12858 = EDGE_CURVE('',#12836,#12859,#12861,.T.);
#12859 = VERTEX_POINT('',#12860);
#12860 = CARTESIAN_POINT('',(-34.7,0.,-0.938008905188));
#12861 = SURFACE_CURVE('',#12862,(#12893,#12927),.PCURVE_S1.);
#12862 = B_SPLINE_CURVE_WITH_KNOTS('',8,(#12863,#12864,#12865,#12866,
    #12867,#12868,#12869,#12870,#12871,#12872,#12873,#12874,#12875,
    #12876,#12877,#12878,#12879,#12880,#12881,#12882,#12883,#12884,
    #12885,#12886,#12887,#12888,#12889,#12890,#12891,#12892),
  .UNSPECIFIED.,.F.,.F.,(9,7,7,7,9),(0.,0.249999999999,0.499999999999,
    0.749999999999,1.),.UNSPECIFIED.);
#12863 = CARTESIAN_POINT('',(34.7,4.249524393041E-15,-0.938005660643));
#12864 = CARTESIAN_POINT('',(34.7,3.405834902036,-0.938005660643));
#12865 = CARTESIAN_POINT('',(34.31795876887,6.813885584004,
    -0.938005660643));
#12866 = CARTESIAN_POINT('',(33.553011447747,10.170697673807,
    -0.938005660643));
#12867 = CARTESIAN_POINT('',(32.414284300005,13.426436171728,
    -0.938005660643));
#12868 = CARTESIAN_POINT('',(30.917331218512,16.53379262932,
    -0.938005660643));
#12869 = CARTESIAN_POINT('',(29.084606064611,19.448316659294,
    -0.938005660643));
#12870 = CARTESIAN_POINT('',(26.94489426201,22.128316352336,
    -0.938005660643));
#12871 = CARTESIAN_POINT('',(22.128316352336,26.944894262011,
    -0.938005660643));
#12872 = CARTESIAN_POINT('',(19.44831665932,29.084606064609,
    -0.938005660643));
#12873 = CARTESIAN_POINT('',(16.533792629263,30.917331218497,
    -0.938005660643));
#12874 = CARTESIAN_POINT('',(13.42643617181,32.41428430003,
    -0.938005660643));
#12875 = CARTESIAN_POINT('',(10.170697673749,33.553011447724,
    -0.938005660643));
#12876 = CARTESIAN_POINT('',(6.813885584034,34.317958768877,
    -0.938005660643));
#12877 = CARTESIAN_POINT('',(3.405834902033,34.7,-0.938005660643));
#12878 = CARTESIAN_POINT('',(-3.405834902043,34.7,-0.938005660643));
#12879 = CARTESIAN_POINT('',(-6.813885583964,34.31795876887,
    -0.938005660643));
#12880 = CARTESIAN_POINT('',(-10.17069767388,33.553011447747,
    -0.938005660643));
#12881 = CARTESIAN_POINT('',(-13.42643617164,32.41428430001,
    -0.938005660643));
#12882 = CARTESIAN_POINT('',(-16.53379262937,30.917331218505,
    -0.938005660643));
#12883 = CARTESIAN_POINT('',(-19.44831665927,29.084606064617,
    -0.938005660643));
#12884 = CARTESIAN_POINT('',(-22.12831635233,26.944894262009,
    -0.938005660643));
#12885 = CARTESIAN_POINT('',(-26.944894262,22.128316352338,
    -0.938005660643));
#12886 = CARTESIAN_POINT('',(-29.08460606461,19.448316659296,
    -0.938005660643));
#12887 = CARTESIAN_POINT('',(-30.9173312185,16.533792629327,
    -0.938005660643));
#12888 = CARTESIAN_POINT('',(-32.41428430001,13.426436171718,
    -0.938005660643));
#12889 = CARTESIAN_POINT('',(-33.55301144773,10.170697673823,
    -0.938005660643));
#12890 = CARTESIAN_POINT('',(-34.31795876887,6.813885583996,
    -0.938005660643));
#12891 = CARTESIAN_POINT('',(-34.7,3.405834902039,-0.938005660643));
#12892 = CARTESIAN_POINT('',(-34.7,0.,-0.938005660643));
#12893 = PCURVE('',#7186,#12894);
#12894 = DEFINITIONAL_REPRESENTATION('',(#12895),#12926);
#12895 = B_SPLINE_CURVE_WITH_KNOTS('',8,(#12896,#12897,#12898,#12899,
    #12900,#12901,#12902,#12903,#12904,#12905,#12906,#12907,#12908,
    #12909,#12910,#12911,#12912,#12913,#12914,#12915,#12916,#12917,
    #12918,#12919,#12920,#12921,#12922,#12923,#12924,#12925),
  .UNSPECIFIED.,.F.,.F.,(9,7,7,7,9),(0.,0.249999999999,0.499999999999,
    0.749999999999,1.),.UNSPECIFIED.);
#12896 = CARTESIAN_POINT('',(0.,-2.061994339357));
#12897 = CARTESIAN_POINT('',(-9.815086173015E-02,-2.061994339357));
#12898 = CARTESIAN_POINT('',(-0.196365497752,-2.061994339357));
#12899 = CARTESIAN_POINT('',(-0.294544914866,-2.061994339357));
#12900 = CARTESIAN_POINT('',(-0.392699081699,-2.061994339357));
#12901 = CARTESIAN_POINT('',(-0.490853248531,-2.061994339357));
#12902 = CARTESIAN_POINT('',(-0.589032665646,-2.061994339357));
#12903 = CARTESIAN_POINT('',(-0.687247301667,-2.061994339357));
#12904 = CARTESIAN_POINT('',(-0.883549025128,-2.061994339357));
#12905 = CARTESIAN_POINT('',(-0.981763661148,-2.061994339357));
#12906 = CARTESIAN_POINT('',(-1.079943078266,-2.061994339357));
#12907 = CARTESIAN_POINT('',(-1.178097245093,-2.061994339357));
#12908 = CARTESIAN_POINT('',(-1.276251411931,-2.061994339357));
#12909 = CARTESIAN_POINT('',(-1.374430829042,-2.061994339357));
#12910 = CARTESIAN_POINT('',(-1.472645465065,-2.061994339357));
#12911 = CARTESIAN_POINT('',(-1.668947188525,-2.061994339357));
#12912 = CARTESIAN_POINT('',(-1.767161824547,-2.061994339357));
#12913 = CARTESIAN_POINT('',(-1.865341241661,-2.061994339357));
#12914 = CARTESIAN_POINT('',(-1.963495408494,-2.061994339357));
#12915 = CARTESIAN_POINT('',(-2.061649575326,-2.061994339357));
#12916 = CARTESIAN_POINT('',(-2.15982899244,-2.061994339357));
#12917 = CARTESIAN_POINT('',(-2.258043628462,-2.061994339357));
#12918 = CARTESIAN_POINT('',(-2.454345351923,-2.061994339357));
#12919 = CARTESIAN_POINT('',(-2.552559987944,-2.061994339357));
#12920 = CARTESIAN_POINT('',(-2.65073940506,-2.061994339357));
#12921 = CARTESIAN_POINT('',(-2.748893571888,-2.061994339357));
#12922 = CARTESIAN_POINT('',(-2.847047738726,-2.061994339357));
#12923 = CARTESIAN_POINT('',(-2.945227155837,-2.061994339357));
#12924 = CARTESIAN_POINT('',(-3.04344179186,-2.061994339357));
#12925 = CARTESIAN_POINT('',(-3.14159265359,-2.061994339357));
#12926 = ( GEOMETRIC_REPRESENTATION_CONTEXT(2) 
PARAMETRIC_REPRESENTATION_CONTEXT() REPRESENTATION_CONTEXT('2D SPACE',''
  ) );
#12927 = PCURVE('',#12928,#12944);
#12928 = SURFACE_OF_REVOLUTION('',#12929,#12941);
#12929 = B_SPLINE_CURVE_WITH_KNOTS('',3,(#12930,#12931,#12932,#12933,
    #12934,#12935,#12936,#12937,#12938,#12939,#12940),.UNSPECIFIED.,.F.,
  .F.,(4,1,1,1,1,1,1,1,4),(0.,0.125,0.25,0.375,0.5,0.625,0.75,0.875,1.),
  .QUASI_UNIFORM_KNOTS.);
#12930 = CARTESIAN_POINT('',(-35.90058800459,0.,-6.3834777853E-02));
#12931 = CARTESIAN_POINT('',(-35.89805472477,0.,-0.115543130703));
#12932 = CARTESIAN_POINT('',(-35.90994942779,0.,-0.214555909158));
#12933 = CARTESIAN_POINT('',(-35.76718913363,0.,-0.404349073673));
#12934 = CARTESIAN_POINT('',(-35.40377351734,0.,-0.637931227188));
#12935 = CARTESIAN_POINT('',(-34.86284960367,0.,-0.885139841469));
#12936 = CARTESIAN_POINT('',(-34.24482806797,0.,-1.101509406936));
#12937 = CARTESIAN_POINT('',(-33.66087268418,0.,-1.246875653453));
#12938 = CARTESIAN_POINT('',(-33.1863897729,0.,-1.303979771115));
#12939 = CARTESIAN_POINT('',(-32.93885782676,0.,-1.299221889907));
#12940 = CARTESIAN_POINT('',(-32.80958694463,0.,-1.300235201836));
#12941 = AXIS1_PLACEMENT('',#12942,#12943);
#12942 = CARTESIAN_POINT('',(4.286263797016E-16,0.,-1.E-01));
#12943 = DIRECTION('',(1.224646799147E-16,0.,-1.));
#12944 = DEFINITIONAL_REPRESENTATION('',(#12945),#12976);
#12945 = B_SPLINE_CURVE_WITH_KNOTS('',8,(#12946,#12947,#12948,#12949,
    #12950,#12951,#12952,#12953,#12954,#12955,#12956,#12957,#12958,
    #12959,#12960,#12961,#12962,#12963,#12964,#12965,#12966,#12967,
    #12968,#12969,#12970,#12971,#12972,#12973,#12974,#12975),
  .UNSPECIFIED.,.F.,.F.,(9,7,7,7,9),(0.,0.249999999999,0.499999999999,
    0.749999999999,1.),.UNSPECIFIED.);
#12946 = CARTESIAN_POINT('',(3.14159265359,0.531882352149));
#12947 = CARTESIAN_POINT('',(3.04344179186,0.531882352149));
#12948 = CARTESIAN_POINT('',(2.945227155837,0.531882352149));
#12949 = CARTESIAN_POINT('',(2.847047738725,0.531882352149));
#12950 = CARTESIAN_POINT('',(2.748893571889,0.531882352149));
#12951 = CARTESIAN_POINT('',(2.650739405061,0.531882352149));
#12952 = CARTESIAN_POINT('',(2.552559987944,0.531882352149));
#12953 = CARTESIAN_POINT('',(2.454345351923,0.531882352149));
#12954 = CARTESIAN_POINT('',(2.258043628462,0.531882352149));
#12955 = CARTESIAN_POINT('',(2.159828992441,0.531882352149));
#12956 = CARTESIAN_POINT('',(2.061649575324,0.531882352149));
#12957 = CARTESIAN_POINT('',(1.963495408497,0.531882352149));
#12958 = CARTESIAN_POINT('',(1.865341241658,0.531882352149));
#12959 = CARTESIAN_POINT('',(1.767161824548,0.531882352149));
#12960 = CARTESIAN_POINT('',(1.668947188525,0.531882352149));
#12961 = CARTESIAN_POINT('',(1.472645465065,0.531882352149));
#12962 = CARTESIAN_POINT('',(1.374430829044,0.531882352149));
#12963 = CARTESIAN_POINT('',(1.276251411927,0.531882352149));
#12964 = CARTESIAN_POINT('',(1.178097245099,0.531882352149));
#12965 = CARTESIAN_POINT('',(1.079943078262,0.531882352149));
#12966 = CARTESIAN_POINT('',(0.98176366115,0.531882352149));
#12967 = CARTESIAN_POINT('',(0.883549025128,0.531882352149));
#12968 = CARTESIAN_POINT('',(0.687247301667,0.531882352149));
#12969 = CARTESIAN_POINT('',(0.589032665646,0.531882352149));
#12970 = CARTESIAN_POINT('',(0.490853248531,0.531882352149));
#12971 = CARTESIAN_POINT('',(0.3926990817,0.531882352149));
#12972 = CARTESIAN_POINT('',(0.294544914866,0.531882352149));
#12973 = CARTESIAN_POINT('',(0.196365497752,0.531882352149));
#12974 = CARTESIAN_POINT('',(9.815086173024E-02,0.531882352149));
#12975 = CARTESIAN_POINT('',(0.,0.531882352149));
#12976 = ( GEOMETRIC_REPRESENTATION_CONTEXT(2) 
PARAMETRIC_REPRESENTATION_CONTEXT() REPRESENTATION_CONTEXT('2D SPACE',''
  ) );
#12977 = ORIENTED_EDGE('',*,*,#12978,.T.);
#12978 = EDGE_CURVE('',#12859,#12836,#12979,.T.);
#12979 = SURFACE_CURVE('',#12980,(#13011,#13045),.PCURVE_S1.);
#12980 = B_SPLINE_CURVE_WITH_KNOTS('',8,(#12981,#12982,#12983,#12984,
    #12985,#12986,#12987,#12988,#12989,#12990,#12991,#12992,#12993,
    #12994,#12995,#12996,#12997,#12998,#12999,#13000,#13001,#13002,
    #13003,#13004,#13005,#13006,#13007,#13008,#13009,#13010),
  .UNSPECIFIED.,.F.,.F.,(9,7,7,7,9),(0.,0.249999999999,0.499999999999,
    0.749999999999,1.),.UNSPECIFIED.);
#12981 = CARTESIAN_POINT('',(-34.7,-7.105427357601E-15,-0.938005660643)
  );
#12982 = CARTESIAN_POINT('',(-34.7,-3.405834902044,-0.938005660643));
#12983 = CARTESIAN_POINT('',(-34.31795876887,-6.813885583973,
    -0.938005660643));
#12984 = CARTESIAN_POINT('',(-33.55301144771,-10.17069767387,
    -0.938005660643));
#12985 = CARTESIAN_POINT('',(-32.41428430005,-13.42643617164,
    -0.938005660643));
#12986 = CARTESIAN_POINT('',(-30.91733121846,-16.53379262938,
    -0.938005660643));
#12987 = CARTESIAN_POINT('',(-29.08460606463,-19.44831665926,
    -0.938005660643));
#12988 = CARTESIAN_POINT('',(-26.944894262,-22.12831635234,
    -0.938005660643));
#12989 = CARTESIAN_POINT('',(-22.12831635234,-26.944894262,
    -0.938005660643));
#12990 = CARTESIAN_POINT('',(-19.44831665929,-29.08460606461,
    -0.938005660643));
#12991 = CARTESIAN_POINT('',(-16.53379262933,-30.91733121849,
    -0.938005660643));
#12992 = CARTESIAN_POINT('',(-13.42643617171,-32.41428430002,
    -0.938005660643));
#12993 = CARTESIAN_POINT('',(-10.17069767382,-33.55301144773,
    -0.938005660643));
#12994 = CARTESIAN_POINT('',(-6.813885584001,-34.31795876887,
    -0.938005660643));
#12995 = CARTESIAN_POINT('',(-3.405834902039,-34.7,-0.938005660643));
#12996 = CARTESIAN_POINT('',(3.405834902048,-34.7,-0.938005660643));
#12997 = CARTESIAN_POINT('',(6.813885583974,-34.31795876886,
    -0.938005660643));
#12998 = CARTESIAN_POINT('',(10.170697673818,-33.55301144776,
    -0.938005660643));
#12999 = CARTESIAN_POINT('',(13.426436171754,-32.41428429997,
    -0.938005660643));
#13000 = CARTESIAN_POINT('',(16.533792629276,-30.91733121855,
    -0.938005660643));
#13001 = CARTESIAN_POINT('',(19.448316659319,-29.08460606458,
    -0.938005660643));
#13002 = CARTESIAN_POINT('',(22.128316352329,-26.94489426201,
    -0.938005660643));
#13003 = CARTESIAN_POINT('',(26.944894262016,-22.12831635233,
    -0.938005660643));
#13004 = CARTESIAN_POINT('',(29.084606064588,-19.44831665933,
    -0.938005660643));
#13005 = CARTESIAN_POINT('',(30.917331218538,-16.53379262923,
    -0.938005660643));
#13006 = CARTESIAN_POINT('',(32.414284299984,-13.42643617184,
    -0.938005660643));
#13007 = CARTESIAN_POINT('',(33.553011447755,-10.17069767372,
    -0.938005660643));
#13008 = CARTESIAN_POINT('',(34.317958768868,-6.813885584043,
    -0.938005660643));
#13009 = CARTESIAN_POINT('',(34.7,-3.40583490203,-0.938005660643));
#13010 = CARTESIAN_POINT('',(34.7,0.,-0.938005660643));
#13011 = PCURVE('',#7186,#13012);
#13012 = DEFINITIONAL_REPRESENTATION('',(#13013),#13044);
#13013 = B_SPLINE_CURVE_WITH_KNOTS('',8,(#13014,#13015,#13016,#13017,
    #13018,#13019,#13020,#13021,#13022,#13023,#13024,#13025,#13026,
    #13027,#13028,#13029,#13030,#13031,#13032,#13033,#13034,#13035,
    #13036,#13037,#13038,#13039,#13040,#13041,#13042,#13043),
  .UNSPECIFIED.,.F.,.F.,(9,7,7,7,9),(0.,0.249999999999,0.499999999999,
    0.749999999999,1.),.UNSPECIFIED.);
#13014 = CARTESIAN_POINT('',(-3.14159265359,-2.061994339357));
#13015 = CARTESIAN_POINT('',(-3.23974351532,-2.061994339357));
#13016 = CARTESIAN_POINT('',(-3.337958151341,-2.061994339357));
#13017 = CARTESIAN_POINT('',(-3.436137568457,-2.061994339357));
#13018 = CARTESIAN_POINT('',(-3.534291735287,-2.061994339357));
#13019 = CARTESIAN_POINT('',(-3.632445902122,-2.061994339357));
#13020 = CARTESIAN_POINT('',(-3.730625319235,-2.061994339357));
#13021 = CARTESIAN_POINT('',(-3.828839955257,-2.061994339357));
#13022 = CARTESIAN_POINT('',(-4.025141678717,-2.061994339357));
#13023 = CARTESIAN_POINT('',(-4.123356314739,-2.061994339357));
#13024 = CARTESIAN_POINT('',(-4.221535731854,-2.061994339357));
#13025 = CARTESIAN_POINT('',(-4.319689898684,-2.061994339357));
#13026 = CARTESIAN_POINT('',(-4.41784406552,-2.061994339357));
#13027 = CARTESIAN_POINT('',(-4.516023482632,-2.061994339357));
#13028 = CARTESIAN_POINT('',(-4.614238118654,-2.061994339357));
#13029 = CARTESIAN_POINT('',(-4.810539842115,-2.061994339357));
#13030 = CARTESIAN_POINT('',(-4.908754478137,-2.061994339357));
#13031 = CARTESIAN_POINT('',(-5.006933895248,-2.061994339357));
#13032 = CARTESIAN_POINT('',(-5.105088062088,-2.061994339357));
#13033 = CARTESIAN_POINT('',(-5.203242228912,-2.061994339357));
#13034 = CARTESIAN_POINT('',(-5.301421646032,-2.061994339357));
#13035 = CARTESIAN_POINT('',(-5.399636282051,-2.061994339357));
#13036 = CARTESIAN_POINT('',(-5.595938005513,-2.061994339357));
#13037 = CARTESIAN_POINT('',(-5.694152641532,-2.061994339357));
#13038 = CARTESIAN_POINT('',(-5.792332058652,-2.061994339357));
#13039 = CARTESIAN_POINT('',(-5.890486225476,-2.061994339357));
#13040 = CARTESIAN_POINT('',(-5.988640392317,-2.061994339357));
#13041 = CARTESIAN_POINT('',(-6.086819809426,-2.061994339357));
#13042 = CARTESIAN_POINT('',(-6.18503444545,-2.061994339357));
#13043 = CARTESIAN_POINT('',(-6.28318530718,-2.061994339357));
#13044 = ( GEOMETRIC_REPRESENTATION_CONTEXT(2) 
PARAMETRIC_REPRESENTATION_CONTEXT() REPRESENTATION_CONTEXT('2D SPACE',''
  ) );
#13045 = PCURVE('',#13046,#13062);
#13046 = SURFACE_OF_REVOLUTION('',#13047,#13059);
#13047 = B_SPLINE_CURVE_WITH_KNOTS('',3,(#13048,#13049,#13050,#13051,
    #13052,#13053,#13054,#13055,#13056,#13057,#13058),.UNSPECIFIED.,.F.,
  .F.,(4,1,1,1,1,1,1,1,4),(0.,0.125,0.25,0.375,0.5,0.625,0.75,0.875,1.),
  .QUASI_UNIFORM_KNOTS.);
#13048 = CARTESIAN_POINT('',(35.90058800459,0.,-6.3834777853E-02));
#13049 = CARTESIAN_POINT('',(35.89805472477,0.,-0.115543130703));
#13050 = CARTESIAN_POINT('',(35.90994942779,0.,-0.214555909158));
#13051 = CARTESIAN_POINT('',(35.76718913363,0.,-0.404349073673));
#13052 = CARTESIAN_POINT('',(35.40377351734,0.,-0.637931227188));
#13053 = CARTESIAN_POINT('',(34.86284960367,0.,-0.885139841469));
#13054 = CARTESIAN_POINT('',(34.24482806797,0.,-1.101509406936));
#13055 = CARTESIAN_POINT('',(33.66087268418,0.,-1.246875653453));
#13056 = CARTESIAN_POINT('',(33.1863897729,0.,-1.303979771115));
#13057 = CARTESIAN_POINT('',(32.93885782676,0.,-1.299221889907));
#13058 = CARTESIAN_POINT('',(32.80958694463,0.,-1.300235201836));
#13059 = AXIS1_PLACEMENT('',#13060,#13061);
#13060 = CARTESIAN_POINT('',(4.286263797016E-16,0.,-1.E-01));
#13061 = DIRECTION('',(1.224646799147E-16,0.,-1.));
#13062 = DEFINITIONAL_REPRESENTATION('',(#13063),#13094);
#13063 = B_SPLINE_CURVE_WITH_KNOTS('',8,(#13064,#13065,#13066,#13067,
    #13068,#13069,#13070,#13071,#13072,#13073,#13074,#13075,#13076,
    #13077,#13078,#13079,#13080,#13081,#13082,#13083,#13084,#13085,
    #13086,#13087,#13088,#13089,#13090,#13091,#13092,#13093),
  .UNSPECIFIED.,.F.,.F.,(9,7,7,7,9),(0.,0.249999999999,0.499999999999,
    0.749999999999,1.),.UNSPECIFIED.);
#13064 = CARTESIAN_POINT('',(3.14159265359,0.531882352149));
#13065 = CARTESIAN_POINT('',(3.043441791859,0.531882352149));
#13066 = CARTESIAN_POINT('',(2.945227155839,0.531882352149));
#13067 = CARTESIAN_POINT('',(2.847047738722,0.531882352149));
#13068 = CARTESIAN_POINT('',(2.748893571893,0.531882352149));
#13069 = CARTESIAN_POINT('',(2.650739405057,0.531882352149));
#13070 = CARTESIAN_POINT('',(2.552559987945,0.531882352149));
#13071 = CARTESIAN_POINT('',(2.454345351923,0.531882352149));
#13072 = CARTESIAN_POINT('',(2.258043628462,0.531882352149));
#13073 = CARTESIAN_POINT('',(2.15982899244,0.531882352149));
#13074 = CARTESIAN_POINT('',(2.061649575327,0.531882352149));
#13075 = CARTESIAN_POINT('',(1.963495408492,0.531882352149));
#13076 = CARTESIAN_POINT('',(1.865341241662,0.531882352149));
#13077 = CARTESIAN_POINT('',(1.767161824547,0.531882352149));
#13078 = CARTESIAN_POINT('',(1.668947188525,0.531882352149));
#13079 = CARTESIAN_POINT('',(1.472645465064,0.531882352149));
#13080 = CARTESIAN_POINT('',(1.374430829043,0.531882352149));
#13081 = CARTESIAN_POINT('',(1.276251411929,0.531882352149));
#13082 = CARTESIAN_POINT('',(1.178097245094,0.531882352149));
#13083 = CARTESIAN_POINT('',(1.079943078266,0.531882352149));
#13084 = CARTESIAN_POINT('',(0.981763661148,0.531882352149));
#13085 = CARTESIAN_POINT('',(0.883549025128,0.531882352149));
#13086 = CARTESIAN_POINT('',(0.687247301667,0.531882352149));
#13087 = CARTESIAN_POINT('',(0.589032665647,0.531882352149));
#13088 = CARTESIAN_POINT('',(0.490853248528,0.531882352149));
#13089 = CARTESIAN_POINT('',(0.392699081703,0.531882352149));
#13090 = CARTESIAN_POINT('',(0.294544914863,0.531882352149));
#13091 = CARTESIAN_POINT('',(0.196365497754,0.531882352149));
#13092 = CARTESIAN_POINT('',(9.815086172996E-02,0.531882352149));
#13093 = CARTESIAN_POINT('',(0.,0.531882352149));
#13094 = ( GEOMETRIC_REPRESENTATION_CONTEXT(2) 
PARAMETRIC_REPRESENTATION_CONTEXT() REPRESENTATION_CONTEXT('2D SPACE',''
  ) );
#13095 = ORIENTED_EDGE('',*,*,#12835,.F.);
#13096 = ADVANCED_FACE('',(#13097),#7465,.T.);
#13097 = FACE_BOUND('',#13098,.T.);
#13098 = EDGE_LOOP('',(#13099,#13120,#13121,#13122,#13123,#13144));
#13099 = ORIENTED_EDGE('',*,*,#13100,.F.);
#13100 = EDGE_CURVE('',#7425,#13101,#13103,.T.);
#13101 = VERTEX_POINT('',#13102);
#13102 = CARTESIAN_POINT('',(38.428523952604,7.98818169699,6.));
#13103 = SURFACE_CURVE('',#13104,(#13108,#13114),.PCURVE_S1.);
#13104 = LINE('',#13105,#13106);
#13105 = CARTESIAN_POINT('',(16.6,7.98818169699,6.));
#13106 = VECTOR('',#13107,1.);
#13107 = DIRECTION('',(-1.,0.,0.));
#13108 = PCURVE('',#7465,#13109);
#13109 = DEFINITIONAL_REPRESENTATION('',(#13110),#13113);
#13110 = B_SPLINE_CURVE_WITH_KNOTS('',1,(#13111,#13112),.UNSPECIFIED.,
  .F.,.F.,(2,2),(-25.9,-20.4134961872),.PIECEWISE_BEZIER_KNOTS.);
#13111 = CARTESIAN_POINT('',(42.5,7.98818169699));
#13112 = CARTESIAN_POINT('',(37.013496187202,7.98818169699));
#13113 = ( GEOMETRIC_REPRESENTATION_CONTEXT(2) 
PARAMETRIC_REPRESENTATION_CONTEXT() REPRESENTATION_CONTEXT('2D SPACE',''
  ) );
#13114 = PCURVE('',#7439,#13115);
#13115 = DEFINITIONAL_REPRESENTATION('',(#13116),#13119);
#13116 = B_SPLINE_CURVE_WITH_KNOTS('',1,(#13117,#13118),.UNSPECIFIED.,
  .F.,.F.,(2,2),(-25.9,-20.4134961872),.PIECEWISE_BEZIER_KNOTS.);
#13117 = CARTESIAN_POINT('',(1.097655757921,9.3));
#13118 = CARTESIAN_POINT('',(1.097655757921,3.813496187202));
#13119 = ( GEOMETRIC_REPRESENTATION_CONTEXT(2) 
PARAMETRIC_REPRESENTATION_CONTEXT() REPRESENTATION_CONTEXT('2D SPACE',''
  ) );
#13120 = ORIENTED_EDGE('',*,*,#7450,.T.);
#13121 = ORIENTED_EDGE('',*,*,#7481,.T.);
#13122 = ORIENTED_EDGE('',*,*,#7506,.F.);
#13123 = ORIENTED_EDGE('',*,*,#13124,.T.);
#13124 = EDGE_CURVE('',#2690,#13125,#13127,.T.);
#13125 = VERTEX_POINT('',#13126);
#13126 = CARTESIAN_POINT('',(37.013496187202,13.06,6.));
#13127 = SURFACE_CURVE('',#13128,(#13132,#13138),.PCURVE_S1.);
#13128 = LINE('',#13129,#13130);
#13129 = CARTESIAN_POINT('',(14.,13.06,6.));
#13130 = VECTOR('',#13131,1.);
#13131 = DIRECTION('',(-1.,0.,0.));
#13132 = PCURVE('',#7465,#13133);
#13133 = DEFINITIONAL_REPRESENTATION('',(#13134),#13137);
#13134 = B_SPLINE_CURVE_WITH_KNOTS('',1,(#13135,#13136),.UNSPECIFIED.,
  .F.,.F.,(2,2),(-28.5,-14.),.PIECEWISE_BEZIER_KNOTS.);
#13135 = CARTESIAN_POINT('',(42.5,13.06));
#13136 = CARTESIAN_POINT('',(28.,13.06));
#13137 = ( GEOMETRIC_REPRESENTATION_CONTEXT(2) 
PARAMETRIC_REPRESENTATION_CONTEXT() REPRESENTATION_CONTEXT('2D SPACE',''
  ) );
#13138 = PCURVE('',#7792,#13139);
#13139 = DEFINITIONAL_REPRESENTATION('',(#13140),#13143);
#13140 = B_SPLINE_CURVE_WITH_KNOTS('',1,(#13141,#13142),.UNSPECIFIED.,
  .F.,.F.,(2,2),(-28.5,-14.),.PIECEWISE_BEZIER_KNOTS.);
#13141 = CARTESIAN_POINT('',(1.86,14.5));
#13142 = CARTESIAN_POINT('',(1.86,0.));
#13143 = ( GEOMETRIC_REPRESENTATION_CONTEXT(2) 
PARAMETRIC_REPRESENTATION_CONTEXT() REPRESENTATION_CONTEXT('2D SPACE',''
  ) );
#13144 = ORIENTED_EDGE('',*,*,#13145,.F.);
#13145 = EDGE_CURVE('',#13101,#13125,#13146,.T.);
#13146 = SURFACE_CURVE('',#13147,(#13152,#13159),.PCURVE_S1.);
#13147 = CIRCLE('',#13148,39.25);
#13148 = AXIS2_PLACEMENT_3D('',#13149,#13150,#13151);
#13149 = CARTESIAN_POINT('',(2.025146430259E-13,-1.910692005867E-15,6.)
  );
#13150 = DIRECTION('',(0.,0.,1.));
#13151 = DIRECTION('',(1.,0.,0.));
#13152 = PCURVE('',#7465,#13153);
#13153 = DEFINITIONAL_REPRESENTATION('',(#13154),#13158);
#13154 = CIRCLE('',#13155,39.25);
#13155 = AXIS2_PLACEMENT_2D('',#13156,#13157);
#13156 = CARTESIAN_POINT('',(2.066330509545E-13,-2.23497967137E-15));
#13157 = DIRECTION('',(1.,0.));
#13158 = ( GEOMETRIC_REPRESENTATION_CONTEXT(2) 
PARAMETRIC_REPRESENTATION_CONTEXT() REPRESENTATION_CONTEXT('2D SPACE',''
  ) );
#13159 = PCURVE('',#13160,#13165);
#13160 = CYLINDRICAL_SURFACE('',#13161,39.25);
#13161 = AXIS2_PLACEMENT_3D('',#13162,#13163,#13164);
#13162 = CARTESIAN_POINT('',(2.025146430259E-13,-1.910692005867E-15,1.05
    ));
#13163 = DIRECTION('',(-0.,-0.,-1.));
#13164 = DIRECTION('',(1.,0.,0.));
#13165 = DEFINITIONAL_REPRESENTATION('',(#13166),#13170);
#13166 = LINE('',#13167,#13168);
#13167 = CARTESIAN_POINT('',(-0.,-4.95));
#13168 = VECTOR('',#13169,1.);
#13169 = DIRECTION('',(-1.,0.));
#13170 = ( GEOMETRIC_REPRESENTATION_CONTEXT(2) 
PARAMETRIC_REPRESENTATION_CONTEXT() REPRESENTATION_CONTEXT('2D SPACE',''
  ) );
#13171 = ADVANCED_FACE('',(#13172),#7439,.F.);
#13172 = FACE_BOUND('',#13173,.F.);
#13173 = EDGE_LOOP('',(#13174,#13175,#13198,#13217));
#13174 = ORIENTED_EDGE('',*,*,#7424,.T.);
#13175 = ORIENTED_EDGE('',*,*,#13176,.F.);
#13176 = EDGE_CURVE('',#13177,#7370,#13179,.T.);
#13177 = VERTEX_POINT('',#13178);
#13178 = CARTESIAN_POINT('',(38.428523952604,7.98818169699,
    5.402344242079));
#13179 = SURFACE_CURVE('',#13180,(#13184,#13191),.PCURVE_S1.);
#13180 = LINE('',#13181,#13182);
#13181 = CARTESIAN_POINT('',(33.2,7.98818169699,5.402344242079));
#13182 = VECTOR('',#13183,1.);
#13183 = DIRECTION('',(1.,0.,0.));
#13184 = PCURVE('',#7439,#13185);
#13185 = DEFINITIONAL_REPRESENTATION('',(#13186),#13190);
#13186 = LINE('',#13187,#13188);
#13187 = CARTESIAN_POINT('',(0.5,0.));
#13188 = VECTOR('',#13189,1.);
#13189 = DIRECTION('',(0.,1.));
#13190 = ( GEOMETRIC_REPRESENTATION_CONTEXT(2) 
PARAMETRIC_REPRESENTATION_CONTEXT() REPRESENTATION_CONTEXT('2D SPACE',''
  ) );
#13191 = PCURVE('',#7403,#13192);
#13192 = DEFINITIONAL_REPRESENTATION('',(#13193),#13197);
#13193 = LINE('',#13194,#13195);
#13194 = CARTESIAN_POINT('',(-0.,0.));
#13195 = VECTOR('',#13196,1.);
#13196 = DIRECTION('',(-0.,1.));
#13197 = ( GEOMETRIC_REPRESENTATION_CONTEXT(2) 
PARAMETRIC_REPRESENTATION_CONTEXT() REPRESENTATION_CONTEXT('2D SPACE',''
  ) );
#13198 = ORIENTED_EDGE('',*,*,#13199,.F.);
#13199 = EDGE_CURVE('',#13101,#13177,#13200,.T.);
#13200 = SURFACE_CURVE('',#13201,(#13205,#13211),.PCURVE_S1.);
#13201 = LINE('',#13202,#13203);
#13202 = CARTESIAN_POINT('',(38.428523952604,7.98818169699,1.05));
#13203 = VECTOR('',#13204,1.);
#13204 = DIRECTION('',(-0.,-0.,-1.));
#13205 = PCURVE('',#7439,#13206);
#13206 = DEFINITIONAL_REPRESENTATION('',(#13207),#13210);
#13207 = B_SPLINE_CURVE_WITH_KNOTS('',1,(#13208,#13209),.UNSPECIFIED.,
  .F.,.F.,(2,2),(-4.9500006,-3.992344242079),.PIECEWISE_BEZIER_KNOTS.);
#13208 = CARTESIAN_POINT('',(1.097656357921,5.228523952604));
#13209 = CARTESIAN_POINT('',(0.14,5.228523952604));
#13210 = ( GEOMETRIC_REPRESENTATION_CONTEXT(2) 
PARAMETRIC_REPRESENTATION_CONTEXT() REPRESENTATION_CONTEXT('2D SPACE',''
  ) );
#13211 = PCURVE('',#13160,#13212);
#13212 = DEFINITIONAL_REPRESENTATION('',(#13213),#13216);
#13213 = B_SPLINE_CURVE_WITH_KNOTS('',1,(#13214,#13215),.UNSPECIFIED.,
  .F.,.F.,(2,2),(-4.9500006,-3.992344242079),.PIECEWISE_BEZIER_KNOTS.);
#13214 = CARTESIAN_POINT('',(-0.204952396342,-4.9500006));
#13215 = CARTESIAN_POINT('',(-0.204952396342,-3.992344242079));
#13216 = ( GEOMETRIC_REPRESENTATION_CONTEXT(2) 
PARAMETRIC_REPRESENTATION_CONTEXT() REPRESENTATION_CONTEXT('2D SPACE',''
  ) );
#13217 = ORIENTED_EDGE('',*,*,#13100,.F.);
#13218 = ADVANCED_FACE('',(#13219),#7403,.F.);
#13219 = FACE_BOUND('',#13220,.T.);
#13220 = EDGE_LOOP('',(#13221,#13222,#13272,#13293));
#13221 = ORIENTED_EDGE('',*,*,#13176,.F.);
#13222 = ORIENTED_EDGE('',*,*,#13223,.T.);
#13223 = EDGE_CURVE('',#13177,#13224,#13226,.T.);
#13224 = VERTEX_POINT('',#13225);
#13225 = CARTESIAN_POINT('',(38.529075188393,7.48818169699,
    4.902344242079));
#13226 = SURFACE_CURVE('',#13227,(#13240,#13256),.PCURVE_S1.);
#13227 = B_SPLINE_CURVE_WITH_KNOTS('',6,(#13228,#13229,#13230,#13231,
    #13232,#13233,#13234,#13235,#13236,#13237,#13238,#13239),
  .UNSPECIFIED.,.F.,.F.,(7,5,7),(0.,0.55399521391,1.),.UNSPECIFIED.);
#13228 = CARTESIAN_POINT('',(38.428523952604,7.98818169699,
    5.402344242079));
#13229 = CARTESIAN_POINT('',(38.428523952604,7.98818169699,
    5.332869151119));
#13230 = CARTESIAN_POINT('',(38.430931940463,7.97659762406,
    5.263238651141));
#13231 = CARTESIAN_POINT('',(38.435768477104,7.953330789651,
    5.19564931425));
#13232 = CARTESIAN_POINT('',(38.44293610155,7.918717844173,
    5.132328827276));
#13233 = CARTESIAN_POINT('',(38.452227295154,7.873488821086,
    5.075470213726));
#13234 = CARTESIAN_POINT('',(38.472280734009,7.774839608851,
    4.988499234098));
#13235 = CARTESIAN_POINT('',(38.482416596838,7.724668579405,
    4.955275221648));
#13236 = CARTESIAN_POINT('',(38.493505931955,7.66933610155,
    4.929177630244));
#13237 = CARTESIAN_POINT('',(38.505214819291,7.610328702121,
    4.911324886042));
#13238 = CARTESIAN_POINT('',(38.517186598128,7.549352273072,
    4.902344242079));
#13239 = CARTESIAN_POINT('',(38.529075188393,7.48818169699,
    4.902344242079));
#13240 = PCURVE('',#7403,#13241);
#13241 = DEFINITIONAL_REPRESENTATION('',(#13242),#13255);
#13242 = B_SPLINE_CURVE_WITH_KNOTS('',6,(#13243,#13244,#13245,#13246,
    #13247,#13248,#13249,#13250,#13251,#13252,#13253,#13254),
  .UNSPECIFIED.,.F.,.F.,(7,5,7),(0.,0.55399521391,1.),.UNSPECIFIED.);
#13243 = CARTESIAN_POINT('',(0.,5.228523952604));
#13244 = CARTESIAN_POINT('',(-0.13895018192,5.228523952604));
#13245 = CARTESIAN_POINT('',(-0.278211624571,5.230931940463));
#13246 = CARTESIAN_POINT('',(-0.418217140894,5.235768477104));
#13247 = CARTESIAN_POINT('',(-0.559458101887,5.24293610155));
#13248 = CARTESIAN_POINT('',(-0.702515085317,5.252227295154));
#13249 = CARTESIAN_POINT('',(-0.965540699065,5.272280734009));
#13250 = CARTESIAN_POINT('',(-1.084750409786,5.282416596838));
#13251 = CARTESIAN_POINT('',(-1.205188719155,5.293505931955));
#13252 = CARTESIAN_POINT('',(-1.326502999101,5.305214819291));
#13253 = CARTESIAN_POINT('',(-1.448455174632,5.317186598128));
#13254 = CARTESIAN_POINT('',(-1.570796326795,5.329075188393));
#13255 = ( GEOMETRIC_REPRESENTATION_CONTEXT(2) 
PARAMETRIC_REPRESENTATION_CONTEXT() REPRESENTATION_CONTEXT('2D SPACE',''
  ) );
#13256 = PCURVE('',#13160,#13257);
#13257 = DEFINITIONAL_REPRESENTATION('',(#13258),#13271);
#13258 = B_SPLINE_CURVE_WITH_KNOTS('',6,(#13259,#13260,#13261,#13262,
    #13263,#13264,#13265,#13266,#13267,#13268,#13269,#13270),
  .UNSPECIFIED.,.F.,.F.,(7,5,7),(0.,0.55399521391,1.),.UNSPECIFIED.);
#13259 = CARTESIAN_POINT('',(-0.204952396342,-4.352344242079));
#13260 = CARTESIAN_POINT('',(-0.204952396342,-4.282869151119));
#13261 = CARTESIAN_POINT('',(-0.20465095176,-4.213238651141));
#13262 = CARTESIAN_POINT('',(-0.204045494033,-4.14564931425));
#13263 = CARTESIAN_POINT('',(-0.203144926783,-4.082328827276));
#13264 = CARTESIAN_POINT('',(-0.201968534769,-4.025470213726));
#13265 = CARTESIAN_POINT('',(-0.199403775171,-3.938499234098));
#13266 = CARTESIAN_POINT('',(-0.198099708709,-3.905275221648));
#13267 = CARTESIAN_POINT('',(-0.196661934189,-3.879177630244));
#13268 = CARTESIAN_POINT('',(-0.195129253893,-3.861324886042));
#13269 = CARTESIAN_POINT('',(-0.193546057953,-3.852344242079));
#13270 = CARTESIAN_POINT('',(-0.191958410812,-3.852344242079));
#13271 = ( GEOMETRIC_REPRESENTATION_CONTEXT(2) 
PARAMETRIC_REPRESENTATION_CONTEXT() REPRESENTATION_CONTEXT('2D SPACE',''
  ) );
#13272 = ORIENTED_EDGE('',*,*,#13273,.T.);
#13273 = EDGE_CURVE('',#13224,#7337,#13274,.T.);
#13274 = SURFACE_CURVE('',#13275,(#13279,#13286),.PCURVE_S1.);
#13275 = LINE('',#13276,#13277);
#13276 = CARTESIAN_POINT('',(33.2,7.48818169699,4.902344242079));
#13277 = VECTOR('',#13278,1.);
#13278 = DIRECTION('',(1.,0.,0.));
#13279 = PCURVE('',#7403,#13280);
#13280 = DEFINITIONAL_REPRESENTATION('',(#13281),#13285);
#13281 = LINE('',#13282,#13283);
#13282 = CARTESIAN_POINT('',(-1.570796326795,0.));
#13283 = VECTOR('',#13284,1.);
#13284 = DIRECTION('',(-0.,1.));
#13285 = ( GEOMETRIC_REPRESENTATION_CONTEXT(2) 
PARAMETRIC_REPRESENTATION_CONTEXT() REPRESENTATION_CONTEXT('2D SPACE',''
  ) );
#13286 = PCURVE('',#7353,#13287);
#13287 = DEFINITIONAL_REPRESENTATION('',(#13288),#13292);
#13288 = LINE('',#13289,#13290);
#13289 = CARTESIAN_POINT('',(0.,6.8));
#13290 = VECTOR('',#13291,1.);
#13291 = DIRECTION('',(1.,0.));
#13292 = ( GEOMETRIC_REPRESENTATION_CONTEXT(2) 
PARAMETRIC_REPRESENTATION_CONTEXT() REPRESENTATION_CONTEXT('2D SPACE',''
  ) );
#13293 = ORIENTED_EDGE('',*,*,#7369,.F.);
#13294 = ADVANCED_FACE('',(#13295),#7353,.T.);
#13295 = FACE_BOUND('',#13296,.T.);
#13296 = EDGE_LOOP('',(#13297,#13325,#13346,#13347));
#13297 = ORIENTED_EDGE('',*,*,#13298,.T.);
#13298 = EDGE_CURVE('',#13224,#13299,#13301,.T.);
#13299 = VERTEX_POINT('',#13300);
#13300 = CARTESIAN_POINT('',(39.232011473476,1.18818169699,
    4.902344242079));
#13301 = SURFACE_CURVE('',#13302,(#13307,#13318),.PCURVE_S1.);
#13302 = CIRCLE('',#13303,39.25);
#13303 = AXIS2_PLACEMENT_3D('',#13304,#13305,#13306);
#13304 = CARTESIAN_POINT('',(2.025146430259E-13,-1.910692005867E-15,
    4.902344242079));
#13305 = DIRECTION('',(0.,0.,-1.));
#13306 = DIRECTION('',(1.,0.,0.));
#13307 = PCURVE('',#7353,#13308);
#13308 = DEFINITIONAL_REPRESENTATION('',(#13309),#13317);
#13309 = ( BOUNDED_CURVE() B_SPLINE_CURVE(2,(#13310,#13311,#13312,#13313
    ,#13314,#13315,#13316),.UNSPECIFIED.,.T.,.F.) 
B_SPLINE_CURVE_WITH_KNOTS((1,2,2,2,2,1),(-2.094395102393,0.,
    2.094395102393,4.188790204786,6.28318530718,8.377580409573),
.UNSPECIFIED.) CURVE() GEOMETRIC_REPRESENTATION_ITEM() 
RATIONAL_B_SPLINE_CURVE((1.,0.5,1.,0.5,1.,0.5,1.)) REPRESENTATION_ITEM(
  '') );
#13310 = CARTESIAN_POINT('',(6.05,-0.68818169699));
#13311 = CARTESIAN_POINT('',(6.05,-68.67117589406));
#13312 = CARTESIAN_POINT('',(-52.825,-34.67967879552));
#13313 = CARTESIAN_POINT('',(-111.7,-0.68818169699));
#13314 = CARTESIAN_POINT('',(-52.825,33.303315401549));
#13315 = CARTESIAN_POINT('',(6.05,67.294812500088));
#13316 = CARTESIAN_POINT('',(6.05,-0.68818169699));
#13317 = ( GEOMETRIC_REPRESENTATION_CONTEXT(2) 
PARAMETRIC_REPRESENTATION_CONTEXT() REPRESENTATION_CONTEXT('2D SPACE',''
  ) );
#13318 = PCURVE('',#13160,#13319);
#13319 = DEFINITIONAL_REPRESENTATION('',(#13320),#13324);
#13320 = LINE('',#13321,#13322);
#13321 = CARTESIAN_POINT('',(-6.28318530718,-3.852344242079));
#13322 = VECTOR('',#13323,1.);
#13323 = DIRECTION('',(1.,-0.));
#13324 = ( GEOMETRIC_REPRESENTATION_CONTEXT(2) 
PARAMETRIC_REPRESENTATION_CONTEXT() REPRESENTATION_CONTEXT('2D SPACE',''
  ) );
#13325 = ORIENTED_EDGE('',*,*,#13326,.T.);
#13326 = EDGE_CURVE('',#13299,#7282,#13327,.T.);
#13327 = SURFACE_CURVE('',#13328,(#13332,#13339),.PCURVE_S1.);
#13328 = LINE('',#13329,#13330);
#13329 = CARTESIAN_POINT('',(33.2,1.18818169699,4.902344242079));
#13330 = VECTOR('',#13331,1.);
#13331 = DIRECTION('',(1.,0.,0.));
#13332 = PCURVE('',#7353,#13333);
#13333 = DEFINITIONAL_REPRESENTATION('',(#13334),#13338);
#13334 = LINE('',#13335,#13336);
#13335 = CARTESIAN_POINT('',(0.,0.5));
#13336 = VECTOR('',#13337,1.);
#13337 = DIRECTION('',(1.,0.));
#13338 = ( GEOMETRIC_REPRESENTATION_CONTEXT(2) 
PARAMETRIC_REPRESENTATION_CONTEXT() REPRESENTATION_CONTEXT('2D SPACE',''
  ) );
#13339 = PCURVE('',#7315,#13340);
#13340 = DEFINITIONAL_REPRESENTATION('',(#13341),#13345);
#13341 = LINE('',#13342,#13343);
#13342 = CARTESIAN_POINT('',(1.570796326795,0.));
#13343 = VECTOR('',#13344,1.);
#13344 = DIRECTION('',(0.,1.));
#13345 = ( GEOMETRIC_REPRESENTATION_CONTEXT(2) 
PARAMETRIC_REPRESENTATION_CONTEXT() REPRESENTATION_CONTEXT('2D SPACE',''
  ) );
#13346 = ORIENTED_EDGE('',*,*,#7336,.F.);
#13347 = ORIENTED_EDGE('',*,*,#13273,.F.);
#13348 = ADVANCED_FACE('',(#13349),#7315,.F.);
#13349 = FACE_BOUND('',#13350,.F.);
#13350 = EDGE_LOOP('',(#13351,#13374,#13422,#13423));
#13351 = ORIENTED_EDGE('',*,*,#13352,.F.);
#13352 = EDGE_CURVE('',#13353,#7256,#13355,.T.);
#13353 = VERTEX_POINT('',#13354);
#13354 = CARTESIAN_POINT('',(39.243966491066,0.68818169699,
    5.402344242079));
#13355 = SURFACE_CURVE('',#13356,(#13360,#13367),.PCURVE_S1.);
#13356 = LINE('',#13357,#13358);
#13357 = CARTESIAN_POINT('',(33.2,0.68818169699,5.402344242079));
#13358 = VECTOR('',#13359,1.);
#13359 = DIRECTION('',(1.,0.,0.));
#13360 = PCURVE('',#7315,#13361);
#13361 = DEFINITIONAL_REPRESENTATION('',(#13362),#13366);
#13362 = LINE('',#13363,#13364);
#13363 = CARTESIAN_POINT('',(0.,0.));
#13364 = VECTOR('',#13365,1.);
#13365 = DIRECTION('',(0.,1.));
#13366 = ( GEOMETRIC_REPRESENTATION_CONTEXT(2) 
PARAMETRIC_REPRESENTATION_CONTEXT() REPRESENTATION_CONTEXT('2D SPACE',''
  ) );
#13367 = PCURVE('',#7270,#13368);
#13368 = DEFINITIONAL_REPRESENTATION('',(#13369),#13373);
#13369 = LINE('',#13370,#13371);
#13370 = CARTESIAN_POINT('',(0.5,0.));
#13371 = VECTOR('',#13372,1.);
#13372 = DIRECTION('',(0.,1.));
#13373 = ( GEOMETRIC_REPRESENTATION_CONTEXT(2) 
PARAMETRIC_REPRESENTATION_CONTEXT() REPRESENTATION_CONTEXT('2D SPACE',''
  ) );
#13374 = ORIENTED_EDGE('',*,*,#13375,.T.);
#13375 = EDGE_CURVE('',#13353,#13299,#13376,.T.);
#13376 = SURFACE_CURVE('',#13377,(#13390,#13406),.PCURVE_S1.);
#13377 = B_SPLINE_CURVE_WITH_KNOTS('',6,(#13378,#13379,#13380,#13381,
    #13382,#13383,#13384,#13385,#13386,#13387,#13388,#13389),
  .UNSPECIFIED.,.F.,.F.,(7,5,7),(0.,0.545293547407,1.),.UNSPECIFIED.);
#13378 = CARTESIAN_POINT('',(39.243966491066,0.68818169699,
    5.402344242079));
#13379 = CARTESIAN_POINT('',(39.243966491066,0.68818169699,
    5.334225785817));
#13380 = CARTESIAN_POINT('',(39.243771207945,0.699317747009,
    5.265949521759));
#13381 = CARTESIAN_POINT('',(39.243378925666,0.72168829418,
    5.199555867904));
#13382 = CARTESIAN_POINT('',(39.242770679987,0.755020759233,
    5.137125872481));
#13383 = CARTESIAN_POINT('',(39.241908608553,0.79869693978,
    5.080735420882));
#13384 = CARTESIAN_POINT('',(39.239799951125,0.895852867458,
    4.992330328759));
#13385 = CARTESIAN_POINT('',(39.23863861647,0.946608508847,
    4.957722288483));
#13386 = CARTESIAN_POINT('',(39.237264069584,1.002909007559,
    4.930447637731));
#13387 = CARTESIAN_POINT('',(39.235677538756,1.063170969845,
    4.911754517122));
#13388 = CARTESIAN_POINT('',(39.233907876609,1.125565255707,
    4.902344242079));
#13389 = CARTESIAN_POINT('',(39.232011473476,1.18818169699,
    4.902344242079));
#13390 = PCURVE('',#7315,#13391);
#13391 = DEFINITIONAL_REPRESENTATION('',(#13392),#13405);
#13392 = B_SPLINE_CURVE_WITH_KNOTS('',6,(#13393,#13394,#13395,#13396,
    #13397,#13398,#13399,#13400,#13401,#13402,#13403,#13404),
  .UNSPECIFIED.,.F.,.F.,(7,5,7),(0.,0.545293547407,1.),.UNSPECIFIED.);
#13393 = CARTESIAN_POINT('',(0.,6.043966491066));
#13394 = CARTESIAN_POINT('',(0.136236912522,6.043966491066));
#13395 = CARTESIAN_POINT('',(0.272790063842,6.043771207945));
#13396 = CARTESIAN_POINT('',(0.410126044448,6.043378925666));
#13397 = CARTESIAN_POINT('',(0.548753161187,6.042770679987));
#13398 = CARTESIAN_POINT('',(0.689265500536,6.041908608553));
#13399 = CARTESIAN_POINT('',(0.951980057395,6.039799951125));
#13400 = CARTESIAN_POINT('',(1.073643168856,6.03863861647));
#13401 = CARTESIAN_POINT('',(1.19671227948,6.037264069584));
#13402 = CARTESIAN_POINT('',(1.320775687835,6.035677538756));
#13403 = CARTESIAN_POINT('',(1.445563444228,6.033907876609));
#13404 = CARTESIAN_POINT('',(1.570796326795,6.032011473476));
#13405 = ( GEOMETRIC_REPRESENTATION_CONTEXT(2) 
PARAMETRIC_REPRESENTATION_CONTEXT() REPRESENTATION_CONTEXT('2D SPACE',''
  ) );
#13406 = PCURVE('',#13160,#13407);
#13407 = DEFINITIONAL_REPRESENTATION('',(#13408),#13421);
#13408 = B_SPLINE_CURVE_WITH_KNOTS('',6,(#13409,#13410,#13411,#13412,
    #13413,#13414,#13415,#13416,#13417,#13418,#13419,#13420),
  .UNSPECIFIED.,.F.,.F.,(7,5,7),(0.,0.545293547407,1.),.UNSPECIFIED.);
#13409 = CARTESIAN_POINT('',(-1.753419010401E-02,-4.352344242079));
#13410 = CARTESIAN_POINT('',(-1.753419010401E-02,-4.284225785817));
#13411 = CARTESIAN_POINT('',(-1.781795471704E-02,-4.215949521759));
#13412 = CARTESIAN_POINT('',(-1.838799270883E-02,-4.149555867904));
#13413 = CARTESIAN_POINT('',(-1.923736837217E-02,-4.087125872481));
#13414 = CARTESIAN_POINT('',(-2.035035186233E-02,-4.030735420882));
#13415 = CARTESIAN_POINT('',(-2.282624505911E-02,-3.942330328759));
#13416 = CARTESIAN_POINT('',(-2.411971999458E-02,-3.907722288483));
#13417 = CARTESIAN_POINT('',(-2.555455229175E-02,-3.880447637731));
#13418 = CARTESIAN_POINT('',(-2.709041613353E-02,-3.861754517122));
#13419 = CARTESIAN_POINT('',(-2.868071580663E-02,-3.852344242079));
#13420 = CARTESIAN_POINT('',(-3.027677063358E-02,-3.852344242079));
#13421 = ( GEOMETRIC_REPRESENTATION_CONTEXT(2) 
PARAMETRIC_REPRESENTATION_CONTEXT() REPRESENTATION_CONTEXT('2D SPACE',''
  ) );
#13422 = ORIENTED_EDGE('',*,*,#13326,.T.);
#13423 = ORIENTED_EDGE('',*,*,#7281,.F.);
#13424 = ADVANCED_FACE('',(#13425),#7270,.T.);
#13425 = FACE_BOUND('',#13426,.T.);
#13426 = EDGE_LOOP('',(#13427,#13428,#13429,#13450));
#13427 = ORIENTED_EDGE('',*,*,#7255,.T.);
#13428 = ORIENTED_EDGE('',*,*,#13352,.F.);
#13429 = ORIENTED_EDGE('',*,*,#13430,.F.);
#13430 = EDGE_CURVE('',#13431,#13353,#13433,.T.);
#13431 = VERTEX_POINT('',#13432);
#13432 = CARTESIAN_POINT('',(39.243966491066,0.68818169699,6.));
#13433 = SURFACE_CURVE('',#13434,(#13438,#13444),.PCURVE_S1.);
#13434 = LINE('',#13435,#13436);
#13435 = CARTESIAN_POINT('',(39.243966491066,0.68818169699,1.05));
#13436 = VECTOR('',#13437,1.);
#13437 = DIRECTION('',(-0.,-0.,-1.));
#13438 = PCURVE('',#7270,#13439);
#13439 = DEFINITIONAL_REPRESENTATION('',(#13440),#13443);
#13440 = B_SPLINE_CURVE_WITH_KNOTS('',1,(#13441,#13442),.UNSPECIFIED.,
  .F.,.F.,(2,2),(-4.9500006,-3.992344242079),.PIECEWISE_BEZIER_KNOTS.);
#13441 = CARTESIAN_POINT('',(1.097656357921,6.043966491066));
#13442 = CARTESIAN_POINT('',(0.14,6.043966491066));
#13443 = ( GEOMETRIC_REPRESENTATION_CONTEXT(2) 
PARAMETRIC_REPRESENTATION_CONTEXT() REPRESENTATION_CONTEXT('2D SPACE',''
  ) );
#13444 = PCURVE('',#13160,#13445);
#13445 = DEFINITIONAL_REPRESENTATION('',(#13446),#13449);
#13446 = B_SPLINE_CURVE_WITH_KNOTS('',1,(#13447,#13448),.UNSPECIFIED.,
  .F.,.F.,(2,2),(-4.9500006,-3.992344242079),.PIECEWISE_BEZIER_KNOTS.);
#13447 = CARTESIAN_POINT('',(-1.753419010401E-02,-4.9500006));
#13448 = CARTESIAN_POINT('',(-1.753419010401E-02,-3.992344242079));
#13449 = ( GEOMETRIC_REPRESENTATION_CONTEXT(2) 
PARAMETRIC_REPRESENTATION_CONTEXT() REPRESENTATION_CONTEXT('2D SPACE',''
  ) );
#13450 = ORIENTED_EDGE('',*,*,#13451,.F.);
#13451 = EDGE_CURVE('',#7227,#13431,#13452,.T.);
#13452 = SURFACE_CURVE('',#13453,(#13457,#13463),.PCURVE_S1.);
#13453 = LINE('',#13454,#13455);
#13454 = CARTESIAN_POINT('',(16.6,0.68818169699,6.));
#13455 = VECTOR('',#13456,1.);
#13456 = DIRECTION('',(-1.,0.,0.));
#13457 = PCURVE('',#7270,#13458);
#13458 = DEFINITIONAL_REPRESENTATION('',(#13459),#13462);
#13459 = B_SPLINE_CURVE_WITH_KNOTS('',1,(#13460,#13461),.UNSPECIFIED.,
  .F.,.F.,(2,2),(-25.9,-20.4134961872),.PIECEWISE_BEZIER_KNOTS.);
#13460 = CARTESIAN_POINT('',(1.097655757921,9.3));
#13461 = CARTESIAN_POINT('',(1.097655757921,3.813496187202));
#13462 = ( GEOMETRIC_REPRESENTATION_CONTEXT(2) 
PARAMETRIC_REPRESENTATION_CONTEXT() REPRESENTATION_CONTEXT('2D SPACE',''
  ) );
#13463 = PCURVE('',#7243,#13464);
#13464 = DEFINITIONAL_REPRESENTATION('',(#13465),#13468);
#13465 = B_SPLINE_CURVE_WITH_KNOTS('',1,(#13466,#13467),.UNSPECIFIED.,
  .F.,.F.,(2,2),(-25.9,-20.4134961872),.PIECEWISE_BEZIER_KNOTS.);
#13466 = CARTESIAN_POINT('',(42.5,0.68818169699));
#13467 = CARTESIAN_POINT('',(37.013496187202,0.68818169699));
#13468 = ( GEOMETRIC_REPRESENTATION_CONTEXT(2) 
PARAMETRIC_REPRESENTATION_CONTEXT() REPRESENTATION_CONTEXT('2D SPACE',''
  ) );
#13469 = ADVANCED_FACE('',(#13470),#7243,.T.);
#13470 = FACE_BOUND('',#13471,.T.);
#13471 = EDGE_LOOP('',(#13472,#13493,#13494,#13495,#13496,#13520));
#13472 = ORIENTED_EDGE('',*,*,#13473,.F.);
#13473 = EDGE_CURVE('',#12781,#13474,#13476,.T.);
#13474 = VERTEX_POINT('',#13475);
#13475 = CARTESIAN_POINT('',(39.238937481158,-0.93181830301,6.));
#13476 = SURFACE_CURVE('',#13477,(#13481,#13487),.PCURVE_S1.);
#13477 = LINE('',#13478,#13479);
#13478 = CARTESIAN_POINT('',(16.6,-0.93181830301,6.));
#13479 = VECTOR('',#13480,1.);
#13480 = DIRECTION('',(-1.,0.,0.));
#13481 = PCURVE('',#7243,#13482);
#13482 = DEFINITIONAL_REPRESENTATION('',(#13483),#13486);
#13483 = B_SPLINE_CURVE_WITH_KNOTS('',1,(#13484,#13485),.UNSPECIFIED.,
  .F.,.F.,(2,2),(-25.9,-20.75129047302),.PIECEWISE_BEZIER_KNOTS.);
#13484 = CARTESIAN_POINT('',(42.5,-0.93181830301));
#13485 = CARTESIAN_POINT('',(37.351290473021,-0.93181830301));
#13486 = ( GEOMETRIC_REPRESENTATION_CONTEXT(2) 
PARAMETRIC_REPRESENTATION_CONTEXT() REPRESENTATION_CONTEXT('2D SPACE',''
  ) );
#13487 = PCURVE('',#12795,#13488);
#13488 = DEFINITIONAL_REPRESENTATION('',(#13489),#13492);
#13489 = B_SPLINE_CURVE_WITH_KNOTS('',1,(#13490,#13491),.UNSPECIFIED.,
  .F.,.F.,(2,2),(-25.9,-20.75129047302),.PIECEWISE_BEZIER_KNOTS.);
#13490 = CARTESIAN_POINT('',(1.097655757921,9.3));
#13491 = CARTESIAN_POINT('',(1.097655757921,4.151290473021));
#13492 = ( GEOMETRIC_REPRESENTATION_CONTEXT(2) 
PARAMETRIC_REPRESENTATION_CONTEXT() REPRESENTATION_CONTEXT('2D SPACE',''
  ) );
#13493 = ORIENTED_EDGE('',*,*,#12806,.T.);
#13494 = ORIENTED_EDGE('',*,*,#7226,.T.);
#13495 = ORIENTED_EDGE('',*,*,#13451,.T.);
#13496 = ORIENTED_EDGE('',*,*,#13497,.F.);
#13497 = EDGE_CURVE('',#13498,#13431,#13500,.T.);
#13498 = VERTEX_POINT('',#13499);
#13499 = CARTESIAN_POINT('',(39.25,-1.910692005867E-15,6.));
#13500 = SURFACE_CURVE('',#13501,(#13506,#13513),.PCURVE_S1.);
#13501 = CIRCLE('',#13502,39.25);
#13502 = AXIS2_PLACEMENT_3D('',#13503,#13504,#13505);
#13503 = CARTESIAN_POINT('',(2.025146430259E-13,-1.910692005867E-15,6.)
  );
#13504 = DIRECTION('',(0.,0.,1.));
#13505 = DIRECTION('',(1.,0.,0.));
#13506 = PCURVE('',#7243,#13507);
#13507 = DEFINITIONAL_REPRESENTATION('',(#13508),#13512);
#13508 = CIRCLE('',#13509,39.25);
#13509 = AXIS2_PLACEMENT_2D('',#13510,#13511);
#13510 = CARTESIAN_POINT('',(2.066330509545E-13,-2.23497967137E-15));
#13511 = DIRECTION('',(1.,0.));
#13512 = ( GEOMETRIC_REPRESENTATION_CONTEXT(2) 
PARAMETRIC_REPRESENTATION_CONTEXT() REPRESENTATION_CONTEXT('2D SPACE',''
  ) );
#13513 = PCURVE('',#13160,#13514);
#13514 = DEFINITIONAL_REPRESENTATION('',(#13515),#13519);
#13515 = LINE('',#13516,#13517);
#13516 = CARTESIAN_POINT('',(-0.,-4.95));
#13517 = VECTOR('',#13518,1.);
#13518 = DIRECTION('',(-1.,0.));
#13519 = ( GEOMETRIC_REPRESENTATION_CONTEXT(2) 
PARAMETRIC_REPRESENTATION_CONTEXT() REPRESENTATION_CONTEXT('2D SPACE',''
  ) );
#13520 = ORIENTED_EDGE('',*,*,#13521,.F.);
#13521 = EDGE_CURVE('',#13474,#13498,#13522,.T.);
#13522 = SURFACE_CURVE('',#13523,(#13528,#13535),.PCURVE_S1.);
#13523 = CIRCLE('',#13524,39.25);
#13524 = AXIS2_PLACEMENT_3D('',#13525,#13526,#13527);
#13525 = CARTESIAN_POINT('',(2.025146430259E-13,-1.910692005867E-15,6.)
  );
#13526 = DIRECTION('',(0.,0.,1.));
#13527 = DIRECTION('',(1.,0.,0.));
#13528 = PCURVE('',#7243,#13529);
#13529 = DEFINITIONAL_REPRESENTATION('',(#13530),#13534);
#13530 = CIRCLE('',#13531,39.25);
#13531 = AXIS2_PLACEMENT_2D('',#13532,#13533);
#13532 = CARTESIAN_POINT('',(2.066330509545E-13,-2.23497967137E-15));
#13533 = DIRECTION('',(1.,0.));
#13534 = ( GEOMETRIC_REPRESENTATION_CONTEXT(2) 
PARAMETRIC_REPRESENTATION_CONTEXT() REPRESENTATION_CONTEXT('2D SPACE',''
  ) );
#13535 = PCURVE('',#13536,#13541);
#13536 = CYLINDRICAL_SURFACE('',#13537,39.25);
#13537 = AXIS2_PLACEMENT_3D('',#13538,#13539,#13540);
#13538 = CARTESIAN_POINT('',(2.025146430259E-13,-1.910692005867E-15,1.05
    ));
#13539 = DIRECTION('',(-0.,-0.,-1.));
#13540 = DIRECTION('',(1.,0.,0.));
#13541 = DEFINITIONAL_REPRESENTATION('',(#13542),#13546);
#13542 = LINE('',#13543,#13544);
#13543 = CARTESIAN_POINT('',(-0.,-4.95));
#13544 = VECTOR('',#13545,1.);
#13545 = DIRECTION('',(-1.,0.));
#13546 = ( GEOMETRIC_REPRESENTATION_CONTEXT(2) 
PARAMETRIC_REPRESENTATION_CONTEXT() REPRESENTATION_CONTEXT('2D SPACE',''
  ) );
#13547 = ADVANCED_FACE('',(#13548,#13566),#8234,.T.);
#13548 = FACE_BOUND('',#13549,.T.);
#13549 = EDGE_LOOP('',(#13550,#13551,#13552,#13553,#13554,#13555,#13556,
    #13557,#13558,#13559,#13560,#13561,#13562,#13563,#13564,#13565));
#13550 = ORIENTED_EDGE('',*,*,#11774,.F.);
#13551 = ORIENTED_EDGE('',*,*,#8219,.F.);
#13552 = ORIENTED_EDGE('',*,*,#8649,.F.);
#13553 = ORIENTED_EDGE('',*,*,#8699,.F.);
#13554 = ORIENTED_EDGE('',*,*,#8749,.F.);
#13555 = ORIENTED_EDGE('',*,*,#8777,.F.);
#13556 = ORIENTED_EDGE('',*,*,#8830,.F.);
#13557 = ORIENTED_EDGE('',*,*,#8879,.F.);
#13558 = ORIENTED_EDGE('',*,*,#8930,.F.);
#13559 = ORIENTED_EDGE('',*,*,#9525,.F.);
#13560 = ORIENTED_EDGE('',*,*,#11471,.F.);
#13561 = ORIENTED_EDGE('',*,*,#11520,.F.);
#13562 = ORIENTED_EDGE('',*,*,#11571,.F.);
#13563 = ORIENTED_EDGE('',*,*,#11620,.F.);
#13564 = ORIENTED_EDGE('',*,*,#11694,.F.);
#13565 = ORIENTED_EDGE('',*,*,#11719,.F.);
#13566 = FACE_BOUND('',#13567,.T.);
#13567 = EDGE_LOOP('',(#13568));
#13568 = ORIENTED_EDGE('',*,*,#13569,.T.);
#13569 = EDGE_CURVE('',#13570,#13570,#13572,.T.);
#13570 = VERTEX_POINT('',#13571);
#13571 = CARTESIAN_POINT('',(36.2,0.,1.05));
#13572 = SURFACE_CURVE('',#13573,(#13578,#13589),.PCURVE_S1.);
#13573 = CIRCLE('',#13574,36.2);
#13574 = AXIS2_PLACEMENT_3D('',#13575,#13576,#13577);
#13575 = CARTESIAN_POINT('',(0.,0.,1.05));
#13576 = DIRECTION('',(0.,0.,-1.));
#13577 = DIRECTION('',(1.,0.,0.));
#13578 = PCURVE('',#8234,#13579);
#13579 = DEFINITIONAL_REPRESENTATION('',(#13580),#13588);
#13580 = ( BOUNDED_CURVE() B_SPLINE_CURVE(2,(#13581,#13582,#13583,#13584
    ,#13585,#13586,#13587),.UNSPECIFIED.,.T.,.F.) 
B_SPLINE_CURVE_WITH_KNOTS((1,2,2,2,2,1),(-2.094395102393,0.,
    2.094395102393,4.188790204786,6.28318530718,8.377580409573),
.UNSPECIFIED.) CURVE() GEOMETRIC_REPRESENTATION_ITEM() 
RATIONAL_B_SPLINE_CURVE((1.,0.5,1.,0.5,1.,0.5,1.)) REPRESENTATION_ITEM(
  '') );
#13581 = CARTESIAN_POINT('',(36.2,-6.177165574951E-16));
#13582 = CARTESIAN_POINT('',(36.2,-62.70023923399));
#13583 = CARTESIAN_POINT('',(-18.1,-31.35011961699));
#13584 = CARTESIAN_POINT('',(-72.4,-9.484159383322E-15));
#13585 = CARTESIAN_POINT('',(-18.1,31.350119616997));
#13586 = CARTESIAN_POINT('',(36.2,62.700239233993));
#13587 = CARTESIAN_POINT('',(36.2,-6.177165574951E-16));
#13588 = ( GEOMETRIC_REPRESENTATION_CONTEXT(2) 
PARAMETRIC_REPRESENTATION_CONTEXT() REPRESENTATION_CONTEXT('2D SPACE',''
  ) );
#13589 = PCURVE('',#13590,#13595);
#13590 = CYLINDRICAL_SURFACE('',#13591,36.2);
#13591 = AXIS2_PLACEMENT_3D('',#13592,#13593,#13594);
#13592 = CARTESIAN_POINT('',(0.,0.,0.));
#13593 = DIRECTION('',(-0.,-0.,-1.));
#13594 = DIRECTION('',(1.,0.,0.));
#13595 = DEFINITIONAL_REPRESENTATION('',(#13596),#13600);
#13596 = LINE('',#13597,#13598);
#13597 = CARTESIAN_POINT('',(-6.28318530718,-1.05));
#13598 = VECTOR('',#13599,1.);
#13599 = DIRECTION('',(1.,-0.));
#13600 = ( GEOMETRIC_REPRESENTATION_CONTEXT(2) 
PARAMETRIC_REPRESENTATION_CONTEXT() REPRESENTATION_CONTEXT('2D SPACE',''
  ) );
#13601 = ADVANCED_FACE('',(#13602),#8186,.F.);
#13602 = FACE_BOUND('',#13603,.F.);
#13603 = EDGE_LOOP('',(#13604,#13623,#13624,#13645));
#13604 = ORIENTED_EDGE('',*,*,#13605,.F.);
#13605 = EDGE_CURVE('',#5526,#12122,#13606,.T.);
#13606 = SURFACE_CURVE('',#13607,(#13611,#13617),.PCURVE_S1.);
#13607 = LINE('',#13608,#13609);
#13608 = CARTESIAN_POINT('',(2.699345532453,-15.11785810544,6.));
#13609 = VECTOR('',#13610,1.);
#13610 = DIRECTION('',(-0.694658370459,0.719339800339,0.));
#13611 = PCURVE('',#8186,#13612);
#13612 = DEFINITIONAL_REPRESENTATION('',(#13613),#13616);
#13613 = B_SPLINE_CURVE_WITH_KNOTS('',1,(#13614,#13615),.UNSPECIFIED.,
  .F.,.F.,(2,2),(-38.06565670586,-12.75),.PIECEWISE_BEZIER_KNOTS.);
#13614 = CARTESIAN_POINT('',(1.86,25.31565670586));
#13615 = CARTESIAN_POINT('',(1.86,0.));
#13616 = ( GEOMETRIC_REPRESENTATION_CONTEXT(2) 
PARAMETRIC_REPRESENTATION_CONTEXT() REPRESENTATION_CONTEXT('2D SPACE',''
  ) );
#13617 = PCURVE('',#11817,#13618);
#13618 = DEFINITIONAL_REPRESENTATION('',(#13619),#13622);
#13619 = B_SPLINE_CURVE_WITH_KNOTS('',1,(#13620,#13621),.UNSPECIFIED.,
  .F.,.F.,(2,2),(-38.06565670586,-12.75),.PIECEWISE_BEZIER_KNOTS.);
#13620 = CARTESIAN_POINT('',(29.141972590198,-42.5));
#13621 = CARTESIAN_POINT('',(11.556239755806,-24.28944055976));
#13622 = ( GEOMETRIC_REPRESENTATION_CONTEXT(2) 
PARAMETRIC_REPRESENTATION_CONTEXT() REPRESENTATION_CONTEXT('2D SPACE',''
  ) );
#13623 = ORIENTED_EDGE('',*,*,#8173,.T.);
#13624 = ORIENTED_EDGE('',*,*,#13625,.F.);
#13625 = EDGE_CURVE('',#12124,#8104,#13626,.T.);
#13626 = SURFACE_CURVE('',#13627,(#13631,#13638),.PCURVE_S1.);
#13627 = LINE('',#13628,#13629);
#13628 = CARTESIAN_POINT('',(11.556239755806,-24.28944055976,5.24));
#13629 = VECTOR('',#13630,1.);
#13630 = DIRECTION('',(0.694658370459,-0.719339800339,0.));
#13631 = PCURVE('',#8186,#13632);
#13632 = DEFINITIONAL_REPRESENTATION('',(#13633),#13637);
#13633 = LINE('',#13634,#13635);
#13634 = CARTESIAN_POINT('',(1.1,0.));
#13635 = VECTOR('',#13636,1.);
#13636 = DIRECTION('',(0.,1.));
#13637 = ( GEOMETRIC_REPRESENTATION_CONTEXT(2) 
PARAMETRIC_REPRESENTATION_CONTEXT() REPRESENTATION_CONTEXT('2D SPACE',''
  ) );
#13638 = PCURVE('',#8147,#13639);
#13639 = DEFINITIONAL_REPRESENTATION('',(#13640),#13644);
#13640 = LINE('',#13641,#13642);
#13641 = CARTESIAN_POINT('',(0.,0.));
#13642 = VECTOR('',#13643,1.);
#13643 = DIRECTION('',(0.,1.));
#13644 = ( GEOMETRIC_REPRESENTATION_CONTEXT(2) 
PARAMETRIC_REPRESENTATION_CONTEXT() REPRESENTATION_CONTEXT('2D SPACE',''
  ) );
#13645 = ORIENTED_EDGE('',*,*,#12121,.F.);
#13646 = ADVANCED_FACE('',(#13647),#8147,.T.);
#13647 = FACE_BOUND('',#13648,.T.);
#13648 = EDGE_LOOP('',(#13649,#13650,#13651,#13652));
#13649 = ORIENTED_EDGE('',*,*,#13625,.F.);
#13650 = ORIENTED_EDGE('',*,*,#12169,.T.);
#13651 = ORIENTED_EDGE('',*,*,#12096,.T.);
#13652 = ORIENTED_EDGE('',*,*,#8103,.F.);
#13653 = ADVANCED_FACE('',(#13654),#8007,.T.);
#13654 = FACE_BOUND('',#13655,.T.);
#13655 = EDGE_LOOP('',(#13656,#13675,#13676,#13677));
#13656 = ORIENTED_EDGE('',*,*,#13657,.F.);
#13657 = EDGE_CURVE('',#6910,#12418,#13658,.T.);
#13658 = SURFACE_CURVE('',#13659,(#13663,#13669),.PCURVE_S1.);
#13659 = LINE('',#13660,#13661);
#13660 = CARTESIAN_POINT('',(15.014442914251,-3.225306803189,6.));
#13661 = VECTOR('',#13662,1.);
#13662 = DIRECTION('',(-0.694658370459,0.719339800339,0.));
#13663 = PCURVE('',#8007,#13664);
#13664 = DEFINITIONAL_REPRESENTATION('',(#13665),#13668);
#13665 = B_SPLINE_CURVE_WITH_KNOTS('',1,(#13666,#13667),.UNSPECIFIED.,
  .F.,.F.,(2,2),(-39.56701344804,-12.75),.PIECEWISE_BEZIER_KNOTS.);
#13666 = CARTESIAN_POINT('',(1.86,26.817013448046));
#13667 = CARTESIAN_POINT('',(1.86,0.));
#13668 = ( GEOMETRIC_REPRESENTATION_CONTEXT(2) 
PARAMETRIC_REPRESENTATION_CONTEXT() REPRESENTATION_CONTEXT('2D SPACE',''
  ) );
#13669 = PCURVE('',#12291,#13670);
#13670 = DEFINITIONAL_REPRESENTATION('',(#13671),#13674);
#13671 = B_SPLINE_CURVE_WITH_KNOTS('',1,(#13672,#13673),.UNSPECIFIED.,
  .F.,.F.,(2,2),(-39.56701344804,-12.75),.PIECEWISE_BEZIER_KNOTS.);
#13672 = CARTESIAN_POINT('',(42.5,-31.6874343569));
#13673 = CARTESIAN_POINT('',(23.871337137603,-12.3968892575));
#13674 = ( GEOMETRIC_REPRESENTATION_CONTEXT(2) 
PARAMETRIC_REPRESENTATION_CONTEXT() REPRESENTATION_CONTEXT('2D SPACE',''
  ) );
#13675 = ORIENTED_EDGE('',*,*,#7992,.T.);
#13676 = ORIENTED_EDGE('',*,*,#12334,.F.);
#13677 = ORIENTED_EDGE('',*,*,#12441,.F.);
#13678 = ADVANCED_FACE('',(#13679),#7980,.F.);
#13679 = FACE_BOUND('',#13680,.F.);
#13680 = EDGE_LOOP('',(#13681,#13702,#13703,#13726));
#13681 = ORIENTED_EDGE('',*,*,#13682,.F.);
#13682 = EDGE_CURVE('',#6934,#13683,#13685,.T.);
#13683 = VERTEX_POINT('',#13684);
#13684 = CARTESIAN_POINT('',(37.351290473021,-12.06,6.));
#13685 = SURFACE_CURVE('',#13686,(#13690,#13696),.PCURVE_S1.);
#13686 = LINE('',#13687,#13688);
#13687 = CARTESIAN_POINT('',(14.,-12.06,6.));
#13688 = VECTOR('',#13689,1.);
#13689 = DIRECTION('',(-1.,0.,0.));
#13690 = PCURVE('',#7980,#13691);
#13691 = DEFINITIONAL_REPRESENTATION('',(#13692),#13695);
#13692 = B_SPLINE_CURVE_WITH_KNOTS('',1,(#13693,#13694),.UNSPECIFIED.,
  .F.,.F.,(2,2),(-28.5,-14.),.PIECEWISE_BEZIER_KNOTS.);
#13693 = CARTESIAN_POINT('',(1.86,14.5));
#13694 = CARTESIAN_POINT('',(1.86,0.));
#13695 = ( GEOMETRIC_REPRESENTATION_CONTEXT(2) 
PARAMETRIC_REPRESENTATION_CONTEXT() REPRESENTATION_CONTEXT('2D SPACE',''
  ) );
#13696 = PCURVE('',#12541,#13697);
#13697 = DEFINITIONAL_REPRESENTATION('',(#13698),#13701);
#13698 = B_SPLINE_CURVE_WITH_KNOTS('',1,(#13699,#13700),.UNSPECIFIED.,
  .F.,.F.,(2,2),(-28.5,-14.),.PIECEWISE_BEZIER_KNOTS.);
#13699 = CARTESIAN_POINT('',(42.5,-12.06));
#13700 = CARTESIAN_POINT('',(28.,-12.06));
#13701 = ( GEOMETRIC_REPRESENTATION_CONTEXT(2) 
PARAMETRIC_REPRESENTATION_CONTEXT() REPRESENTATION_CONTEXT('2D SPACE',''
  ) );
#13702 = ORIENTED_EDGE('',*,*,#7967,.T.);
#13703 = ORIENTED_EDGE('',*,*,#13704,.F.);
#13704 = EDGE_CURVE('',#13705,#7898,#13707,.T.);
#13705 = VERTEX_POINT('',#13706);
#13706 = CARTESIAN_POINT('',(37.351290473021,-12.06,5.74));
#13707 = SURFACE_CURVE('',#13708,(#13712,#13719),.PCURVE_S1.);
#13708 = LINE('',#13709,#13710);
#13709 = CARTESIAN_POINT('',(28.,-12.06,5.74));
#13710 = VECTOR('',#13711,1.);
#13711 = DIRECTION('',(1.,0.,0.));
#13712 = PCURVE('',#7980,#13713);
#13713 = DEFINITIONAL_REPRESENTATION('',(#13714),#13718);
#13714 = LINE('',#13715,#13716);
#13715 = CARTESIAN_POINT('',(1.6,0.));
#13716 = VECTOR('',#13717,1.);
#13717 = DIRECTION('',(0.,1.));
#13718 = ( GEOMETRIC_REPRESENTATION_CONTEXT(2) 
PARAMETRIC_REPRESENTATION_CONTEXT() REPRESENTATION_CONTEXT('2D SPACE',''
  ) );
#13719 = PCURVE('',#7941,#13720);
#13720 = DEFINITIONAL_REPRESENTATION('',(#13721),#13725);
#13721 = LINE('',#13722,#13723);
#13722 = CARTESIAN_POINT('',(0.,0.));
#13723 = VECTOR('',#13724,1.);
#13724 = DIRECTION('',(0.,1.));
#13725 = ( GEOMETRIC_REPRESENTATION_CONTEXT(2) 
PARAMETRIC_REPRESENTATION_CONTEXT() REPRESENTATION_CONTEXT('2D SPACE',''
  ) );
#13726 = ORIENTED_EDGE('',*,*,#13727,.F.);
#13727 = EDGE_CURVE('',#13683,#13705,#13728,.T.);
#13728 = SURFACE_CURVE('',#13729,(#13733,#13739),.PCURVE_S1.);
#13729 = LINE('',#13730,#13731);
#13730 = CARTESIAN_POINT('',(37.351290473021,-12.06,1.05));
#13731 = VECTOR('',#13732,1.);
#13732 = DIRECTION('',(-0.,-0.,-1.));
#13733 = PCURVE('',#7980,#13734);
#13734 = DEFINITIONAL_REPRESENTATION('',(#13735),#13738);
#13735 = B_SPLINE_CURVE_WITH_KNOTS('',1,(#13736,#13737),.UNSPECIFIED.,
  .F.,.F.,(2,2),(-4.9500006,-3.798),.PIECEWISE_BEZIER_KNOTS.);
#13736 = CARTESIAN_POINT('',(1.8600006,9.351290473021));
#13737 = CARTESIAN_POINT('',(0.708,9.351290473021));
#13738 = ( GEOMETRIC_REPRESENTATION_CONTEXT(2) 
PARAMETRIC_REPRESENTATION_CONTEXT() REPRESENTATION_CONTEXT('2D SPACE',''
  ) );
#13739 = PCURVE('',#13536,#13740);
#13740 = DEFINITIONAL_REPRESENTATION('',(#13741),#13744);
#13741 = B_SPLINE_CURVE_WITH_KNOTS('',1,(#13742,#13743),.UNSPECIFIED.,
  .F.,.F.,(2,2),(-4.9500006,-3.798),.PIECEWISE_BEZIER_KNOTS.);
#13742 = CARTESIAN_POINT('',(-5.970871697174,-4.9500006));
#13743 = CARTESIAN_POINT('',(-5.970871697174,-3.798));
#13744 = ( GEOMETRIC_REPRESENTATION_CONTEXT(2) 
PARAMETRIC_REPRESENTATION_CONTEXT() REPRESENTATION_CONTEXT('2D SPACE',''
  ) );
#13745 = ADVANCED_FACE('',(#13746),#7941,.T.);
#13746 = FACE_BOUND('',#13747,.T.);
#13747 = EDGE_LOOP('',(#13748,#13749,#13814,#13835));
#13748 = ORIENTED_EDGE('',*,*,#13704,.F.);
#13749 = ORIENTED_EDGE('',*,*,#13750,.T.);
#13750 = EDGE_CURVE('',#13705,#13751,#13753,.T.);
#13751 = VERTEX_POINT('',#13752);
#13752 = CARTESIAN_POINT('',(37.830555110916,-10.46,4.14));
#13753 = SURFACE_CURVE('',#13754,(#13772,#13793),.PCURVE_S1.);
#13754 = B_SPLINE_CURVE_WITH_KNOTS('',6,(#13755,#13756,#13757,#13758,
    #13759,#13760,#13761,#13762,#13763,#13764,#13765,#13766,#13767,
    #13768,#13769,#13770,#13771),.UNSPECIFIED.,.F.,.F.,(7,5,5,7),(0.,
    0.463560836529,0.643425698097,1.),.UNSPECIFIED.);
#13755 = CARTESIAN_POINT('',(37.351290473021,-12.06,5.74));
#13756 = CARTESIAN_POINT('',(37.351290473021,-12.06,5.564186405599));
#13757 = CARTESIAN_POINT('',(37.35877570386,-12.03681759863,5.388315848)
  );
#13758 = CARTESIAN_POINT('',(37.373755757737,-11.99042127987,
    5.214943620984));
#13759 = CARTESIAN_POINT('',(37.396205747948,-11.92052503584,
    5.046767616201));
#13760 = CARTESIAN_POINT('',(37.426016220077,-11.8267112876,
    4.886928080332));
#13761 = CARTESIAN_POINT('',(37.477215494081,-11.66289503979,
    4.682451978591));
#13762 = CARTESIAN_POINT('',(37.492591704884,-11.61346165517,
    4.627183606963));
#13763 = CARTESIAN_POINT('',(37.509004439177,-11.5604061095,
    4.574092413097));
#13764 = CARTESIAN_POINT('',(37.526417038443,-11.50376712259,
    4.52347863888));
#13765 = CARTESIAN_POINT('',(37.54478387836,-11.44360604879,
    4.475657626021));
#13766 = CARTESIAN_POINT('',(37.602246488705,-11.25392882408,
    4.342350239753));
#13767 = CARTESIAN_POINT('',(37.644283264955,-11.11333972254,
    4.265312187657));
#13768 = CARTESIAN_POINT('',(37.689322527418,-10.96023226218,
    4.204009965371));
#13769 = CARTESIAN_POINT('',(37.736194654166,-10.79772006845,
    4.161577294266));
#13770 = CARTESIAN_POINT('',(37.783656922176,-10.62961611029,4.14));
#13771 = CARTESIAN_POINT('',(37.830555110915,-10.46,4.14));
#13772 = PCURVE('',#7941,#13773);
#13773 = DEFINITIONAL_REPRESENTATION('',(#13774),#13792);
#13774 = B_SPLINE_CURVE_WITH_KNOTS('',6,(#13775,#13776,#13777,#13778,
    #13779,#13780,#13781,#13782,#13783,#13784,#13785,#13786,#13787,
    #13788,#13789,#13790,#13791),.UNSPECIFIED.,.F.,.F.,(7,5,5,7),(0.,
    0.463560836529,0.643425698097,1.),.UNSPECIFIED.);
#13775 = CARTESIAN_POINT('',(0.,9.351290473021));
#13776 = CARTESIAN_POINT('',(0.109883496501,9.351290473021));
#13777 = CARTESIAN_POINT('',(0.219803655772,9.35877570386));
#13778 = CARTESIAN_POINT('',(0.330544544445,9.373755757737));
#13779 = CARTESIAN_POINT('',(0.442839581673,9.396205747948));
#13780 = CARTESIAN_POINT('',(0.557465589177,9.426016220077));
#13781 = CARTESIAN_POINT('',(0.721218259993,9.477215494081));
#13782 = CARTESIAN_POINT('',(0.767493828064,9.492591704884));
#13783 = CARTESIAN_POINT('',(0.814295704971,9.509004439177));
#13784 = CARTESIAN_POINT('',(0.861653464608,9.526417038443));
#13785 = CARTESIAN_POINT('',(0.90960231843,9.54478387836));
#13786 = CARTESIAN_POINT('',(1.054500327834,9.602246488705));
#13787 = CARTESIAN_POINT('',(1.154075236275,9.644283264955));
#13788 = CARTESIAN_POINT('',(1.256005687073,9.689322527418));
#13789 = CARTESIAN_POINT('',(1.35972153088,9.736194654166));
#13790 = CARTESIAN_POINT('',(1.46478625786,9.783656922176));
#13791 = CARTESIAN_POINT('',(1.570796326795,9.830555110916));
#13792 = ( GEOMETRIC_REPRESENTATION_CONTEXT(2) 
PARAMETRIC_REPRESENTATION_CONTEXT() REPRESENTATION_CONTEXT('2D SPACE',''
  ) );
#13793 = PCURVE('',#13536,#13794);
#13794 = DEFINITIONAL_REPRESENTATION('',(#13795),#13813);
#13795 = B_SPLINE_CURVE_WITH_KNOTS('',6,(#13796,#13797,#13798,#13799,
    #13800,#13801,#13802,#13803,#13804,#13805,#13806,#13807,#13808,
    #13809,#13810,#13811,#13812),.UNSPECIFIED.,.F.,.F.,(7,5,5,7),(0.,
    0.463560836529,0.643425698097,1.),.UNSPECIFIED.);
#13796 = CARTESIAN_POINT('',(-5.970871697174,-4.69));
#13797 = CARTESIAN_POINT('',(-5.970871697174,-4.514186405599));
#13798 = CARTESIAN_POINT('',(-5.971492356543,-4.338315848));
#13799 = CARTESIAN_POINT('',(-5.972734514223,-4.164943620984));
#13800 = CARTESIAN_POINT('',(-5.974604910633,-3.996767616201));
#13801 = CARTESIAN_POINT('',(-5.977112810806,-3.836928080332));
#13802 = CARTESIAN_POINT('',(-5.981485569833,-3.632451978591));
#13803 = CARTESIAN_POINT('',(-5.982804538308,-3.577183606963));
#13804 = CARTESIAN_POINT('',(-5.98421947046,-3.524092413097));
#13805 = CARTESIAN_POINT('',(-5.985729152009,-3.47347863888));
#13806 = CARTESIAN_POINT('',(-5.987331753926,-3.425657626021));
#13807 = CARTESIAN_POINT('',(-5.992381188716,-3.292350239753));
#13808 = CARTESIAN_POINT('',(-5.996119742195,-3.215312187657));
#13809 = CARTESIAN_POINT('',(-6.000185781252,-3.154009965371));
#13810 = CARTESIAN_POINT('',(-6.004494893922,-3.111577294266));
#13811 = CARTESIAN_POINT('',(-6.008945165586,-3.09));
#13812 = CARTESIAN_POINT('',(-6.013428740035,-3.09));
#13813 = ( GEOMETRIC_REPRESENTATION_CONTEXT(2) 
PARAMETRIC_REPRESENTATION_CONTEXT() REPRESENTATION_CONTEXT('2D SPACE',''
  ) );
#13814 = ORIENTED_EDGE('',*,*,#13815,.T.);
#13815 = EDGE_CURVE('',#13751,#7865,#13816,.T.);
#13816 = SURFACE_CURVE('',#13817,(#13821,#13828),.PCURVE_S1.);
#13817 = LINE('',#13818,#13819);
#13818 = CARTESIAN_POINT('',(28.,-10.46,4.14));
#13819 = VECTOR('',#13820,1.);
#13820 = DIRECTION('',(1.,0.,0.));
#13821 = PCURVE('',#7941,#13822);
#13822 = DEFINITIONAL_REPRESENTATION('',(#13823),#13827);
#13823 = LINE('',#13824,#13825);
#13824 = CARTESIAN_POINT('',(1.570796326795,0.));
#13825 = VECTOR('',#13826,1.);
#13826 = DIRECTION('',(0.,1.));
#13827 = ( GEOMETRIC_REPRESENTATION_CONTEXT(2) 
PARAMETRIC_REPRESENTATION_CONTEXT() REPRESENTATION_CONTEXT('2D SPACE',''
  ) );
#13828 = PCURVE('',#7881,#13829);
#13829 = DEFINITIONAL_REPRESENTATION('',(#13830),#13834);
#13830 = LINE('',#13831,#13832);
#13831 = CARTESIAN_POINT('',(0.,1.6));
#13832 = VECTOR('',#13833,1.);
#13833 = DIRECTION('',(1.,0.));
#13834 = ( GEOMETRIC_REPRESENTATION_CONTEXT(2) 
PARAMETRIC_REPRESENTATION_CONTEXT() REPRESENTATION_CONTEXT('2D SPACE',''
  ) );
#13835 = ORIENTED_EDGE('',*,*,#7897,.F.);
#13836 = ADVANCED_FACE('',(#13837),#7881,.F.);
#13837 = FACE_BOUND('',#13838,.F.);
#13838 = EDGE_LOOP('',(#13839,#13869,#13895,#13896,#13897));
#13839 = ORIENTED_EDGE('',*,*,#13840,.T.);
#13840 = EDGE_CURVE('',#13841,#13843,#13845,.T.);
#13841 = VERTEX_POINT('',#13842);
#13842 = CARTESIAN_POINT('',(37.539724293074,11.46,4.14));
#13843 = VERTEX_POINT('',#13844);
#13844 = CARTESIAN_POINT('',(39.25,-1.910692005867E-15,4.14));
#13845 = SURFACE_CURVE('',#13846,(#13851,#13862),.PCURVE_S1.);
#13846 = CIRCLE('',#13847,39.25);
#13847 = AXIS2_PLACEMENT_3D('',#13848,#13849,#13850);
#13848 = CARTESIAN_POINT('',(2.025146430259E-13,-1.910692005867E-15,4.14
    ));
#13849 = DIRECTION('',(0.,0.,-1.));
#13850 = DIRECTION('',(1.,0.,0.));
#13851 = PCURVE('',#7881,#13852);
#13852 = DEFINITIONAL_REPRESENTATION('',(#13853),#13861);
#13853 = ( BOUNDED_CURVE() B_SPLINE_CURVE(2,(#13854,#13855,#13856,#13857
    ,#13858,#13859,#13860),.UNSPECIFIED.,.T.,.F.) 
B_SPLINE_CURVE_WITH_KNOTS((1,2,2,2,2,1),(-2.094395102393,0.,
    2.094395102393,4.188790204786,6.28318530718,8.377580409573),
.UNSPECIFIED.) CURVE() GEOMETRIC_REPRESENTATION_ITEM() 
RATIONAL_B_SPLINE_CURVE((1.,0.5,1.,0.5,1.,0.5,1.)) REPRESENTATION_ITEM(
  '') );
#13854 = CARTESIAN_POINT('',(11.25,12.06));
#13855 = CARTESIAN_POINT('',(11.25,-55.92299419707));
#13856 = CARTESIAN_POINT('',(-47.625,-21.93149709853));
#13857 = CARTESIAN_POINT('',(-106.5,12.06));
#13858 = CARTESIAN_POINT('',(-47.625,46.051497098539));
#13859 = CARTESIAN_POINT('',(11.25,80.042994197078));
#13860 = CARTESIAN_POINT('',(11.25,12.06));
#13861 = ( GEOMETRIC_REPRESENTATION_CONTEXT(2) 
PARAMETRIC_REPRESENTATION_CONTEXT() REPRESENTATION_CONTEXT('2D SPACE',''
  ) );
#13862 = PCURVE('',#13160,#13863);
#13863 = DEFINITIONAL_REPRESENTATION('',(#13864),#13868);
#13864 = LINE('',#13865,#13866);
#13865 = CARTESIAN_POINT('',(-6.28318530718,-3.09));
#13866 = VECTOR('',#13867,1.);
#13867 = DIRECTION('',(1.,-0.));
#13868 = ( GEOMETRIC_REPRESENTATION_CONTEXT(2) 
PARAMETRIC_REPRESENTATION_CONTEXT() REPRESENTATION_CONTEXT('2D SPACE',''
  ) );
#13869 = ORIENTED_EDGE('',*,*,#13870,.T.);
#13870 = EDGE_CURVE('',#13843,#13751,#13871,.T.);
#13871 = SURFACE_CURVE('',#13872,(#13877,#13888),.PCURVE_S1.);
#13872 = CIRCLE('',#13873,39.25);
#13873 = AXIS2_PLACEMENT_3D('',#13874,#13875,#13876);
#13874 = CARTESIAN_POINT('',(2.025146430259E-13,-1.910692005867E-15,4.14
    ));
#13875 = DIRECTION('',(0.,0.,-1.));
#13876 = DIRECTION('',(1.,0.,0.));
#13877 = PCURVE('',#7881,#13878);
#13878 = DEFINITIONAL_REPRESENTATION('',(#13879),#13887);
#13879 = ( BOUNDED_CURVE() B_SPLINE_CURVE(2,(#13880,#13881,#13882,#13883
    ,#13884,#13885,#13886),.UNSPECIFIED.,.T.,.F.) 
B_SPLINE_CURVE_WITH_KNOTS((1,2,2,2,2,1),(-2.094395102393,0.,
    2.094395102393,4.188790204786,6.28318530718,8.377580409573),
.UNSPECIFIED.) CURVE() GEOMETRIC_REPRESENTATION_ITEM() 
RATIONAL_B_SPLINE_CURVE((1.,0.5,1.,0.5,1.,0.5,1.)) REPRESENTATION_ITEM(
  '') );
#13880 = CARTESIAN_POINT('',(11.25,12.06));
#13881 = CARTESIAN_POINT('',(11.25,-55.92299419707));
#13882 = CARTESIAN_POINT('',(-47.625,-21.93149709853));
#13883 = CARTESIAN_POINT('',(-106.5,12.06));
#13884 = CARTESIAN_POINT('',(-47.625,46.051497098539));
#13885 = CARTESIAN_POINT('',(11.25,80.042994197078));
#13886 = CARTESIAN_POINT('',(11.25,12.06));
#13887 = ( GEOMETRIC_REPRESENTATION_CONTEXT(2) 
PARAMETRIC_REPRESENTATION_CONTEXT() REPRESENTATION_CONTEXT('2D SPACE',''
  ) );
#13888 = PCURVE('',#13536,#13889);
#13889 = DEFINITIONAL_REPRESENTATION('',(#13890),#13894);
#13890 = LINE('',#13891,#13892);
#13891 = CARTESIAN_POINT('',(-6.28318530718,-3.09));
#13892 = VECTOR('',#13893,1.);
#13893 = DIRECTION('',(1.,-0.));
#13894 = ( GEOMETRIC_REPRESENTATION_CONTEXT(2) 
PARAMETRIC_REPRESENTATION_CONTEXT() REPRESENTATION_CONTEXT('2D SPACE',''
  ) );
#13895 = ORIENTED_EDGE('',*,*,#13815,.T.);
#13896 = ORIENTED_EDGE('',*,*,#7864,.F.);
#13897 = ORIENTED_EDGE('',*,*,#13898,.F.);
#13898 = EDGE_CURVE('',#13841,#7804,#13899,.T.);
#13899 = SURFACE_CURVE('',#13900,(#13904,#13911),.PCURVE_S1.);
#13900 = LINE('',#13901,#13902);
#13901 = CARTESIAN_POINT('',(28.,11.46,4.14));
#13902 = VECTOR('',#13903,1.);
#13903 = DIRECTION('',(1.,0.,0.));
#13904 = PCURVE('',#7881,#13905);
#13905 = DEFINITIONAL_REPRESENTATION('',(#13906),#13910);
#13906 = LINE('',#13907,#13908);
#13907 = CARTESIAN_POINT('',(0.,23.52));
#13908 = VECTOR('',#13909,1.);
#13909 = DIRECTION('',(1.,0.));
#13910 = ( GEOMETRIC_REPRESENTATION_CONTEXT(2) 
PARAMETRIC_REPRESENTATION_CONTEXT() REPRESENTATION_CONTEXT('2D SPACE',''
  ) );
#13911 = PCURVE('',#7841,#13912);
#13912 = DEFINITIONAL_REPRESENTATION('',(#13913),#13917);
#13913 = LINE('',#13914,#13915);
#13914 = CARTESIAN_POINT('',(-1.570796326795,0.));
#13915 = VECTOR('',#13916,1.);
#13916 = DIRECTION('',(-0.,1.));
#13917 = ( GEOMETRIC_REPRESENTATION_CONTEXT(2) 
PARAMETRIC_REPRESENTATION_CONTEXT() REPRESENTATION_CONTEXT('2D SPACE',''
  ) );
#13918 = ADVANCED_FACE('',(#13919),#7841,.T.);
#13919 = FACE_BOUND('',#13920,.F.);
#13920 = EDGE_LOOP('',(#13921,#13944,#13998,#13999));
#13921 = ORIENTED_EDGE('',*,*,#13922,.F.);
#13922 = EDGE_CURVE('',#13923,#7778,#13925,.T.);
#13923 = VERTEX_POINT('',#13924);
#13924 = CARTESIAN_POINT('',(37.013496187202,13.06,5.74));
#13925 = SURFACE_CURVE('',#13926,(#13930,#13937),.PCURVE_S1.);
#13926 = LINE('',#13927,#13928);
#13927 = CARTESIAN_POINT('',(28.,13.06,5.74));
#13928 = VECTOR('',#13929,1.);
#13929 = DIRECTION('',(1.,0.,0.));
#13930 = PCURVE('',#7841,#13931);
#13931 = DEFINITIONAL_REPRESENTATION('',(#13932),#13936);
#13932 = LINE('',#13933,#13934);
#13933 = CARTESIAN_POINT('',(-0.,0.));
#13934 = VECTOR('',#13935,1.);
#13935 = DIRECTION('',(-0.,1.));
#13936 = ( GEOMETRIC_REPRESENTATION_CONTEXT(2) 
PARAMETRIC_REPRESENTATION_CONTEXT() REPRESENTATION_CONTEXT('2D SPACE',''
  ) );
#13937 = PCURVE('',#7792,#13938);
#13938 = DEFINITIONAL_REPRESENTATION('',(#13939),#13943);
#13939 = LINE('',#13940,#13941);
#13940 = CARTESIAN_POINT('',(1.6,0.));
#13941 = VECTOR('',#13942,1.);
#13942 = DIRECTION('',(0.,1.));
#13943 = ( GEOMETRIC_REPRESENTATION_CONTEXT(2) 
PARAMETRIC_REPRESENTATION_CONTEXT() REPRESENTATION_CONTEXT('2D SPACE',''
  ) );
#13944 = ORIENTED_EDGE('',*,*,#13945,.T.);
#13945 = EDGE_CURVE('',#13923,#13841,#13946,.T.);
#13946 = SURFACE_CURVE('',#13947,(#13962,#13980),.PCURVE_S1.);
#13947 = B_SPLINE_CURVE_WITH_KNOTS('',7,(#13948,#13949,#13950,#13951,
    #13952,#13953,#13954,#13955,#13956,#13957,#13958,#13959,#13960,
    #13961),.UNSPECIFIED.,.F.,.F.,(8,6,8),(0.,0.453327211084,1.),
  .UNSPECIFIED.);
#13948 = CARTESIAN_POINT('',(37.013496187202,13.06,5.74));
#13949 = CARTESIAN_POINT('',(37.013496187202,13.06,5.592476840874));
#13950 = CARTESIAN_POINT('',(37.01909558518,13.04413080231,
    5.444913755823));
#13951 = CARTESIAN_POINT('',(37.030299142294,13.01237825254,
    5.298727990856));
#13952 = CARTESIAN_POINT('',(37.047092412903,12.964648227952,
    5.155371039902));
#13953 = CARTESIAN_POINT('',(37.069426951041,12.900802217763,
    5.016422104497));
#13954 = CARTESIAN_POINT('',(37.097204100647,12.820699800697,
    4.883693600828));
#13955 = CARTESIAN_POINT('',(37.170116707956,12.607935645937,
    4.609399705309));
#13956 = CARTESIAN_POINT('',(37.218336687122,12.465840187757,
    4.469055359138));
#13957 = CARTESIAN_POINT('',(37.27431112709,12.298631021774,
    4.345857817364));
#13958 = CARTESIAN_POINT('',(37.336557200063,12.109226676686,
    4.246465668982));
#13959 = CARTESIAN_POINT('',(37.403026542965,11.90222309783,
    4.176428535487));
#13960 = CARTESIAN_POINT('',(37.471490053734,11.683516102285,4.14));
#13961 = CARTESIAN_POINT('',(37.539724293074,11.46,4.14));
#13962 = PCURVE('',#7841,#13963);
#13963 = DEFINITIONAL_REPRESENTATION('',(#13964),#13979);
#13964 = B_SPLINE_CURVE_WITH_KNOTS('',7,(#13965,#13966,#13967,#13968,
    #13969,#13970,#13971,#13972,#13973,#13974,#13975,#13976,#13977,
    #13978),.UNSPECIFIED.,.F.,.F.,(8,6,8),(0.,0.453327211084,1.),
  .UNSPECIFIED.);
#13965 = CARTESIAN_POINT('',(0.,9.013496187202));
#13966 = CARTESIAN_POINT('',(-9.220197445374E-02,9.013496187202));
#13967 = CARTESIAN_POINT('',(-0.184429517579,9.01909558518));
#13968 = CARTESIAN_POINT('',(-0.277073839866,9.030299142294));
#13969 = CARTESIAN_POINT('',(-0.370518301477,9.047092412903));
#13970 = CARTESIAN_POINT('',(-0.465146914597,9.069426951041));
#13971 = CARTESIAN_POINT('',(-0.561379637056,9.097204100647));
#13972 = CARTESIAN_POINT('',(-0.778341729322,9.170116707956));
#13973 = CARTESIAN_POINT('',(-0.902082325339,9.218336687122));
#13974 = CARTESIAN_POINT('',(-1.029700952627,9.27431112709));
#13975 = CARTESIAN_POINT('',(-1.16057721768,9.336557200063));
#13976 = CARTESIAN_POINT('',(-1.294406818072,9.403026542965));
#13977 = CARTESIAN_POINT('',(-1.431098762867,9.471490053734));
#13978 = CARTESIAN_POINT('',(-1.570796326795,9.539724293074));
#13979 = ( GEOMETRIC_REPRESENTATION_CONTEXT(2) 
PARAMETRIC_REPRESENTATION_CONTEXT() REPRESENTATION_CONTEXT('2D SPACE',''
  ) );
#13980 = PCURVE('',#13160,#13981);
#13981 = DEFINITIONAL_REPRESENTATION('',(#13982),#13997);
#13982 = B_SPLINE_CURVE_WITH_KNOTS('',7,(#13983,#13984,#13985,#13986,
    #13987,#13988,#13989,#13990,#13991,#13992,#13993,#13994,#13995,
    #13996),.UNSPECIFIED.,.F.,.F.,(8,6,8),(0.,0.453327211084,1.),
  .UNSPECIFIED.);
#13983 = CARTESIAN_POINT('',(-0.339206438601,-4.69));
#13984 = CARTESIAN_POINT('',(-0.339206438601,-4.542476840874));
#13985 = CARTESIAN_POINT('',(-0.338777697384,-4.394913755823));
#13986 = CARTESIAN_POINT('',(-0.337919834574,-4.248727990856));
#13987 = CARTESIAN_POINT('',(-0.336630711089,-4.105371039902));
#13988 = CARTESIAN_POINT('',(-0.334907409995,-3.966422104497));
#13989 = CARTESIAN_POINT('',(-0.332747376421,-3.833693600828));
#13990 = CARTESIAN_POINT('',(-0.327017166888,-3.559399705309));
#13991 = CARTESIAN_POINT('',(-0.323194145649,-3.419055359138));
#13992 = CARTESIAN_POINT('',(-0.318701738957,-3.295857817364));
#13993 = CARTESIAN_POINT('',(-0.313622398316,-3.196465668981));
#13994 = CARTESIAN_POINT('',(-0.308083432965,-3.126428535487));
#13995 = CARTESIAN_POINT('',(-0.302244790907,-3.09));
#13996 = CARTESIAN_POINT('',(-0.2962906688,-3.09));
#13997 = ( GEOMETRIC_REPRESENTATION_CONTEXT(2) 
PARAMETRIC_REPRESENTATION_CONTEXT() REPRESENTATION_CONTEXT('2D SPACE',''
  ) );
#13998 = ORIENTED_EDGE('',*,*,#13898,.T.);
#13999 = ORIENTED_EDGE('',*,*,#7803,.F.);
#14000 = ADVANCED_FACE('',(#14001),#7792,.T.);
#14001 = FACE_BOUND('',#14002,.T.);
#14002 = EDGE_LOOP('',(#14003,#14004,#14005,#14006));
#14003 = ORIENTED_EDGE('',*,*,#13124,.F.);
#14004 = ORIENTED_EDGE('',*,*,#7777,.T.);
#14005 = ORIENTED_EDGE('',*,*,#13922,.F.);
#14006 = ORIENTED_EDGE('',*,*,#14007,.F.);
#14007 = EDGE_CURVE('',#13125,#13923,#14008,.T.);
#14008 = SURFACE_CURVE('',#14009,(#14013,#14019),.PCURVE_S1.);
#14009 = LINE('',#14010,#14011);
#14010 = CARTESIAN_POINT('',(37.013496187202,13.06,1.05));
#14011 = VECTOR('',#14012,1.);
#14012 = DIRECTION('',(-0.,-0.,-1.));
#14013 = PCURVE('',#7792,#14014);
#14014 = DEFINITIONAL_REPRESENTATION('',(#14015),#14018);
#14015 = B_SPLINE_CURVE_WITH_KNOTS('',1,(#14016,#14017),.UNSPECIFIED.,
  .F.,.F.,(2,2),(-4.9500006,-3.798),.PIECEWISE_BEZIER_KNOTS.);
#14016 = CARTESIAN_POINT('',(1.8600006,9.013496187202));
#14017 = CARTESIAN_POINT('',(0.708,9.013496187202));
#14018 = ( GEOMETRIC_REPRESENTATION_CONTEXT(2) 
PARAMETRIC_REPRESENTATION_CONTEXT() REPRESENTATION_CONTEXT('2D SPACE',''
  ) );
#14019 = PCURVE('',#13160,#14020);
#14020 = DEFINITIONAL_REPRESENTATION('',(#14021),#14024);
#14021 = B_SPLINE_CURVE_WITH_KNOTS('',1,(#14022,#14023),.UNSPECIFIED.,
  .F.,.F.,(2,2),(-4.9500006,-3.798),.PIECEWISE_BEZIER_KNOTS.);
#14022 = CARTESIAN_POINT('',(-0.339206438601,-4.9500006));
#14023 = CARTESIAN_POINT('',(-0.339206438601,-3.798));
#14024 = ( GEOMETRIC_REPRESENTATION_CONTEXT(2) 
PARAMETRIC_REPRESENTATION_CONTEXT() REPRESENTATION_CONTEXT('2D SPACE',''
  ) );
#14025 = ADVANCED_FACE('',(#14026),#7765,.F.);
#14026 = FACE_BOUND('',#14027,.F.);
#14027 = EDGE_LOOP('',(#14028,#14049,#14050,#14073));
#14028 = ORIENTED_EDGE('',*,*,#14029,.F.);
#14029 = EDGE_CURVE('',#2714,#14030,#14032,.T.);
#14030 = VERTEX_POINT('',#14031);
#14031 = CARTESIAN_POINT('',(34.772907954293,18.204597562216,6.));
#14032 = SURFACE_CURVE('',#14033,(#14037,#14043),.PCURVE_S1.);
#14033 = LINE('',#14034,#14035);
#14034 = CARTESIAN_POINT('',(17.394008881848,1.421989809451,6.));
#14035 = VECTOR('',#14036,1.);
#14036 = DIRECTION('',(-0.719339800339,-0.694658370459,0.));
#14037 = PCURVE('',#7765,#14038);
#14038 = DEFINITIONAL_REPRESENTATION('',(#14039),#14042);
#14039 = B_SPLINE_CURVE_WITH_KNOTS('',1,(#14040,#14041),.UNSPECIFIED.,
  .F.,.F.,(2,2),(-34.90143476884,-13.5),.PIECEWISE_BEZIER_KNOTS.);
#14040 = CARTESIAN_POINT('',(1.86,21.401434768843));
#14041 = CARTESIAN_POINT('',(1.86,0.));
#14042 = ( GEOMETRIC_REPRESENTATION_CONTEXT(2) 
PARAMETRIC_REPRESENTATION_CONTEXT() REPRESENTATION_CONTEXT('2D SPACE',''
  ) );
#14043 = PCURVE('',#8271,#14044);
#14044 = DEFINITIONAL_REPRESENTATION('',(#14045),#14048);
#14045 = B_SPLINE_CURVE_WITH_KNOTS('',1,(#14046,#14047),.UNSPECIFIED.,
  .F.,.F.,(2,2),(-34.90143476884,-13.5),.PIECEWISE_BEZIER_KNOTS.);
#14046 = CARTESIAN_POINT('',(42.5,25.666563612656));
#14047 = CARTESIAN_POINT('',(27.10509618642,10.799877810647));
#14048 = ( GEOMETRIC_REPRESENTATION_CONTEXT(2) 
PARAMETRIC_REPRESENTATION_CONTEXT() REPRESENTATION_CONTEXT('2D SPACE',''
  ) );
#14049 = ORIENTED_EDGE('',*,*,#7752,.T.);
#14050 = ORIENTED_EDGE('',*,*,#14051,.F.);
#14051 = EDGE_CURVE('',#14052,#7683,#14054,.T.);
#14052 = VERTEX_POINT('',#14053);
#14053 = CARTESIAN_POINT('',(34.772907954293,18.204597562216,5.34));
#14054 = SURFACE_CURVE('',#14055,(#14059,#14066),.PCURVE_S1.);
#14055 = LINE('',#14056,#14057);
#14056 = CARTESIAN_POINT('',(27.10509618642,10.799877810647,5.34));
#14057 = VECTOR('',#14058,1.);
#14058 = DIRECTION('',(0.719339800339,0.694658370459,0.));
#14059 = PCURVE('',#7765,#14060);
#14060 = DEFINITIONAL_REPRESENTATION('',(#14061),#14065);
#14061 = LINE('',#14062,#14063);
#14062 = CARTESIAN_POINT('',(1.2,0.));
#14063 = VECTOR('',#14064,1.);
#14064 = DIRECTION('',(0.,1.));
#14065 = ( GEOMETRIC_REPRESENTATION_CONTEXT(2) 
PARAMETRIC_REPRESENTATION_CONTEXT() REPRESENTATION_CONTEXT('2D SPACE',''
  ) );
#14066 = PCURVE('',#7726,#14067);
#14067 = DEFINITIONAL_REPRESENTATION('',(#14068),#14072);
#14068 = LINE('',#14069,#14070);
#14069 = CARTESIAN_POINT('',(0.,0.));
#14070 = VECTOR('',#14071,1.);
#14071 = DIRECTION('',(0.,1.));
#14072 = ( GEOMETRIC_REPRESENTATION_CONTEXT(2) 
PARAMETRIC_REPRESENTATION_CONTEXT() REPRESENTATION_CONTEXT('2D SPACE',''
  ) );
#14073 = ORIENTED_EDGE('',*,*,#14074,.F.);
#14074 = EDGE_CURVE('',#14030,#14052,#14075,.T.);
#14075 = SURFACE_CURVE('',#14076,(#14080,#14086),.PCURVE_S1.);
#14076 = LINE('',#14077,#14078);
#14077 = CARTESIAN_POINT('',(34.772907954293,18.204597562216,1.05));
#14078 = VECTOR('',#14079,1.);
#14079 = DIRECTION('',(-0.,-0.,-1.));
#14080 = PCURVE('',#7765,#14081);
#14081 = DEFINITIONAL_REPRESENTATION('',(#14082),#14085);
#14082 = B_SPLINE_CURVE_WITH_KNOTS('',1,(#14083,#14084),.UNSPECIFIED.,
  .F.,.F.,(2,2),(-4.9500006,-3.458),.PIECEWISE_BEZIER_KNOTS.);
#14083 = CARTESIAN_POINT('',(1.8600006,10.659512742467));
#14084 = CARTESIAN_POINT('',(0.368,10.659512742467));
#14085 = ( GEOMETRIC_REPRESENTATION_CONTEXT(2) 
PARAMETRIC_REPRESENTATION_CONTEXT() REPRESENTATION_CONTEXT('2D SPACE',''
  ) );
#14086 = PCURVE('',#14087,#14092);
#14087 = CYLINDRICAL_SURFACE('',#14088,39.25);
#14088 = AXIS2_PLACEMENT_3D('',#14089,#14090,#14091);
#14089 = CARTESIAN_POINT('',(2.025146430259E-13,-1.910692005867E-15,1.05
    ));
#14090 = DIRECTION('',(-0.,-0.,-1.));
#14091 = DIRECTION('',(1.,0.,0.));
#14092 = DEFINITIONAL_REPRESENTATION('',(#14093),#14096);
#14093 = B_SPLINE_CURVE_WITH_KNOTS('',1,(#14094,#14095),.UNSPECIFIED.,
  .F.,.F.,(2,2),(-4.9500006,-3.458),.PIECEWISE_BEZIER_KNOTS.);
#14094 = CARTESIAN_POINT('',(-0.482292507552,-4.9500006));
#14095 = CARTESIAN_POINT('',(-0.482292507552,-3.458));
#14096 = ( GEOMETRIC_REPRESENTATION_CONTEXT(2) 
PARAMETRIC_REPRESENTATION_CONTEXT() REPRESENTATION_CONTEXT('2D SPACE',''
  ) );
#14097 = ADVANCED_FACE('',(#14098),#7726,.T.);
#14098 = FACE_BOUND('',#14099,.T.);
#14099 = EDGE_LOOP('',(#14100,#14101,#14166,#14187));
#14100 = ORIENTED_EDGE('',*,*,#14051,.F.);
#14101 = ORIENTED_EDGE('',*,*,#14102,.T.);
#14102 = EDGE_CURVE('',#14052,#14103,#14105,.T.);
#14103 = VERTEX_POINT('',#14104);
#14104 = CARTESIAN_POINT('',(34.178023788111,19.298320909844,4.14));
#14105 = SURFACE_CURVE('',#14106,(#14124,#14145),.PCURVE_S1.);
#14106 = B_SPLINE_CURVE_WITH_KNOTS('',6,(#14107,#14108,#14109,#14110,
    #14111,#14112,#14113,#14114,#14115,#14116,#14117,#14118,#14119,
    #14120,#14121,#14122,#14123),.UNSPECIFIED.,.F.,.F.,(7,5,5,7),(0.,
    0.449853459619,0.620379787782,1.),.UNSPECIFIED.);
#14107 = CARTESIAN_POINT('',(34.772907954293,18.204597562216,5.34));
#14108 = CARTESIAN_POINT('',(34.772907954293,18.204597562216,
    5.210851587229));
#14109 = CARTESIAN_POINT('',(34.764845118756,18.219998592201,
    5.081637255953));
#14110 = CARTESIAN_POINT('',(34.748704281799,18.25082913523,
    4.954256598017));
#14111 = CARTESIAN_POINT('',(34.724376878343,18.297173691277,
    4.830677724104));
#14112 = CARTESIAN_POINT('',(34.69170026083,18.359088139735,
    4.713153260391));
#14113 = CARTESIAN_POINT('',(34.634916093931,18.46581141897,
    4.563328625904));
#14114 = CARTESIAN_POINT('',(34.618089464696,18.497364585611,
    4.523430191953));
#14115 = CARTESIAN_POINT('',(34.600047226829,18.531109762464,
    4.484996395575));
#14116 = CARTESIAN_POINT('',(34.58079799223,18.567008228617,
    4.448213662571));
#14117 = CARTESIAN_POINT('',(34.560356460174,18.605008234671,
    4.413274682726));
#14118 = CARTESIAN_POINT('',(34.490629158282,18.734173564594,
    4.307145787979));
#14119 = CARTESIAN_POINT('',(34.43632304124,18.834111578817,
    4.243448354417));
#14120 = CARTESIAN_POINT('',(34.376539375797,18.943233461008,
    4.192786507465));
#14121 = CARTESIAN_POINT('',(34.31248740528,19.059002000987,
    4.157767341037));
#14122 = CARTESIAN_POINT('',(34.245732502637,19.178406329372,4.14));
#14123 = CARTESIAN_POINT('',(34.178023788111,19.298320909844,4.14));
#14124 = PCURVE('',#7726,#14125);
#14125 = DEFINITIONAL_REPRESENTATION('',(#14126),#14144);
#14126 = B_SPLINE_CURVE_WITH_KNOTS('',6,(#14127,#14128,#14129,#14130,
    #14131,#14132,#14133,#14134,#14135,#14136,#14137,#14138,#14139,
    #14140,#14141,#14142,#14143),.UNSPECIFIED.,.F.,.F.,(7,5,5,7),(0.,
    0.449853459619,0.620379787782,1.),.UNSPECIFIED.);
#14127 = CARTESIAN_POINT('',(0.,10.659512742467));
#14128 = CARTESIAN_POINT('',(0.107623677309,10.659512742467));
#14129 = CARTESIAN_POINT('',(0.215303114656,10.664411278353));
#14130 = CARTESIAN_POINT('',(0.323693750061,10.6742172267));
#14131 = CARTESIAN_POINT('',(0.433428349815,10.688911190939));
#14132 = CARTESIAN_POINT('',(0.545155964138,10.708414989295));
#14133 = CARTESIAN_POINT('',(0.703167822719,10.741704097259));
#14134 = CARTESIAN_POINT('',(0.747002753136,10.751518704467));
#14135 = CARTESIAN_POINT('',(0.791256760064,10.761981574245));
#14136 = CARTESIAN_POINT('',(0.835951453551,10.773072003672));
#14137 = CARTESIAN_POINT('',(0.881112542127,10.784764618367));
#14138 = CARTESIAN_POINT('',(1.02841062086,10.82433277255));
#14139 = CARTESIAN_POINT('',(1.133328188823,10.854690999267));
#14140 = CARTESIAN_POINT('',(1.240553685437,10.887488658168));
#14141 = CARTESIAN_POINT('',(1.349498439447,10.921833111817));
#14142 = CARTESIAN_POINT('',(1.459718197068,10.95675886966));
#14143 = CARTESIAN_POINT('',(1.570796326795,10.991352963536));
#14144 = ( GEOMETRIC_REPRESENTATION_CONTEXT(2) 
PARAMETRIC_REPRESENTATION_CONTEXT() REPRESENTATION_CONTEXT('2D SPACE',''
  ) );
#14145 = PCURVE('',#14087,#14146);
#14146 = DEFINITIONAL_REPRESENTATION('',(#14147),#14165);
#14147 = B_SPLINE_CURVE_WITH_KNOTS('',6,(#14148,#14149,#14150,#14151,
    #14152,#14153,#14154,#14155,#14156,#14157,#14158,#14159,#14160,
    #14161,#14162,#14163,#14164),.UNSPECIFIED.,.F.,.F.,(7,5,5,7),(0.,
    0.449853459619,0.620379787782,1.),.UNSPECIFIED.);
#14148 = CARTESIAN_POINT('',(-0.482292507552,-4.29));
#14149 = CARTESIAN_POINT('',(-0.482292507552,-4.160851587229));
#14150 = CARTESIAN_POINT('',(-0.482735410244,-4.031637255953));
#14151 = CARTESIAN_POINT('',(-0.483622037729,-3.904256598017));
#14152 = CARTESIAN_POINT('',(-0.484955580284,-3.780677724104));
#14153 = CARTESIAN_POINT('',(-0.486739220867,-3.663153260391));
#14154 = CARTESIAN_POINT('',(-0.489819211156,-3.513328625904));
#14155 = CARTESIAN_POINT('',(-0.490730279438,-3.473430191953));
#14156 = CARTESIAN_POINT('',(-0.491705199272,-3.434996395575));
#14157 = CARTESIAN_POINT('',(-0.49274299875,-3.398213662571));
#14158 = CARTESIAN_POINT('',(-0.493842341273,-3.363274682726));
#14159 = CARTESIAN_POINT('',(-0.49758206418,-3.257145787979));
#14160 = CARTESIAN_POINT('',(-0.500479884674,-3.193448354417));
#14161 = CARTESIAN_POINT('',(-0.503649927334,-3.142786507465));
#14162 = CARTESIAN_POINT('',(-0.507020744384,-3.107767341037));
#14163 = CARTESIAN_POINT('',(-0.510506004899,-3.09));
#14164 = CARTESIAN_POINT('',(-0.51401453369,-3.09));
#14165 = ( GEOMETRIC_REPRESENTATION_CONTEXT(2) 
PARAMETRIC_REPRESENTATION_CONTEXT() REPRESENTATION_CONTEXT('2D SPACE',''
  ) );
#14166 = ORIENTED_EDGE('',*,*,#14167,.T.);
#14167 = EDGE_CURVE('',#14103,#7650,#14168,.T.);
#14168 = SURFACE_CURVE('',#14169,(#14173,#14180),.PCURVE_S1.);
#14169 = LINE('',#14170,#14171);
#14170 = CARTESIAN_POINT('',(26.271506141869,11.663085571054,4.14));
#14171 = VECTOR('',#14172,1.);
#14172 = DIRECTION('',(0.719339800339,0.694658370459,0.));
#14173 = PCURVE('',#7726,#14174);
#14174 = DEFINITIONAL_REPRESENTATION('',(#14175),#14179);
#14175 = LINE('',#14176,#14177);
#14176 = CARTESIAN_POINT('',(1.570796326795,0.));
#14177 = VECTOR('',#14178,1.);
#14178 = DIRECTION('',(0.,1.));
#14179 = ( GEOMETRIC_REPRESENTATION_CONTEXT(2) 
PARAMETRIC_REPRESENTATION_CONTEXT() REPRESENTATION_CONTEXT('2D SPACE',''
  ) );
#14180 = PCURVE('',#7666,#14181);
#14181 = DEFINITIONAL_REPRESENTATION('',(#14182),#14186);
#14182 = LINE('',#14183,#14184);
#14183 = CARTESIAN_POINT('',(-1.292062442554E-16,1.2));
#14184 = VECTOR('',#14185,1.);
#14185 = DIRECTION('',(1.,3.001200294574E-18));
#14186 = ( GEOMETRIC_REPRESENTATION_CONTEXT(2) 
PARAMETRIC_REPRESENTATION_CONTEXT() REPRESENTATION_CONTEXT('2D SPACE',''
  ) );
#14187 = ORIENTED_EDGE('',*,*,#7682,.F.);
#14188 = ADVANCED_FACE('',(#14189),#7666,.F.);
#14189 = FACE_BOUND('',#14190,.F.);
#14190 = EDGE_LOOP('',(#14191,#14214,#14240,#14241));
#14191 = ORIENTED_EDGE('',*,*,#14192,.F.);
#14192 = EDGE_CURVE('',#14193,#7589,#14195,.T.);
#14193 = VERTEX_POINT('',#14194);
#14194 = CARTESIAN_POINT('',(20.47936072266,33.483701772522,4.14));
#14195 = SURFACE_CURVE('',#14196,(#14200,#14207),.PCURVE_S1.);
#14196 = LINE('',#14197,#14198);
#14197 = CARTESIAN_POINT('',(12.572843076418,25.848466433732,4.14));
#14198 = VECTOR('',#14199,1.);
#14199 = DIRECTION('',(0.719339800339,0.694658370459,0.));
#14200 = PCURVE('',#7666,#14201);
#14201 = DEFINITIONAL_REPRESENTATION('',(#14202),#14206);
#14202 = LINE('',#14203,#14204);
#14203 = CARTESIAN_POINT('',(1.137103827488E-15,20.92));
#14204 = VECTOR('',#14205,1.);
#14205 = DIRECTION('',(1.,3.001200294574E-18));
#14206 = ( GEOMETRIC_REPRESENTATION_CONTEXT(2) 
PARAMETRIC_REPRESENTATION_CONTEXT() REPRESENTATION_CONTEXT('2D SPACE',''
  ) );
#14207 = PCURVE('',#7626,#14208);
#14208 = DEFINITIONAL_REPRESENTATION('',(#14209),#14213);
#14209 = LINE('',#14210,#14211);
#14210 = CARTESIAN_POINT('',(-1.570796326795,0.));
#14211 = VECTOR('',#14212,1.);
#14212 = DIRECTION('',(-0.,1.));
#14213 = ( GEOMETRIC_REPRESENTATION_CONTEXT(2) 
PARAMETRIC_REPRESENTATION_CONTEXT() REPRESENTATION_CONTEXT('2D SPACE',''
  ) );
#14214 = ORIENTED_EDGE('',*,*,#14215,.T.);
#14215 = EDGE_CURVE('',#14193,#14103,#14216,.T.);
#14216 = SURFACE_CURVE('',#14217,(#14222,#14233),.PCURVE_S1.);
#14217 = CIRCLE('',#14218,39.25);
#14218 = AXIS2_PLACEMENT_3D('',#14219,#14220,#14221);
#14219 = CARTESIAN_POINT('',(2.025146430259E-13,-1.910692005867E-15,4.14
    ));
#14220 = DIRECTION('',(0.,0.,-1.));
#14221 = DIRECTION('',(1.,0.,0.));
#14222 = PCURVE('',#7666,#14223);
#14223 = DEFINITIONAL_REPRESENTATION('',(#14224),#14232);
#14224 = ( BOUNDED_CURVE() B_SPLINE_CURVE(2,(#14225,#14226,#14227,#14228
    ,#14229,#14230,#14231),.UNSPECIFIED.,.T.,.F.) 
B_SPLINE_CURVE_WITH_KNOTS((1,2,2,2,2,1),(-2.094395102393,0.,
    2.094395102393,4.188790204786,6.28318530718,8.377580409573),
.UNSPECIFIED.) CURVE() GEOMETRIC_REPRESENTATION_ITEM() 
RATIONAL_B_SPLINE_CURVE((1.,0.5,1.,0.5,1.,0.5,1.)) REPRESENTATION_ITEM(
  '') );
#14225 = CARTESIAN_POINT('',(1.234087163292,-16.20534104051));
#14226 = CARTESIAN_POINT('',(-45.99086880457,-65.10821451266));
#14227 = CARTESIAN_POINT('',(-64.72952156557,0.241233784183));
#14228 = CARTESIAN_POINT('',(-83.46817432658,65.590682081031));
#14229 = CARTESIAN_POINT('',(-17.50456559771,49.144107256333));
#14230 = CARTESIAN_POINT('',(48.459043131158,32.697532431634));
#14231 = CARTESIAN_POINT('',(1.234087163292,-16.20534104051));
#14232 = ( GEOMETRIC_REPRESENTATION_CONTEXT(2) 
PARAMETRIC_REPRESENTATION_CONTEXT() REPRESENTATION_CONTEXT('2D SPACE',''
  ) );
#14233 = PCURVE('',#14087,#14234);
#14234 = DEFINITIONAL_REPRESENTATION('',(#14235),#14239);
#14235 = LINE('',#14236,#14237);
#14236 = CARTESIAN_POINT('',(-6.28318530718,-3.09));
#14237 = VECTOR('',#14238,1.);
#14238 = DIRECTION('',(1.,-0.));
#14239 = ( GEOMETRIC_REPRESENTATION_CONTEXT(2) 
PARAMETRIC_REPRESENTATION_CONTEXT() REPRESENTATION_CONTEXT('2D SPACE',''
  ) );
#14240 = ORIENTED_EDGE('',*,*,#14167,.T.);
#14241 = ORIENTED_EDGE('',*,*,#7649,.F.);
#14242 = ADVANCED_FACE('',(#14243),#7626,.T.);
#14243 = FACE_BOUND('',#14244,.F.);
#14244 = EDGE_LOOP('',(#14245,#14268,#14322,#14323));
#14245 = ORIENTED_EDGE('',*,*,#14246,.F.);
#14246 = EDGE_CURVE('',#14247,#7563,#14249,.T.);
#14247 = VERTEX_POINT('',#14248);
#14248 = CARTESIAN_POINT('',(19.40706479974,34.116393945707,5.34));
#14249 = SURFACE_CURVE('',#14250,(#14254,#14261),.PCURVE_S1.);
#14250 = LINE('',#14251,#14252);
#14251 = CARTESIAN_POINT('',(11.739253031867,26.711674194138,5.34));
#14252 = VECTOR('',#14253,1.);
#14253 = DIRECTION('',(0.719339800339,0.694658370459,0.));
#14254 = PCURVE('',#7626,#14255);
#14255 = DEFINITIONAL_REPRESENTATION('',(#14256),#14260);
#14256 = LINE('',#14257,#14258);
#14257 = CARTESIAN_POINT('',(-0.,0.));
#14258 = VECTOR('',#14259,1.);
#14259 = DIRECTION('',(-0.,1.));
#14260 = ( GEOMETRIC_REPRESENTATION_CONTEXT(2) 
PARAMETRIC_REPRESENTATION_CONTEXT() REPRESENTATION_CONTEXT('2D SPACE',''
  ) );
#14261 = PCURVE('',#7577,#14262);
#14262 = DEFINITIONAL_REPRESENTATION('',(#14263),#14267);
#14263 = LINE('',#14264,#14265);
#14264 = CARTESIAN_POINT('',(1.2,0.));
#14265 = VECTOR('',#14266,1.);
#14266 = DIRECTION('',(0.,1.));
#14267 = ( GEOMETRIC_REPRESENTATION_CONTEXT(2) 
PARAMETRIC_REPRESENTATION_CONTEXT() REPRESENTATION_CONTEXT('2D SPACE',''
  ) );
#14268 = ORIENTED_EDGE('',*,*,#14269,.T.);
#14269 = EDGE_CURVE('',#14247,#14193,#14270,.T.);
#14270 = SURFACE_CURVE('',#14271,(#14286,#14304),.PCURVE_S1.);
#14271 = B_SPLINE_CURVE_WITH_KNOTS('',7,(#14272,#14273,#14274,#14275,
    #14276,#14277,#14278,#14279,#14280,#14281,#14282,#14283,#14284,
    #14285),.UNSPECIFIED.,.F.,.F.,(8,6,8),(0.,0.611041119553,1.),
  .UNSPECIFIED.);
#14272 = CARTESIAN_POINT('',(19.40706479974,34.116393945707,5.34));
#14273 = CARTESIAN_POINT('',(19.40706479974,34.116393945707,
    5.189868241945));
#14274 = CARTESIAN_POINT('',(19.426916238128,34.105101454934,
    5.039469575988));
#14275 = CARTESIAN_POINT('',(19.466748466787,34.082443085318,
    4.891580906925));
#14276 = CARTESIAN_POINT('',(19.52669908431,34.048243567024,
    4.749160050898));
#14277 = CARTESIAN_POINT('',(19.606770145597,34.002307203415,
    4.615560443621));
#14278 = CARTESIAN_POINT('',(19.706704774573,33.944473465392,
    4.494742680901));
#14279 = CARTESIAN_POINT('',(19.90135362029,33.830553048276,
    4.326294613401));
#14280 = CARTESIAN_POINT('',(19.985091391736,33.781279415199,
    4.267740970283));
#14281 = CARTESIAN_POINT('',(20.075919471187,33.72748903417,
    4.218308045498));
#14282 = CARTESIAN_POINT('',(20.172477988551,33.669875594324,
    4.179744949546));
#14283 = CARTESIAN_POINT('',(20.273120528115,33.609331750448,
    4.153362081378));
#14284 = CARTESIAN_POINT('',(20.376036656815,33.546897019874,4.14));
#14285 = CARTESIAN_POINT('',(20.47936072266,33.483701772522,4.14));
#14286 = PCURVE('',#7626,#14287);
#14287 = DEFINITIONAL_REPRESENTATION('',(#14288),#14303);
#14288 = B_SPLINE_CURVE_WITH_KNOTS('',7,(#14289,#14290,#14291,#14292,
    #14293,#14294,#14295,#14296,#14297,#14298,#14299,#14300,#14301,
    #14302),.UNSPECIFIED.,.F.,.F.,(8,6,8),(0.,0.611041119553,1.),
  .UNSPECIFIED.);
#14289 = CARTESIAN_POINT('',(0.,10.659512742467));
#14290 = CARTESIAN_POINT('',(-0.125109798379,10.659512742467));
#14291 = CARTESIAN_POINT('',(-0.250441562277,10.665948248954));
#14292 = CARTESIAN_POINT('',(-0.376882780483,10.678861330251));
#14293 = CARTESIAN_POINT('',(-0.50520914041,10.698229213841));
#14294 = CARTESIAN_POINT('',(-0.63630281022,10.72391743559));
#14295 = CARTESIAN_POINT('',(-0.771115832674,10.755629701432));
#14296 = CARTESIAN_POINT('',(-1.000144669504,10.81651259193));
#14297 = CARTESIAN_POINT('',(-1.091692067389,10.842520162063));
#14298 = CARTESIAN_POINT('',(-1.185119443873,10.870490476169));
#14299 = CARTESIAN_POINT('',(-1.280021807337,10.899927202531));
#14300 = CARTESIAN_POINT('',(-1.376099025773,10.930266098918));
#14301 = CARTESIAN_POINT('',(-1.473101506943,10.960926958187));
#14302 = CARTESIAN_POINT('',(-1.570796326795,10.991352963536));
#14303 = ( GEOMETRIC_REPRESENTATION_CONTEXT(2) 
PARAMETRIC_REPRESENTATION_CONTEXT() REPRESENTATION_CONTEXT('2D SPACE',''
  ) );
#14304 = PCURVE('',#14087,#14305);
#14305 = DEFINITIONAL_REPRESENTATION('',(#14306),#14321);
#14306 = B_SPLINE_CURVE_WITH_KNOTS('',7,(#14307,#14308,#14309,#14310,
    #14311,#14312,#14313,#14314,#14315,#14316,#14317,#14318,#14319,
    #14320),.UNSPECIFIED.,.F.,.F.,(8,6,8),(0.,0.611041119553,1.),
  .UNSPECIFIED.);
#14307 = CARTESIAN_POINT('',(-1.053597234203,-4.29));
#14308 = CARTESIAN_POINT('',(-1.053597234203,-4.139868241945));
#14309 = CARTESIAN_POINT('',(-1.053015359931,-3.989469575988));
#14310 = CARTESIAN_POINT('',(-1.051847822753,-3.841580906925));
#14311 = CARTESIAN_POINT('',(-1.050089366136,-3.699160050897));
#14312 = CARTESIAN_POINT('',(-1.047737482507,-3.565560443621));
#14313 = CARTESIAN_POINT('',(-1.044795788898,-3.444742680901));
#14314 = CARTESIAN_POINT('',(-1.039049674341,-3.276294613401));
#14315 = CARTESIAN_POINT('',(-1.036574288144,-3.217740970283));
#14316 = CARTESIAN_POINT('',(-1.033884851349,-3.168308045498));
#14317 = CARTESIAN_POINT('',(-1.031020156347,-3.129744949546));
#14318 = CARTESIAN_POINT('',(-1.028027835376,-3.103362081378));
#14319 = CARTESIAN_POINT('',(-1.024961009825,-3.09));
#14320 = CARTESIAN_POINT('',(-1.021875208065,-3.09));
#14321 = ( GEOMETRIC_REPRESENTATION_CONTEXT(2) 
PARAMETRIC_REPRESENTATION_CONTEXT() REPRESENTATION_CONTEXT('2D SPACE',''
  ) );
#14322 = ORIENTED_EDGE('',*,*,#14192,.T.);
#14323 = ORIENTED_EDGE('',*,*,#7588,.F.);
#14324 = ADVANCED_FACE('',(#14325),#7577,.T.);
#14325 = FACE_BOUND('',#14326,.T.);
#14326 = EDGE_LOOP('',(#14327,#14348,#14349,#14350));
#14327 = ORIENTED_EDGE('',*,*,#14328,.F.);
#14328 = EDGE_CURVE('',#3056,#14329,#14331,.T.);
#14329 = VERTEX_POINT('',#14330);
#14330 = CARTESIAN_POINT('',(19.40706479974,34.116393945707,6.));
#14331 = SURFACE_CURVE('',#14332,(#14336,#14342),.PCURVE_S1.);
#14332 = LINE('',#14333,#14334);
#14333 = CARTESIAN_POINT('',(2.028165727295,17.333786192942,6.));
#14334 = VECTOR('',#14335,1.);
#14335 = DIRECTION('',(-0.719339800339,-0.694658370459,0.));
#14336 = PCURVE('',#7577,#14337);
#14337 = DEFINITIONAL_REPRESENTATION('',(#14338),#14341);
#14338 = B_SPLINE_CURVE_WITH_KNOTS('',1,(#14339,#14340),.UNSPECIFIED.,
  .F.,.F.,(2,2),(-36.22818766357,-13.5),.PIECEWISE_BEZIER_KNOTS.);
#14339 = CARTESIAN_POINT('',(1.86,22.72818766357));
#14340 = CARTESIAN_POINT('',(1.86,0.));
#14341 = ( GEOMETRIC_REPRESENTATION_CONTEXT(2) 
PARAMETRIC_REPRESENTATION_CONTEXT() REPRESENTATION_CONTEXT('2D SPACE',''
  ) );
#14342 = PCURVE('',#8551,#14343);
#14343 = DEFINITIONAL_REPRESENTATION('',(#14344),#14347);
#14344 = B_SPLINE_CURVE_WITH_KNOTS('',1,(#14345,#14346),.UNSPECIFIED.,
  .F.,.F.,(2,2),(-36.22818766357,-13.5),.PIECEWISE_BEZIER_KNOTS.);
#14345 = CARTESIAN_POINT('',(28.088543007839,42.5));
#14346 = CARTESIAN_POINT('',(11.739253031867,26.711674194138));
#14347 = ( GEOMETRIC_REPRESENTATION_CONTEXT(2) 
PARAMETRIC_REPRESENTATION_CONTEXT() REPRESENTATION_CONTEXT('2D SPACE',''
  ) );
#14348 = ORIENTED_EDGE('',*,*,#7562,.T.);
#14349 = ORIENTED_EDGE('',*,*,#14246,.F.);
#14350 = ORIENTED_EDGE('',*,*,#14351,.F.);
#14351 = EDGE_CURVE('',#14329,#14247,#14352,.T.);
#14352 = SURFACE_CURVE('',#14353,(#14357,#14363),.PCURVE_S1.);
#14353 = LINE('',#14354,#14355);
#14354 = CARTESIAN_POINT('',(19.40706479974,34.116393945707,1.05));
#14355 = VECTOR('',#14356,1.);
#14356 = DIRECTION('',(-0.,-0.,-1.));
#14357 = PCURVE('',#7577,#14358);
#14358 = DEFINITIONAL_REPRESENTATION('',(#14359),#14362);
#14359 = B_SPLINE_CURVE_WITH_KNOTS('',1,(#14360,#14361),.UNSPECIFIED.,
  .F.,.F.,(2,2),(-4.9500006,-3.458),.PIECEWISE_BEZIER_KNOTS.);
#14360 = CARTESIAN_POINT('',(1.8600006,10.659512742467));
#14361 = CARTESIAN_POINT('',(0.368,10.659512742467));
#14362 = ( GEOMETRIC_REPRESENTATION_CONTEXT(2) 
PARAMETRIC_REPRESENTATION_CONTEXT() REPRESENTATION_CONTEXT('2D SPACE',''
  ) );
#14363 = PCURVE('',#14087,#14364);
#14364 = DEFINITIONAL_REPRESENTATION('',(#14365),#14368);
#14365 = B_SPLINE_CURVE_WITH_KNOTS('',1,(#14366,#14367),.UNSPECIFIED.,
  .F.,.F.,(2,2),(-4.9500006,-3.458),.PIECEWISE_BEZIER_KNOTS.);
#14366 = CARTESIAN_POINT('',(-1.053597234203,-4.9500006));
#14367 = CARTESIAN_POINT('',(-1.053597234203,-3.458));
#14368 = ( GEOMETRIC_REPRESENTATION_CONTEXT(2) 
PARAMETRIC_REPRESENTATION_CONTEXT() REPRESENTATION_CONTEXT('2D SPACE',''
  ) );
#14369 = ADVANCED_FACE('',(#14370),#8271,.T.);
#14370 = FACE_BOUND('',#14371,.T.);
#14371 = EDGE_LOOP('',(#14372,#14373,#14374,#14375,#14376,#14397));
#14372 = ORIENTED_EDGE('',*,*,#14029,.F.);
#14373 = ORIENTED_EDGE('',*,*,#8283,.F.);
#14374 = ORIENTED_EDGE('',*,*,#8255,.F.);
#14375 = ORIENTED_EDGE('',*,*,#8317,.T.);
#14376 = ORIENTED_EDGE('',*,*,#14377,.T.);
#14377 = EDGE_CURVE('',#8318,#14378,#14380,.T.);
#14378 = VERTEX_POINT('',#14379);
#14379 = CARTESIAN_POINT('',(32.316107944178,22.27625792947,6.));
#14380 = SURFACE_CURVE('',#14381,(#14385,#14391),.PCURVE_S1.);
#14381 = LINE('',#14382,#14383);
#14382 = CARTESIAN_POINT('',(19.315842059972,6.772056224975,6.));
#14383 = VECTOR('',#14384,1.);
#14384 = DIRECTION('',(-0.642517725822,-0.76627082158,0.));
#14385 = PCURVE('',#8271,#14386);
#14386 = DEFINITIONAL_REPRESENTATION('',(#14387),#14390);
#14387 = B_SPLINE_CURVE_WITH_KNOTS('',1,(#14388,#14389),.UNSPECIFIED.,
  .F.,.F.,(2,2),(-27.7900366503,-17.6),.PIECEWISE_BEZIER_KNOTS.);
#14388 = CARTESIAN_POINT('',(37.171433209026,28.066750440749));
#14389 = CARTESIAN_POINT('',(30.624154034431,20.258422684785));
#14390 = ( GEOMETRIC_REPRESENTATION_CONTEXT(2) 
PARAMETRIC_REPRESENTATION_CONTEXT() REPRESENTATION_CONTEXT('2D SPACE',''
  ) );
#14391 = PCURVE('',#8356,#14392);
#14392 = DEFINITIONAL_REPRESENTATION('',(#14393),#14396);
#14393 = B_SPLINE_CURVE_WITH_KNOTS('',1,(#14394,#14395),.UNSPECIFIED.,
  .F.,.F.,(2,2),(-27.7900366503,-17.6),.PIECEWISE_BEZIER_KNOTS.);
#14394 = CARTESIAN_POINT('',(1.475,10.190036650309));
#14395 = CARTESIAN_POINT('',(1.475,0.));
#14396 = ( GEOMETRIC_REPRESENTATION_CONTEXT(2) 
PARAMETRIC_REPRESENTATION_CONTEXT() REPRESENTATION_CONTEXT('2D SPACE',''
  ) );
#14397 = ORIENTED_EDGE('',*,*,#14398,.F.);
#14398 = EDGE_CURVE('',#14030,#14378,#14399,.T.);
#14399 = SURFACE_CURVE('',#14400,(#14405,#14412),.PCURVE_S1.);
#14400 = CIRCLE('',#14401,39.25);
#14401 = AXIS2_PLACEMENT_3D('',#14402,#14403,#14404);
#14402 = CARTESIAN_POINT('',(2.025146430259E-13,-1.910692005867E-15,6.)
  );
#14403 = DIRECTION('',(0.,0.,1.));
#14404 = DIRECTION('',(1.,0.,0.));
#14405 = PCURVE('',#8271,#14406);
#14406 = DEFINITIONAL_REPRESENTATION('',(#14407),#14411);
#14407 = CIRCLE('',#14408,39.25);
#14408 = AXIS2_PLACEMENT_2D('',#14409,#14410);
#14409 = CARTESIAN_POINT('',(2.066330509545E-13,-2.23497967137E-15));
#14410 = DIRECTION('',(1.,0.));
#14411 = ( GEOMETRIC_REPRESENTATION_CONTEXT(2) 
PARAMETRIC_REPRESENTATION_CONTEXT() REPRESENTATION_CONTEXT('2D SPACE',''
  ) );
#14412 = PCURVE('',#14087,#14413);
#14413 = DEFINITIONAL_REPRESENTATION('',(#14414),#14418);
#14414 = LINE('',#14415,#14416);
#14415 = CARTESIAN_POINT('',(-0.,-4.95));
#14416 = VECTOR('',#14417,1.);
#14417 = DIRECTION('',(-1.,0.));
#14418 = ( GEOMETRIC_REPRESENTATION_CONTEXT(2) 
PARAMETRIC_REPRESENTATION_CONTEXT() REPRESENTATION_CONTEXT('2D SPACE',''
  ) );
#14419 = ADVANCED_FACE('',(#14420),#8551,.T.);
#14420 = FACE_BOUND('',#14421,.T.);
#14421 = EDGE_LOOP('',(#14422,#14446,#14465,#14466,#14467,#14468));
#14422 = ORIENTED_EDGE('',*,*,#14423,.F.);
#14423 = EDGE_CURVE('',#14424,#14329,#14426,.T.);
#14424 = VERTEX_POINT('',#14425);
#14425 = CARTESIAN_POINT('',(22.064020488052,32.461384750236,6.));
#14426 = SURFACE_CURVE('',#14427,(#14432,#14439),.PCURVE_S1.);
#14427 = CIRCLE('',#14428,39.25);
#14428 = AXIS2_PLACEMENT_3D('',#14429,#14430,#14431);
#14429 = CARTESIAN_POINT('',(2.025146430259E-13,-1.910692005867E-15,6.)
  );
#14430 = DIRECTION('',(0.,0.,1.));
#14431 = DIRECTION('',(1.,0.,0.));
#14432 = PCURVE('',#8551,#14433);
#14433 = DEFINITIONAL_REPRESENTATION('',(#14434),#14438);
#14434 = CIRCLE('',#14435,39.25);
#14435 = AXIS2_PLACEMENT_2D('',#14436,#14437);
#14436 = CARTESIAN_POINT('',(2.066330509545E-13,-2.23497967137E-15));
#14437 = DIRECTION('',(1.,0.));
#14438 = ( GEOMETRIC_REPRESENTATION_CONTEXT(2) 
PARAMETRIC_REPRESENTATION_CONTEXT() REPRESENTATION_CONTEXT('2D SPACE',''
  ) );
#14439 = PCURVE('',#14087,#14440);
#14440 = DEFINITIONAL_REPRESENTATION('',(#14441),#14445);
#14441 = LINE('',#14442,#14443);
#14442 = CARTESIAN_POINT('',(-0.,-4.95));
#14443 = VECTOR('',#14444,1.);
#14444 = DIRECTION('',(-1.,0.));
#14445 = ( GEOMETRIC_REPRESENTATION_CONTEXT(2) 
PARAMETRIC_REPRESENTATION_CONTEXT() REPRESENTATION_CONTEXT('2D SPACE',''
  ) );
#14446 = ORIENTED_EDGE('',*,*,#14447,.F.);
#14447 = EDGE_CURVE('',#8511,#14424,#14448,.T.);
#14448 = SURFACE_CURVE('',#14449,(#14453,#14459),.PCURVE_S1.);
#14449 = LINE('',#14450,#14451);
#14450 = CARTESIAN_POINT('',(8.281542229218,16.024311476806,6.));
#14451 = VECTOR('',#14452,1.);
#14452 = DIRECTION('',(-0.642517725822,-0.76627082158,0.));
#14453 = PCURVE('',#8551,#14454);
#14454 = DEFINITIONAL_REPRESENTATION('',(#14455),#14458);
#14455 = B_SPLINE_CURVE_WITH_KNOTS('',1,(#14456,#14457),.UNSPECIFIED.,
  .F.,.F.,(2,2),(-26.62948901124,-17.6),.PIECEWISE_BEZIER_KNOTS.);
#14456 = CARTESIAN_POINT('',(25.391460948512,36.42971189971));
#14457 = CARTESIAN_POINT('',(19.589854203677,29.510677936616));
#14458 = ( GEOMETRIC_REPRESENTATION_CONTEXT(2) 
PARAMETRIC_REPRESENTATION_CONTEXT() REPRESENTATION_CONTEXT('2D SPACE',''
  ) );
#14459 = PCURVE('',#8525,#14460);
#14460 = DEFINITIONAL_REPRESENTATION('',(#14461),#14464);
#14461 = B_SPLINE_CURVE_WITH_KNOTS('',1,(#14462,#14463),.UNSPECIFIED.,
  .F.,.F.,(2,2),(-26.62948901124,-17.6),.PIECEWISE_BEZIER_KNOTS.);
#14462 = CARTESIAN_POINT('',(1.475,9.029489011243));
#14463 = CARTESIAN_POINT('',(1.475,0.));
#14464 = ( GEOMETRIC_REPRESENTATION_CONTEXT(2) 
PARAMETRIC_REPRESENTATION_CONTEXT() REPRESENTATION_CONTEXT('2D SPACE',''
  ) );
#14465 = ORIENTED_EDGE('',*,*,#8536,.T.);
#14466 = ORIENTED_EDGE('',*,*,#8570,.T.);
#14467 = ORIENTED_EDGE('',*,*,#8595,.F.);
#14468 = ORIENTED_EDGE('',*,*,#14328,.T.);
#14469 = ADVANCED_FACE('',(#14470),#8525,.F.);
#14470 = FACE_BOUND('',#14471,.F.);
#14471 = EDGE_LOOP('',(#14472,#14473,#14496,#14515));
#14472 = ORIENTED_EDGE('',*,*,#8510,.T.);
#14473 = ORIENTED_EDGE('',*,*,#14474,.F.);
#14474 = EDGE_CURVE('',#14475,#8456,#14477,.T.);
#14475 = VERTEX_POINT('',#14476);
#14476 = CARTESIAN_POINT('',(22.064020488052,32.461384750236,5.025));
#14477 = SURFACE_CURVE('',#14478,(#14482,#14489),.PCURVE_S1.);
#14478 = LINE('',#14479,#14480);
#14479 = CARTESIAN_POINT('',(19.589854203677,29.510677936616,5.025));
#14480 = VECTOR('',#14481,1.);
#14481 = DIRECTION('',(0.642517725822,0.76627082158,0.));
#14482 = PCURVE('',#8525,#14483);
#14483 = DEFINITIONAL_REPRESENTATION('',(#14484),#14488);
#14484 = LINE('',#14485,#14486);
#14485 = CARTESIAN_POINT('',(0.5,0.));
#14486 = VECTOR('',#14487,1.);
#14487 = DIRECTION('',(0.,1.));
#14488 = ( GEOMETRIC_REPRESENTATION_CONTEXT(2) 
PARAMETRIC_REPRESENTATION_CONTEXT() REPRESENTATION_CONTEXT('2D SPACE',''
  ) );
#14489 = PCURVE('',#8489,#14490);
#14490 = DEFINITIONAL_REPRESENTATION('',(#14491),#14495);
#14491 = LINE('',#14492,#14493);
#14492 = CARTESIAN_POINT('',(-0.,0.));
#14493 = VECTOR('',#14494,1.);
#14494 = DIRECTION('',(-0.,1.));
#14495 = ( GEOMETRIC_REPRESENTATION_CONTEXT(2) 
PARAMETRIC_REPRESENTATION_CONTEXT() REPRESENTATION_CONTEXT('2D SPACE',''
  ) );
#14496 = ORIENTED_EDGE('',*,*,#14497,.F.);
#14497 = EDGE_CURVE('',#14424,#14475,#14498,.T.);
#14498 = SURFACE_CURVE('',#14499,(#14503,#14509),.PCURVE_S1.);
#14499 = LINE('',#14500,#14501);
#14500 = CARTESIAN_POINT('',(22.064020488052,32.461384750236,1.05));
#14501 = VECTOR('',#14502,1.);
#14502 = DIRECTION('',(-0.,-0.,-1.));
#14503 = PCURVE('',#8525,#14504);
#14504 = DEFINITIONAL_REPRESENTATION('',(#14505),#14508);
#14505 = B_SPLINE_CURVE_WITH_KNOTS('',1,(#14506,#14507),.UNSPECIFIED.,
  .F.,.F.,(2,2),(-4.9500006,-3.715),.PIECEWISE_BEZIER_KNOTS.);
#14506 = CARTESIAN_POINT('',(1.4750006,3.850736228655));
#14507 = CARTESIAN_POINT('',(0.24,3.850736228655));
#14508 = ( GEOMETRIC_REPRESENTATION_CONTEXT(2) 
PARAMETRIC_REPRESENTATION_CONTEXT() REPRESENTATION_CONTEXT('2D SPACE',''
  ) );
#14509 = PCURVE('',#14087,#14510);
#14510 = DEFINITIONAL_REPRESENTATION('',(#14511),#14514);
#14511 = B_SPLINE_CURVE_WITH_KNOTS('',1,(#14512,#14513),.UNSPECIFIED.,
  .F.,.F.,(2,2),(-4.9500006,-3.715),.PIECEWISE_BEZIER_KNOTS.);
#14512 = CARTESIAN_POINT('',(-0.973824475584,-4.9500006));
#14513 = CARTESIAN_POINT('',(-0.973824475584,-3.715));
#14514 = ( GEOMETRIC_REPRESENTATION_CONTEXT(2) 
PARAMETRIC_REPRESENTATION_CONTEXT() REPRESENTATION_CONTEXT('2D SPACE',''
  ) );
#14515 = ORIENTED_EDGE('',*,*,#14447,.F.);
#14516 = ADVANCED_FACE('',(#14517),#8489,.F.);
#14517 = FACE_BOUND('',#14518,.T.);
#14518 = EDGE_LOOP('',(#14519,#14520,#14570,#14591));
#14519 = ORIENTED_EDGE('',*,*,#14474,.F.);
#14520 = ORIENTED_EDGE('',*,*,#14521,.T.);
#14521 = EDGE_CURVE('',#14475,#14522,#14524,.T.);
#14522 = VERTEX_POINT('',#14523);
#14523 = CARTESIAN_POINT('',(22.477576264059,32.176405412871,4.525));
#14524 = SURFACE_CURVE('',#14525,(#14538,#14554),.PCURVE_S1.);
#14525 = B_SPLINE_CURVE_WITH_KNOTS('',6,(#14526,#14527,#14528,#14529,
    #14530,#14531,#14532,#14533,#14534,#14535,#14536,#14537),
  .UNSPECIFIED.,.F.,.F.,(7,5,7),(0.,0.545040588799,1.),.UNSPECIFIED.);
#14526 = CARTESIAN_POINT('',(22.064020488052,32.461384750236,5.025));
#14527 = CARTESIAN_POINT('',(22.064020488052,32.461384750236,
    4.956857704751));
#14528 = CARTESIAN_POINT('',(22.073283946156,32.455088369764,
    4.888560243839));
#14529 = CARTESIAN_POINT('',(22.091891340309,32.442440928731,
    4.822155884145));
#14530 = CARTESIAN_POINT('',(22.119593862261,32.423582485059,
    4.759731060545));
#14531 = CARTESIAN_POINT('',(22.155835527351,32.398831488233,
    4.703362495579));
#14532 = CARTESIAN_POINT('',(22.236323117288,32.343630066489,
    4.614968999648));
#14533 = CARTESIAN_POINT('',(22.278345287502,32.314736545798,
    4.580362335729));
#14534 = CARTESIAN_POINT('',(22.3248921675,32.282626241856,
    4.553094929295));
#14535 = CARTESIAN_POINT('',(22.374633838275,32.24817094223,
    4.534407871453));
#14536 = CARTESIAN_POINT('',(22.426051587106,32.212399174164,4.525));
#14537 = CARTESIAN_POINT('',(22.477576264059,32.176405412871,4.525));
#14538 = PCURVE('',#8489,#14539);
#14539 = DEFINITIONAL_REPRESENTATION('',(#14540),#14553);
#14540 = B_SPLINE_CURVE_WITH_KNOTS('',6,(#14541,#14542,#14543,#14544,
    #14545,#14546,#14547,#14548,#14549,#14550,#14551,#14552),
  .UNSPECIFIED.,.F.,.F.,(7,5,7),(0.,0.545040588799,1.),.UNSPECIFIED.);
#14541 = CARTESIAN_POINT('',(0.,3.850736228655));
#14542 = CARTESIAN_POINT('',(-0.136284590498,3.850736228655));
#14543 = CARTESIAN_POINT('',(-0.272880084111,3.851863432052));
#14544 = CARTESIAN_POINT('',(-0.410242494415,3.854127647596));
#14545 = CARTESIAN_POINT('',(-0.548871304925,3.857476333874));
#14546 = CARTESIAN_POINT('',(-0.689350738846,3.861796279435));
#14547 = CARTESIAN_POINT('',(-0.95203083515,3.871211743885));
#14548 = CARTESIAN_POINT('',(-1.073705904531,3.876071471288));
#14549 = CARTESIAN_POINT('',(-1.19676679532,3.881373477784));
#14550 = CARTESIAN_POINT('',(-1.320812326138,3.886931292217));
#14551 = CARTESIAN_POINT('',(-1.445579354415,3.892557245158));
#14552 = CARTESIAN_POINT('',(-1.570796326795,3.89808179438));
#14553 = ( GEOMETRIC_REPRESENTATION_CONTEXT(2) 
PARAMETRIC_REPRESENTATION_CONTEXT() REPRESENTATION_CONTEXT('2D SPACE',''
  ) );
#14554 = PCURVE('',#14087,#14555);
#14555 = DEFINITIONAL_REPRESENTATION('',(#14556),#14569);
#14556 = B_SPLINE_CURVE_WITH_KNOTS('',6,(#14557,#14558,#14559,#14560,
    #14561,#14562,#14563,#14564,#14565,#14566,#14567,#14568),
  .UNSPECIFIED.,.F.,.F.,(7,5,7),(0.,0.545040588799,1.),.UNSPECIFIED.);
#14557 = CARTESIAN_POINT('',(-0.973824475584,-3.975));
#14558 = CARTESIAN_POINT('',(-0.973824475584,-3.906857704751));
#14559 = CARTESIAN_POINT('',(-0.973539107024,-3.838560243839));
#14560 = CARTESIAN_POINT('',(-0.972965890829,-3.772155884145));
#14561 = CARTESIAN_POINT('',(-0.972112076157,-3.709731060545));
#14562 = CARTESIAN_POINT('',(-0.970993937835,-3.653362495579));
#14563 = CARTESIAN_POINT('',(-0.968507354211,-3.564968999648));
#14564 = CARTESIAN_POINT('',(-0.967208067403,-3.530362335729));
#14565 = CARTESIAN_POINT('',(-0.96576735516,-3.503094929295));
#14566 = CARTESIAN_POINT('',(-0.964225716274,-3.484407871453));
#14567 = CARTESIAN_POINT('',(-0.962629869953,-3.475));
#14568 = CARTESIAN_POINT('',(-0.961028551338,-3.475));
#14569 = ( GEOMETRIC_REPRESENTATION_CONTEXT(2) 
PARAMETRIC_REPRESENTATION_CONTEXT() REPRESENTATION_CONTEXT('2D SPACE',''
  ) );
#14570 = ORIENTED_EDGE('',*,*,#14571,.T.);
#14571 = EDGE_CURVE('',#14522,#8423,#14572,.T.);
#14572 = SURFACE_CURVE('',#14573,(#14577,#14584),.PCURVE_S1.);
#14573 = LINE('',#14574,#14575);
#14574 = CARTESIAN_POINT('',(19.972989614467,29.189419073705,4.525));
#14575 = VECTOR('',#14576,1.);
#14576 = DIRECTION('',(0.642517725822,0.76627082158,0.));
#14577 = PCURVE('',#8489,#14578);
#14578 = DEFINITIONAL_REPRESENTATION('',(#14579),#14583);
#14579 = LINE('',#14580,#14581);
#14580 = CARTESIAN_POINT('',(-1.570796326795,0.));
#14581 = VECTOR('',#14582,1.);
#14582 = DIRECTION('',(-0.,1.));
#14583 = ( GEOMETRIC_REPRESENTATION_CONTEXT(2) 
PARAMETRIC_REPRESENTATION_CONTEXT() REPRESENTATION_CONTEXT('2D SPACE',''
  ) );
#14584 = PCURVE('',#8439,#14585);
#14585 = DEFINITIONAL_REPRESENTATION('',(#14586),#14590);
#14586 = LINE('',#14587,#14588);
#14587 = CARTESIAN_POINT('',(9.644474461432E-16,13.9));
#14588 = VECTOR('',#14589,1.);
#14589 = DIRECTION('',(1.,1.044627745311E-17));
#14590 = ( GEOMETRIC_REPRESENTATION_CONTEXT(2) 
PARAMETRIC_REPRESENTATION_CONTEXT() REPRESENTATION_CONTEXT('2D SPACE',''
  ) );
#14591 = ORIENTED_EDGE('',*,*,#8455,.F.);
#14592 = ADVANCED_FACE('',(#14593),#8439,.T.);
#14593 = FACE_BOUND('',#14594,.T.);
#14594 = EDGE_LOOP('',(#14595,#14623,#14644,#14645));
#14595 = ORIENTED_EDGE('',*,*,#14596,.T.);
#14596 = EDGE_CURVE('',#14522,#14597,#14599,.T.);
#14597 = VERTEX_POINT('',#14598);
#14598 = CARTESIAN_POINT('',(32.019431333771,22.700628120427,4.525));
#14599 = SURFACE_CURVE('',#14600,(#14605,#14616),.PCURVE_S1.);
#14600 = CIRCLE('',#14601,39.25);
#14601 = AXIS2_PLACEMENT_3D('',#14602,#14603,#14604);
#14602 = CARTESIAN_POINT('',(2.025146430259E-13,-1.910692005867E-15,
    4.525));
#14603 = DIRECTION('',(0.,0.,-1.));
#14604 = DIRECTION('',(1.,0.,0.));
#14605 = PCURVE('',#8439,#14606);
#14606 = DEFINITIONAL_REPRESENTATION('',(#14607),#14615);
#14607 = ( BOUNDED_CURVE() B_SPLINE_CURVE(2,(#14608,#14609,#14610,#14611
    ,#14612,#14613,#14614),.UNSPECIFIED.,.T.,.F.) 
B_SPLINE_CURVE_WITH_KNOTS((1,2,2,2,2,1),(-2.094395102393,0.,
    2.094395102393,4.188790204786,6.28318530718,8.377580409573),
.UNSPECIFIED.) CURVE() GEOMETRIC_REPRESENTATION_ITEM() 
RATIONAL_B_SPLINE_CURVE((1.,0.5,1.,0.5,1.,0.5,1.)) REPRESENTATION_ITEM(
  '') );
#14608 = CARTESIAN_POINT('',(-9.981179261504,-19.62612974702));
#14609 = CARTESIAN_POINT('',(-62.07456407837,-63.30640857306));
#14610 = CARTESIAN_POINT('',(-73.85610277768,3.647925460486));
#14611 = CARTESIAN_POINT('',(-85.63764147699,70.60225949404));
#14612 = CARTESIAN_POINT('',(-21.76271796081,47.328204286533));
#14613 = CARTESIAN_POINT('',(42.112205555369,24.054149079027));
#14614 = CARTESIAN_POINT('',(-9.981179261504,-19.62612974702));
#14615 = ( GEOMETRIC_REPRESENTATION_CONTEXT(2) 
PARAMETRIC_REPRESENTATION_CONTEXT() REPRESENTATION_CONTEXT('2D SPACE',''
  ) );
#14616 = PCURVE('',#14087,#14617);
#14617 = DEFINITIONAL_REPRESENTATION('',(#14618),#14622);
#14618 = LINE('',#14619,#14620);
#14619 = CARTESIAN_POINT('',(-6.28318530718,-3.475));
#14620 = VECTOR('',#14621,1.);
#14621 = DIRECTION('',(1.,-0.));
#14622 = ( GEOMETRIC_REPRESENTATION_CONTEXT(2) 
PARAMETRIC_REPRESENTATION_CONTEXT() REPRESENTATION_CONTEXT('2D SPACE',''
  ) );
#14623 = ORIENTED_EDGE('',*,*,#14624,.T.);
#14624 = EDGE_CURVE('',#14597,#8368,#14625,.T.);
#14625 = SURFACE_CURVE('',#14626,(#14630,#14637),.PCURVE_S1.);
#14626 = LINE('',#14627,#14628);
#14627 = CARTESIAN_POINT('',(30.241018623641,20.579681547696,4.525));
#14628 = VECTOR('',#14629,1.);
#14629 = DIRECTION('',(0.642517725822,0.76627082158,0.));
#14630 = PCURVE('',#8439,#14631);
#14631 = DEFINITIONAL_REPRESENTATION('',(#14632),#14636);
#14632 = LINE('',#14633,#14634);
#14633 = CARTESIAN_POINT('',(3.018318073908E-16,0.5));
#14634 = VECTOR('',#14635,1.);
#14635 = DIRECTION('',(1.,1.044627745311E-17));
#14636 = ( GEOMETRIC_REPRESENTATION_CONTEXT(2) 
PARAMETRIC_REPRESENTATION_CONTEXT() REPRESENTATION_CONTEXT('2D SPACE',''
  ) );
#14637 = PCURVE('',#8401,#14638);
#14638 = DEFINITIONAL_REPRESENTATION('',(#14639),#14643);
#14639 = LINE('',#14640,#14641);
#14640 = CARTESIAN_POINT('',(1.570796326795,0.));
#14641 = VECTOR('',#14642,1.);
#14642 = DIRECTION('',(0.,1.));
#14643 = ( GEOMETRIC_REPRESENTATION_CONTEXT(2) 
PARAMETRIC_REPRESENTATION_CONTEXT() REPRESENTATION_CONTEXT('2D SPACE',''
  ) );
#14644 = ORIENTED_EDGE('',*,*,#8422,.F.);
#14645 = ORIENTED_EDGE('',*,*,#14571,.F.);
#14646 = ADVANCED_FACE('',(#14647),#8401,.F.);
#14647 = FACE_BOUND('',#14648,.F.);
#14648 = EDGE_LOOP('',(#14649,#14672,#14720,#14721));
#14649 = ORIENTED_EDGE('',*,*,#14650,.F.);
#14650 = EDGE_CURVE('',#14651,#8342,#14653,.T.);
#14651 = VERTEX_POINT('',#14652);
#14652 = CARTESIAN_POINT('',(32.316107944178,22.27625792947,5.025));
#14653 = SURFACE_CURVE('',#14654,(#14658,#14665),.PCURVE_S1.);
#14654 = LINE('',#14655,#14656);
#14655 = CARTESIAN_POINT('',(30.624154034431,20.258422684785,5.025));
#14656 = VECTOR('',#14657,1.);
#14657 = DIRECTION('',(0.642517725822,0.76627082158,0.));
#14658 = PCURVE('',#8401,#14659);
#14659 = DEFINITIONAL_REPRESENTATION('',(#14660),#14664);
#14660 = LINE('',#14661,#14662);
#14661 = CARTESIAN_POINT('',(0.,0.));
#14662 = VECTOR('',#14663,1.);
#14663 = DIRECTION('',(0.,1.));
#14664 = ( GEOMETRIC_REPRESENTATION_CONTEXT(2) 
PARAMETRIC_REPRESENTATION_CONTEXT() REPRESENTATION_CONTEXT('2D SPACE',''
  ) );
#14665 = PCURVE('',#8356,#14666);
#14666 = DEFINITIONAL_REPRESENTATION('',(#14667),#14671);
#14667 = LINE('',#14668,#14669);
#14668 = CARTESIAN_POINT('',(0.5,0.));
#14669 = VECTOR('',#14670,1.);
#14670 = DIRECTION('',(0.,1.));
#14671 = ( GEOMETRIC_REPRESENTATION_CONTEXT(2) 
PARAMETRIC_REPRESENTATION_CONTEXT() REPRESENTATION_CONTEXT('2D SPACE',''
  ) );
#14672 = ORIENTED_EDGE('',*,*,#14673,.T.);
#14673 = EDGE_CURVE('',#14651,#14597,#14674,.T.);
#14674 = SURFACE_CURVE('',#14675,(#14688,#14704),.PCURVE_S1.);
#14675 = B_SPLINE_CURVE_WITH_KNOTS('',6,(#14676,#14677,#14678,#14679,
    #14680,#14681,#14682,#14683,#14684,#14685,#14686,#14687),
  .UNSPECIFIED.,.F.,.F.,(7,5,7),(0.,0.552970653943,1.),.UNSPECIFIED.);
#14676 = CARTESIAN_POINT('',(32.316107944178,22.27625792947,5.025));
#14677 = CARTESIAN_POINT('',(32.316107944178,22.27625792947,
    4.955440020809));
#14678 = CARTESIAN_POINT('',(32.309270538704,22.286176916253,
    4.885729194581));
#14679 = CARTESIAN_POINT('',(32.295539414556,22.306096713481,
    4.81809702366));
#14680 = CARTESIAN_POINT('',(32.275112738656,22.335680531998,
    4.754795659302));
#14681 = CARTESIAN_POINT('',(32.248412713818,22.374216636639,
    4.698019992598));
#14682 = CARTESIAN_POINT('',(32.19004374972,22.45808696003,
    4.611079524654));
#14683 = CARTESIAN_POINT('',(32.160274096731,22.500751231906,
    4.577851568179));
#14684 = CARTESIAN_POINT('',(32.127410539683,22.547691567503,
    4.551781631942));
#14685 = CARTESIAN_POINT('',(32.092308207454,22.597623780546,
    4.533960801523));
#14686 = CARTESIAN_POINT('',(32.055964254904,22.649098120754,4.525));
#14687 = CARTESIAN_POINT('',(32.019431333771,22.700628120427,4.525));
#14688 = PCURVE('',#8401,#14689);
#14689 = DEFINITIONAL_REPRESENTATION('',(#14690),#14703);
#14690 = B_SPLINE_CURVE_WITH_KNOTS('',6,(#14691,#14692,#14693,#14694,
    #14695,#14696,#14697,#14698,#14699,#14700,#14701,#14702),
  .UNSPECIFIED.,.F.,.F.,(7,5,7),(0.,0.552970653943,1.),.UNSPECIFIED.);
#14691 = CARTESIAN_POINT('',(0.,2.633318649043));
#14692 = CARTESIAN_POINT('',(0.139119958381,2.633318649043));
#14693 = CARTESIAN_POINT('',(0.278541920591,2.636526124979));
#14694 = CARTESIAN_POINT('',(0.418651476312,2.642967593706));
#14695 = CARTESIAN_POINT('',(0.559902652442,2.652512309282));
#14696 = CARTESIAN_POINT('',(0.702835596879,2.664886162607));
#14697 = CARTESIAN_POINT('',(0.965768934396,2.691650450146));
#14698 = CARTESIAN_POINT('',(1.085063623545,2.705215307072));
#14699 = CARTESIAN_POINT('',(1.205497015966,2.720068898659));
#14700 = CARTESIAN_POINT('',(1.326745914644,2.735776625895));
#14701 = CARTESIAN_POINT('',(1.448590227409,2.751868277117));
#14702 = CARTESIAN_POINT('',(1.570796326795,2.767881162899));
#14703 = ( GEOMETRIC_REPRESENTATION_CONTEXT(2) 
PARAMETRIC_REPRESENTATION_CONTEXT() REPRESENTATION_CONTEXT('2D SPACE',''
  ) );
#14704 = PCURVE('',#14087,#14705);
#14705 = DEFINITIONAL_REPRESENTATION('',(#14706),#14719);
#14706 = B_SPLINE_CURVE_WITH_KNOTS('',6,(#14707,#14708,#14709,#14710,
    #14711,#14712,#14713,#14714,#14715,#14716,#14717,#14718),
  .UNSPECIFIED.,.F.,.F.,(7,5,7),(0.,0.552970653943,1.),.UNSPECIFIED.);
#14707 = CARTESIAN_POINT('',(-0.6035246421,-3.975));
#14708 = CARTESIAN_POINT('',(-0.6035246421,-3.905440020809));
#14709 = CARTESIAN_POINT('',(-0.603831578561,-3.835729194581));
#14710 = CARTESIAN_POINT('',(-0.604447982398,-3.76809702366));
#14711 = CARTESIAN_POINT('',(-0.60536392262,-3.704795659302));
#14712 = CARTESIAN_POINT('',(-0.606558366056,-3.648019992598));
#14713 = CARTESIAN_POINT('',(-0.60916172986,-3.561079524654));
#14714 = CARTESIAN_POINT('',(-0.61048717517,-3.527851568179));
#14715 = CARTESIAN_POINT('',(-0.611947071163,-3.501781631942));
#14716 = CARTESIAN_POINT('',(-0.613502124914,-3.483960801523));
#14717 = CARTESIAN_POINT('',(-0.615107518837,-3.475));
#14718 = CARTESIAN_POINT('',(-0.616716854091,-3.475));
#14719 = ( GEOMETRIC_REPRESENTATION_CONTEXT(2) 
PARAMETRIC_REPRESENTATION_CONTEXT() REPRESENTATION_CONTEXT('2D SPACE',''
  ) );
#14720 = ORIENTED_EDGE('',*,*,#14624,.T.);
#14721 = ORIENTED_EDGE('',*,*,#8367,.F.);
#14722 = ADVANCED_FACE('',(#14723),#8356,.T.);
#14723 = FACE_BOUND('',#14724,.T.);
#14724 = EDGE_LOOP('',(#14725,#14726,#14727,#14746));
#14725 = ORIENTED_EDGE('',*,*,#8341,.T.);
#14726 = ORIENTED_EDGE('',*,*,#14650,.F.);
#14727 = ORIENTED_EDGE('',*,*,#14728,.F.);
#14728 = EDGE_CURVE('',#14378,#14651,#14729,.T.);
#14729 = SURFACE_CURVE('',#14730,(#14734,#14740),.PCURVE_S1.);
#14730 = LINE('',#14731,#14732);
#14731 = CARTESIAN_POINT('',(32.316107944178,22.27625792947,1.05));
#14732 = VECTOR('',#14733,1.);
#14733 = DIRECTION('',(-0.,-0.,-1.));
#14734 = PCURVE('',#8356,#14735);
#14735 = DEFINITIONAL_REPRESENTATION('',(#14736),#14739);
#14736 = B_SPLINE_CURVE_WITH_KNOTS('',1,(#14737,#14738),.UNSPECIFIED.,
  .F.,.F.,(2,2),(-4.9500006,-3.715),.PIECEWISE_BEZIER_KNOTS.);
#14737 = CARTESIAN_POINT('',(1.4750006,2.633318649043));
#14738 = CARTESIAN_POINT('',(0.24,2.633318649043));
#14739 = ( GEOMETRIC_REPRESENTATION_CONTEXT(2) 
PARAMETRIC_REPRESENTATION_CONTEXT() REPRESENTATION_CONTEXT('2D SPACE',''
  ) );
#14740 = PCURVE('',#14087,#14741);
#14741 = DEFINITIONAL_REPRESENTATION('',(#14742),#14745);
#14742 = B_SPLINE_CURVE_WITH_KNOTS('',1,(#14743,#14744),.UNSPECIFIED.,
  .F.,.F.,(2,2),(-4.9500006,-3.715),.PIECEWISE_BEZIER_KNOTS.);
#14743 = CARTESIAN_POINT('',(-0.6035246421,-4.9500006));
#14744 = CARTESIAN_POINT('',(-0.6035246421,-3.715));
#14745 = ( GEOMETRIC_REPRESENTATION_CONTEXT(2) 
PARAMETRIC_REPRESENTATION_CONTEXT() REPRESENTATION_CONTEXT('2D SPACE',''
  ) );
#14746 = ORIENTED_EDGE('',*,*,#14377,.F.);
#14747 = ADVANCED_FACE('',(#14748),#9479,.F.);
#14748 = FACE_BOUND('',#14749,.F.);
#14749 = EDGE_LOOP('',(#14750,#14751,#14752,#14773));
#14750 = ORIENTED_EDGE('',*,*,#9556,.T.);
#14751 = ORIENTED_EDGE('',*,*,#9441,.T.);
#14752 = ORIENTED_EDGE('',*,*,#14753,.F.);
#14753 = EDGE_CURVE('',#10100,#9409,#14754,.T.);
#14754 = SURFACE_CURVE('',#14755,(#14759,#14766),.PCURVE_S1.);
#14755 = LINE('',#14756,#14757);
#14756 = CARTESIAN_POINT('',(-56.5,12.4,4.2));
#14757 = VECTOR('',#14758,1.);
#14758 = DIRECTION('',(1.,0.,0.));
#14759 = PCURVE('',#9479,#14760);
#14760 = DEFINITIONAL_REPRESENTATION('',(#14761),#14765);
#14761 = LINE('',#14762,#14763);
#14762 = CARTESIAN_POINT('',(4.712388980385,0.));
#14763 = VECTOR('',#14764,1.);
#14764 = DIRECTION('',(-0.,1.));
#14765 = ( GEOMETRIC_REPRESENTATION_CONTEXT(2) 
PARAMETRIC_REPRESENTATION_CONTEXT() REPRESENTATION_CONTEXT('2D SPACE',''
  ) );
#14766 = PCURVE('',#9425,#14767);
#14767 = DEFINITIONAL_REPRESENTATION('',(#14768),#14772);
#14768 = LINE('',#14769,#14770);
#14769 = CARTESIAN_POINT('',(0.,27.4));
#14770 = VECTOR('',#14771,1.);
#14771 = DIRECTION('',(1.,0.));
#14772 = ( GEOMETRIC_REPRESENTATION_CONTEXT(2) 
PARAMETRIC_REPRESENTATION_CONTEXT() REPRESENTATION_CONTEXT('2D SPACE',''
  ) );
#14773 = ORIENTED_EDGE('',*,*,#10122,.T.);
#14774 = ADVANCED_FACE('',(#14775),#9425,.T.);
#14775 = FACE_BOUND('',#14776,.T.);
#14776 = EDGE_LOOP('',(#14777,#14778,#14779));
#14777 = ORIENTED_EDGE('',*,*,#14753,.F.);
#14778 = ORIENTED_EDGE('',*,*,#10099,.F.);
#14779 = ORIENTED_EDGE('',*,*,#9408,.T.);
#14780 = ADVANCED_FACE('',(#14781),#9370,.F.);
#14781 = FACE_BOUND('',#14782,.F.);
#14782 = EDGE_LOOP('',(#14783,#14784));
#14783 = ORIENTED_EDGE('',*,*,#9353,.F.);
#14784 = ORIENTED_EDGE('',*,*,#10077,.T.);
#14785 = ADVANCED_FACE('',(#14786),#9315,.T.);
#14786 = FACE_BOUND('',#14787,.T.);
#14787 = EDGE_LOOP('',(#14788,#14789,#14810));
#14788 = ORIENTED_EDGE('',*,*,#10055,.F.);
#14789 = ORIENTED_EDGE('',*,*,#14790,.T.);
#14790 = EDGE_CURVE('',#10032,#9229,#14791,.T.);
#14791 = SURFACE_CURVE('',#14792,(#14796,#14803),.PCURVE_S1.);
#14792 = LINE('',#14793,#14794);
#14793 = CARTESIAN_POINT('',(-56.5,-13.4,4.2));
#14794 = VECTOR('',#14795,1.);
#14795 = DIRECTION('',(1.,0.,0.));
#14796 = PCURVE('',#9315,#14797);
#14797 = DEFINITIONAL_REPRESENTATION('',(#14798),#14802);
#14798 = LINE('',#14799,#14800);
#14799 = CARTESIAN_POINT('',(0.,1.6));
#14800 = VECTOR('',#14801,1.);
#14801 = DIRECTION('',(1.,0.));
#14802 = ( GEOMETRIC_REPRESENTATION_CONTEXT(2) 
PARAMETRIC_REPRESENTATION_CONTEXT() REPRESENTATION_CONTEXT('2D SPACE',''
  ) );
#14803 = PCURVE('',#9272,#14804);
#14804 = DEFINITIONAL_REPRESENTATION('',(#14805),#14809);
#14805 = LINE('',#14806,#14807);
#14806 = CARTESIAN_POINT('',(1.570796326795,0.));
#14807 = VECTOR('',#14808,1.);
#14808 = DIRECTION('',(0.,1.));
#14809 = ( GEOMETRIC_REPRESENTATION_CONTEXT(2) 
PARAMETRIC_REPRESENTATION_CONTEXT() REPRESENTATION_CONTEXT('2D SPACE',''
  ) );
#14810 = ORIENTED_EDGE('',*,*,#9298,.T.);
#14811 = ADVANCED_FACE('',(#14812),#9272,.F.);
#14812 = FACE_BOUND('',#14813,.F.);
#14813 = EDGE_LOOP('',(#14814,#14815,#14816,#14817));
#14814 = ORIENTED_EDGE('',*,*,#10895,.F.);
#14815 = ORIENTED_EDGE('',*,*,#10031,.T.);
#14816 = ORIENTED_EDGE('',*,*,#14790,.T.);
#14817 = ORIENTED_EDGE('',*,*,#9228,.F.);
#14818 = ADVANCED_FACE('',(#14819),#9194,.F.);
#14819 = FACE_BOUND('',#14820,.F.);
#14820 = EDGE_LOOP('',(#14821,#14840,#14841,#14842));
#14821 = ORIENTED_EDGE('',*,*,#14822,.F.);
#14822 = EDGE_CURVE('',#4363,#11106,#14823,.T.);
#14823 = SURFACE_CURVE('',#14824,(#14828,#14834),.PCURVE_S1.);
#14824 = LINE('',#14825,#14826);
#14825 = CARTESIAN_POINT('',(-15.01444291425,-3.225306803189,6.));
#14826 = VECTOR('',#14827,1.);
#14827 = DIRECTION('',(0.694658370459,0.719339800339,-0.));
#14828 = PCURVE('',#9194,#14829);
#14829 = DEFINITIONAL_REPRESENTATION('',(#14830),#14833);
#14830 = B_SPLINE_CURVE_WITH_KNOTS('',1,(#14831,#14832),.UNSPECIFIED.,
  .F.,.F.,(2,2),(-39.56701344804,-12.75),.PIECEWISE_BEZIER_KNOTS.);
#14831 = CARTESIAN_POINT('',(1.86,26.817013448046));
#14832 = CARTESIAN_POINT('',(1.86,0.));
#14833 = ( GEOMETRIC_REPRESENTATION_CONTEXT(2) 
PARAMETRIC_REPRESENTATION_CONTEXT() REPRESENTATION_CONTEXT('2D SPACE',''
  ) );
#14834 = PCURVE('',#10846,#14835);
#14835 = DEFINITIONAL_REPRESENTATION('',(#14836),#14839);
#14836 = B_SPLINE_CURVE_WITH_KNOTS('',1,(#14837,#14838),.UNSPECIFIED.,
  .F.,.F.,(2,2),(-39.56701344804,-12.75),.PIECEWISE_BEZIER_KNOTS.);
#14837 = CARTESIAN_POINT('',(-42.5,-31.6874343569));
#14838 = CARTESIAN_POINT('',(-23.8713371376,-12.3968892575));
#14839 = ( GEOMETRIC_REPRESENTATION_CONTEXT(2) 
PARAMETRIC_REPRESENTATION_CONTEXT() REPRESENTATION_CONTEXT('2D SPACE',''
  ) );
#14840 = ORIENTED_EDGE('',*,*,#9181,.T.);
#14841 = ORIENTED_EDGE('',*,*,#11014,.F.);
#14842 = ORIENTED_EDGE('',*,*,#11105,.F.);
#14843 = ADVANCED_FACE('',(#14844),#9064,.T.);
#14844 = FACE_BOUND('',#14845,.F.);
#14845 = EDGE_LOOP('',(#14846,#14867,#14868,#14869));
#14846 = ORIENTED_EDGE('',*,*,#14847,.F.);
#14847 = EDGE_CURVE('',#11334,#9001,#14848,.T.);
#14848 = SURFACE_CURVE('',#14849,(#14853,#14860),.PCURVE_S1.);
#14849 = LINE('',#14850,#14851);
#14850 = CARTESIAN_POINT('',(-11.5562397558,-24.28944055976,5.24));
#14851 = VECTOR('',#14852,1.);
#14852 = DIRECTION('',(-0.694658370459,-0.719339800339,0.));
#14853 = PCURVE('',#9064,#14854);
#14854 = DEFINITIONAL_REPRESENTATION('',(#14855),#14859);
#14855 = LINE('',#14856,#14857);
#14856 = CARTESIAN_POINT('',(-0.,0.));
#14857 = VECTOR('',#14858,1.);
#14858 = DIRECTION('',(-0.,1.));
#14859 = ( GEOMETRIC_REPRESENTATION_CONTEXT(2) 
PARAMETRIC_REPRESENTATION_CONTEXT() REPRESENTATION_CONTEXT('2D SPACE',''
  ) );
#14860 = PCURVE('',#9015,#14861);
#14861 = DEFINITIONAL_REPRESENTATION('',(#14862),#14866);
#14862 = LINE('',#14863,#14864);
#14863 = CARTESIAN_POINT('',(1.1,0.));
#14864 = VECTOR('',#14865,1.);
#14865 = DIRECTION('',(0.,1.));
#14866 = ( GEOMETRIC_REPRESENTATION_CONTEXT(2) 
PARAMETRIC_REPRESENTATION_CONTEXT() REPRESENTATION_CONTEXT('2D SPACE',''
  ) );
#14867 = ORIENTED_EDGE('',*,*,#11354,.T.);
#14868 = ORIENTED_EDGE('',*,*,#11254,.T.);
#14869 = ORIENTED_EDGE('',*,*,#9026,.F.);
#14870 = ADVANCED_FACE('',(#14871),#9015,.T.);
#14871 = FACE_BOUND('',#14872,.T.);
#14872 = EDGE_LOOP('',(#14873,#14892,#14893,#14894));
#14873 = ORIENTED_EDGE('',*,*,#14874,.F.);
#14874 = EDGE_CURVE('',#5362,#11310,#14875,.T.);
#14875 = SURFACE_CURVE('',#14876,(#14880,#14886),.PCURVE_S1.);
#14876 = LINE('',#14877,#14878);
#14877 = CARTESIAN_POINT('',(-2.699345532453,-15.11785810544,6.));
#14878 = VECTOR('',#14879,1.);
#14879 = DIRECTION('',(0.694658370459,0.719339800339,-0.));
#14880 = PCURVE('',#9015,#14881);
#14881 = DEFINITIONAL_REPRESENTATION('',(#14882),#14885);
#14882 = B_SPLINE_CURVE_WITH_KNOTS('',1,(#14883,#14884),.UNSPECIFIED.,
  .F.,.F.,(2,2),(-38.06565670586,-12.75),.PIECEWISE_BEZIER_KNOTS.);
#14883 = CARTESIAN_POINT('',(1.86,25.31565670586));
#14884 = CARTESIAN_POINT('',(1.86,0.));
#14885 = ( GEOMETRIC_REPRESENTATION_CONTEXT(2) 
PARAMETRIC_REPRESENTATION_CONTEXT() REPRESENTATION_CONTEXT('2D SPACE',''
  ) );
#14886 = PCURVE('',#11210,#14887);
#14887 = DEFINITIONAL_REPRESENTATION('',(#14888),#14891);
#14888 = B_SPLINE_CURVE_WITH_KNOTS('',1,(#14889,#14890),.UNSPECIFIED.,
  .F.,.F.,(2,2),(-38.06565670586,-12.75),.PIECEWISE_BEZIER_KNOTS.);
#14889 = CARTESIAN_POINT('',(-29.14197259019,-42.5));
#14890 = CARTESIAN_POINT('',(-11.5562397558,-24.28944055976));
#14891 = ( GEOMETRIC_REPRESENTATION_CONTEXT(2) 
PARAMETRIC_REPRESENTATION_CONTEXT() REPRESENTATION_CONTEXT('2D SPACE',''
  ) );
#14892 = ORIENTED_EDGE('',*,*,#9000,.T.);
#14893 = ORIENTED_EDGE('',*,*,#14847,.F.);
#14894 = ORIENTED_EDGE('',*,*,#11333,.F.);
#14895 = ADVANCED_FACE('',(#14896),#9977,.F.);
#14896 = FACE_BOUND('',#14897,.F.);
#14897 = EDGE_LOOP('',(#14898,#14899,#14900,#14901));
#14898 = ORIENTED_EDGE('',*,*,#10807,.T.);
#14899 = ORIENTED_EDGE('',*,*,#9962,.F.);
#14900 = ORIENTED_EDGE('',*,*,#10680,.T.);
#14901 = ORIENTED_EDGE('',*,*,#10730,.F.);
#14902 = ADVANCED_FACE('',(#14903),#9927,.T.);
#14903 = FACE_BOUND('',#14904,.T.);
#14904 = EDGE_LOOP('',(#14905,#14906,#14927,#14928));
#14905 = ORIENTED_EDGE('',*,*,#9911,.F.);
#14906 = ORIENTED_EDGE('',*,*,#14907,.F.);
#14907 = EDGE_CURVE('',#10604,#9883,#14908,.T.);
#14908 = SURFACE_CURVE('',#14909,(#14913,#14920),.PCURVE_S1.);
#14909 = LINE('',#14910,#14911);
#14910 = CARTESIAN_POINT('',(-50.,-9.552744145116,5.60031026));
#14911 = VECTOR('',#14912,1.);
#14912 = DIRECTION('',(1.,0.,0.));
#14913 = PCURVE('',#9927,#14914);
#14914 = DEFINITIONAL_REPRESENTATION('',(#14915),#14919);
#14915 = LINE('',#14916,#14917);
#14916 = CARTESIAN_POINT('',(0.2,0.));
#14917 = VECTOR('',#14918,1.);
#14918 = DIRECTION('',(0.,1.));
#14919 = ( GEOMETRIC_REPRESENTATION_CONTEXT(2) 
PARAMETRIC_REPRESENTATION_CONTEXT() REPRESENTATION_CONTEXT('2D SPACE',''
  ) );
#14920 = PCURVE('',#9899,#14921);
#14921 = DEFINITIONAL_REPRESENTATION('',(#14922),#14926);
#14922 = LINE('',#14923,#14924);
#14923 = CARTESIAN_POINT('',(0.,0.));
#14924 = VECTOR('',#14925,1.);
#14925 = DIRECTION('',(0.,1.));
#14926 = ( GEOMETRIC_REPRESENTATION_CONTEXT(2) 
PARAMETRIC_REPRESENTATION_CONTEXT() REPRESENTATION_CONTEXT('2D SPACE',''
  ) );
#14927 = ORIENTED_EDGE('',*,*,#10627,.T.);
#14928 = ORIENTED_EDGE('',*,*,#10783,.T.);
#14929 = ADVANCED_FACE('',(#14930),#9899,.F.);
#14930 = FACE_BOUND('',#14931,.F.);
#14931 = EDGE_LOOP('',(#14932,#14933,#14934,#14955));
#14932 = ORIENTED_EDGE('',*,*,#14907,.F.);
#14933 = ORIENTED_EDGE('',*,*,#10603,.T.);
#14934 = ORIENTED_EDGE('',*,*,#14935,.T.);
#14935 = EDGE_CURVE('',#10581,#9855,#14936,.T.);
#14936 = SURFACE_CURVE('',#14937,(#14941,#14948),.PCURVE_S1.);
#14937 = LINE('',#14938,#14939);
#14938 = CARTESIAN_POINT('',(-50.,-9.352744145116,5.40031026));
#14939 = VECTOR('',#14940,1.);
#14940 = DIRECTION('',(1.,0.,0.));
#14941 = PCURVE('',#9899,#14942);
#14942 = DEFINITIONAL_REPRESENTATION('',(#14943),#14947);
#14943 = LINE('',#14944,#14945);
#14944 = CARTESIAN_POINT('',(1.570796326795,0.));
#14945 = VECTOR('',#14946,1.);
#14946 = DIRECTION('',(0.,1.));
#14947 = ( GEOMETRIC_REPRESENTATION_CONTEXT(2) 
PARAMETRIC_REPRESENTATION_CONTEXT() REPRESENTATION_CONTEXT('2D SPACE',''
  ) );
#14948 = PCURVE('',#9870,#14949);
#14949 = DEFINITIONAL_REPRESENTATION('',(#14950),#14954);
#14950 = LINE('',#14951,#14952);
#14951 = CARTESIAN_POINT('',(0.,0.2));
#14952 = VECTOR('',#14953,1.);
#14953 = DIRECTION('',(1.,0.));
#14954 = ( GEOMETRIC_REPRESENTATION_CONTEXT(2) 
PARAMETRIC_REPRESENTATION_CONTEXT() REPRESENTATION_CONTEXT('2D SPACE',''
  ) );
#14955 = ORIENTED_EDGE('',*,*,#9882,.F.);
#14956 = ADVANCED_FACE('',(#14957),#9870,.T.);
#14957 = FACE_BOUND('',#14958,.T.);
#14958 = EDGE_LOOP('',(#14959,#14960,#14961,#14962));
#14959 = ORIENTED_EDGE('',*,*,#10580,.T.);
#14960 = ORIENTED_EDGE('',*,*,#14935,.T.);
#14961 = ORIENTED_EDGE('',*,*,#9854,.F.);
#14962 = ORIENTED_EDGE('',*,*,#14963,.F.);
#14963 = EDGE_CURVE('',#10557,#9826,#14964,.T.);
#14964 = SURFACE_CURVE('',#14965,(#14969,#14976),.PCURVE_S1.);
#14965 = LINE('',#14966,#14967);
#14966 = CARTESIAN_POINT('',(-50.,-5.252744145116,5.40031026));
#14967 = VECTOR('',#14968,1.);
#14968 = DIRECTION('',(1.,0.,0.));
#14969 = PCURVE('',#9870,#14970);
#14970 = DEFINITIONAL_REPRESENTATION('',(#14971),#14975);
#14971 = LINE('',#14972,#14973);
#14972 = CARTESIAN_POINT('',(0.,4.3));
#14973 = VECTOR('',#14974,1.);
#14974 = DIRECTION('',(1.,0.));
#14975 = ( GEOMETRIC_REPRESENTATION_CONTEXT(2) 
PARAMETRIC_REPRESENTATION_CONTEXT() REPRESENTATION_CONTEXT('2D SPACE',''
  ) );
#14976 = PCURVE('',#9842,#14977);
#14977 = DEFINITIONAL_REPRESENTATION('',(#14978),#14982);
#14978 = LINE('',#14979,#14980);
#14979 = CARTESIAN_POINT('',(4.712388980385,0.));
#14980 = VECTOR('',#14981,1.);
#14981 = DIRECTION('',(-0.,1.));
#14982 = ( GEOMETRIC_REPRESENTATION_CONTEXT(2) 
PARAMETRIC_REPRESENTATION_CONTEXT() REPRESENTATION_CONTEXT('2D SPACE',''
  ) );
#14983 = ADVANCED_FACE('',(#14984),#9842,.F.);
#14984 = FACE_BOUND('',#14985,.F.);
#14985 = EDGE_LOOP('',(#14986,#14987,#14988,#14989));
#14986 = ORIENTED_EDGE('',*,*,#9825,.F.);
#14987 = ORIENTED_EDGE('',*,*,#14963,.F.);
#14988 = ORIENTED_EDGE('',*,*,#10556,.T.);
#14989 = ORIENTED_EDGE('',*,*,#14990,.T.);
#14990 = EDGE_CURVE('',#10534,#9798,#14991,.T.);
#14991 = SURFACE_CURVE('',#14992,(#14996,#15003),.PCURVE_S1.);
#14992 = LINE('',#14993,#14994);
#14993 = CARTESIAN_POINT('',(-50.,-5.052744145116,5.60031026));
#14994 = VECTOR('',#14995,1.);
#14995 = DIRECTION('',(1.,0.,0.));
#14996 = PCURVE('',#9842,#14997);
#14997 = DEFINITIONAL_REPRESENTATION('',(#14998),#15002);
#14998 = LINE('',#14999,#15000);
#14999 = CARTESIAN_POINT('',(6.28318530718,0.));
#15000 = VECTOR('',#15001,1.);
#15001 = DIRECTION('',(-0.,1.));
#15002 = ( GEOMETRIC_REPRESENTATION_CONTEXT(2) 
PARAMETRIC_REPRESENTATION_CONTEXT() REPRESENTATION_CONTEXT('2D SPACE',''
  ) );
#15003 = PCURVE('',#9813,#15004);
#15004 = DEFINITIONAL_REPRESENTATION('',(#15005),#15009);
#15005 = LINE('',#15006,#15007);
#15006 = CARTESIAN_POINT('',(0.2,0.));
#15007 = VECTOR('',#15008,1.);
#15008 = DIRECTION('',(0.,1.));
#15009 = ( GEOMETRIC_REPRESENTATION_CONTEXT(2) 
PARAMETRIC_REPRESENTATION_CONTEXT() REPRESENTATION_CONTEXT('2D SPACE',''
  ) );
#15010 = ADVANCED_FACE('',(#15011),#9813,.F.);
#15011 = FACE_BOUND('',#15012,.F.);
#15012 = EDGE_LOOP('',(#15013,#15014,#15015,#15016));
#15013 = ORIENTED_EDGE('',*,*,#9797,.F.);
#15014 = ORIENTED_EDGE('',*,*,#14990,.F.);
#15015 = ORIENTED_EDGE('',*,*,#10533,.T.);
#15016 = ORIENTED_EDGE('',*,*,#15017,.T.);
#15017 = EDGE_CURVE('',#10511,#9770,#15018,.T.);
#15018 = SURFACE_CURVE('',#15019,(#15023,#15030),.PCURVE_S1.);
#15019 = LINE('',#15020,#15021);
#15020 = CARTESIAN_POINT('',(-62.5,-5.052744145116,6.65));
#15021 = VECTOR('',#15022,1.);
#15022 = DIRECTION('',(1.,0.,0.));
#15023 = PCURVE('',#9813,#15024);
#15024 = DEFINITIONAL_REPRESENTATION('',(#15025),#15029);
#15025 = LINE('',#15026,#15027);
#15026 = CARTESIAN_POINT('',(1.24968974,-12.5));
#15027 = VECTOR('',#15028,1.);
#15028 = DIRECTION('',(0.,1.));
#15029 = ( GEOMETRIC_REPRESENTATION_CONTEXT(2) 
PARAMETRIC_REPRESENTATION_CONTEXT() REPRESENTATION_CONTEXT('2D SPACE',''
  ) );
#15030 = PCURVE('',#9785,#15031);
#15031 = DEFINITIONAL_REPRESENTATION('',(#15032),#15036);
#15032 = LINE('',#15033,#15034);
#15033 = CARTESIAN_POINT('',(12.5,69.947255854884));
#15034 = VECTOR('',#15035,1.);
#15035 = DIRECTION('',(1.,0.));
#15036 = ( GEOMETRIC_REPRESENTATION_CONTEXT(2) 
PARAMETRIC_REPRESENTATION_CONTEXT() REPRESENTATION_CONTEXT('2D SPACE',''
  ) );
#15037 = ADVANCED_FACE('',(#15038),#9785,.T.);
#15038 = FACE_BOUND('',#15039,.T.);
#15039 = EDGE_LOOP('',(#15040,#15060,#15061,#15062));
#15040 = ORIENTED_EDGE('',*,*,#15041,.T.);
#15041 = EDGE_CURVE('',#9737,#10483,#15042,.T.);
#15042 = SURFACE_CURVE('',#15043,(#15047,#15054),.PCURVE_S1.);
#15043 = LINE('',#15044,#15045);
#15044 = CARTESIAN_POINT('',(-49.,-0.797668333013,6.65));
#15045 = VECTOR('',#15046,1.);
#15046 = DIRECTION('',(-1.,-0.,-0.));
#15047 = PCURVE('',#9785,#15048);
#15048 = DEFINITIONAL_REPRESENTATION('',(#15049),#15053);
#15049 = LINE('',#15050,#15051);
#15050 = CARTESIAN_POINT('',(26.,74.202331666987));
#15051 = VECTOR('',#15052,1.);
#15052 = DIRECTION('',(-1.,0.));
#15053 = ( GEOMETRIC_REPRESENTATION_CONTEXT(2) 
PARAMETRIC_REPRESENTATION_CONTEXT() REPRESENTATION_CONTEXT('2D SPACE',''
  ) );
#15054 = PCURVE('',#9757,#15055);
#15055 = DEFINITIONAL_REPRESENTATION('',(#15056),#15059);
#15056 = B_SPLINE_CURVE_WITH_KNOTS('',1,(#15057,#15058),.UNSPECIFIED.,
  .F.,.F.,(2,2),(-10.9000006,-4.4999994),.PIECEWISE_BEZIER_KNOTS.);
#15057 = CARTESIAN_POINT('',(3.14159265359,-10.9000006));
#15058 = CARTESIAN_POINT('',(3.14159265359,-4.4999994));
#15059 = ( GEOMETRIC_REPRESENTATION_CONTEXT(2) 
PARAMETRIC_REPRESENTATION_CONTEXT() REPRESENTATION_CONTEXT('2D SPACE',''
  ) );
#15060 = ORIENTED_EDGE('',*,*,#10510,.T.);
#15061 = ORIENTED_EDGE('',*,*,#15017,.T.);
#15062 = ORIENTED_EDGE('',*,*,#9769,.F.);
#15063 = ADVANCED_FACE('',(#15064),#9757,.F.);
#15064 = FACE_BOUND('',#15065,.F.);
#15065 = EDGE_LOOP('',(#15066,#15067,#15068,#15069));
#15066 = ORIENTED_EDGE('',*,*,#9736,.T.);
#15067 = ORIENTED_EDGE('',*,*,#15041,.T.);
#15068 = ORIENTED_EDGE('',*,*,#10482,.F.);
#15069 = ORIENTED_EDGE('',*,*,#15070,.T.);
#15070 = EDGE_CURVE('',#10460,#9709,#15071,.T.);
#15071 = SURFACE_CURVE('',#15072,(#15076,#15083),.PCURVE_S1.);
#15072 = LINE('',#15073,#15074);
#15073 = CARTESIAN_POINT('',(-49.,1.802331666987,6.65));
#15074 = VECTOR('',#15075,1.);
#15075 = DIRECTION('',(1.,0.,0.));
#15076 = PCURVE('',#9757,#15077);
#15077 = DEFINITIONAL_REPRESENTATION('',(#15078),#15082);
#15078 = LINE('',#15079,#15080);
#15079 = CARTESIAN_POINT('',(-4.138911435803E-13,0.));
#15080 = VECTOR('',#15081,1.);
#15081 = DIRECTION('',(-0.,-1.));
#15082 = ( GEOMETRIC_REPRESENTATION_CONTEXT(2) 
PARAMETRIC_REPRESENTATION_CONTEXT() REPRESENTATION_CONTEXT('2D SPACE',''
  ) );
#15083 = PCURVE('',#9724,#15084);
#15084 = DEFINITIONAL_REPRESENTATION('',(#15085),#15089);
#15085 = LINE('',#15086,#15087);
#15086 = CARTESIAN_POINT('',(26.,76.802331666987));
#15087 = VECTOR('',#15088,1.);
#15088 = DIRECTION('',(1.,0.));
#15089 = ( GEOMETRIC_REPRESENTATION_CONTEXT(2) 
PARAMETRIC_REPRESENTATION_CONTEXT() REPRESENTATION_CONTEXT('2D SPACE',''
  ) );
#15090 = ADVANCED_FACE('',(#15091),#9724,.T.);
#15091 = FACE_BOUND('',#15092,.T.);
#15092 = EDGE_LOOP('',(#15093,#15094,#15095,#15096));
#15093 = ORIENTED_EDGE('',*,*,#10459,.T.);
#15094 = ORIENTED_EDGE('',*,*,#15070,.T.);
#15095 = ORIENTED_EDGE('',*,*,#9708,.F.);
#15096 = ORIENTED_EDGE('',*,*,#15097,.T.);
#15097 = EDGE_CURVE('',#9676,#10432,#15098,.T.);
#15098 = SURFACE_CURVE('',#15099,(#15103,#15110),.PCURVE_S1.);
#15099 = LINE('',#15100,#15101);
#15100 = CARTESIAN_POINT('',(-49.,6.802331666987,6.65));
#15101 = VECTOR('',#15102,1.);
#15102 = DIRECTION('',(-1.,-0.,-0.));
#15103 = PCURVE('',#9724,#15104);
#15104 = DEFINITIONAL_REPRESENTATION('',(#15105),#15109);
#15105 = LINE('',#15106,#15107);
#15106 = CARTESIAN_POINT('',(26.,81.802331666987));
#15107 = VECTOR('',#15108,1.);
#15108 = DIRECTION('',(-1.,0.));
#15109 = ( GEOMETRIC_REPRESENTATION_CONTEXT(2) 
PARAMETRIC_REPRESENTATION_CONTEXT() REPRESENTATION_CONTEXT('2D SPACE',''
  ) );
#15110 = PCURVE('',#9696,#15111);
#15111 = DEFINITIONAL_REPRESENTATION('',(#15112),#15115);
#15112 = B_SPLINE_CURVE_WITH_KNOTS('',1,(#15113,#15114),.UNSPECIFIED.,
  .F.,.F.,(2,2),(-10.9000006,-4.4999994),.PIECEWISE_BEZIER_KNOTS.);
#15113 = CARTESIAN_POINT('',(3.14159265359,-10.9000006));
#15114 = CARTESIAN_POINT('',(3.14159265359,-4.4999994));
#15115 = ( GEOMETRIC_REPRESENTATION_CONTEXT(2) 
PARAMETRIC_REPRESENTATION_CONTEXT() REPRESENTATION_CONTEXT('2D SPACE',''
  ) );
#15116 = ADVANCED_FACE('',(#15117),#9696,.F.);
#15117 = FACE_BOUND('',#15118,.F.);
#15118 = EDGE_LOOP('',(#15119,#15120,#15121,#15122));
#15119 = ORIENTED_EDGE('',*,*,#9675,.T.);
#15120 = ORIENTED_EDGE('',*,*,#15097,.T.);
#15121 = ORIENTED_EDGE('',*,*,#10431,.F.);
#15122 = ORIENTED_EDGE('',*,*,#10384,.T.);
#15123 = ADVANCED_FACE('',(#15124),#9641,.T.);
#15124 = FACE_BOUND('',#15125,.T.);
#15125 = EDGE_LOOP('',(#15126,#15127,#15128,#15129));
#15126 = ORIENTED_EDGE('',*,*,#10406,.T.);
#15127 = ORIENTED_EDGE('',*,*,#9626,.F.);
#15128 = ORIENTED_EDGE('',*,*,#10257,.T.);
#15129 = ORIENTED_EDGE('',*,*,#10336,.T.);
#15130 = ADVANCED_FACE('',(#15131),#10187,.T.);
#15131 = FACE_BOUND('',#15132,.T.);
#15132 = EDGE_LOOP('',(#15133));
#15133 = ORIENTED_EDGE('',*,*,#10172,.T.);
#15134 = ADVANCED_FACE('',(#15135),#10242,.T.);
#15135 = FACE_BOUND('',#15136,.T.);
#15136 = EDGE_LOOP('',(#15137));
#15137 = ORIENTED_EDGE('',*,*,#10227,.T.);
#15138 = ADVANCED_FACE('',(#15139),#10846,.T.);
#15139 = FACE_BOUND('',#15140,.T.);
#15140 = EDGE_LOOP('',(#15141,#15142,#15143,#15144,#15145,#15146));
#15141 = ORIENTED_EDGE('',*,*,#14822,.F.);
#15142 = ORIENTED_EDGE('',*,*,#10858,.F.);
#15143 = ORIENTED_EDGE('',*,*,#10830,.F.);
#15144 = ORIENTED_EDGE('',*,*,#10921,.T.);
#15145 = ORIENTED_EDGE('',*,*,#10992,.T.);
#15146 = ORIENTED_EDGE('',*,*,#11126,.F.);
#15147 = ADVANCED_FACE('',(#15148),#11210,.T.);
#15148 = FACE_BOUND('',#15149,.T.);
#15149 = EDGE_LOOP('',(#15150,#15151,#15152,#15153,#15154,#15155));
#15150 = ORIENTED_EDGE('',*,*,#11309,.F.);
#15151 = ORIENTED_EDGE('',*,*,#11197,.F.);
#15152 = ORIENTED_EDGE('',*,*,#11225,.T.);
#15153 = ORIENTED_EDGE('',*,*,#11413,.T.);
#15154 = ORIENTED_EDGE('',*,*,#11438,.F.);
#15155 = ORIENTED_EDGE('',*,*,#14874,.T.);
#15156 = ADVANCED_FACE('',(#15157),#11817,.T.);
#15157 = FACE_BOUND('',#15158,.T.);
#15158 = EDGE_LOOP('',(#15159,#15160,#15161,#15162,#15163,#15164));
#15159 = ORIENTED_EDGE('',*,*,#13605,.F.);
#15160 = ORIENTED_EDGE('',*,*,#11829,.F.);
#15161 = ORIENTED_EDGE('',*,*,#11801,.F.);
#15162 = ORIENTED_EDGE('',*,*,#11973,.T.);
#15163 = ORIENTED_EDGE('',*,*,#12045,.T.);
#15164 = ORIENTED_EDGE('',*,*,#12144,.F.);
#15165 = ADVANCED_FACE('',(#15166),#11902,.T.);
#15166 = FACE_BOUND('',#15167,.T.);
#15167 = EDGE_LOOP('',(#15168));
#15168 = ORIENTED_EDGE('',*,*,#11887,.T.);
#15169 = ADVANCED_FACE('',(#15170),#11957,.T.);
#15170 = FACE_BOUND('',#15171,.T.);
#15171 = EDGE_LOOP('',(#15172));
#15172 = ORIENTED_EDGE('',*,*,#11942,.T.);
#15173 = ADVANCED_FACE('',(#15174),#12291,.T.);
#15174 = FACE_BOUND('',#15175,.T.);
#15175 = EDGE_LOOP('',(#15176,#15177,#15178,#15179,#15180,#15181));
#15176 = ORIENTED_EDGE('',*,*,#12417,.F.);
#15177 = ORIENTED_EDGE('',*,*,#12278,.F.);
#15178 = ORIENTED_EDGE('',*,*,#12306,.T.);
#15179 = ORIENTED_EDGE('',*,*,#12465,.T.);
#15180 = ORIENTED_EDGE('',*,*,#12490,.F.);
#15181 = ORIENTED_EDGE('',*,*,#13657,.T.);
#15182 = ADVANCED_FACE('',(#15183),#12541,.T.);
#15183 = FACE_BOUND('',#15184,.T.);
#15184 = EDGE_LOOP('',(#15185,#15186,#15187,#15208,#15230,#15231));
#15185 = ORIENTED_EDGE('',*,*,#12525,.F.);
#15186 = ORIENTED_EDGE('',*,*,#12587,.T.);
#15187 = ORIENTED_EDGE('',*,*,#15188,.T.);
#15188 = EDGE_CURVE('',#12588,#15189,#15191,.T.);
#15189 = VERTEX_POINT('',#15190);
#15190 = CARTESIAN_POINT('',(38.377072158077,-8.23181830301,6.));
#15191 = SURFACE_CURVE('',#15192,(#15196,#15202),.PCURVE_S1.);
#15192 = LINE('',#15193,#15194);
#15193 = CARTESIAN_POINT('',(16.6,-8.23181830301,6.));
#15194 = VECTOR('',#15195,1.);
#15195 = DIRECTION('',(-1.,0.,0.));
#15196 = PCURVE('',#12541,#15197);
#15197 = DEFINITIONAL_REPRESENTATION('',(#15198),#15201);
#15198 = B_SPLINE_CURVE_WITH_KNOTS('',1,(#15199,#15200),.UNSPECIFIED.,
  .F.,.F.,(2,2),(-25.9,-20.75129047302),.PIECEWISE_BEZIER_KNOTS.);
#15199 = CARTESIAN_POINT('',(42.5,-8.23181830301));
#15200 = CARTESIAN_POINT('',(37.351290473021,-8.23181830301));
#15201 = ( GEOMETRIC_REPRESENTATION_CONTEXT(2) 
PARAMETRIC_REPRESENTATION_CONTEXT() REPRESENTATION_CONTEXT('2D SPACE',''
  ) );
#15202 = PCURVE('',#12626,#15203);
#15203 = DEFINITIONAL_REPRESENTATION('',(#15204),#15207);
#15204 = B_SPLINE_CURVE_WITH_KNOTS('',1,(#15205,#15206),.UNSPECIFIED.,
  .F.,.F.,(2,2),(-25.9,-20.75129047302),.PIECEWISE_BEZIER_KNOTS.);
#15205 = CARTESIAN_POINT('',(1.097655757921,9.3));
#15206 = CARTESIAN_POINT('',(1.097655757921,4.151290473021));
#15207 = ( GEOMETRIC_REPRESENTATION_CONTEXT(2) 
PARAMETRIC_REPRESENTATION_CONTEXT() REPRESENTATION_CONTEXT('2D SPACE',''
  ) );
#15208 = ORIENTED_EDGE('',*,*,#15209,.F.);
#15209 = EDGE_CURVE('',#13683,#15189,#15210,.T.);
#15210 = SURFACE_CURVE('',#15211,(#15216,#15223),.PCURVE_S1.);
#15211 = CIRCLE('',#15212,39.25);
#15212 = AXIS2_PLACEMENT_3D('',#15213,#15214,#15215);
#15213 = CARTESIAN_POINT('',(2.025146430259E-13,-1.910692005867E-15,6.)
  );
#15214 = DIRECTION('',(0.,0.,1.));
#15215 = DIRECTION('',(1.,0.,0.));
#15216 = PCURVE('',#12541,#15217);
#15217 = DEFINITIONAL_REPRESENTATION('',(#15218),#15222);
#15218 = CIRCLE('',#15219,39.25);
#15219 = AXIS2_PLACEMENT_2D('',#15220,#15221);
#15220 = CARTESIAN_POINT('',(2.066330509545E-13,-2.23497967137E-15));
#15221 = DIRECTION('',(1.,0.));
#15222 = ( GEOMETRIC_REPRESENTATION_CONTEXT(2) 
PARAMETRIC_REPRESENTATION_CONTEXT() REPRESENTATION_CONTEXT('2D SPACE',''
  ) );
#15223 = PCURVE('',#13536,#15224);
#15224 = DEFINITIONAL_REPRESENTATION('',(#15225),#15229);
#15225 = LINE('',#15226,#15227);
#15226 = CARTESIAN_POINT('',(-0.,-4.95));
#15227 = VECTOR('',#15228,1.);
#15228 = DIRECTION('',(-1.,0.));
#15229 = ( GEOMETRIC_REPRESENTATION_CONTEXT(2) 
PARAMETRIC_REPRESENTATION_CONTEXT() REPRESENTATION_CONTEXT('2D SPACE',''
  ) );
#15230 = ORIENTED_EDGE('',*,*,#13682,.F.);
#15231 = ORIENTED_EDGE('',*,*,#12553,.F.);
#15232 = ADVANCED_FACE('',(#15233),#12795,.F.);
#15233 = FACE_BOUND('',#15234,.F.);
#15234 = EDGE_LOOP('',(#15235,#15236,#15259,#15278));
#15235 = ORIENTED_EDGE('',*,*,#12780,.T.);
#15236 = ORIENTED_EDGE('',*,*,#15237,.F.);
#15237 = EDGE_CURVE('',#15238,#12726,#15240,.T.);
#15238 = VERTEX_POINT('',#15239);
#15239 = CARTESIAN_POINT('',(39.238937481158,-0.93181830301,
    5.402344242079));
#15240 = SURFACE_CURVE('',#15241,(#15245,#15252),.PCURVE_S1.);
#15241 = LINE('',#15242,#15243);
#15242 = CARTESIAN_POINT('',(33.2,-0.93181830301,5.402344242079));
#15243 = VECTOR('',#15244,1.);
#15244 = DIRECTION('',(1.,0.,0.));
#15245 = PCURVE('',#12795,#15246);
#15246 = DEFINITIONAL_REPRESENTATION('',(#15247),#15251);
#15247 = LINE('',#15248,#15249);
#15248 = CARTESIAN_POINT('',(0.5,0.));
#15249 = VECTOR('',#15250,1.);
#15250 = DIRECTION('',(0.,1.));
#15251 = ( GEOMETRIC_REPRESENTATION_CONTEXT(2) 
PARAMETRIC_REPRESENTATION_CONTEXT() REPRESENTATION_CONTEXT('2D SPACE',''
  ) );
#15252 = PCURVE('',#12759,#15253);
#15253 = DEFINITIONAL_REPRESENTATION('',(#15254),#15258);
#15254 = LINE('',#15255,#15256);
#15255 = CARTESIAN_POINT('',(-0.,0.));
#15256 = VECTOR('',#15257,1.);
#15257 = DIRECTION('',(-0.,1.));
#15258 = ( GEOMETRIC_REPRESENTATION_CONTEXT(2) 
PARAMETRIC_REPRESENTATION_CONTEXT() REPRESENTATION_CONTEXT('2D SPACE',''
  ) );
#15259 = ORIENTED_EDGE('',*,*,#15260,.F.);
#15260 = EDGE_CURVE('',#13474,#15238,#15261,.T.);
#15261 = SURFACE_CURVE('',#15262,(#15266,#15272),.PCURVE_S1.);
#15262 = LINE('',#15263,#15264);
#15263 = CARTESIAN_POINT('',(39.238937481158,-0.93181830301,1.05));
#15264 = VECTOR('',#15265,1.);
#15265 = DIRECTION('',(-0.,-0.,-1.));
#15266 = PCURVE('',#12795,#15267);
#15267 = DEFINITIONAL_REPRESENTATION('',(#15268),#15271);
#15268 = B_SPLINE_CURVE_WITH_KNOTS('',1,(#15269,#15270),.UNSPECIFIED.,
  .F.,.F.,(2,2),(-4.9500006,-3.992344242079),.PIECEWISE_BEZIER_KNOTS.);
#15269 = CARTESIAN_POINT('',(1.097656357921,6.038937481158));
#15270 = CARTESIAN_POINT('',(0.14,6.038937481158));
#15271 = ( GEOMETRIC_REPRESENTATION_CONTEXT(2) 
PARAMETRIC_REPRESENTATION_CONTEXT() REPRESENTATION_CONTEXT('2D SPACE',''
  ) );
#15272 = PCURVE('',#13536,#15273);
#15273 = DEFINITIONAL_REPRESENTATION('',(#15274),#15277);
#15274 = B_SPLINE_CURVE_WITH_KNOTS('',1,(#15275,#15276),.UNSPECIFIED.,
  .F.,.F.,(2,2),(-4.9500006,-3.992344242079),.PIECEWISE_BEZIER_KNOTS.);
#15275 = CARTESIAN_POINT('',(-6.259442482811,-4.9500006));
#15276 = CARTESIAN_POINT('',(-6.259442482811,-3.992344242079));
#15277 = ( GEOMETRIC_REPRESENTATION_CONTEXT(2) 
PARAMETRIC_REPRESENTATION_CONTEXT() REPRESENTATION_CONTEXT('2D SPACE',''
  ) );
#15278 = ORIENTED_EDGE('',*,*,#13473,.F.);
#15279 = ADVANCED_FACE('',(#15280),#12759,.F.);
#15280 = FACE_BOUND('',#15281,.T.);
#15281 = EDGE_LOOP('',(#15282,#15283,#15333,#15354));
#15282 = ORIENTED_EDGE('',*,*,#15237,.F.);
#15283 = ORIENTED_EDGE('',*,*,#15284,.T.);
#15284 = EDGE_CURVE('',#15238,#15285,#15287,.T.);
#15285 = VERTEX_POINT('',#15286);
#15286 = CARTESIAN_POINT('',(39.223875335657,-1.43181830301,
    4.902344242079));
#15287 = SURFACE_CURVE('',#15288,(#15301,#15317),.PCURVE_S1.);
#15288 = B_SPLINE_CURVE_WITH_KNOTS('',6,(#15289,#15290,#15291,#15292,
    #15293,#15294,#15295,#15296,#15297,#15298,#15299,#15300),
  .UNSPECIFIED.,.F.,.F.,(7,5,7),(0.,0.535346598128,1.),.UNSPECIFIED.);
#15289 = CARTESIAN_POINT('',(39.238937481158,-0.93181830301,
    5.402344242079));
#15290 = CARTESIAN_POINT('',(39.238937481158,-0.93181830301,
    5.335459119134));
#15291 = CARTESIAN_POINT('',(39.23868251831,-0.942554793158,
    5.268441778577));
#15292 = CARTESIAN_POINT('',(39.238170672001,-0.964108758797,
    5.203210523625));
#15293 = CARTESIAN_POINT('',(39.237385802484,-0.996231084946,
    5.141719760709));
#15294 = CARTESIAN_POINT('',(39.236296112207,-1.038358992558,
    5.085926554056));
#15295 = CARTESIAN_POINT('',(39.233640975481,-1.133971363434,
    4.996140561474));
#15296 = CARTESIAN_POINT('',(39.232153877169,-1.185345490334,
    4.960125281506));
#15297 = CARTESIAN_POINT('',(39.23040777466,-1.242602749839,
    4.931687533429));
#15298 = CARTESIAN_POINT('',(39.22841304316,-1.304074119058,
    4.912173719901));
#15299 = CARTESIAN_POINT('',(39.226211422195,-1.367822496468,
    4.902344242079));
#15300 = CARTESIAN_POINT('',(39.223875335657,-1.43181830301,
    4.902344242079));
#15301 = PCURVE('',#12759,#15302);
#15302 = DEFINITIONAL_REPRESENTATION('',(#15303),#15316);
#15303 = B_SPLINE_CURVE_WITH_KNOTS('',6,(#15304,#15305,#15306,#15307,
    #15308,#15309,#15310,#15311,#15312,#15313,#15314,#15315),
  .UNSPECIFIED.,.F.,.F.,(7,5,7),(0.,0.535346598128,1.),.UNSPECIFIED.);
#15304 = CARTESIAN_POINT('',(0.,6.038937481158));
#15305 = CARTESIAN_POINT('',(-0.133770245888,6.038937481158));
#15306 = CARTESIAN_POINT('',(-0.267805471791,6.03868251831));
#15307 = CARTESIAN_POINT('',(-0.402574132516,6.038170672001));
#15308 = CARTESIAN_POINT('',(-0.538573860492,6.037385802484));
#15309 = CARTESIAN_POINT('',(-0.676380728162,6.036296112207));
#15310 = CARTESIAN_POINT('',(-0.938703048435,6.033640975481));
#15311 = CARTESIAN_POINT('',(-1.062910403805,6.032153877169));
#15312 = CARTESIAN_POINT('',(-1.188587257595,6.03040777466));
#15313 = CARTESIAN_POINT('',(-1.315308891017,6.02841304316));
#15314 = CARTESIAN_POINT('',(-1.442804713711,6.026211422195));
#15315 = CARTESIAN_POINT('',(-1.570796326795,6.023875335657));
#15316 = ( GEOMETRIC_REPRESENTATION_CONTEXT(2) 
PARAMETRIC_REPRESENTATION_CONTEXT() REPRESENTATION_CONTEXT('2D SPACE',''
  ) );
#15317 = PCURVE('',#13536,#15318);
#15318 = DEFINITIONAL_REPRESENTATION('',(#15319),#15332);
#15319 = B_SPLINE_CURVE_WITH_KNOTS('',6,(#15320,#15321,#15322,#15323,
    #15324,#15325,#15326,#15327,#15328,#15329,#15330,#15331),
  .UNSPECIFIED.,.F.,.F.,(7,5,7),(0.,0.535346598128,1.),.UNSPECIFIED.);
#15320 = CARTESIAN_POINT('',(-6.259442482811,-4.352344242079));
#15321 = CARTESIAN_POINT('',(-6.259442482811,-4.285459119134));
#15322 = CARTESIAN_POINT('',(-6.259168864563,-4.218441778577));
#15323 = CARTESIAN_POINT('',(-6.258619564026,-4.153210523625));
#15324 = CARTESIAN_POINT('',(-6.257800916975,-4.091719760709));
#15325 = CARTESIAN_POINT('',(-6.256727237456,-4.035926554056));
#15326 = CARTESIAN_POINT('',(-6.254290314396,-3.946140561474));
#15327 = CARTESIAN_POINT('',(-6.252980872091,-3.910125281506));
#15328 = CARTESIAN_POINT('',(-6.251521413094,-3.881687533429));
#15329 = CARTESIAN_POINT('',(-6.249954444321,-3.862173719901));
#15330 = CARTESIAN_POINT('',(-6.248329316647,-3.852344242079));
#15331 = CARTESIAN_POINT('',(-6.246697764282,-3.852344242079));
#15332 = ( GEOMETRIC_REPRESENTATION_CONTEXT(2) 
PARAMETRIC_REPRESENTATION_CONTEXT() REPRESENTATION_CONTEXT('2D SPACE',''
  ) );
#15333 = ORIENTED_EDGE('',*,*,#15334,.T.);
#15334 = EDGE_CURVE('',#15285,#12693,#15335,.T.);
#15335 = SURFACE_CURVE('',#15336,(#15340,#15347),.PCURVE_S1.);
#15336 = LINE('',#15337,#15338);
#15337 = CARTESIAN_POINT('',(33.2,-1.43181830301,4.902344242079));
#15338 = VECTOR('',#15339,1.);
#15339 = DIRECTION('',(1.,0.,0.));
#15340 = PCURVE('',#12759,#15341);
#15341 = DEFINITIONAL_REPRESENTATION('',(#15342),#15346);
#15342 = LINE('',#15343,#15344);
#15343 = CARTESIAN_POINT('',(-1.570796326795,0.));
#15344 = VECTOR('',#15345,1.);
#15345 = DIRECTION('',(-0.,1.));
#15346 = ( GEOMETRIC_REPRESENTATION_CONTEXT(2) 
PARAMETRIC_REPRESENTATION_CONTEXT() REPRESENTATION_CONTEXT('2D SPACE',''
  ) );
#15347 = PCURVE('',#12709,#15348);
#15348 = DEFINITIONAL_REPRESENTATION('',(#15349),#15353);
#15349 = LINE('',#15350,#15351);
#15350 = CARTESIAN_POINT('',(0.,6.8));
#15351 = VECTOR('',#15352,1.);
#15352 = DIRECTION('',(1.,0.));
#15353 = ( GEOMETRIC_REPRESENTATION_CONTEXT(2) 
PARAMETRIC_REPRESENTATION_CONTEXT() REPRESENTATION_CONTEXT('2D SPACE',''
  ) );
#15354 = ORIENTED_EDGE('',*,*,#12725,.F.);
#15355 = ADVANCED_FACE('',(#15356),#12709,.T.);
#15356 = FACE_BOUND('',#15357,.T.);
#15357 = EDGE_LOOP('',(#15358,#15386,#15407,#15408));
#15358 = ORIENTED_EDGE('',*,*,#15359,.T.);
#15359 = EDGE_CURVE('',#15285,#15360,#15362,.T.);
#15360 = VERTEX_POINT('',#15361);
#15361 = CARTESIAN_POINT('',(38.480923660033,-7.73181830301,
    4.902344242079));
#15362 = SURFACE_CURVE('',#15363,(#15368,#15379),.PCURVE_S1.);
#15363 = CIRCLE('',#15364,39.25);
#15364 = AXIS2_PLACEMENT_3D('',#15365,#15366,#15367);
#15365 = CARTESIAN_POINT('',(2.025146430259E-13,-1.910692005867E-15,
    4.902344242079));
#15366 = DIRECTION('',(0.,0.,-1.));
#15367 = DIRECTION('',(1.,0.,0.));
#15368 = PCURVE('',#12709,#15369);
#15369 = DEFINITIONAL_REPRESENTATION('',(#15370),#15378);
#15370 = ( BOUNDED_CURVE() B_SPLINE_CURVE(2,(#15371,#15372,#15373,#15374
    ,#15375,#15376,#15377),.UNSPECIFIED.,.T.,.F.) 
B_SPLINE_CURVE_WITH_KNOTS((1,2,2,2,2,1),(-2.094395102393,0.,
    2.094395102393,4.188790204786,6.28318530718,8.377580409573),
.UNSPECIFIED.) CURVE() GEOMETRIC_REPRESENTATION_ITEM() 
RATIONAL_B_SPLINE_CURVE((1.,0.5,1.,0.5,1.,0.5,1.)) REPRESENTATION_ITEM(
  '') );
#15371 = CARTESIAN_POINT('',(6.05,8.23181830301));
#15372 = CARTESIAN_POINT('',(6.05,-59.75117589406));
#15373 = CARTESIAN_POINT('',(-52.825,-25.75967879552));
#15374 = CARTESIAN_POINT('',(-111.7,8.23181830301));
#15375 = CARTESIAN_POINT('',(-52.825,42.223315401549));
#15376 = CARTESIAN_POINT('',(6.05,76.214812500088));
#15377 = CARTESIAN_POINT('',(6.05,8.23181830301));
#15378 = ( GEOMETRIC_REPRESENTATION_CONTEXT(2) 
PARAMETRIC_REPRESENTATION_CONTEXT() REPRESENTATION_CONTEXT('2D SPACE',''
  ) );
#15379 = PCURVE('',#13536,#15380);
#15380 = DEFINITIONAL_REPRESENTATION('',(#15381),#15385);
#15381 = LINE('',#15382,#15383);
#15382 = CARTESIAN_POINT('',(-6.28318530718,-3.852344242079));
#15383 = VECTOR('',#15384,1.);
#15384 = DIRECTION('',(1.,-0.));
#15385 = ( GEOMETRIC_REPRESENTATION_CONTEXT(2) 
PARAMETRIC_REPRESENTATION_CONTEXT() REPRESENTATION_CONTEXT('2D SPACE',''
  ) );
#15386 = ORIENTED_EDGE('',*,*,#15387,.T.);
#15387 = EDGE_CURVE('',#15360,#12638,#15388,.T.);
#15388 = SURFACE_CURVE('',#15389,(#15393,#15400),.PCURVE_S1.);
#15389 = LINE('',#15390,#15391);
#15390 = CARTESIAN_POINT('',(33.2,-7.73181830301,4.902344242079));
#15391 = VECTOR('',#15392,1.);
#15392 = DIRECTION('',(1.,0.,0.));
#15393 = PCURVE('',#12709,#15394);
#15394 = DEFINITIONAL_REPRESENTATION('',(#15395),#15399);
#15395 = LINE('',#15396,#15397);
#15396 = CARTESIAN_POINT('',(0.,0.5));
#15397 = VECTOR('',#15398,1.);
#15398 = DIRECTION('',(1.,0.));
#15399 = ( GEOMETRIC_REPRESENTATION_CONTEXT(2) 
PARAMETRIC_REPRESENTATION_CONTEXT() REPRESENTATION_CONTEXT('2D SPACE',''
  ) );
#15400 = PCURVE('',#12671,#15401);
#15401 = DEFINITIONAL_REPRESENTATION('',(#15402),#15406);
#15402 = LINE('',#15403,#15404);
#15403 = CARTESIAN_POINT('',(1.570796326795,0.));
#15404 = VECTOR('',#15405,1.);
#15405 = DIRECTION('',(0.,1.));
#15406 = ( GEOMETRIC_REPRESENTATION_CONTEXT(2) 
PARAMETRIC_REPRESENTATION_CONTEXT() REPRESENTATION_CONTEXT('2D SPACE',''
  ) );
#15407 = ORIENTED_EDGE('',*,*,#12692,.F.);
#15408 = ORIENTED_EDGE('',*,*,#15334,.F.);
#15409 = ADVANCED_FACE('',(#15410),#12671,.F.);
#15410 = FACE_BOUND('',#15411,.F.);
#15411 = EDGE_LOOP('',(#15412,#15435,#15483,#15484));
#15412 = ORIENTED_EDGE('',*,*,#15413,.F.);
#15413 = EDGE_CURVE('',#15414,#12612,#15416,.T.);
#15414 = VERTEX_POINT('',#15415);
#15415 = CARTESIAN_POINT('',(38.377072158077,-8.23181830301,
    5.402344242079));
#15416 = SURFACE_CURVE('',#15417,(#15421,#15428),.PCURVE_S1.);
#15417 = LINE('',#15418,#15419);
#15418 = CARTESIAN_POINT('',(33.2,-8.23181830301,5.402344242079));
#15419 = VECTOR('',#15420,1.);
#15420 = DIRECTION('',(1.,0.,0.));
#15421 = PCURVE('',#12671,#15422);
#15422 = DEFINITIONAL_REPRESENTATION('',(#15423),#15427);
#15423 = LINE('',#15424,#15425);
#15424 = CARTESIAN_POINT('',(0.,0.));
#15425 = VECTOR('',#15426,1.);
#15426 = DIRECTION('',(0.,1.));
#15427 = ( GEOMETRIC_REPRESENTATION_CONTEXT(2) 
PARAMETRIC_REPRESENTATION_CONTEXT() REPRESENTATION_CONTEXT('2D SPACE',''
  ) );
#15428 = PCURVE('',#12626,#15429);
#15429 = DEFINITIONAL_REPRESENTATION('',(#15430),#15434);
#15430 = LINE('',#15431,#15432);
#15431 = CARTESIAN_POINT('',(0.5,0.));
#15432 = VECTOR('',#15433,1.);
#15433 = DIRECTION('',(0.,1.));
#15434 = ( GEOMETRIC_REPRESENTATION_CONTEXT(2) 
PARAMETRIC_REPRESENTATION_CONTEXT() REPRESENTATION_CONTEXT('2D SPACE',''
  ) );
#15435 = ORIENTED_EDGE('',*,*,#15436,.T.);
#15436 = EDGE_CURVE('',#15414,#15360,#15437,.T.);
#15437 = SURFACE_CURVE('',#15438,(#15451,#15467),.PCURVE_S1.);
#15438 = B_SPLINE_CURVE_WITH_KNOTS('',6,(#15439,#15440,#15441,#15442,
    #15443,#15444,#15445,#15446,#15447,#15448,#15449,#15450),
  .UNSPECIFIED.,.F.,.F.,(7,5,7),(0.,0.543936393378,1.),.UNSPECIFIED.);
#15439 = CARTESIAN_POINT('',(38.377072158077,-8.23181830301,
    5.402344242079));
#15440 = CARTESIAN_POINT('',(38.377072158077,-8.23181830301,
    5.334115116545));
#15441 = CARTESIAN_POINT('',(38.379468592003,-8.22064599806,
    5.265734806824));
#15442 = CARTESIAN_POINT('',(38.384281720319,-8.198207149124,
    5.199285863686));
#15443 = CARTESIAN_POINT('',(38.39141878388,-8.164814527591,
    5.136879983066));
#15444 = CARTESIAN_POINT('',(38.40068144739,-8.121150043358,
    5.080596186251));
#15445 = CARTESIAN_POINT('',(38.421080703073,-8.024033019683,
    4.992226494046));
#15446 = CARTESIAN_POINT('',(38.431692260188,-7.973208593107,
    4.957615801325));
#15447 = CARTESIAN_POINT('',(38.443356877808,-7.916898864836,
    4.930380269782));
#15448 = CARTESIAN_POINT('',(38.455709724224,-7.856675673555,
    4.911729609864));
#15449 = CARTESIAN_POINT('',(38.468359017534,-7.794351982649,
    4.902344242079));
#15450 = CARTESIAN_POINT('',(38.480923660033,-7.73181830301,
    4.902344242079));
#15451 = PCURVE('',#12671,#15452);
#15452 = DEFINITIONAL_REPRESENTATION('',(#15453),#15466);
#15453 = B_SPLINE_CURVE_WITH_KNOTS('',6,(#15454,#15455,#15456,#15457,
    #15458,#15459,#15460,#15461,#15462,#15463,#15464,#15465),
  .UNSPECIFIED.,.F.,.F.,(7,5,7),(0.,0.543936393378,1.),.UNSPECIFIED.);
#15454 = CARTESIAN_POINT('',(0.,5.177072158077));
#15455 = CARTESIAN_POINT('',(0.136458251066,5.177072158077));
#15456 = CARTESIAN_POINT('',(0.273219294421,5.179468592003));
#15457 = CARTESIAN_POINT('',(0.410689008645,5.184281720319));
#15458 = CARTESIAN_POINT('',(0.549327986182,5.19141878388));
#15459 = CARTESIAN_POINT('',(0.689679265893,5.20068144739));
#15460 = CARTESIAN_POINT('',(0.952288624354,5.221080703073));
#15461 = CARTESIAN_POINT('',(1.074057139142,5.231692260188));
#15462 = CARTESIAN_POINT('',(1.197110728808,5.243356877808));
#15463 = CARTESIAN_POINT('',(1.321082360375,5.255709724224));
#15464 = CARTESIAN_POINT('',(1.445728967517,5.268359017534));
#15465 = CARTESIAN_POINT('',(1.570796326795,5.280923660033));
#15466 = ( GEOMETRIC_REPRESENTATION_CONTEXT(2) 
PARAMETRIC_REPRESENTATION_CONTEXT() REPRESENTATION_CONTEXT('2D SPACE',''
  ) );
#15467 = PCURVE('',#13536,#15468);
#15468 = DEFINITIONAL_REPRESENTATION('',(#15469),#15482);
#15469 = B_SPLINE_CURVE_WITH_KNOTS('',6,(#15470,#15471,#15472,#15473,
    #15474,#15475,#15476,#15477,#15478,#15479,#15480,#15481),
  .UNSPECIFIED.,.F.,.F.,(7,5,7),(0.,0.543936393378,1.),.UNSPECIFIED.);
#15470 = CARTESIAN_POINT('',(-6.071888691115,-4.352344242079));
#15471 = CARTESIAN_POINT('',(-6.071888691115,-4.284115116545));
#15472 = CARTESIAN_POINT('',(-6.072179810309,-4.215734806824));
#15473 = CARTESIAN_POINT('',(-6.072764504757,-4.149285863686));
#15474 = CARTESIAN_POINT('',(-6.073634486699,-4.086879983066));
#15475 = CARTESIAN_POINT('',(-6.07477171065,-4.030596186251));
#15476 = CARTESIAN_POINT('',(-6.077300024371,-3.942226494046));
#15477 = CARTESIAN_POINT('',(-6.078622836049,-3.907615801325));
#15478 = CARTESIAN_POINT('',(-6.080087933911,-3.880380269782));
#15479 = CARTESIAN_POINT('',(-6.081654222694,-3.861729609864));
#15480 = CARTESIAN_POINT('',(-6.083274458973,-3.852344242079));
#15481 = CARTESIAN_POINT('',(-6.084899515591,-3.852344242079));
#15482 = ( GEOMETRIC_REPRESENTATION_CONTEXT(2) 
PARAMETRIC_REPRESENTATION_CONTEXT() REPRESENTATION_CONTEXT('2D SPACE',''
  ) );
#15483 = ORIENTED_EDGE('',*,*,#15387,.T.);
#15484 = ORIENTED_EDGE('',*,*,#12637,.F.);
#15485 = ADVANCED_FACE('',(#15486),#12626,.T.);
#15486 = FACE_BOUND('',#15487,.T.);
#15487 = EDGE_LOOP('',(#15488,#15489,#15490,#15509));
#15488 = ORIENTED_EDGE('',*,*,#12611,.T.);
#15489 = ORIENTED_EDGE('',*,*,#15413,.F.);
#15490 = ORIENTED_EDGE('',*,*,#15491,.F.);
#15491 = EDGE_CURVE('',#15189,#15414,#15492,.T.);
#15492 = SURFACE_CURVE('',#15493,(#15497,#15503),.PCURVE_S1.);
#15493 = LINE('',#15494,#15495);
#15494 = CARTESIAN_POINT('',(38.377072158077,-8.23181830301,1.05));
#15495 = VECTOR('',#15496,1.);
#15496 = DIRECTION('',(-0.,-0.,-1.));
#15497 = PCURVE('',#12626,#15498);
#15498 = DEFINITIONAL_REPRESENTATION('',(#15499),#15502);
#15499 = B_SPLINE_CURVE_WITH_KNOTS('',1,(#15500,#15501),.UNSPECIFIED.,
  .F.,.F.,(2,2),(-4.9500006,-3.992344242079),.PIECEWISE_BEZIER_KNOTS.);
#15500 = CARTESIAN_POINT('',(1.097656357921,5.177072158077));
#15501 = CARTESIAN_POINT('',(0.14,5.177072158077));
#15502 = ( GEOMETRIC_REPRESENTATION_CONTEXT(2) 
PARAMETRIC_REPRESENTATION_CONTEXT() REPRESENTATION_CONTEXT('2D SPACE',''
  ) );
#15503 = PCURVE('',#13536,#15504);
#15504 = DEFINITIONAL_REPRESENTATION('',(#15505),#15508);
#15505 = B_SPLINE_CURVE_WITH_KNOTS('',1,(#15506,#15507),.UNSPECIFIED.,
  .F.,.F.,(2,2),(-4.9500006,-3.992344242079),.PIECEWISE_BEZIER_KNOTS.);
#15506 = CARTESIAN_POINT('',(-6.071888691115,-4.9500006));
#15507 = CARTESIAN_POINT('',(-6.071888691115,-3.992344242079));
#15508 = ( GEOMETRIC_REPRESENTATION_CONTEXT(2) 
PARAMETRIC_REPRESENTATION_CONTEXT() REPRESENTATION_CONTEXT('2D SPACE',''
  ) );
#15509 = ORIENTED_EDGE('',*,*,#15188,.F.);
#15510 = ADVANCED_FACE('',(#15511),#13046,.F.);
#15511 = FACE_BOUND('',#15512,.F.);
#15512 = EDGE_LOOP('',(#15513,#15514,#15547,#15576));
#15513 = ORIENTED_EDGE('',*,*,#12978,.T.);
#15514 = ORIENTED_EDGE('',*,*,#15515,.T.);
#15515 = EDGE_CURVE('',#12836,#15516,#15518,.T.);
#15516 = VERTEX_POINT('',#15517);
#15517 = CARTESIAN_POINT('',(35.9,0.,-1.E-01));
#15518 = SURFACE_CURVE('',#15519,(#15535,#15541),.PCURVE_S1.);
#15519 = B_SPLINE_CURVE_WITH_KNOTS('',3,(#15520,#15521,#15522,#15523,
    #15524,#15525,#15526,#15527,#15528,#15529,#15530,#15531,#15532,
    #15533,#15534),.UNSPECIFIED.,.F.,.F.,(4,1,1,1,1,1,1,1,1,1,1,1,4),(0.
    ,6.25E-02,0.125,0.1875,0.25,0.375,0.5,0.625,0.75,0.8125,0.875,0.9375
    ,1.),.UNSPECIFIED.);
#15520 = CARTESIAN_POINT('',(32.9,0.,-1.3));
#15521 = CARTESIAN_POINT('',(32.96,0.,-1.3));
#15522 = CARTESIAN_POINT('',(33.08021832693,0.,-1.29990070968));
#15523 = CARTESIAN_POINT('',(33.27591172853,0.,-1.290407635749));
#15524 = CARTESIAN_POINT('',(33.49474315737,0.,-1.265712887949));
#15525 = CARTESIAN_POINT('',(33.81957350305,0.,-1.20857393247));
#15526 = CARTESIAN_POINT('',(34.28176331068,0.,-1.089113918022));
#15527 = CARTESIAN_POINT('',(34.86136297357,0.,-0.884545189426));
#15528 = CARTESIAN_POINT('',(35.37278479506,0.,-0.652705324272));
#15529 = CARTESIAN_POINT('',(35.67143483118,0.,-0.46782940122));
#15530 = CARTESIAN_POINT('',(35.81428221987,0.,-0.337897262949));
#15531 = CARTESIAN_POINT('',(35.87601908937,0.,-0.250364691413));
#15532 = CARTESIAN_POINT('',(35.8997517742,0.,-0.172087330774));
#15533 = CARTESIAN_POINT('',(35.9,0.,-0.124));
#15534 = CARTESIAN_POINT('',(35.9,0.,-1.E-01));
#15535 = PCURVE('',#13046,#15536);
#15536 = DEFINITIONAL_REPRESENTATION('',(#15537),#15540);
#15537 = B_SPLINE_CURVE_WITH_KNOTS('',1,(#15538,#15539),.UNSPECIFIED.,
  .F.,.F.,(2,2),(0.,1.),.PIECEWISE_BEZIER_KNOTS.);
#15538 = CARTESIAN_POINT('',(0.,0.970659415987));
#15539 = CARTESIAN_POINT('',(0.,2.933866967806E-02));
#15540 = ( GEOMETRIC_REPRESENTATION_CONTEXT(2) 
PARAMETRIC_REPRESENTATION_CONTEXT() REPRESENTATION_CONTEXT('2D SPACE',''
  ) );
#15541 = PCURVE('',#12928,#15542);
#15542 = DEFINITIONAL_REPRESENTATION('',(#15543),#15546);
#15543 = B_SPLINE_CURVE_WITH_KNOTS('',1,(#15544,#15545),.UNSPECIFIED.,
  .F.,.F.,(2,2),(0.,1.),.PIECEWISE_BEZIER_KNOTS.);
#15544 = CARTESIAN_POINT('',(3.14159265359,0.970659415987));
#15545 = CARTESIAN_POINT('',(3.14159265359,2.933866967806E-02));
#15546 = ( GEOMETRIC_REPRESENTATION_CONTEXT(2) 
PARAMETRIC_REPRESENTATION_CONTEXT() REPRESENTATION_CONTEXT('2D SPACE',''
  ) );
#15547 = ORIENTED_EDGE('',*,*,#15548,.T.);
#15548 = EDGE_CURVE('',#15516,#15549,#15551,.T.);
#15549 = VERTEX_POINT('',#15550);
#15550 = CARTESIAN_POINT('',(-35.9,0.,-0.1));
#15551 = SURFACE_CURVE('',#15552,(#15557,#15564),.PCURVE_S1.);
#15552 = CIRCLE('',#15553,35.9);
#15553 = AXIS2_PLACEMENT_3D('',#15554,#15555,#15556);
#15554 = CARTESIAN_POINT('',(4.286263797016E-16,0.,-1.E-01));
#15555 = DIRECTION('',(1.224646799147E-16,0.,-1.));
#15556 = DIRECTION('',(1.,0.,1.224646799147E-16));
#15557 = PCURVE('',#13046,#15558);
#15558 = DEFINITIONAL_REPRESENTATION('',(#15559),#15563);
#15559 = LINE('',#15560,#15561);
#15560 = CARTESIAN_POINT('',(0.,2.933866967806E-02));
#15561 = VECTOR('',#15562,1.);
#15562 = DIRECTION('',(1.,7.5096429979E-17));
#15563 = ( GEOMETRIC_REPRESENTATION_CONTEXT(2) 
PARAMETRIC_REPRESENTATION_CONTEXT() REPRESENTATION_CONTEXT('2D SPACE',''
  ) );
#15564 = PCURVE('',#15565,#15570);
#15565 = CYLINDRICAL_SURFACE('',#15566,35.9);
#15566 = AXIS2_PLACEMENT_3D('',#15567,#15568,#15569);
#15567 = CARTESIAN_POINT('',(1.469576158977E-16,0.,2.2));
#15568 = DIRECTION('',(1.224646799147E-16,0.,-1.));
#15569 = DIRECTION('',(-1.,0.,-1.224646799147E-16));
#15570 = DEFINITIONAL_REPRESENTATION('',(#15571),#15575);
#15571 = LINE('',#15572,#15573);
#15572 = CARTESIAN_POINT('',(3.14159265359,2.3));
#15573 = VECTOR('',#15574,1.);
#15574 = DIRECTION('',(1.,0.));
#15575 = ( GEOMETRIC_REPRESENTATION_CONTEXT(2) 
PARAMETRIC_REPRESENTATION_CONTEXT() REPRESENTATION_CONTEXT('2D SPACE',''
  ) );
#15576 = ORIENTED_EDGE('',*,*,#15577,.F.);
#15577 = EDGE_CURVE('',#12859,#15549,#15578,.T.);
#15578 = SURFACE_CURVE('',#15579,(#15595,#15601),.PCURVE_S1.);
#15579 = B_SPLINE_CURVE_WITH_KNOTS('',3,(#15580,#15581,#15582,#15583,
    #15584,#15585,#15586,#15587,#15588,#15589,#15590,#15591,#15592,
    #15593,#15594),.UNSPECIFIED.,.F.,.F.,(4,1,1,1,1,1,1,1,1,1,1,1,4),(0.
    ,6.25E-02,0.125,0.1875,0.25,0.375,0.5,0.625,0.75,0.8125,0.875,0.9375
    ,1.),.UNSPECIFIED.);
#15580 = CARTESIAN_POINT('',(-32.9,0.,-1.3));
#15581 = CARTESIAN_POINT('',(-32.96,0.,-1.3));
#15582 = CARTESIAN_POINT('',(-33.08021832693,0.,-1.29990070968));
#15583 = CARTESIAN_POINT('',(-33.27591172853,0.,-1.290407635749));
#15584 = CARTESIAN_POINT('',(-33.49474315737,0.,-1.265712887949));
#15585 = CARTESIAN_POINT('',(-33.81957350305,0.,-1.20857393247));
#15586 = CARTESIAN_POINT('',(-34.28176331068,0.,-1.089113918022));
#15587 = CARTESIAN_POINT('',(-34.86136297357,0.,-0.884545189426));
#15588 = CARTESIAN_POINT('',(-35.37278479506,0.,-0.652705324272));
#15589 = CARTESIAN_POINT('',(-35.67143483118,0.,-0.46782940122));
#15590 = CARTESIAN_POINT('',(-35.81428221987,0.,-0.337897262949));
#15591 = CARTESIAN_POINT('',(-35.87601908937,0.,-0.250364691413));
#15592 = CARTESIAN_POINT('',(-35.8997517742,0.,-0.172087330774));
#15593 = CARTESIAN_POINT('',(-35.9,0.,-0.124));
#15594 = CARTESIAN_POINT('',(-35.9,0.,-0.1));
#15595 = PCURVE('',#13046,#15596);
#15596 = DEFINITIONAL_REPRESENTATION('',(#15597),#15600);
#15597 = B_SPLINE_CURVE_WITH_KNOTS('',1,(#15598,#15599),.UNSPECIFIED.,
  .F.,.F.,(2,2),(0.,1.),.PIECEWISE_BEZIER_KNOTS.);
#15598 = CARTESIAN_POINT('',(3.14159265359,0.970659415987));
#15599 = CARTESIAN_POINT('',(3.14159265359,2.933866967806E-02));
#15600 = ( GEOMETRIC_REPRESENTATION_CONTEXT(2) 
PARAMETRIC_REPRESENTATION_CONTEXT() REPRESENTATION_CONTEXT('2D SPACE',''
  ) );
#15601 = PCURVE('',#12928,#15602);
#15602 = DEFINITIONAL_REPRESENTATION('',(#15603),#15606);
#15603 = B_SPLINE_CURVE_WITH_KNOTS('',1,(#15604,#15605),.UNSPECIFIED.,
  .F.,.F.,(2,2),(0.,1.),.PIECEWISE_BEZIER_KNOTS.);
#15604 = CARTESIAN_POINT('',(0.,0.970659415987));
#15605 = CARTESIAN_POINT('',(0.,2.933866967806E-02));
#15606 = ( GEOMETRIC_REPRESENTATION_CONTEXT(2) 
PARAMETRIC_REPRESENTATION_CONTEXT() REPRESENTATION_CONTEXT('2D SPACE',''
  ) );
#15607 = ADVANCED_FACE('',(#15608),#12928,.F.);
#15608 = FACE_BOUND('',#15609,.F.);
#15609 = EDGE_LOOP('',(#15610,#15611,#15612,#15634));
#15610 = ORIENTED_EDGE('',*,*,#12858,.T.);
#15611 = ORIENTED_EDGE('',*,*,#15577,.T.);
#15612 = ORIENTED_EDGE('',*,*,#15613,.T.);
#15613 = EDGE_CURVE('',#15549,#15516,#15614,.T.);
#15614 = SURFACE_CURVE('',#15615,(#15620,#15627),.PCURVE_S1.);
#15615 = CIRCLE('',#15616,35.9);
#15616 = AXIS2_PLACEMENT_3D('',#15617,#15618,#15619);
#15617 = CARTESIAN_POINT('',(4.286263797016E-16,0.,-1.E-01));
#15618 = DIRECTION('',(1.224646799147E-16,0.,-1.));
#15619 = DIRECTION('',(-1.,0.,-1.224646799147E-16));
#15620 = PCURVE('',#12928,#15621);
#15621 = DEFINITIONAL_REPRESENTATION('',(#15622),#15626);
#15622 = LINE('',#15623,#15624);
#15623 = CARTESIAN_POINT('',(0.,2.933866967806E-02));
#15624 = VECTOR('',#15625,1.);
#15625 = DIRECTION('',(1.,7.5096429979E-17));
#15626 = ( GEOMETRIC_REPRESENTATION_CONTEXT(2) 
PARAMETRIC_REPRESENTATION_CONTEXT() REPRESENTATION_CONTEXT('2D SPACE',''
  ) );
#15627 = PCURVE('',#15565,#15628);
#15628 = DEFINITIONAL_REPRESENTATION('',(#15629),#15633);
#15629 = LINE('',#15630,#15631);
#15630 = CARTESIAN_POINT('',(0.,2.3));
#15631 = VECTOR('',#15632,1.);
#15632 = DIRECTION('',(1.,0.));
#15633 = ( GEOMETRIC_REPRESENTATION_CONTEXT(2) 
PARAMETRIC_REPRESENTATION_CONTEXT() REPRESENTATION_CONTEXT('2D SPACE',''
  ) );
#15634 = ORIENTED_EDGE('',*,*,#15515,.F.);
#15635 = ADVANCED_FACE('',(#15636),#13160,.F.);
#15636 = FACE_BOUND('',#15637,.T.);
#15637 = EDGE_LOOP('',(#15638,#15639,#15640,#15661,#15662,#15663,#15664,
    #15665,#15666,#15667,#15668));
#15638 = ORIENTED_EDGE('',*,*,#13945,.T.);
#15639 = ORIENTED_EDGE('',*,*,#13840,.T.);
#15640 = ORIENTED_EDGE('',*,*,#15641,.T.);
#15641 = EDGE_CURVE('',#13843,#13498,#15642,.T.);
#15642 = SURFACE_CURVE('',#15643,(#15647,#15654),.PCURVE_S1.);
#15643 = LINE('',#15644,#15645);
#15644 = CARTESIAN_POINT('',(39.25,-1.910692005867E-15,1.05));
#15645 = VECTOR('',#15646,1.);
#15646 = DIRECTION('',(0.,0.,1.));
#15647 = PCURVE('',#13160,#15648);
#15648 = DEFINITIONAL_REPRESENTATION('',(#15649),#15653);
#15649 = LINE('',#15650,#15651);
#15650 = CARTESIAN_POINT('',(-0.,0.));
#15651 = VECTOR('',#15652,1.);
#15652 = DIRECTION('',(-0.,-1.));
#15653 = ( GEOMETRIC_REPRESENTATION_CONTEXT(2) 
PARAMETRIC_REPRESENTATION_CONTEXT() REPRESENTATION_CONTEXT('2D SPACE',''
  ) );
#15654 = PCURVE('',#13536,#15655);
#15655 = DEFINITIONAL_REPRESENTATION('',(#15656),#15660);
#15656 = LINE('',#15657,#15658);
#15657 = CARTESIAN_POINT('',(-6.28318530718,0.));
#15658 = VECTOR('',#15659,1.);
#15659 = DIRECTION('',(-0.,-1.));
#15660 = ( GEOMETRIC_REPRESENTATION_CONTEXT(2) 
PARAMETRIC_REPRESENTATION_CONTEXT() REPRESENTATION_CONTEXT('2D SPACE',''
  ) );
#15661 = ORIENTED_EDGE('',*,*,#13497,.T.);
#15662 = ORIENTED_EDGE('',*,*,#13430,.T.);
#15663 = ORIENTED_EDGE('',*,*,#13375,.T.);
#15664 = ORIENTED_EDGE('',*,*,#13298,.F.);
#15665 = ORIENTED_EDGE('',*,*,#13223,.F.);
#15666 = ORIENTED_EDGE('',*,*,#13199,.F.);
#15667 = ORIENTED_EDGE('',*,*,#13145,.T.);
#15668 = ORIENTED_EDGE('',*,*,#14007,.T.);
#15669 = ADVANCED_FACE('',(#15670),#13536,.F.);
#15670 = FACE_BOUND('',#15671,.T.);
#15671 = EDGE_LOOP('',(#15672,#15673,#15674,#15675,#15676,#15677,#15678,
    #15679,#15680,#15681,#15682));
#15672 = ORIENTED_EDGE('',*,*,#15641,.F.);
#15673 = ORIENTED_EDGE('',*,*,#13870,.T.);
#15674 = ORIENTED_EDGE('',*,*,#13750,.F.);
#15675 = ORIENTED_EDGE('',*,*,#13727,.F.);
#15676 = ORIENTED_EDGE('',*,*,#15209,.T.);
#15677 = ORIENTED_EDGE('',*,*,#15491,.T.);
#15678 = ORIENTED_EDGE('',*,*,#15436,.T.);
#15679 = ORIENTED_EDGE('',*,*,#15359,.F.);
#15680 = ORIENTED_EDGE('',*,*,#15284,.F.);
#15681 = ORIENTED_EDGE('',*,*,#15260,.F.);
#15682 = ORIENTED_EDGE('',*,*,#13521,.T.);
#15683 = ADVANCED_FACE('',(#15684),#13590,.F.);
#15684 = FACE_BOUND('',#15685,.T.);
#15685 = EDGE_LOOP('',(#15686,#15715,#15736,#15737));
#15686 = ORIENTED_EDGE('',*,*,#15687,.F.);
#15687 = EDGE_CURVE('',#15688,#15688,#15690,.T.);
#15688 = VERTEX_POINT('',#15689);
#15689 = CARTESIAN_POINT('',(36.2,0.,0.));
#15690 = SURFACE_CURVE('',#15691,(#15696,#15703),.PCURVE_S1.);
#15691 = CIRCLE('',#15692,36.2);
#15692 = AXIS2_PLACEMENT_3D('',#15693,#15694,#15695);
#15693 = CARTESIAN_POINT('',(0.,0.,0.));
#15694 = DIRECTION('',(0.,0.,1.));
#15695 = DIRECTION('',(1.,0.,0.));
#15696 = PCURVE('',#13590,#15697);
#15697 = DEFINITIONAL_REPRESENTATION('',(#15698),#15702);
#15698 = LINE('',#15699,#15700);
#15699 = CARTESIAN_POINT('',(-0.,0.));
#15700 = VECTOR('',#15701,1.);
#15701 = DIRECTION('',(-1.,0.));
#15702 = ( GEOMETRIC_REPRESENTATION_CONTEXT(2) 
PARAMETRIC_REPRESENTATION_CONTEXT() REPRESENTATION_CONTEXT('2D SPACE',''
  ) );
#15703 = PCURVE('',#15704,#15709);
#15704 = PLANE('',#15705);
#15705 = AXIS2_PLACEMENT_3D('',#15706,#15707,#15708);
#15706 = CARTESIAN_POINT('',(-2.417573714987E-15,9.398332440157E-16,0.)
  );
#15707 = DIRECTION('',(0.,0.,1.));
#15708 = DIRECTION('',(1.,0.,-0.));
#15709 = DEFINITIONAL_REPRESENTATION('',(#15710),#15714);
#15710 = CIRCLE('',#15711,36.2);
#15711 = AXIS2_PLACEMENT_2D('',#15712,#15713);
#15712 = CARTESIAN_POINT('',(2.417573714987E-15,-9.398332440157E-16));
#15713 = DIRECTION('',(1.,0.));
#15714 = ( GEOMETRIC_REPRESENTATION_CONTEXT(2) 
PARAMETRIC_REPRESENTATION_CONTEXT() REPRESENTATION_CONTEXT('2D SPACE',''
  ) );
#15715 = ORIENTED_EDGE('',*,*,#15716,.T.);
#15716 = EDGE_CURVE('',#15688,#13570,#15717,.T.);
#15717 = SEAM_CURVE('',#15718,(#15722,#15729),.PCURVE_S1.);
#15718 = LINE('',#15719,#15720);
#15719 = CARTESIAN_POINT('',(36.2,0.,0.));
#15720 = VECTOR('',#15721,1.);
#15721 = DIRECTION('',(0.,0.,1.));
#15722 = PCURVE('',#13590,#15723);
#15723 = DEFINITIONAL_REPRESENTATION('',(#15724),#15728);
#15724 = LINE('',#15725,#15726);
#15725 = CARTESIAN_POINT('',(-6.28318530718,0.));
#15726 = VECTOR('',#15727,1.);
#15727 = DIRECTION('',(-0.,-1.));
#15728 = ( GEOMETRIC_REPRESENTATION_CONTEXT(2) 
PARAMETRIC_REPRESENTATION_CONTEXT() REPRESENTATION_CONTEXT('2D SPACE',''
  ) );
#15729 = PCURVE('',#13590,#15730);
#15730 = DEFINITIONAL_REPRESENTATION('',(#15731),#15735);
#15731 = LINE('',#15732,#15733);
#15732 = CARTESIAN_POINT('',(-0.,0.));
#15733 = VECTOR('',#15734,1.);
#15734 = DIRECTION('',(-0.,-1.));
#15735 = ( GEOMETRIC_REPRESENTATION_CONTEXT(2) 
PARAMETRIC_REPRESENTATION_CONTEXT() REPRESENTATION_CONTEXT('2D SPACE',''
  ) );
#15736 = ORIENTED_EDGE('',*,*,#13569,.F.);
#15737 = ORIENTED_EDGE('',*,*,#15716,.F.);
#15738 = ADVANCED_FACE('',(#15739),#14087,.F.);
#15739 = FACE_BOUND('',#15740,.T.);
#15740 = EDGE_LOOP('',(#15741,#15742,#15743,#15744,#15745,#15746,#15747,
    #15748,#15749,#15750,#15751,#15752));
#15741 = ORIENTED_EDGE('',*,*,#14074,.F.);
#15742 = ORIENTED_EDGE('',*,*,#14398,.T.);
#15743 = ORIENTED_EDGE('',*,*,#14728,.T.);
#15744 = ORIENTED_EDGE('',*,*,#14673,.T.);
#15745 = ORIENTED_EDGE('',*,*,#14596,.F.);
#15746 = ORIENTED_EDGE('',*,*,#14521,.F.);
#15747 = ORIENTED_EDGE('',*,*,#14497,.F.);
#15748 = ORIENTED_EDGE('',*,*,#14423,.T.);
#15749 = ORIENTED_EDGE('',*,*,#14351,.T.);
#15750 = ORIENTED_EDGE('',*,*,#14269,.T.);
#15751 = ORIENTED_EDGE('',*,*,#14215,.T.);
#15752 = ORIENTED_EDGE('',*,*,#14102,.F.);
#15753 = ADVANCED_FACE('',(#15754),#15565,.F.);
#15754 = FACE_BOUND('',#15755,.F.);
#15755 = EDGE_LOOP('',(#15756,#15757,#15758,#15781,#15807));
#15756 = ORIENTED_EDGE('',*,*,#15548,.F.);
#15757 = ORIENTED_EDGE('',*,*,#15613,.F.);
#15758 = ORIENTED_EDGE('',*,*,#15759,.T.);
#15759 = EDGE_CURVE('',#15549,#15760,#15762,.T.);
#15760 = VERTEX_POINT('',#15761);
#15761 = CARTESIAN_POINT('',(-35.9,0.,0.));
#15762 = SEAM_CURVE('',#15763,(#15767,#15774),.PCURVE_S1.);
#15763 = LINE('',#15764,#15765);
#15764 = CARTESIAN_POINT('',(-35.9,0.,-0.1));
#15765 = VECTOR('',#15766,1.);
#15766 = DIRECTION('',(-1.224646799147E-16,0.,1.));
#15767 = PCURVE('',#15565,#15768);
#15768 = DEFINITIONAL_REPRESENTATION('',(#15769),#15773);
#15769 = LINE('',#15770,#15771);
#15770 = CARTESIAN_POINT('',(0.,2.3));
#15771 = VECTOR('',#15772,1.);
#15772 = DIRECTION('',(0.,-1.));
#15773 = ( GEOMETRIC_REPRESENTATION_CONTEXT(2) 
PARAMETRIC_REPRESENTATION_CONTEXT() REPRESENTATION_CONTEXT('2D SPACE',''
  ) );
#15774 = PCURVE('',#15565,#15775);
#15775 = DEFINITIONAL_REPRESENTATION('',(#15776),#15780);
#15776 = LINE('',#15777,#15778);
#15777 = CARTESIAN_POINT('',(6.28318530718,2.3));
#15778 = VECTOR('',#15779,1.);
#15779 = DIRECTION('',(0.,-1.));
#15780 = ( GEOMETRIC_REPRESENTATION_CONTEXT(2) 
PARAMETRIC_REPRESENTATION_CONTEXT() REPRESENTATION_CONTEXT('2D SPACE',''
  ) );
#15781 = ORIENTED_EDGE('',*,*,#15782,.T.);
#15782 = EDGE_CURVE('',#15760,#15760,#15783,.T.);
#15783 = SURFACE_CURVE('',#15784,(#15789,#15796),.PCURVE_S1.);
#15784 = CIRCLE('',#15785,35.9);
#15785 = AXIS2_PLACEMENT_3D('',#15786,#15787,#15788);
#15786 = CARTESIAN_POINT('',(4.163799117101E-16,0.,0.));
#15787 = DIRECTION('',(1.224646799147E-16,0.,-1.));
#15788 = DIRECTION('',(-1.,0.,-1.224646799147E-16));
#15789 = PCURVE('',#15565,#15790);
#15790 = DEFINITIONAL_REPRESENTATION('',(#15791),#15795);
#15791 = LINE('',#15792,#15793);
#15792 = CARTESIAN_POINT('',(0.,2.2));
#15793 = VECTOR('',#15794,1.);
#15794 = DIRECTION('',(1.,0.));
#15795 = ( GEOMETRIC_REPRESENTATION_CONTEXT(2) 
PARAMETRIC_REPRESENTATION_CONTEXT() REPRESENTATION_CONTEXT('2D SPACE',''
  ) );
#15796 = PCURVE('',#15704,#15797);
#15797 = DEFINITIONAL_REPRESENTATION('',(#15798),#15806);
#15798 = ( BOUNDED_CURVE() B_SPLINE_CURVE(2,(#15799,#15800,#15801,#15802
    ,#15803,#15804,#15805),.UNSPECIFIED.,.T.,.F.) 
B_SPLINE_CURVE_WITH_KNOTS((1,2,2,2,2,1),(-2.094395102393,0.,
    2.094395102393,4.188790204786,6.28318530718,8.377580409573),
.UNSPECIFIED.) CURVE() GEOMETRIC_REPRESENTATION_ITEM() 
RATIONAL_B_SPLINE_CURVE((1.,0.5,1.,0.5,1.,0.5,1.)) REPRESENTATION_ITEM(
  '') );
#15799 = CARTESIAN_POINT('',(-35.9,-9.398332440157E-16));
#15800 = CARTESIAN_POINT('',(-35.9,62.180623991723));
#15801 = CARTESIAN_POINT('',(17.95,31.090311995861));
#15802 = CARTESIAN_POINT('',(71.8,7.853130773862E-15));
#15803 = CARTESIAN_POINT('',(17.95,-31.09031199586));
#15804 = CARTESIAN_POINT('',(-35.9,-62.18062399172));
#15805 = CARTESIAN_POINT('',(-35.9,-9.398332440157E-16));
#15806 = ( GEOMETRIC_REPRESENTATION_CONTEXT(2) 
PARAMETRIC_REPRESENTATION_CONTEXT() REPRESENTATION_CONTEXT('2D SPACE',''
  ) );
#15807 = ORIENTED_EDGE('',*,*,#15759,.F.);
#15808 = ADVANCED_FACE('',(#15809,#15812),#15704,.T.);
#15809 = FACE_BOUND('',#15810,.T.);
#15810 = EDGE_LOOP('',(#15811));
#15811 = ORIENTED_EDGE('',*,*,#15687,.T.);
#15812 = FACE_BOUND('',#15813,.T.);
#15813 = EDGE_LOOP('',(#15814));
#15814 = ORIENTED_EDGE('',*,*,#15782,.T.);
#15815 = ( GEOMETRIC_REPRESENTATION_CONTEXT(3) 
GLOBAL_UNCERTAINTY_ASSIGNED_CONTEXT((#15819)) 
GLOBAL_UNIT_ASSIGNED_CONTEXT((#15816,#15817,#15818)) 
REPRESENTATION_CONTEXT('Context #1',
  '3D Context with UNIT and UNCERTAINTY') );
#15816 = ( LENGTH_UNIT() NAMED_UNIT(*) SI_UNIT(.MILLI.,.METRE.) );
#15817 = ( NAMED_UNIT(*) PLANE_ANGLE_UNIT() SI_UNIT($,.RADIAN.) );
#15818 = ( NAMED_UNIT(*) SI_UNIT($,.STERADIAN.) SOLID_ANGLE_UNIT() );
#15819 = UNCERTAINTY_MEASURE_WITH_UNIT(LENGTH_MEASURE(5.E-06),#15816,
  'distance_accuracy_value','confusion accuracy');
#15820 = PRODUCT_RELATED_PRODUCT_CATEGORY('part',$,(#7));
ENDSEC;
END-ISO-10303-21;
