ISO-10303-21;
HEADER;
FILE_DESCRIPTION(('Open CASCADE Model'),'2;1');
FILE_NAME('Open CASCADE Shape Model','2026-09-25T22:09:11',('Author'),(
    'Open CASCADE'),'Open CASCADE STEP processor 7.9','Open CASCADE 7.9'
  ,'Unknown');
FILE_SCHEMA(('AUTOMOTIVE_DESIGN { 1 0 10303 214 1 1 1 1 }'));
ENDSEC;
DATA;
#1 = APPLICATION_PROTOCOL_DEFINITION('international standard',
  'automotive_design',2000,#2);
#2 = APPLICATION_CONTEXT(
  'core data for automotive mechanical design processes');
#3 = SHAPE_DEFINITION_REPRESENTATION(#4,#10);
#4 = PRODUCT_DEFINITION_SHAPE('','',#5);
#5 = PRODUCT_DEFINITION('design','',#6,#9);
#6 = PRODUCT_DEFINITION_FORMATION('','',#7);
#7 = PRODUCT('Open CASCADE STEP translator 7.9 5',
  'Open CASCADE STEP translator 7.9 5','',(#8));
#8 = PRODUCT_CONTEXT('',#2,'mechanical');
#9 = PRODUCT_DEFINITION_CONTEXT('part definition',#2,'design');
#10 = ADVANCED_BREP_SHAPE_REPRESENTATION('',(#11,#15),#2982);
#11 = AXIS2_PLACEMENT_3D('',#12,#13,#14);
#12 = CARTESIAN_POINT('',(0.,0.,0.));
#13 = DIRECTION('',(0.,0.,1.));
#14 = DIRECTION('',(1.,0.,-0.));
#15 = MANIFOLD_SOLID_BREP('',#16);
#16 = CLOSED_SHELL('',(#17,#1215,#1245,#1326,#1356,#1809,#1894,#2327,
    #2433,#2504,#2531,#2558,#2592,#2918,#2978));
#17 = ADVANCED_FACE('',(#18),#46,.T.);
#18 = FACE_BOUND('',#19,.T.);
#19 = EDGE_LOOP('',(#20,#218,#290,#562,#602,#735,#807,#857,#1092));
#20 = ORIENTED_EDGE('',*,*,#21,.F.);
#21 = EDGE_CURVE('',#22,#24,#26,.T.);
#22 = VERTEX_POINT('',#23);
#23 = CARTESIAN_POINT('',(-74.30627303532,-1.303433061889,6.));
#24 = VERTEX_POINT('',#25);
#25 = CARTESIAN_POINT('',(-73.7,-4.,6.973998467827));
#26 = SURFACE_CURVE('',#27,(#45,#192),.PCURVE_S1.);
#27 = B_SPLINE_CURVE_WITH_KNOTS('',6,(#28,#29,#30,#31,#32,#33,#34,#35,
    #36,#37,#38,#39,#40,#41,#42,#43,#44),.UNSPECIFIED.,.F.,.F.,(7,5,5,7)
  ,(0.,0.250407740642,0.640855529486,1.),.UNSPECIFIED.);
#28 = CARTESIAN_POINT('',(-74.30627303532,-1.303433061889,6.));
#29 = CARTESIAN_POINT('',(-74.24955926693,-1.42318262485,6.008438299098)
  );
#30 = CARTESIAN_POINT('',(-74.19600788984,-1.544067597603,6.019480610201
    ));
#31 = CARTESIAN_POINT('',(-74.14569910656,-1.665846566168,6.033296883746
    ));
#32 = CARTESIAN_POINT('',(-74.09870138979,-1.788234048553,6.050061284315
    ));
#33 = CARTESIAN_POINT('',(-74.05506060248,-1.910899670582,6.069940044025
    ));
#34 = CARTESIAN_POINT('',(-73.95199588271,-2.22458074765,6.129159181188)
  );
#35 = CARTESIAN_POINT('',(-73.89737254439,-2.415522789239,6.173178302137
    ));
#36 = CARTESIAN_POINT('',(-73.85101591778,-2.604747228248,6.225674848617
    ));
#37 = CARTESIAN_POINT('',(-73.8127506656,-2.790576117145,6.287045198277)
  );
#38 = CARTESIAN_POINT('',(-73.78208185592,-2.971261499956,6.357432864937
    ));
#39 = CARTESIAN_POINT('',(-73.7363579473,-3.305122218909,6.509155641951)
  );
#40 = CARTESIAN_POINT('',(-73.72023834159,-3.459414130539,6.589193594327
    ));
#41 = CARTESIAN_POINT('',(-73.70933995974,-3.606735819828,6.676288785908
    ));
#42 = CARTESIAN_POINT('',(-73.70286536382,-3.746207438759,6.769936365926
    ));
#43 = CARTESIAN_POINT('',(-73.7,-3.877349778089,6.86944314007));
#44 = CARTESIAN_POINT('',(-73.7,-4.,6.973998467827));
#45 = PCURVE('',#46,#172);
#46 = B_SPLINE_SURFACE_WITH_KNOTS('',3,4,(
    (#47,#48,#49,#50,#51)
    ,(#52,#53,#54,#55,#56)
    ,(#57,#58,#59,#60,#61)
    ,(#62,#63,#64,#65,#66)
    ,(#67,#68,#69,#70,#71)
    ,(#72,#73,#74,#75,#76)
    ,(#77,#78,#79,#80,#81)
    ,(#82,#83,#84,#85,#86)
    ,(#87,#88,#89,#90,#91)
    ,(#92,#93,#94,#95,#96)
    ,(#97,#98,#99,#100,#101)
    ,(#102,#103,#104,#105,#106)
    ,(#107,#108,#109,#110,#111)
    ,(#112,#113,#114,#115,#116)
    ,(#117,#118,#119,#120,#121)
    ,(#122,#123,#124,#125,#126)
    ,(#127,#128,#129,#130,#131)
    ,(#132,#133,#134,#135,#136)
    ,(#137,#138,#139,#140,#141)
    ,(#142,#143,#144,#145,#146)
    ,(#147,#148,#149,#150,#151)
    ,(#152,#153,#154,#155,#156)
    ,(#157,#158,#159,#160,#161)
    ,(#162,#163,#164,#165,#166)
    ,(#167,#168,#169,#170,#171
    )),.UNSPECIFIED.,.T.,.F.,.F.,(1,3,1,1,1,1,1,1,1,1,1,1,1,1,1,1,1,1,1,
    1,1,1,1,3,1),(5,5),(-8.4977881934E-02,0.,5.995935277296E-02,
    0.122201268057,0.183691744343,0.256063864228,0.291710608455,
    0.316607374569,0.344994055456,0.373380736344,0.396999882531,
    0.425386563419,0.461033307646,0.496242651943,0.53145199624,
    0.567098740467,0.590717886655,0.610790301206,0.663604317652,
    0.722783255126,0.7795566169,0.852780202781,0.915022118066,1.,
    1.059959352773),(0.,1.),.UNSPECIFIED.);
#47 = CARTESIAN_POINT('',(-82.2,-4.4,6.));
#48 = CARTESIAN_POINT('',(-81.85922847408,-10.53388746656,6.405540787961
    ));
#49 = CARTESIAN_POINT('',(-82.12102870122,-5.821483377917,13.));
#50 = CARTESIAN_POINT('',(-81.85922847408,-10.53388746656,
    19.594459212039));
#51 = CARTESIAN_POINT('',(-82.2,-4.4,20.));
#52 = CARTESIAN_POINT('',(-78.90184423085,-4.466800860686,6.));
#53 = CARTESIAN_POINT('',(-77.15617573721,-10.62914311628,6.405540787961
    ));
#54 = CARTESIAN_POINT('',(-78.49729837627,-5.894878427013,13.));
#55 = CARTESIAN_POINT('',(-77.15617573721,-10.62914311628,
    19.594459212039));
#56 = CARTESIAN_POINT('',(-78.90184423085,-4.466800860686,20.));
#57 = CARTESIAN_POINT('',(-73.46879252921,-1.895536372567,6.));
#58 = CARTESIAN_POINT('',(-69.40883738712,-6.962611474215,6.405540787961
    ));
#59 = CARTESIAN_POINT('',(-72.52792773816,-3.069793818749,13.));
#60 = CARTESIAN_POINT('',(-69.40883738712,-6.962611474215,
    19.594459212039));
#61 = CARTESIAN_POINT('',(-73.46879252921,-1.895536372567,20.));
#62 = CARTESIAN_POINT('',(-69.23378251676,6.612256478564,6.));
#63 = CARTESIAN_POINT('',(-63.36986384438,5.169198317032,6.405540787961)
  );
#64 = CARTESIAN_POINT('',(-67.87486242446,6.277838346316,13.));
#65 = CARTESIAN_POINT('',(-63.36986384438,5.169198317032,19.594459212039
    ));
#66 = CARTESIAN_POINT('',(-69.23378251676,6.612256478564,20.));
#67 = CARTESIAN_POINT('',(-70.8728410247,16.652868403516,6.));
#68 = CARTESIAN_POINT('',(-65.70710293835,19.48675355053,6.405540787961)
  );
#69 = CARTESIAN_POINT('',(-69.67571915632,17.309600476506,13.));
#70 = CARTESIAN_POINT('',(-65.70710293835,19.48675355053,19.594459212039
    ));
#71 = CARTESIAN_POINT('',(-70.8728410247,16.652868403516,20.));
#72 = CARTESIAN_POINT('',(-73.59852586897,22.356861635933,6.));
#73 = CARTESIAN_POINT('',(-69.59383251206,27.620444880009,6.405540787961
    ));
#74 = CARTESIAN_POINT('',(-72.67046759083,23.576658401121,13.));
#75 = CARTESIAN_POINT('',(-69.59383251206,27.620444880009,
    19.594459212039));
#76 = CARTESIAN_POINT('',(-73.59852586897,22.356861635933,20.));
#77 = CARTESIAN_POINT('',(-77.95868678838,31.235407281071,6.));
#78 = CARTESIAN_POINT('',(-75.81126679367,40.280934959453,6.405540787961
    ));
#79 = CARTESIAN_POINT('',(-77.46103797357,33.331641897276,13.));
#80 = CARTESIAN_POINT('',(-75.81126679367,40.280934959453,
    19.594459212039));
#81 = CARTESIAN_POINT('',(-77.95868678838,31.235407281071,20.));
#82 = CARTESIAN_POINT('',(-80.40423017128,25.508768390939,6.));
#83 = CARTESIAN_POINT('',(-79.29852461444,32.114951728092,6.405540787961
    ));
#84 = CARTESIAN_POINT('',(-80.14799102791,27.039702868696,13.));
#85 = CARTESIAN_POINT('',(-79.29852461444,32.114951728092,
    19.594459212039));
#86 = CARTESIAN_POINT('',(-80.40423017128,25.508768390939,20.));
#87 = CARTESIAN_POINT('',(-79.08187942445,22.1206053601,6.));
#88 = CARTESIAN_POINT('',(-77.41289951536,27.283551839646,6.405540787961
    ));
#89 = CARTESIAN_POINT('',(-78.6951055862,23.317080294105,13.));
#90 = CARTESIAN_POINT('',(-77.41289951536,27.283551839646,
    19.594459212039));
#91 = CARTESIAN_POINT('',(-79.08187942445,22.1206053601,20.));
#92 = CARTESIAN_POINT('',(-77.31644179031,18.10232471745,6.));
#93 = CARTESIAN_POINT('',(-74.8954482856,21.553626664282,6.405540787961)
  );
#94 = CARTESIAN_POINT('',(-76.75539432347,18.902138599974,13.));
#95 = CARTESIAN_POINT('',(-74.8954482856,21.553626664282,19.594459212039
    ));
#96 = CARTESIAN_POINT('',(-77.31644179031,18.10232471745,20.));
#97 = CARTESIAN_POINT('',(-80.67852090574,14.789530560972,6.));
#98 = CARTESIAN_POINT('',(-79.68965343906,16.829700108101,6.405540787961
    ));
#99 = CARTESIAN_POINT('',(-80.44935813181,15.262324872114,13.));
#100 = CARTESIAN_POINT('',(-79.68965343907,16.829700108101,
    19.594459212039));
#101 = CARTESIAN_POINT('',(-80.67852090574,14.789530560972,20.));
#102 = CARTESIAN_POINT('',(-85.33180840787,16.19479284414,6.));
#103 = CARTESIAN_POINT('',(-86.3250757945,18.833554106961,6.405540787961
    ));
#104 = CARTESIAN_POINT('',(-85.56199083094,16.806306389806,13.));
#105 = CARTESIAN_POINT('',(-86.3250757945,18.833554106961,
    19.594459212039));
#106 = CARTESIAN_POINT('',(-85.33180840787,16.19479284414,20.));
#107 = CARTESIAN_POINT('',(-87.86866215845,20.322137910664,6.));
#108 = CARTESIAN_POINT('',(-89.94253894961,24.719001268882,
    6.405540787961));
#109 = CARTESIAN_POINT('',(-88.34926787587,21.341078706815,13.));
#110 = CARTESIAN_POINT('',(-89.94253894961,24.719001268882,
    19.594459212039));
#111 = CARTESIAN_POINT('',(-87.86866215845,20.322137910664,20.));
#112 = CARTESIAN_POINT('',(-90.10769330436,25.086147093774,6.));
#113 = CARTESIAN_POINT('',(-93.13531767074,31.512308800525,
    6.405540787961));
#114 = CARTESIAN_POINT('',(-90.80932301877,26.575362880622,13.));
#115 = CARTESIAN_POINT('',(-93.13531767074,31.512308800525,
    19.594459212039));
#116 = CARTESIAN_POINT('',(-90.10769330436,25.086147093774,20.));
#117 = CARTESIAN_POINT('',(-88.08298150756,30.536102466333,6.));
#118 = CARTESIAN_POINT('',(-90.24815071326,39.283751183714,
    6.405540787961));
#119 = CARTESIAN_POINT('',(-88.58474357168,32.563305820715,13.));
#120 = CARTESIAN_POINT('',(-90.24815071326,39.283751183714,
    19.594459212039));
#121 = CARTESIAN_POINT('',(-88.08298150756,30.536102466333,20.));
#122 = CARTESIAN_POINT('',(-84.70638236945,32.617022834499,6.));
#123 = CARTESIAN_POINT('',(-85.43324052426,42.251069563351,
    6.405540787961));
#124 = CARTESIAN_POINT('',(-84.87482640935,34.849642419027,13.));
#125 = CARTESIAN_POINT('',(-85.43324052426,42.251069563352,
    19.594459212039));
#126 = CARTESIAN_POINT('',(-84.70638236945,32.617022834499,20.));
#127 = CARTESIAN_POINT('',(-80.10751424984,35.541468956582,6.));
#128 = CARTESIAN_POINT('',(-78.87541827137,46.421225644801,
    6.405540787961));
#129 = CARTESIAN_POINT('',(-79.82198505438,38.062772676677,13.));
#130 = CARTESIAN_POINT('',(-78.87541827137,46.421225644801,
    19.594459212039));
#131 = CARTESIAN_POINT('',(-80.10751424984,35.541468956582,20.));
#132 = CARTESIAN_POINT('',(-85.83635969973,38.552979047411,6.));
#133 = CARTESIAN_POINT('',(-87.0445479784,50.71553184685,6.405540787961)
  );
#134 = CARTESIAN_POINT('',(-86.11634846132,41.371561346433,13.));
#135 = CARTESIAN_POINT('',(-87.0445479784,50.71553184685,19.594459212039
    ));
#136 = CARTESIAN_POINT('',(-85.83635969973,38.552979047411,20.));
#137 = CARTESIAN_POINT('',(-91.46082909415,34.760001143193,6.));
#138 = CARTESIAN_POINT('',(-95.06484114536,45.30688035738,6.405540787961
    ));
#139 = CARTESIAN_POINT('',(-92.29603242198,37.204162953072,13.));
#140 = CARTESIAN_POINT('',(-95.06484114536,45.30688035738,
    19.594459212039));
#141 = CARTESIAN_POINT('',(-91.46082909415,34.760001143193,20.));
#142 = CARTESIAN_POINT('',(-97.36253391686,28.945300874835,6.));
#143 = CARTESIAN_POINT('',(-103.4804621655,37.015324735001,
    6.405540787961));
#144 = CARTESIAN_POINT('',(-98.78031886322,30.815469644503,13.));
#145 = CARTESIAN_POINT('',(-103.4804621655,37.015324735001,
    19.594459212039));
#146 = CARTESIAN_POINT('',(-97.36253391686,28.945300874835,20.));
#147 = CARTESIAN_POINT('',(-98.67500075901,19.531087829201,6.));
#148 = CARTESIAN_POINT('',(-105.3519931683,23.590992008245,
    6.405540787961));
#149 = CARTESIAN_POINT('',(-100.2223447192,20.471940809942,13.));
#150 = CARTESIAN_POINT('',(-105.3519931683,23.590992008245,
    19.594459212039));
#151 = CARTESIAN_POINT('',(-98.67500075901,19.531087829201,20.));
#152 = CARTESIAN_POINT('',(-97.21077709277,10.354263924888,6.));
#153 = CARTESIAN_POINT('',(-103.2640623357,10.505167747716,
    6.405540787961));
#154 = CARTESIAN_POINT('',(-98.61358149726,10.389234777709,13.));
#155 = CARTESIAN_POINT('',(-103.2640623357,10.505167747716,
    19.594459212039));
#156 = CARTESIAN_POINT('',(-97.21077709277,10.354263924888,20.));
#157 = CARTESIAN_POINT('',(-92.59580919711,0.777680433806,6.));
#158 = CARTESIAN_POINT('',(-96.68328237528,-3.150699455062,
    6.405540787961));
#159 = CARTESIAN_POINT('',(-93.54305109095,-0.132692758498,13.));
#160 = CARTESIAN_POINT('',(-96.68328237528,-3.150699455062,
    19.594459212039));
#161 = CARTESIAN_POINT('',(-92.59580919711,0.777680433806,20.));
#162 = CARTESIAN_POINT('',(-86.87433817394,-4.305325935155,6.));
#163 = CARTESIAN_POINT('',(-88.52466833827,-10.39888561978,
    6.405540787961));
#164 = CARTESIAN_POINT('',(-87.25679007079,-5.717463645746,13.));
#165 = CARTESIAN_POINT('',(-88.52466833827,-10.39888561978,
    19.594459212039));
#166 = CARTESIAN_POINT('',(-86.87433817394,-4.305325935155,20.));
#167 = CARTESIAN_POINT('',(-82.2,-4.4,6.));
#168 = CARTESIAN_POINT('',(-81.85922847408,-10.53388746656,
    6.405540787961));
#169 = CARTESIAN_POINT('',(-82.12102870122,-5.821483377917,13.));
#170 = CARTESIAN_POINT('',(-81.85922847408,-10.53388746656,
    19.594459212039));
#171 = CARTESIAN_POINT('',(-82.2,-4.4,20.));
#172 = DEFINITIONAL_REPRESENTATION('',(#173),#191);
#173 = B_SPLINE_CURVE_WITH_KNOTS('',6,(#174,#175,#176,#177,#178,#179,
    #180,#181,#182,#183,#184,#185,#186,#187,#188,#189,#190),
  .UNSPECIFIED.,.F.,.F.,(7,5,5,7),(0.,0.250407740642,0.640855529486,1.),
  .UNSPECIFIED.);
#174 = CARTESIAN_POINT('',(5.892170518435E-02,0.));
#175 = CARTESIAN_POINT('',(5.872414766259E-02,5.201880641866E-03));
#176 = CARTESIAN_POINT('',(5.85082850877E-02,1.052230545622E-02));
#177 = CARTESIAN_POINT('',(5.827536249437E-02,1.596265127956E-02));
#178 = CARTESIAN_POINT('',(5.802674387674E-02,2.152339806566E-02));
#179 = CARTESIAN_POINT('',(5.776394699408E-02,2.720350647894E-02));
#180 = CARTESIAN_POINT('',(5.705946580116E-02,4.203764799657E-02));
#181 = CARTESIAN_POINT('',(5.6599780136E-02,5.136109531408E-02));
#182 = CARTESIAN_POINT('',(5.611632098862E-02,6.095253193665E-02));
#183 = CARTESIAN_POINT('',(5.561670535803E-02,7.078613273257E-02));
#184 = CARTESIAN_POINT('',(5.510931005814E-02,8.082267394444E-02));
#185 = CARTESIAN_POINT('',(5.413647322796E-02,0.100360878822));
#186 = CARTESIAN_POINT('',(5.367071788592E-02,0.109845153424));
#187 = CARTESIAN_POINT('',(5.321193179661E-02,0.119403255022));
#188 = CARTESIAN_POINT('',(5.276577868006E-02,0.12898944417));
#189 = CARTESIAN_POINT('',(5.233646845426E-02,0.138559637751));
#190 = CARTESIAN_POINT('',(5.192686856397E-02,0.14807267842));
#191 = ( GEOMETRIC_REPRESENTATION_CONTEXT(2) 
PARAMETRIC_REPRESENTATION_CONTEXT() REPRESENTATION_CONTEXT('2D SPACE',''
  ) );
#192 = PCURVE('',#193,#198);
#193 = CYLINDRICAL_SURFACE('',#194,6.3);
#194 = AXIS2_PLACEMENT_3D('',#195,#196,#197);
#195 = CARTESIAN_POINT('',(-80.,-4.,5.));
#196 = DIRECTION('',(-0.,-0.,-1.));
#197 = DIRECTION('',(1.,0.,0.));
#198 = DEFINITIONAL_REPRESENTATION('',(#199),#217);
#199 = B_SPLINE_CURVE_WITH_KNOTS('',6,(#200,#201,#202,#203,#204,#205,
    #206,#207,#208,#209,#210,#211,#212,#213,#214,#215,#216),
  .UNSPECIFIED.,.F.,.F.,(7,5,5,7),(0.,0.250407740642,0.640855529486,1.),
  .UNSPECIFIED.);
#200 = CARTESIAN_POINT('',(5.840877304389,-1.));
#201 = CARTESIAN_POINT('',(5.861909145871,-1.008438299098));
#202 = CARTESIAN_POINT('',(5.882889021009,-1.019480610201));
#203 = CARTESIAN_POINT('',(5.903793552784,-1.033296883746));
#204 = CARTESIAN_POINT('',(5.924593550803,-1.050061284315));
#205 = CARTESIAN_POINT('',(5.945253674431,-1.069940044025));
#206 = CARTESIAN_POINT('',(5.997663035311,-1.129159181188));
#207 = CARTESIAN_POINT('',(6.029163353883,-1.173178302137));
#208 = CARTESIAN_POINT('',(6.060053568386,-1.225674848617));
#209 = CARTESIAN_POINT('',(6.090140428111,-1.287045198277));
#210 = CARTESIAN_POINT('',(6.119215954553,-1.357432864937));
#211 = CARTESIAN_POINT('',(6.172704404216,-1.509155641951));
#212 = CARTESIAN_POINT('',(6.197315847237,-1.589193594327));
#213 = CARTESIAN_POINT('',(6.220749078566,-1.676288785908));
#214 = CARTESIAN_POINT('',(6.242900789461,-1.769936365926));
#215 = CARTESIAN_POINT('',(6.263717017987,-1.86944314007));
#216 = CARTESIAN_POINT('',(6.28318530718,-1.973998467827));
#217 = ( GEOMETRIC_REPRESENTATION_CONTEXT(2) 
PARAMETRIC_REPRESENTATION_CONTEXT() REPRESENTATION_CONTEXT('2D SPACE',''
  ) );
#218 = ORIENTED_EDGE('',*,*,#219,.T.);
#219 = EDGE_CURVE('',#22,#220,#222,.T.);
#220 = VERTEX_POINT('',#221);
#221 = CARTESIAN_POINT('',(-86.28137207421,-3.515887548928,6.));
#222 = SURFACE_CURVE('',#223,(#249,#256),.PCURVE_S1.);
#223 = B_SPLINE_CURVE_WITH_KNOTS('',3,(#224,#225,#226,#227,#228,#229,
    #230,#231,#232,#233,#234,#235,#236,#237,#238,#239,#240,#241,#242,
    #243,#244,#245,#246,#247,#248),.UNSPECIFIED.,.T.,.F.,(1,3,1,1,1,1,1,
    1,1,1,1,1,1,1,1,1,1,1,1,1,1,1,1,3,1),(-8.4977881934E-02,0.,
    5.995935277296E-02,0.122201268057,0.183691744343,0.256063864228,
    0.291710608455,0.316607374569,0.344994055456,0.373380736344,
    0.396999882531,0.425386563419,0.461033307646,0.496242651943,
    0.53145199624,0.567098740467,0.590717886655,0.610790301206,
    0.663604317652,0.722783255126,0.7795566169,0.852780202781,
    0.915022118066,1.,1.059959352773),.UNSPECIFIED.);
#224 = CARTESIAN_POINT('',(-82.2,-4.4,6.));
#225 = CARTESIAN_POINT('',(-78.90184423085,-4.466800860686,6.));
#226 = CARTESIAN_POINT('',(-73.46879252921,-1.895536372567,6.));
#227 = CARTESIAN_POINT('',(-69.23378251676,6.612256478564,6.));
#228 = CARTESIAN_POINT('',(-70.8728410247,16.652868403516,6.));
#229 = CARTESIAN_POINT('',(-73.59852586897,22.356861635933,6.));
#230 = CARTESIAN_POINT('',(-77.95868678838,31.235407281071,6.));
#231 = CARTESIAN_POINT('',(-80.40423017128,25.508768390939,6.));
#232 = CARTESIAN_POINT('',(-79.08187942445,22.1206053601,6.));
#233 = CARTESIAN_POINT('',(-77.31644179031,18.10232471745,6.));
#234 = CARTESIAN_POINT('',(-80.67852090574,14.789530560972,6.));
#235 = CARTESIAN_POINT('',(-85.33180840787,16.19479284414,6.));
#236 = CARTESIAN_POINT('',(-87.86866215845,20.322137910664,6.));
#237 = CARTESIAN_POINT('',(-90.10769330436,25.086147093774,6.));
#238 = CARTESIAN_POINT('',(-88.08298150756,30.536102466333,6.));
#239 = CARTESIAN_POINT('',(-84.70638236945,32.617022834499,6.));
#240 = CARTESIAN_POINT('',(-80.10751424984,35.541468956582,6.));
#241 = CARTESIAN_POINT('',(-85.83635969973,38.552979047411,6.));
#242 = CARTESIAN_POINT('',(-91.46082909415,34.760001143193,6.));
#243 = CARTESIAN_POINT('',(-97.36253391686,28.945300874835,6.));
#244 = CARTESIAN_POINT('',(-98.67500075901,19.531087829201,6.));
#245 = CARTESIAN_POINT('',(-97.21077709277,10.354263924888,6.));
#246 = CARTESIAN_POINT('',(-92.59580919711,0.777680433806,6.));
#247 = CARTESIAN_POINT('',(-86.87433817394,-4.305325935155,6.));
#248 = CARTESIAN_POINT('',(-82.2,-4.4,6.));
#249 = PCURVE('',#46,#250);
#250 = DEFINITIONAL_REPRESENTATION('',(#251),#255);
#251 = LINE('',#252,#253);
#252 = CARTESIAN_POINT('',(0.,0.));
#253 = VECTOR('',#254,1.);
#254 = DIRECTION('',(1.,0.));
#255 = ( GEOMETRIC_REPRESENTATION_CONTEXT(2) 
PARAMETRIC_REPRESENTATION_CONTEXT() REPRESENTATION_CONTEXT('2D SPACE',''
  ) );
#256 = PCURVE('',#257,#262);
#257 = PLANE('',#258);
#258 = AXIS2_PLACEMENT_3D('',#259,#260,#261);
#259 = CARTESIAN_POINT('',(-82.2,-4.4,6.));
#260 = DIRECTION('',(0.,0.,1.));
#261 = DIRECTION('',(-9.067122413966E-02,0.995880880986,0.));
#262 = DEFINITIONAL_REPRESENTATION('',(#263),#289);
#263 = B_SPLINE_CURVE_WITH_KNOTS('',3,(#264,#265,#266,#267,#268,#269,
    #270,#271,#272,#273,#274,#275,#276,#277,#278,#279,#280,#281,#282,
    #283,#284,#285,#286,#287,#288),.UNSPECIFIED.,.T.,.F.,(1,3,1,1,1,1,1,
    1,1,1,1,1,1,1,1,1,1,1,1,1,1,1,1,3,1),(-8.4977881934E-02,0.,
    5.995935277296E-02,0.122201268057,0.183691744343,0.256063864228,
    0.291710608455,0.316607374569,0.344994055456,0.373380736344,
    0.396999882531,0.425386563419,0.461033307646,0.496242651943,
    0.53145199624,0.567098740467,0.590717886655,0.610790301206,
    0.663604317652,0.722783255126,0.7795566169,0.852780202781,
    0.915022118066,1.,1.059959352773),.UNSPECIFIED.);
#264 = CARTESIAN_POINT('',(0.,0.));
#265 = CARTESIAN_POINT('',(-0.365573520983,-3.278513357197));
#266 = CARTESIAN_POINT('',(1.702478174091,-8.922325370993));
#267 = CARTESIAN_POINT('',(9.791232871847,-13.91130286571));
#268 = CARTESIAN_POINT('',(19.939101762656,-13.18939040918));
#269 = CARTESIAN_POINT('',(25.866740749541,-10.99212103405));
#270 = CARTESIAN_POINT('',(35.104055736503,-7.454948738615));
#271 = CARTESIAN_POINT('',(29.622745965725,-4.500237481589));
#272 = CARTESIAN_POINT('',(26.128640020692,-5.509932418724));
#273 = CARTESIAN_POINT('',(21.966836762812,-6.903755580331));
#274 = CARTESIAN_POINT('',(18.972532228785,-3.255150167422));
#275 = CARTESIAN_POINT('',(20.793925343454,1.251553038227));
#276 = CARTESIAN_POINT('',(25.134289019465,3.403725756659));
#277 = CARTESIAN_POINT('',(30.081690376651,5.201575522357));
#278 = CARTESIAN_POINT('',(35.325613637263,2.691049629281));
#279 = CARTESIAN_POINT('',(37.091802069492,-0.860320492235));
#280 = CARTESIAN_POINT('',(39.587217047885,-5.705408436549));
#281 = CARTESIAN_POINT('',(43.105763800086,-0.273218089326));
#282 = CARTESIAN_POINT('',(39.838387148402,5.671997395977));
#283 = CARTESIAN_POINT('',(34.582753123267,12.076618385473));
#284 = CARTESIAN_POINT('',(25.326321316814,14.237277241657));
#285 = CARTESIAN_POINT('',(16.054534890103,13.61115874408));
#286 = CARTESIAN_POINT('',(6.098953697706,9.883520998641));
#287 = CARTESIAN_POINT('',(0.518112055378,4.646499805335));
#288 = CARTESIAN_POINT('',(0.,0.));
#289 = ( GEOMETRIC_REPRESENTATION_CONTEXT(2) 
PARAMETRIC_REPRESENTATION_CONTEXT() REPRESENTATION_CONTEXT('2D SPACE',''
  ) );
#290 = ORIENTED_EDGE('',*,*,#291,.T.);
#291 = EDGE_CURVE('',#220,#292,#294,.T.);
#292 = VERTEX_POINT('',#293);
#293 = CARTESIAN_POINT('',(-85.59406894437,-6.89765295465,18.));
#294 = SURFACE_CURVE('',#295,(#382,#472),.PCURVE_S1.);
#295 = B_SPLINE_CURVE_WITH_KNOTS('',8,(#296,#297,#298,#299,#300,#301,
    #302,#303,#304,#305,#306,#307,#308,#309,#310,#311,#312,#313,#314,
    #315,#316,#317,#318,#319,#320,#321,#322,#323,#324,#325,#326,#327,
    #328,#329,#330,#331,#332,#333,#334,#335,#336,#337,#338,#339,#340,
    #341,#342,#343,#344,#345,#346,#347,#348,#349,#350,#351,#352,#353,
    #354,#355,#356,#357,#358,#359,#360,#361,#362,#363,#364,#365,#366,
    #367,#368,#369,#370,#371,#372,#373,#374,#375,#376,#377,#378,#379,
    #380,#381),.UNSPECIFIED.,.F.,.F.,(9,7,7,7,7,7,7,7,7,7,7,7,9),(0.,
    3.868885447366E-02,0.101137744032,0.140944573981,0.158674196591,
    0.18611801657,0.24006168011,0.384747561908,0.566469357669,
    0.626098128322,0.853376191228,0.964622696039,1.),.UNSPECIFIED.);
#296 = CARTESIAN_POINT('',(-86.28137207421,-3.515887548928,6.));
#297 = CARTESIAN_POINT('',(-86.2883572401,-3.60652026427,6.005969655908)
  );
#298 = CARTESIAN_POINT('',(-86.29383552637,-3.697107891516,
    6.013179146862));
#299 = CARTESIAN_POINT('',(-86.29781044684,-3.787575796666,
    6.021678306665));
#300 = CARTESIAN_POINT('',(-86.30028994662,-3.877843142824,
    6.031517353616));
#301 = CARTESIAN_POINT('',(-86.30128719764,-3.967823139593,
    6.042745890574));
#302 = CARTESIAN_POINT('',(-86.30082139426,-4.057423292471,
    6.055411905014));
#303 = CARTESIAN_POINT('',(-86.29891854883,-4.146545652248,
    6.069560769098));
#304 = CARTESIAN_POINT('',(-86.29027554722,-4.378004525872,
    6.110533278676));
#305 = CARTESIAN_POINT('',(-86.28128101138,-4.519441211033,
    6.139810181683));
#306 = CARTESIAN_POINT('',(-86.26876866486,-4.658923128027,
    6.173235855621));
#307 = CARTESIAN_POINT('',(-86.25293385296,-4.795970906295,
    6.210952875667));
#308 = CARTESIAN_POINT('',(-86.23402908344,-4.930106535174,
    6.253065116557));
#309 = CARTESIAN_POINT('',(-86.21236153882,-5.060862048022,
    6.299622901405));
#310 = CARTESIAN_POINT('',(-86.18828629841,-5.187790151854,
    6.350603668093));
#311 = CARTESIAN_POINT('',(-86.14556405203,-5.388681021551,
    6.441128172924));
#312 = CARTESIAN_POINT('',(-86.1281113908,-5.465172721219,6.478121731617
    ));
#313 = CARTESIAN_POINT('',(-86.10993785095,-5.539847076829,
    6.516840411384));
#314 = CARTESIAN_POINT('',(-86.09114688817,-5.612616743032,
    6.557245713463));
#315 = CARTESIAN_POINT('',(-86.07184288261,-5.68341094729,6.59928938425)
  );
#316 = CARTESIAN_POINT('',(-86.05212917208,-5.752174583369,
    6.642913741304));
#317 = CARTESIAN_POINT('',(-86.03210608516,-5.818867304826,
    6.688051999341));
#318 = CARTESIAN_POINT('',(-86.00285553775,-5.912232820393,
    6.755373415322));
#319 = CARTESIAN_POINT('',(-85.99379942118,-5.940587600536,
    6.776404097269));
#320 = CARTESIAN_POINT('',(-85.98470899034,-5.968525035203,
    6.797714216799));
#321 = CARTESIAN_POINT('',(-85.97559232481,-5.996043822021,
    6.819297225537));
#322 = CARTESIAN_POINT('',(-85.96645721798,-6.023143279984,
    6.841146452016));
#323 = CARTESIAN_POINT('',(-85.9573111771,-6.04982334945,6.863255101681)
  );
#324 = CARTESIAN_POINT('',(-85.94816142324,-6.076084592144,
    6.885616256885));
#325 = CARTESIAN_POINT('',(-85.92485690379,-6.14193169797,6.943215838862
    ));
#326 = CARTESIAN_POINT('',(-85.91070654355,-6.180934520523,6.97879710028
    ));
#327 = CARTESIAN_POINT('',(-85.8965894199,-6.218940825465,7.014940798791
    ));
#328 = CARTESIAN_POINT('',(-85.88252913319,-6.255958129621,
    7.051620978349));
#329 = CARTESIAN_POINT('',(-85.86854727592,-6.291996882047,
    7.088811802772));
#330 = CARTESIAN_POINT('',(-85.8546634339,-6.327070046097,7.126487769311
    ));
#331 = CARTESIAN_POINT('',(-85.8408951874,-6.361192681471,7.164623922201
    ));
#332 = CARTESIAN_POINT('',(-85.80045303206,-6.45961762969,7.27901360042)
  );
#333 = CARTESIAN_POINT('',(-85.77415609852,-6.521242704696,
    7.356511835668));
#334 = CARTESIAN_POINT('',(-85.74848395749,-6.579389565786,
    7.435512131677));
#335 = CARTESIAN_POINT('',(-85.72352495925,-6.634212866606,
    7.515845092061));
#336 = CARTESIAN_POINT('',(-85.69934223471,-6.685879703228,
    7.597354289492));
#337 = CARTESIAN_POINT('',(-85.67597709889,-6.73456239651,7.67989928997)
  );
#338 = CARTESIAN_POINT('',(-85.65345278162,-6.780433453537,
    7.763357976181));
#339 = CARTESIAN_POINT('',(-85.57364441699,-6.939610762339,
    8.073654852219));
#340 = CARTESIAN_POINT('',(-85.52169902397,-7.036406851322,
    8.305232983742));
#341 = CARTESIAN_POINT('',(-85.47599726652,-7.117593441186,
    8.540726756716));
#342 = CARTESIAN_POINT('',(-85.43610439953,-7.185975861437,
    8.778846022906));
#343 = CARTESIAN_POINT('',(-85.40141818463,-7.24380850844,9.018644829668
    ));
#344 = CARTESIAN_POINT('',(-85.37131893235,-7.292906746624,
    9.259519056545));
#345 = CARTESIAN_POINT('',(-85.34522273737,-7.334723366247,9.50120140566
    ));
#346 = CARTESIAN_POINT('',(-85.29421635224,-7.415273143766,
    10.048389389081));
#347 = CARTESIAN_POINT('',(-85.27136016468,-7.450413111838,
    10.353961050386));
#348 = CARTESIAN_POINT('',(-85.25303471895,-7.478142681616,
    10.660130102643));
#349 = CARTESIAN_POINT('',(-85.23842814451,-7.500001508024,
    10.966651952541));
#350 = CARTESIAN_POINT('',(-85.22691346934,-7.51709465356,
    11.273360711678));
#351 = CARTESIAN_POINT('',(-85.2180230566,-7.530224053225,
    11.580163519968));
#352 = CARTESIAN_POINT('',(-85.21142551761,-7.539930526509,
    11.887038396334));
#353 = CARTESIAN_POINT('',(-85.20544149087,-7.548716075188,
    12.294765471696));
#354 = CARTESIAN_POINT('',(-85.20418837698,-7.550553667072,
    12.395505227981));
#355 = CARTESIAN_POINT('',(-85.20315350845,-7.552069766424,
    12.496249414531));
#356 = CARTESIAN_POINT('',(-85.20233123421,-7.553273554046,
    12.596997011401));
#357 = CARTESIAN_POINT('',(-85.20171732393,-7.55417189283,
    12.697747071422));
#358 = CARTESIAN_POINT('',(-85.20130896794,-7.554769327759,
    12.798498720198));
#359 = CARTESIAN_POINT('',(-85.20110477731,-7.555068085907,
    12.899251156102));
#360 = CARTESIAN_POINT('',(-85.20110480845,-7.555068040343,
    13.38402685687));
#361 = CARTESIAN_POINT('',(-85.20407111067,-7.550728061613,
    13.76792487107));
#362 = CARTESIAN_POINT('',(-85.21000049396,-7.542054698686,
    14.151800612821));
#363 = CARTESIAN_POINT('',(-85.21919008807,-7.528562766102,
    14.535655137907));
#364 = CARTESIAN_POINT('',(-85.2322321605,-7.509315755445,
    14.919387703061));
#365 = CARTESIAN_POINT('',(-85.25005124894,-7.482740978292,
    15.302787630004));
#366 = CARTESIAN_POINT('',(-85.27399418913,-7.446518344215,
    15.68552972407));
#367 = CARTESIAN_POINT('',(-85.32152666018,-7.372268281782,
    16.253934127191));
#368 = CARTESIAN_POINT('',(-85.33904975049,-7.344612561534,
    16.440379709486));
#369 = CARTESIAN_POINT('',(-85.35869217485,-7.31323748902,
    16.626446840425));
#370 = CARTESIAN_POINT('',(-85.38069166092,-7.27758754481,
    16.812031340491));
#371 = CARTESIAN_POINT('',(-85.405308661,-7.23700324417,16.996957613067)
  );
#372 = CARTESIAN_POINT('',(-85.43281702901,-7.19069556198,
    17.180976478589));
#373 = CARTESIAN_POINT('',(-85.4634839342,-7.137707039137,
    17.363762116589));
#374 = CARTESIAN_POINT('',(-85.50836880643,-7.057509574657,
    17.602514033905));
#375 = CARTESIAN_POINT('',(-85.51954032208,-7.037366385139,
    17.659949313432));
#376 = CARTESIAN_POINT('',(-85.53106043543,-7.016392921112,
    17.717199097867));
#377 = CARTESIAN_POINT('',(-85.54293534178,-6.994550366126,
    17.774246435614));
#378 = CARTESIAN_POINT('',(-85.55517030736,-6.971798177329,
    17.831072309204));
#379 = CARTESIAN_POINT('',(-85.56776942175,-6.948094094778,
    17.887655664713));
#380 = CARTESIAN_POINT('',(-85.58073535041,-6.923394150736,
    17.943973441174));
#381 = CARTESIAN_POINT('',(-85.59406908716,-6.897652678983,18.0000006));
#382 = PCURVE('',#46,#383);
#383 = DEFINITIONAL_REPRESENTATION('',(#384),#471);
#384 = B_SPLINE_CURVE_WITH_KNOTS('',8,(#385,#386,#387,#388,#389,#390,
    #391,#392,#393,#394,#395,#396,#397,#398,#399,#400,#401,#402,#403,
    #404,#405,#406,#407,#408,#409,#410,#411,#412,#413,#414,#415,#416,
    #417,#418,#419,#420,#421,#422,#423,#424,#425,#426,#427,#428,#429,
    #430,#431,#432,#433,#434,#435,#436,#437,#438,#439,#440,#441,#442,
    #443,#444,#445,#446,#447,#448,#449,#450,#451,#452,#453,#454,#455,
    #456,#457,#458,#459,#460,#461,#462,#463,#464,#465,#466,#467,#468,
    #469,#470),.UNSPECIFIED.,.F.,.F.,(9,7,7,7,7,7,7,7,7,7,7,7,9),(0.,
    3.868885447366E-02,0.101137744032,0.140944573981,0.158674196591,
    0.18611801657,0.24006168011,0.384747561908,0.566469357669,
    0.626098128322,0.853376191228,0.964622696039,1.),.UNSPECIFIED.);
#385 = CARTESIAN_POINT('',(0.972812301163,0.));
#386 = CARTESIAN_POINT('',(0.97291236735,3.680058877822E-03));
#387 = CARTESIAN_POINT('',(0.973020921457,7.415788557268E-03));
#388 = CARTESIAN_POINT('',(0.973137610028,1.120745949333E-02));
#389 = CARTESIAN_POINT('',(0.973262060006,1.505517458353E-02));
#390 = CARTESIAN_POINT('',(0.973393876433,1.895881859255E-02));
#391 = CARTESIAN_POINT('',(0.973532640162,2.291800757681E-02));
#392 = CARTESIAN_POINT('',(0.97367790556,2.693203830916E-02));
#393 = CARTESIAN_POINT('',(0.974073404413,3.756579987968E-02));
#394 = CARTESIAN_POINT('',(0.974333370678,4.427335087729E-02));
#395 = CARTESIAN_POINT('',(0.974607048083,5.111623419402E-02));
#396 = CARTESIAN_POINT('',(0.97489221887,5.808660447522E-02));
#397 = CARTESIAN_POINT('',(0.975186517183,6.517454645818E-02));
#398 = CARTESIAN_POINT('',(0.975487462754,7.236745993774E-02));
#399 = CARTESIAN_POINT('',(0.975792507514,7.964931075286E-02));
#400 = CARTESIAN_POINT('',(0.976294523447,9.168514091258E-02));
#401 = CARTESIAN_POINT('',(0.976490606242,9.639904987401E-02));
#402 = CARTESIAN_POINT('',(0.976686688885,0.101136427246));
#403 = CARTESIAN_POINT('',(0.976882148647,0.105892250843));
#404 = CARTESIAN_POINT('',(0.977076399732,0.110661512122));
#405 = CARTESIAN_POINT('',(0.977268898315,0.115439204564));
#406 = CARTESIAN_POINT('',(0.977459147563,0.120220312071));
#407 = CARTESIAN_POINT('',(0.977730238126,0.127128539342));
#408 = CARTESIAN_POINT('',(0.977813241044,0.12925701152));
#409 = CARTESIAN_POINT('',(0.977895673094,0.131384797002));
#410 = CARTESIAN_POINT('',(0.977977498392,0.133511493201));
#411 = CARTESIAN_POINT('',(0.978058683507,0.135636711824));
#412 = CARTESIAN_POINT('',(0.978139197462,0.137760078875));
#413 = CARTESIAN_POINT('',(0.978219011735,0.139881234655));
#414 = CARTESIAN_POINT('',(0.978420521986,0.145279229705));
#415 = CARTESIAN_POINT('',(0.978541205083,0.148552508767));
#416 = CARTESIAN_POINT('',(0.978660052732,0.151818396612));
#417 = CARTESIAN_POINT('',(0.978776982914,0.155075728117));
#418 = CARTESIAN_POINT('',(0.978891927494,0.158323445326));
#419 = CARTESIAN_POINT('',(0.979004831307,0.161560595384));
#420 = CARTESIAN_POINT('',(0.979115651244,0.16478632849));
#421 = CARTESIAN_POINT('',(0.979438024466,0.174316494457));
#422 = CARTESIAN_POINT('',(0.979643508144,0.180585774273));
#423 = CARTESIAN_POINT('',(0.979840579825,0.18680252038));
#424 = CARTESIAN_POINT('',(0.980029167869,0.192962793471));
#425 = CARTESIAN_POINT('',(0.980209323497,0.199063827995));
#426 = CARTESIAN_POINT('',(0.980381192464,0.205103955146));
#427 = CARTESIAN_POINT('',(0.980544990466,0.211082550712));
#428 = CARTESIAN_POINT('',(0.981119378199,0.232871612181));
#429 = CARTESIAN_POINT('',(0.98148108575,0.248283276034));
#430 = CARTESIAN_POINT('',(0.981792136093,0.263269753485));
#431 = CARTESIAN_POINT('',(0.982059150384,0.27786113568));
#432 = CARTESIAN_POINT('',(0.982288369353,0.292089737041));
#433 = CARTESIAN_POINT('',(0.982485296531,0.305992649254));
#434 = CARTESIAN_POINT('',(0.98265466675,0.319612649728));
#435 = CARTESIAN_POINT('',(0.982983553598,0.349814513585));
#436 = CARTESIAN_POINT('',(0.983129189782,0.366238083365));
#437 = CARTESIAN_POINT('',(0.983245144133,0.382347528417));
#438 = CARTESIAN_POINT('',(0.983337122488,0.398200990344));
#439 = CARTESIAN_POINT('',(0.98340937777,0.413848227678));
#440 = CARTESIAN_POINT('',(0.983465040875,0.429334843461));
#441 = CARTESIAN_POINT('',(0.983506281047,0.444704144563));
#442 = CARTESIAN_POINT('',(0.983543652743,0.465019301568));
#443 = CARTESIAN_POINT('',(0.983551474741,0.470030183886));
#444 = CARTESIAN_POINT('',(0.983557931783,0.475034230586));
#445 = CARTESIAN_POINT('',(0.983563060779,0.480032832792));
#446 = CARTESIAN_POINT('',(0.983566889341,0.485027369105));
#447 = CARTESIAN_POINT('',(0.983569435782,0.4900192056));
#448 = CARTESIAN_POINT('',(0.983570709123,0.495009695825));
#449 = CARTESIAN_POINT('',(0.983570708929,0.519021665688));
#450 = CARTESIAN_POINT('',(0.98355221119,0.538036958444));
#451 = CARTESIAN_POINT('',(0.983515239114,0.557128249523));
#452 = CARTESIAN_POINT('',(0.983457847982,0.576372778909));
#453 = CARTESIAN_POINT('',(0.983376215396,0.595848700376));
#454 = CARTESIAN_POINT('',(0.983264175597,0.615643157736));
#455 = CARTESIAN_POINT('',(0.983112687992,0.635856979235));
#456 = CARTESIAN_POINT('',(0.982807683705,0.666804316275));
#457 = CARTESIAN_POINT('',(0.982694726409,0.677105272602));
#458 = CARTESIAN_POINT('',(0.982567424607,0.687555022019));
#459 = CARTESIAN_POINT('',(0.9824239189,0.698170686732));
#460 = CARTESIAN_POINT('',(0.982262079153,0.708968919682));
#461 = CARTESIAN_POINT('',(0.982079492617,0.719966519807));
#462 = CARTESIAN_POINT('',(0.981873469729,0.731181452056));
#463 = CARTESIAN_POINT('',(0.981567161799,0.74627636319));
#464 = CARTESIAN_POINT('',(0.98149059447,0.749942208481));
#465 = CARTESIAN_POINT('',(0.981411274289,0.75363234818));
#466 = CARTESIAN_POINT('',(0.981329109362,0.757347264486));
#467 = CARTESIAN_POINT('',(0.981244008191,0.7610873819));
#468 = CARTESIAN_POINT('',(0.98115588065,0.764853067472));
#469 = CARTESIAN_POINT('',(0.981064638973,0.768644631057));
#470 = CARTESIAN_POINT('',(0.980970198723,0.772462325565));
#471 = ( GEOMETRIC_REPRESENTATION_CONTEXT(2) 
PARAMETRIC_REPRESENTATION_CONTEXT() REPRESENTATION_CONTEXT('2D SPACE',''
  ) );
#472 = PCURVE('',#193,#473);
#473 = DEFINITIONAL_REPRESENTATION('',(#474),#561);
#474 = B_SPLINE_CURVE_WITH_KNOTS('',8,(#475,#476,#477,#478,#479,#480,
    #481,#482,#483,#484,#485,#486,#487,#488,#489,#490,#491,#492,#493,
    #494,#495,#496,#497,#498,#499,#500,#501,#502,#503,#504,#505,#506,
    #507,#508,#509,#510,#511,#512,#513,#514,#515,#516,#517,#518,#519,
    #520,#521,#522,#523,#524,#525,#526,#527,#528,#529,#530,#531,#532,
    #533,#534,#535,#536,#537,#538,#539,#540,#541,#542,#543,#544,#545,
    #546,#547,#548,#549,#550,#551,#552,#553,#554,#555,#556,#557,#558,
    #559,#560),.UNSPECIFIED.,.F.,.F.,(9,7,7,7,7,7,7,7,7,7,7,7,9),(0.,
    3.868885447366E-02,0.101137744032,0.140944573981,0.158674196591,
    0.18611801657,0.24006168011,0.384747561908,0.566469357669,
    0.626098128322,0.853376191228,0.964622696039,1.),.UNSPECIFIED.);
#475 = CARTESIAN_POINT('',(3.218511726534,-1.));
#476 = CARTESIAN_POINT('',(3.204082917944,-1.005969655908));
#477 = CARTESIAN_POINT('',(3.189679621986,-1.013179146862));
#478 = CARTESIAN_POINT('',(3.175309039595,-1.021678306665));
#479 = CARTESIAN_POINT('',(3.16097935002,-1.031517353616));
#480 = CARTESIAN_POINT('',(3.146699732883,-1.042745890574));
#481 = CARTESIAN_POINT('',(3.132480390241,-1.055411905014));
#482 = CARTESIAN_POINT('',(3.118332568646,-1.069560769098));
#483 = CARTESIAN_POINT('',(3.081567459382,-1.110533278676));
#484 = CARTESIAN_POINT('',(3.059079545335,-1.139810181683));
#485 = CARTESIAN_POINT('',(3.036863057463,-1.173235855621));
#486 = CARTESIAN_POINT('',(3.014978718012,-1.210952875667));
#487 = CARTESIAN_POINT('',(2.993489785526,-1.253065116557));
#488 = CARTESIAN_POINT('',(2.972461503568,-1.299622901406));
#489 = CARTESIAN_POINT('',(2.951959965735,-1.350603668093));
#490 = CARTESIAN_POINT('',(2.919359429581,-1.441128172924));
#491 = CARTESIAN_POINT('',(2.906907230774,-1.478121731617));
#492 = CARTESIAN_POINT('',(2.894710254212,-1.516840411384));
#493 = CARTESIAN_POINT('',(2.88278287694,-1.557245713463));
#494 = CARTESIAN_POINT('',(2.871137459686,-1.59928938425));
#495 = CARTESIAN_POINT('',(2.859784407199,-1.642913741304));
#496 = CARTESIAN_POINT('',(2.848732228572,-1.688051999341));
#497 = CARTESIAN_POINT('',(2.833202030565,-1.755373415322));
#498 = CARTESIAN_POINT('',(2.828477361553,-1.776404097269));
#499 = CARTESIAN_POINT('',(2.82381411354,-1.797714216799));
#500 = CARTESIAN_POINT('',(2.819212718153,-1.819297225537));
#501 = CARTESIAN_POINT('',(2.814673515653,-1.841146452016));
#502 = CARTESIAN_POINT('',(2.810196754939,-1.863255101681));
#503 = CARTESIAN_POINT('',(2.805782593542,-1.885616256885));
#504 = CARTESIAN_POINT('',(2.794695383453,-1.943215838862));
#505 = CARTESIAN_POINT('',(2.78810981073,-1.97879710028));
#506 = CARTESIAN_POINT('',(2.781674646203,-2.014940798791));
#507 = CARTESIAN_POINT('',(2.775389636866,-2.051620978349));
#508 = CARTESIAN_POINT('',(2.769254063275,-2.088811802772));
#509 = CARTESIAN_POINT('',(2.76326679285,-2.126487769311));
#510 = CARTESIAN_POINT('',(2.757426333175,-2.164623922201));
#511 = CARTESIAN_POINT('',(2.740535894083,-2.27901360042));
#512 = CARTESIAN_POINT('',(2.729901726863,-2.356511835668));
#513 = CARTESIAN_POINT('',(2.7198137811,-2.435512131677));
#514 = CARTESIAN_POINT('',(2.710253446181,-2.51584509206));
#515 = CARTESIAN_POINT('',(2.701199399236,-2.597354289492));
#516 = CARTESIAN_POINT('',(2.692628655941,-2.67989928997));
#517 = CARTESIAN_POINT('',(2.684517376317,-2.763357976181));
#518 = CARTESIAN_POINT('',(2.656253248172,-3.073654852219));
#519 = CARTESIAN_POINT('',(2.638822863828,-3.305232983742));
#520 = CARTESIAN_POINT('',(2.624038483178,-3.540726756716));
#521 = CARTESIAN_POINT('',(2.611474193621,-3.778846022906));
#522 = CARTESIAN_POINT('',(2.600771255832,-4.018644829668));
#523 = CARTESIAN_POINT('',(2.591630362252,-4.259519056544));
#524 = CARTESIAN_POINT('',(2.583806535897,-4.50120140566));
#525 = CARTESIAN_POINT('',(2.568673034093,-5.048389389081));
#526 = CARTESIAN_POINT('',(2.56201967176,-5.353961050386));
#527 = CARTESIAN_POINT('',(2.556743961286,-5.660130102643));
#528 = CARTESIAN_POINT('',(2.552571002254,-5.966651952541));
#529 = CARTESIAN_POINT('',(2.549299672928,-6.273360711678));
#530 = CARTESIAN_POINT('',(2.546782785823,-6.580163519968));
#531 = CARTESIAN_POINT('',(2.544919873021,-6.887038396334));
#532 = CARTESIAN_POINT('',(2.543232589788,-7.294765471696));
#533 = CARTESIAN_POINT('',(2.542879543149,-7.395505227981));
#534 = CARTESIAN_POINT('',(2.542588174537,-7.496249414531));
#535 = CARTESIAN_POINT('',(2.542356774576,-7.596997011401));
#536 = CARTESIAN_POINT('',(2.542184064937,-7.697747071422));
#537 = CARTESIAN_POINT('',(2.542069198337,-7.798498720198));
#538 = CARTESIAN_POINT('',(2.542011758542,-7.899251156102));
#539 = CARTESIAN_POINT('',(2.542011767303,-8.38402685687));
#540 = CARTESIAN_POINT('',(2.54284619078,-8.767924871069));
#541 = CARTESIAN_POINT('',(2.544513850902,-9.151800612823));
#542 = CARTESIAN_POINT('',(2.547105067181,-9.535655137904));
#543 = CARTESIAN_POINT('',(2.550795314831,-9.919387703064));
#544 = CARTESIAN_POINT('',(2.555874113004,-10.30278763));
#545 = CARTESIAN_POINT('',(2.562765530578,-10.68552972407));
#546 = CARTESIAN_POINT('',(2.576759381202,-11.25393412719));
#547 = CARTESIAN_POINT('',(2.581956146157,-11.44037970948));
#548 = CARTESIAN_POINT('',(2.58783157943,-11.62644684042));
#549 = CARTESIAN_POINT('',(2.594480736457,-11.81203134049));
#550 = CARTESIAN_POINT('',(2.60201465023,-11.99695761306));
#551 = CARTESIAN_POINT('',(2.610563332177,-12.18097647858));
#552 = CARTESIAN_POINT('',(2.620280266016,-12.36376211658));
#553 = CARTESIAN_POINT('',(2.634868150579,-12.6025140339));
#554 = CARTESIAN_POINT('',(2.638524263788,-12.65994931343));
#555 = CARTESIAN_POINT('',(2.642322471643,-12.71719909786));
#556 = CARTESIAN_POINT('',(2.646268717788,-12.77424643561));
#557 = CARTESIAN_POINT('',(2.650369140798,-12.8310723092));
#558 = CARTESIAN_POINT('',(2.654630062881,-12.88765566471));
#559 = CARTESIAN_POINT('',(2.659057978573,-12.94397344117));
#560 = CARTESIAN_POINT('',(2.663659543436,-13.0000006));
#561 = ( GEOMETRIC_REPRESENTATION_CONTEXT(2) 
PARAMETRIC_REPRESENTATION_CONTEXT() REPRESENTATION_CONTEXT('2D SPACE',''
  ) );
#562 = ORIENTED_EDGE('',*,*,#563,.F.);
#563 = EDGE_CURVE('',#564,#292,#566,.T.);
#564 = VERTEX_POINT('',#565);
#565 = CARTESIAN_POINT('',(-84.77076402826,-7.119264430377,18.));
#566 = SURFACE_CURVE('',#567,(#575,#586),.PCURVE_S1.);
#567 = B_SPLINE_CURVE_WITH_KNOTS('',6,(#568,#569,#570,#571,#572,#573,
    #574),.UNSPECIFIED.,.F.,.F.,(7,7),(0.,1.),.PIECEWISE_BEZIER_KNOTS.);
#568 = CARTESIAN_POINT('',(-82.03,-7.46,18.));
#569 = CARTESIAN_POINT('',(-82.75720555152,-7.44527117573,18.));
#570 = CARTESIAN_POINT('',(-83.4837958957,-7.384769180871,18.));
#571 = CARTESIAN_POINT('',(-84.20549985546,-7.276026177919,18.));
#572 = CARTESIAN_POINT('',(-84.9181123862,-7.118039386346,18.));
#573 = CARTESIAN_POINT('',(-85.61757286806,-6.91168693761,18.));
#574 = CARTESIAN_POINT('',(-86.3,-6.659953217562,18.));
#575 = PCURVE('',#46,#576);
#576 = DEFINITIONAL_REPRESENTATION('',(#577),#585);
#577 = B_SPLINE_CURVE_WITH_KNOTS('',6,(#578,#579,#580,#581,#582,#583,
    #584),.UNSPECIFIED.,.F.,.F.,(7,7),(0.,1.),.PIECEWISE_BEZIER_KNOTS.);
#578 = CARTESIAN_POINT('',(1.,0.772462284681));
#579 = CARTESIAN_POINT('',(0.996365539471,0.772462284681));
#580 = CARTESIAN_POINT('',(0.992624668028,0.772462284681));
#581 = CARTESIAN_POINT('',(0.988789232762,0.772462284681));
#582 = CARTESIAN_POINT('',(0.984873281341,0.772462284681));
#583 = CARTESIAN_POINT('',(0.980893791309,0.772462284681));
#584 = CARTESIAN_POINT('',(0.9768720453,0.772462284681));
#585 = ( GEOMETRIC_REPRESENTATION_CONTEXT(2) 
PARAMETRIC_REPRESENTATION_CONTEXT() REPRESENTATION_CONTEXT('2D SPACE',''
  ) );
#586 = PCURVE('',#587,#592);
#587 = PLANE('',#588);
#588 = AXIS2_PLACEMENT_3D('',#589,#590,#591);
#589 = CARTESIAN_POINT('',(-80.,-4.,18.));
#590 = DIRECTION('',(0.,0.,1.));
#591 = DIRECTION('',(1.,0.,-0.));
#592 = DEFINITIONAL_REPRESENTATION('',(#593),#601);
#593 = B_SPLINE_CURVE_WITH_KNOTS('',6,(#594,#595,#596,#597,#598,#599,
    #600),.UNSPECIFIED.,.F.,.F.,(7,7),(0.,1.),.PIECEWISE_BEZIER_KNOTS.);
#594 = CARTESIAN_POINT('',(-2.03,-3.46));
#595 = CARTESIAN_POINT('',(-2.75720555152,-3.44527117573));
#596 = CARTESIAN_POINT('',(-3.4837958957,-3.384769180871));
#597 = CARTESIAN_POINT('',(-4.20549985546,-3.276026177919));
#598 = CARTESIAN_POINT('',(-4.9181123862,-3.118039386346));
#599 = CARTESIAN_POINT('',(-5.61757286806,-2.91168693761));
#600 = CARTESIAN_POINT('',(-6.3,-2.659953217562));
#601 = ( GEOMETRIC_REPRESENTATION_CONTEXT(2) 
PARAMETRIC_REPRESENTATION_CONTEXT() REPRESENTATION_CONTEXT('2D SPACE',''
  ) );
#602 = ORIENTED_EDGE('',*,*,#603,.T.);
#603 = EDGE_CURVE('',#564,#604,#606,.T.);
#604 = VERTEX_POINT('',#605);
#605 = CARTESIAN_POINT('',(-85.69452076939,-3.750133621832,20.));
#606 = SURFACE_CURVE('',#607,(#646,#688),.PCURVE_S1.);
#607 = B_SPLINE_CURVE_WITH_KNOTS('',7,(#608,#609,#610,#611,#612,#613,
    #614,#615,#616,#617,#618,#619,#620,#621,#622,#623,#624,#625,#626,
    #627,#628,#629,#630,#631,#632,#633,#634,#635,#636,#637,#638,#639,
    #640,#641,#642,#643,#644,#645),.UNSPECIFIED.,.F.,.F.,(8,6,6,6,6,6,8)
  ,(0.,0.374568377878,0.528939791351,0.605207582222,0.654543643138,
    0.764337538365,1.),.UNSPECIFIED.);
#608 = CARTESIAN_POINT('',(-84.40469799342,-7.617821939615,15.9999994));
#609 = CARTESIAN_POINT('',(-84.43409197973,-7.582034763044,
    16.292117690473));
#610 = CARTESIAN_POINT('',(-84.46919190297,-7.53860954469,
    16.583138925397));
#611 = CARTESIAN_POINT('',(-84.51105572055,-7.485742156957,
    16.873172710781));
#612 = CARTESIAN_POINT('',(-84.56094743197,-7.421052190221,
    17.161680085231));
#613 = CARTESIAN_POINT('',(-84.62025873795,-7.341335756818,
    17.447447442794));
#614 = CARTESIAN_POINT('',(-84.69032614539,-7.242354910618,
    17.728585870147));
#615 = CARTESIAN_POINT('',(-84.80496941387,-7.066921890335,
    18.115418431856));
#616 = CARTESIAN_POINT('',(-84.84029648411,-7.011463052909,
    18.227024910418));
#617 = CARTESIAN_POINT('',(-84.87750169624,-6.951351871154,
    18.337125670093));
#618 = CARTESIAN_POINT('',(-84.91654982236,-6.886176666599,
    18.44544211578));
#619 = CARTESIAN_POINT('',(-84.95733908744,-6.815516763866,18.5516388223
    ));
#620 = CARTESIAN_POINT('',(-84.99968121549,-6.738967415318,
    18.655335231315));
#621 = CARTESIAN_POINT('',(-85.06482471785,-6.615279625486,
    18.805916313848));
#622 = CARTESIAN_POINT('',(-85.08667281887,-6.572858017321,
    18.854997912811));
#623 = CARTESIAN_POINT('',(-85.10879125018,-6.528875966392,
    18.903315764833));
#624 = CARTESIAN_POINT('',(-85.13113715944,-6.483297764568,
    18.950816422066));
#625 = CARTESIAN_POINT('',(-85.1536609102,-6.436093670289,
    18.997445053126));
#626 = CARTESIAN_POINT('',(-85.17630603809,-6.387241660254,
    19.043146326142));
#627 = CARTESIAN_POINT('',(-85.21369541867,-6.304053700151,
    19.116793068363));
#628 = CARTESIAN_POINT('',(-85.22840600826,-6.270683414306,
    19.145309922719));
#629 = CARTESIAN_POINT('',(-85.24312373682,-6.23661478513,
    19.173400799649));
#630 = CARTESIAN_POINT('',(-85.25783039513,-6.201846083942,
    19.201051035388));
#631 = CARTESIAN_POINT('',(-85.27250680375,-6.166377391824,
    19.22824635762));
#632 = CARTESIAN_POINT('',(-85.28713281296,-6.130210599619,
    19.254972885478));
#633 = CARTESIAN_POINT('',(-85.33407728484,-6.011317447071,
    19.339621828453));
#634 = CARTESIAN_POINT('',(-85.36611595631,-5.925839858923,
    19.395643375425));
#635 = CARTESIAN_POINT('',(-85.39756823582,-5.836969023809,
    19.449126184203));
#636 = CARTESIAN_POINT('',(-85.42818397289,-5.744796396341,
    19.499941317314));
#637 = CARTESIAN_POINT('',(-85.45770694438,-5.64945627476,
    19.547987174627));
#638 = CARTESIAN_POINT('',(-85.48588385086,-5.551129570293,
    19.593190181918));
#639 = CARTESIAN_POINT('',(-85.56954513897,-5.233084407116,
    19.72633135963));
#640 = CARTESIAN_POINT('',(-85.61933318739,-5.003317211394,
    19.803899350004));
#641 = CARTESIAN_POINT('',(-85.65940436201,-4.763150760694,
    19.867679257839));
#642 = CARTESIAN_POINT('',(-85.68785985165,-4.515216475885,
    19.918174492613));
#643 = CARTESIAN_POINT('',(-85.70351135172,-4.262126268051,
    19.956304033136));
#644 = CARTESIAN_POINT('',(-85.70576296947,-4.006346331798,
    19.983180955318));
#645 = CARTESIAN_POINT('',(-85.69452076939,-3.750133621832,20.));
#646 = PCURVE('',#46,#647);
#647 = DEFINITIONAL_REPRESENTATION('',(#648),#687);
#648 = B_SPLINE_CURVE_WITH_KNOTS('',7,(#649,#650,#651,#652,#653,#654,
    #655,#656,#657,#658,#659,#660,#661,#662,#663,#664,#665,#666,#667,
    #668,#669,#670,#671,#672,#673,#674,#675,#676,#677,#678,#679,#680,
    #681,#682,#683,#684,#685,#686),.UNSPECIFIED.,.F.,.F.,(8,6,6,6,6,6,8)
  ,(0.,0.374568377878,0.528939791351,0.605207582222,0.654543643138,
    0.764337538365,1.),.UNSPECIFIED.);
#649 = CARTESIAN_POINT('',(0.987789723139,0.652986950668));
#650 = CARTESIAN_POINT('',(0.98762093476,0.66881932114));
#651 = CARTESIAN_POINT('',(0.987418237607,0.684952379824));
#652 = CARTESIAN_POINT('',(0.987174707705,0.701469032161));
#653 = CARTESIAN_POINT('',(0.986881682799,0.718437267518));
#654 = CARTESIAN_POINT('',(0.986528712637,0.735916636499));
#655 = CARTESIAN_POINT('',(0.986103769354,0.753959298102));
#656 = CARTESIAN_POINT('',(0.985386531367,0.780330592551));
#657 = CARTESIAN_POINT('',(0.985163237456,0.78812985502));
#658 = CARTESIAN_POINT('',(0.984925306179,0.796033975422));
#659 = CARTESIAN_POINT('',(0.984672215743,0.804042048944));
#660 = CARTESIAN_POINT('',(0.984403691185,0.812150141658));
#661 = CARTESIAN_POINT('',(0.984119832781,0.820351064839));
#662 = CARTESIAN_POINT('',(0.983673769905,0.832726176266));
#663 = CARTESIAN_POINT('',(0.983522684682,0.836838194824));
#664 = CARTESIAN_POINT('',(0.983368100962,0.840968551936));
#665 = CARTESIAN_POINT('',(0.983210136268,0.845115491746));
#666 = CARTESIAN_POINT('',(0.983048946888,0.849276971667));
#667 = CARTESIAN_POINT('',(0.982884731726,0.85345065436));
#668 = CARTESIAN_POINT('',(0.982609710165,0.86033995484));
#669 = CARTESIAN_POINT('',(0.982500520459,0.863050017987));
#670 = CARTESIAN_POINT('',(0.982390233466,0.865763368787));
#671 = CARTESIAN_POINT('',(0.982278923293,0.8684792474));
#672 = CARTESIAN_POINT('',(0.982166671723,0.871196854503));
#673 = CARTESIAN_POINT('',(0.982053568211,0.873915351292));
#674 = CARTESIAN_POINT('',(0.9816863263,0.882683706145));
#675 = CARTESIAN_POINT('',(0.98142918362,0.888734137673));
#676 = CARTESIAN_POINT('',(0.981169380091,0.894774691532));
#677 = CARTESIAN_POINT('',(0.98090816664,0.900795095929));
#678 = CARTESIAN_POINT('',(0.980646921848,0.906785187355));
#679 = CARTESIAN_POINT('',(0.980387126904,0.912734828131));
#680 = CARTESIAN_POINT('',(0.979579172429,0.931295473966));
#681 = CARTESIAN_POINT('',(0.979041580756,0.9437302089));
#682 = CARTESIAN_POINT('',(0.978533331588,0.95582822946));
#683 = CARTESIAN_POINT('',(0.978069381166,0.967530869563));
#684 = CARTESIAN_POINT('',(0.977662874284,0.978805109404));
#685 = CARTESIAN_POINT('',(0.977325200067,0.989631718201));
#686 = CARTESIAN_POINT('',(0.977065758945,1.));
#687 = ( GEOMETRIC_REPRESENTATION_CONTEXT(2) 
PARAMETRIC_REPRESENTATION_CONTEXT() REPRESENTATION_CONTEXT('2D SPACE',''
  ) );
#688 = PCURVE('',#689,#694);
#689 = CYLINDRICAL_SURFACE('',#690,5.7);
#690 = AXIS2_PLACEMENT_3D('',#691,#692,#693);
#691 = CARTESIAN_POINT('',(-80.,-4.,16.));
#692 = DIRECTION('',(-0.,-0.,-1.));
#693 = DIRECTION('',(1.,0.,0.));
#694 = DEFINITIONAL_REPRESENTATION('',(#695),#734);
#695 = B_SPLINE_CURVE_WITH_KNOTS('',7,(#696,#697,#698,#699,#700,#701,
    #702,#703,#704,#705,#706,#707,#708,#709,#710,#711,#712,#713,#714,
    #715,#716,#717,#718,#719,#720,#721,#722,#723,#724,#725,#726,#727,
    #728,#729,#730,#731,#732,#733),.UNSPECIFIED.,.F.,.F.,(8,6,6,6,6,6,8)
  ,(0.,0.374568377878,0.528939791351,0.605207582222,0.654543643138,
    0.764337538365,1.),.UNSPECIFIED.);
#696 = CARTESIAN_POINT('',(2.453965163776,6.000000292161E-07));
#697 = CARTESIAN_POINT('',(2.462089937966,-0.292117690473));
#698 = CARTESIAN_POINT('',(2.471885506689,-0.583138925396));
#699 = CARTESIAN_POINT('',(2.48371562701,-0.873172710781));
#700 = CARTESIAN_POINT('',(2.498044569428,-1.161680085231));
#701 = CARTESIAN_POINT('',(2.515472391455,-1.447447442795));
#702 = CARTESIAN_POINT('',(2.536733375919,-1.728585870147));
#703 = CARTESIAN_POINT('',(2.573500142504,-2.115418431856));
#704 = CARTESIAN_POINT('',(2.585035276709,-2.227024910418));
#705 = CARTESIAN_POINT('',(2.59743593043,-2.337125670093));
#706 = CARTESIAN_POINT('',(2.610762550229,-2.44544211578));
#707 = CARTESIAN_POINT('',(2.625072689012,-2.5516388223));
#708 = CARTESIAN_POINT('',(2.640416744084,-2.655335231315));
#709 = CARTESIAN_POINT('',(2.664941996461,-2.805916313848));
#710 = CARTESIAN_POINT('',(2.673313085992,-2.854997912811));
#711 = CARTESIAN_POINT('',(2.681949366856,-2.903315764833));
#712 = CARTESIAN_POINT('',(2.69085400369,-2.950816422066));
#713 = CARTESIAN_POINT('',(2.700028984389,-2.997445053126));
#714 = CARTESIAN_POINT('',(2.709474892979,-3.043146326142));
#715 = CARTESIAN_POINT('',(2.725475626348,-3.116793068363));
#716 = CARTESIAN_POINT('',(2.731873507341,-3.145309922719));
#717 = CARTESIAN_POINT('',(2.73838405226,-3.173400799649));
#718 = CARTESIAN_POINT('',(2.745006700886,-3.201051035388));
#719 = CARTESIAN_POINT('',(2.751740605992,-3.22824635762));
#720 = CARTESIAN_POINT('',(2.758584633346,-3.254972885478));
#721 = CARTESIAN_POINT('',(2.781010164269,-3.339621828453));
#722 = CARTESIAN_POINT('',(2.797022612663,-3.395643375425));
#723 = CARTESIAN_POINT('',(2.813556962466,-3.449126184203));
#724 = CARTESIAN_POINT('',(2.830590238063,-3.499941317314));
#725 = CARTESIAN_POINT('',(2.848094037385,-3.547987174627));
#726 = CARTESIAN_POINT('',(2.866034336636,-3.593190181918));
#727 = CARTESIAN_POINT('',(2.923729883648,-3.72633135963));
#728 = CARTESIAN_POINT('',(2.964935825813,-3.803899350004));
#729 = CARTESIAN_POINT('',(3.007571993197,-3.867679257839));
#730 = CARTESIAN_POINT('',(3.051249250834,-3.918174492613));
#731 = CARTESIAN_POINT('',(3.095636861855,-3.956304033136));
#732 = CARTESIAN_POINT('',(3.140450063363,-3.983180955318));
#733 = CARTESIAN_POINT('',(3.185442911811,-4.));
#734 = ( GEOMETRIC_REPRESENTATION_CONTEXT(2) 
PARAMETRIC_REPRESENTATION_CONTEXT() REPRESENTATION_CONTEXT('2D SPACE',''
  ) );
#735 = ORIENTED_EDGE('',*,*,#736,.F.);
#736 = EDGE_CURVE('',#737,#604,#739,.T.);
#737 = VERTEX_POINT('',#738);
#738 = CARTESIAN_POINT('',(-74.77197787455,-1.728924339464,20.));
#739 = SURFACE_CURVE('',#740,(#766,#773),.PCURVE_S1.);
#740 = B_SPLINE_CURVE_WITH_KNOTS('',3,(#741,#742,#743,#744,#745,#746,
    #747,#748,#749,#750,#751,#752,#753,#754,#755,#756,#757,#758,#759,
    #760,#761,#762,#763,#764,#765),.UNSPECIFIED.,.T.,.F.,(1,3,1,1,1,1,1,
    1,1,1,1,1,1,1,1,1,1,1,1,1,1,1,1,3,1),(-8.4977881934E-02,0.,
    5.995935277296E-02,0.122201268057,0.183691744343,0.256063864228,
    0.291710608455,0.316607374569,0.344994055456,0.373380736344,
    0.396999882531,0.425386563419,0.461033307646,0.496242651943,
    0.53145199624,0.567098740467,0.590717886655,0.610790301206,
    0.663604317652,0.722783255126,0.7795566169,0.852780202781,
    0.915022118066,1.,1.059959352773),.UNSPECIFIED.);
#741 = CARTESIAN_POINT('',(-82.2,-4.4,20.));
#742 = CARTESIAN_POINT('',(-78.90184423085,-4.466800860686,20.));
#743 = CARTESIAN_POINT('',(-73.46879252921,-1.895536372567,20.));
#744 = CARTESIAN_POINT('',(-69.23378251676,6.612256478564,20.));
#745 = CARTESIAN_POINT('',(-70.8728410247,16.652868403516,20.));
#746 = CARTESIAN_POINT('',(-73.59852586897,22.356861635933,20.));
#747 = CARTESIAN_POINT('',(-77.95868678838,31.235407281071,20.));
#748 = CARTESIAN_POINT('',(-80.40423017128,25.508768390939,20.));
#749 = CARTESIAN_POINT('',(-79.08187942445,22.1206053601,20.));
#750 = CARTESIAN_POINT('',(-77.31644179031,18.10232471745,20.));
#751 = CARTESIAN_POINT('',(-80.67852090574,14.789530560972,20.));
#752 = CARTESIAN_POINT('',(-85.33180840787,16.19479284414,20.));
#753 = CARTESIAN_POINT('',(-87.86866215845,20.322137910664,20.));
#754 = CARTESIAN_POINT('',(-90.10769330436,25.086147093774,20.));
#755 = CARTESIAN_POINT('',(-88.08298150756,30.536102466333,20.));
#756 = CARTESIAN_POINT('',(-84.70638236945,32.617022834499,20.));
#757 = CARTESIAN_POINT('',(-80.10751424984,35.541468956582,20.));
#758 = CARTESIAN_POINT('',(-85.83635969973,38.552979047411,20.));
#759 = CARTESIAN_POINT('',(-91.46082909415,34.760001143193,20.));
#760 = CARTESIAN_POINT('',(-97.36253391686,28.945300874835,20.));
#761 = CARTESIAN_POINT('',(-98.67500075901,19.531087829201,20.));
#762 = CARTESIAN_POINT('',(-97.21077709277,10.354263924888,20.));
#763 = CARTESIAN_POINT('',(-92.59580919711,0.777680433806,20.));
#764 = CARTESIAN_POINT('',(-86.87433817394,-4.305325935155,20.));
#765 = CARTESIAN_POINT('',(-82.2,-4.4,20.));
#766 = PCURVE('',#46,#767);
#767 = DEFINITIONAL_REPRESENTATION('',(#768),#772);
#768 = LINE('',#769,#770);
#769 = CARTESIAN_POINT('',(0.,1.));
#770 = VECTOR('',#771,1.);
#771 = DIRECTION('',(1.,0.));
#772 = ( GEOMETRIC_REPRESENTATION_CONTEXT(2) 
PARAMETRIC_REPRESENTATION_CONTEXT() REPRESENTATION_CONTEXT('2D SPACE',''
  ) );
#773 = PCURVE('',#774,#779);
#774 = PLANE('',#775);
#775 = AXIS2_PLACEMENT_3D('',#776,#777,#778);
#776 = CARTESIAN_POINT('',(-82.2,-4.4,20.));
#777 = DIRECTION('',(0.,0.,1.));
#778 = DIRECTION('',(-9.067122413966E-02,0.995880880986,0.));
#779 = DEFINITIONAL_REPRESENTATION('',(#780),#806);
#780 = B_SPLINE_CURVE_WITH_KNOTS('',3,(#781,#782,#783,#784,#785,#786,
    #787,#788,#789,#790,#791,#792,#793,#794,#795,#796,#797,#798,#799,
    #800,#801,#802,#803,#804,#805),.UNSPECIFIED.,.T.,.F.,(1,3,1,1,1,1,1,
    1,1,1,1,1,1,1,1,1,1,1,1,1,1,1,1,3,1),(-8.4977881934E-02,0.,
    5.995935277296E-02,0.122201268057,0.183691744343,0.256063864228,
    0.291710608455,0.316607374569,0.344994055456,0.373380736344,
    0.396999882531,0.425386563419,0.461033307646,0.496242651943,
    0.53145199624,0.567098740467,0.590717886655,0.610790301206,
    0.663604317652,0.722783255126,0.7795566169,0.852780202781,
    0.915022118066,1.,1.059959352773),.UNSPECIFIED.);
#781 = CARTESIAN_POINT('',(0.,0.));
#782 = CARTESIAN_POINT('',(-0.365573520983,-3.278513357197));
#783 = CARTESIAN_POINT('',(1.702478174091,-8.922325370993));
#784 = CARTESIAN_POINT('',(9.791232871847,-13.91130286571));
#785 = CARTESIAN_POINT('',(19.939101762656,-13.18939040918));
#786 = CARTESIAN_POINT('',(25.866740749541,-10.99212103405));
#787 = CARTESIAN_POINT('',(35.104055736503,-7.454948738615));
#788 = CARTESIAN_POINT('',(29.622745965725,-4.500237481589));
#789 = CARTESIAN_POINT('',(26.128640020692,-5.509932418724));
#790 = CARTESIAN_POINT('',(21.966836762812,-6.903755580331));
#791 = CARTESIAN_POINT('',(18.972532228785,-3.255150167422));
#792 = CARTESIAN_POINT('',(20.793925343454,1.251553038227));
#793 = CARTESIAN_POINT('',(25.134289019465,3.403725756659));
#794 = CARTESIAN_POINT('',(30.081690376651,5.201575522357));
#795 = CARTESIAN_POINT('',(35.325613637263,2.691049629281));
#796 = CARTESIAN_POINT('',(37.091802069492,-0.860320492235));
#797 = CARTESIAN_POINT('',(39.587217047885,-5.705408436549));
#798 = CARTESIAN_POINT('',(43.105763800086,-0.273218089326));
#799 = CARTESIAN_POINT('',(39.838387148402,5.671997395977));
#800 = CARTESIAN_POINT('',(34.582753123267,12.076618385473));
#801 = CARTESIAN_POINT('',(25.326321316814,14.237277241657));
#802 = CARTESIAN_POINT('',(16.054534890103,13.61115874408));
#803 = CARTESIAN_POINT('',(6.098953697706,9.883520998641));
#804 = CARTESIAN_POINT('',(0.518112055378,4.646499805335));
#805 = CARTESIAN_POINT('',(0.,0.));
#806 = ( GEOMETRIC_REPRESENTATION_CONTEXT(2) 
PARAMETRIC_REPRESENTATION_CONTEXT() REPRESENTATION_CONTEXT('2D SPACE',''
  ) );
#807 = ORIENTED_EDGE('',*,*,#808,.F.);
#808 = EDGE_CURVE('',#809,#737,#811,.T.);
#809 = VERTEX_POINT('',#810);
#810 = CARTESIAN_POINT('',(-74.37105627037,-3.102786360884,
    19.751205257198));
#811 = SURFACE_CURVE('',#812,(#827,#839),.PCURVE_S1.);
#812 = B_SPLINE_CURVE_WITH_KNOTS('',7,(#813,#814,#815,#816,#817,#818,
    #819,#820,#821,#822,#823,#824,#825,#826),.UNSPECIFIED.,.F.,.F.,(8,6,
    8),(0.,0.246671252934,1.),.UNSPECIFIED.);
#813 = CARTESIAN_POINT('',(-74.3,-4.,19.35951777169));
#814 = CARTESIAN_POINT('',(-74.3,-3.930761378275,19.400191803271));
#815 = CARTESIAN_POINT('',(-74.30098123439,-3.859940739929,
    19.439480689056));
#816 = CARTESIAN_POINT('',(-74.3030243796,-3.787610196776,19.47733461923
    ));
#817 = CARTESIAN_POINT('',(-74.30620788816,-3.713853194181,
    19.513712566672));
#818 = CARTESIAN_POINT('',(-74.31060604775,-3.638764246495,
    19.548582097805));
#819 = CARTESIAN_POINT('',(-74.31628704012,-3.562448672502,
    19.581919183448));
#820 = CARTESIAN_POINT('',(-74.34476202455,-3.248563934342,
    19.710790407158));
#821 = CARTESIAN_POINT('',(-74.37874709671,-3.001649797586,
    19.793471900122));
#822 = CARTESIAN_POINT('',(-74.426976014,-2.74779981259,19.861182536455)
  );
#823 = CARTESIAN_POINT('',(-74.49046544379,-2.490569457536,
    19.914543615478));
#824 = CARTESIAN_POINT('',(-74.56944500546,-2.233194465793,
    19.954616136702));
#825 = CARTESIAN_POINT('',(-74.66355639703,-1.978510865018,
    19.982658235385));
#826 = CARTESIAN_POINT('',(-74.77197787455,-1.728924339464,20.));
#827 = PCURVE('',#46,#828);
#828 = DEFINITIONAL_REPRESENTATION('',(#829),#838);
#829 = B_SPLINE_CURVE_WITH_KNOTS('',7,(#830,#831,#832,#833,#834,#835,
    #836,#837),.UNSPECIFIED.,.F.,.F.,(8,8),(0.4162139161,1.),
  .PIECEWISE_BEZIER_KNOTS.);
#830 = CARTESIAN_POINT('',(5.152257903817E-02,0.936104324007));
#831 = CARTESIAN_POINT('',(5.204064100859E-02,0.946001155598));
#832 = CARTESIAN_POINT('',(5.25402071485E-02,0.955680877778));
#833 = CARTESIAN_POINT('',(5.301307679525E-02,0.965108608088));
#834 = CARTESIAN_POINT('',(5.345169856876E-02,0.974264176653));
#835 = CARTESIAN_POINT('',(5.384933813041E-02,0.983135527332));
#836 = CARTESIAN_POINT('',(5.42000100248E-02,0.99171546853));
#837 = CARTESIAN_POINT('',(5.449852277971E-02,1.));
#838 = ( GEOMETRIC_REPRESENTATION_CONTEXT(2) 
PARAMETRIC_REPRESENTATION_CONTEXT() REPRESENTATION_CONTEXT('2D SPACE',''
  ) );
#839 = PCURVE('',#689,#840);
#840 = DEFINITIONAL_REPRESENTATION('',(#841),#856);
#841 = B_SPLINE_CURVE_WITH_KNOTS('',7,(#842,#843,#844,#845,#846,#847,
    #848,#849,#850,#851,#852,#853,#854,#855),.UNSPECIFIED.,.F.,.F.,(8,6,
    8),(0.,0.246671252934,1.),.UNSPECIFIED.);
#842 = CARTESIAN_POINT('',(6.28318530718,-3.35951777169));
#843 = CARTESIAN_POINT('',(6.271038180561,-3.400191803271));
#844 = CARTESIAN_POINT('',(6.258613502978,-3.439480689056));
#845 = CARTESIAN_POINT('',(6.245921014077,-3.47733461923));
#846 = CARTESIAN_POINT('',(6.232971805045,-3.513712566672));
#847 = CARTESIAN_POINT('',(6.219778315813,-3.548582097805));
#848 = CARTESIAN_POINT('',(6.206354332256,-3.581919183448));
#849 = CARTESIAN_POINT('',(6.151060702788,-3.710790407158));
#850 = CARTESIAN_POINT('',(6.107380893641,-3.793471900122));
#851 = CARTESIAN_POINT('',(6.062145566389,-3.861182536455));
#852 = CARTESIAN_POINT('',(6.015789518103,-3.914543615478));
#853 = CARTESIAN_POINT('',(5.968676267505,-3.954616136702));
#854 = CARTESIAN_POINT('',(5.92111625886,-3.982658235385));
#855 = CARTESIAN_POINT('',(5.873376115539,-4.));
#856 = ( GEOMETRIC_REPRESENTATION_CONTEXT(2) 
PARAMETRIC_REPRESENTATION_CONTEXT() REPRESENTATION_CONTEXT('2D SPACE',''
  ) );
#857 = ORIENTED_EDGE('',*,*,#858,.T.);
#858 = EDGE_CURVE('',#809,#859,#861,.T.);
#859 = VERTEX_POINT('',#860);
#860 = CARTESIAN_POINT('',(-73.90041626282,-5.576413095351,
    12.115478513879));
#861 = SURFACE_CURVE('',#862,(#935,#1011),.PCURVE_S1.);
#862 = B_SPLINE_CURVE_WITH_KNOTS('',8,(#863,#864,#865,#866,#867,#868,
    #869,#870,#871,#872,#873,#874,#875,#876,#877,#878,#879,#880,#881,
    #882,#883,#884,#885,#886,#887,#888,#889,#890,#891,#892,#893,#894,
    #895,#896,#897,#898,#899,#900,#901,#902,#903,#904,#905,#906,#907,
    #908,#909,#910,#911,#912,#913,#914,#915,#916,#917,#918,#919,#920,
    #921,#922,#923,#924,#925,#926,#927,#928,#929,#930,#931,#932,#933,
    #934),.UNSPECIFIED.,.F.,.F.,(9,7,7,7,7,7,7,7,7,7,9),(0.,
    0.186442654449,0.232366627654,0.256729316682,0.305975714366,
    0.351495737894,0.37582191163,0.428990617545,0.592142780487,
    0.765874554573,1.),.UNSPECIFIED.);
#863 = CARTESIAN_POINT('',(-75.77821642276,-2.509505393552,20.));
#864 = CARTESIAN_POINT('',(-75.53627750098,-2.630397263629,
    19.984335209702));
#865 = CARTESIAN_POINT('',(-75.2911887694,-2.745848228629,
    19.959864569664));
#866 = CARTESIAN_POINT('',(-75.04223195081,-2.855610297604,
    19.925057193892));
#867 = CARTESIAN_POINT('',(-74.78917949478,-2.959053311216,
    19.877882716585));
#868 = CARTESIAN_POINT('',(-74.53232857932,-3.055215671903,
    19.815724178601));
#869 = CARTESIAN_POINT('',(-74.27260242458,-3.142952583639,
    19.735170975593));
#870 = CARTESIAN_POINT('',(-74.01162676583,-3.221047742581,
    19.63181264301));
#871 = CARTESIAN_POINT('',(-73.68821910185,-3.30551467239,
    19.466866650077));
#872 = CARTESIAN_POINT('',(-73.62443342226,-3.321571375319,
    19.432529404835));
#873 = CARTESIAN_POINT('',(-73.56083548374,-3.336978220976,
    19.396374380097));
#874 = CARTESIAN_POINT('',(-73.49749287828,-3.351723342632,
    19.358320872767));
#875 = CARTESIAN_POINT('',(-73.43448404384,-3.365797211117,
    19.318289778058));
#876 = CARTESIAN_POINT('',(-73.37189799435,-3.379193971376,
    19.276206117081));
#877 = CARTESIAN_POINT('',(-73.30983404962,-3.391912779021,
    19.232001564433));
#878 = CARTESIAN_POINT('',(-73.21581160406,-3.410349735309,
    19.161009930062));
#879 = CARTESIAN_POINT('',(-73.18339972039,-3.416551014188,
    19.135789690221));
#880 = CARTESIAN_POINT('',(-73.15118251092,-3.422563734351,
    19.109947799013));
#881 = CARTESIAN_POINT('',(-73.11917739781,-3.428389168696,
    19.083476665748));
#882 = CARTESIAN_POINT('',(-73.08740255351,-3.4340291496,19.056369761144
    ));
#883 = CARTESIAN_POINT('',(-73.05587682565,-3.439486116331,
    19.028621812158));
#884 = CARTESIAN_POINT('',(-73.02461966171,-3.444763162451,
    19.00022899683));
#885 = CARTESIAN_POINT('',(-72.93105148425,-3.460175012891,
    18.912488378287));
#886 = CARTESIAN_POINT('',(-72.86962346528,-3.469767803172,
    18.851136827068));
#887 = CARTESIAN_POINT('',(-72.80954092385,-3.478671083546,
    18.787123733709));
#888 = CARTESIAN_POINT('',(-72.75097760536,-3.48692848265,
    18.720460624221));
#889 = CARTESIAN_POINT('',(-72.69410351184,-3.494597092479,
    18.651185459721));
#890 = CARTESIAN_POINT('',(-72.63908136013,-3.501745932587,
    18.579366793784));
#891 = CARTESIAN_POINT('',(-72.58606303993,-3.508454414284,
    18.505107929794));
#892 = CARTESIAN_POINT('',(-72.48815886009,-3.520686220325,
    18.357787127118));
#893 = CARTESIAN_POINT('',(-72.44295430829,-3.526261326832,
    18.285049564743));
#894 = CARTESIAN_POINT('',(-72.39968061585,-3.531605342555,
    18.210447449801));
#895 = CARTESIAN_POINT('',(-72.358424184,-3.536793726516,18.134101168534
    ));
#896 = CARTESIAN_POINT('',(-72.31925124574,-3.541905583662,
    18.056140506255));
#897 = CARTESIAN_POINT('',(-72.28220949568,-3.547021069959,
    17.976702718815));
#898 = CARTESIAN_POINT('',(-72.24732971989,-3.552218797487,
    17.895930604064));
#899 = CARTESIAN_POINT('',(-72.19715112338,-3.560434685496,
    17.770170641042));
#900 = CARTESIAN_POINT('',(-72.18029597766,-3.563341027568,
    17.726029632805));
#901 = CARTESIAN_POINT('',(-72.16406400558,-3.56630376951,
    17.681568711715));
#902 = CARTESIAN_POINT('',(-72.14845587264,-3.569334144215,
    17.636808712529));
#903 = CARTESIAN_POINT('',(-72.13347103738,-3.572443065862,
    17.591770063387));
#904 = CARTESIAN_POINT('',(-72.11910789608,-3.575641082075,
    17.546472707556));
#905 = CARTESIAN_POINT('',(-72.1053639274,-3.578938326074,
    17.500936025172));
#906 = CARTESIAN_POINT('',(-72.06354231622,-3.589789133348,
    17.355168993135));
#907 = CARTESIAN_POINT('',(-72.03779202676,-3.597753734739,
    17.254109344313));
#908 = CARTESIAN_POINT('',(-72.01494850197,-3.606339769497,
    17.152190364882));
#909 = CARTESIAN_POINT('',(-71.99495902459,-3.615638476195,
    17.049589883181));
#910 = CARTESIAN_POINT('',(-71.97776050329,-3.625729990169,
    16.946471439047));
#911 = CARTESIAN_POINT('',(-71.9632842455,-3.636683387394,
    16.842983125411));
#912 = CARTESIAN_POINT('',(-71.95145962678,-3.648557617539,
    16.739256831988));
#913 = CARTESIAN_POINT('',(-71.91385390895,-3.700821346956,
    16.316739624752));
#914 = CARTESIAN_POINT('',(-71.90983517112,-3.749338818727,
    15.997302738737));
#915 = CARTESIAN_POINT('',(-71.92798757354,-3.808446148774,
    15.679899002871));
#916 = CARTESIAN_POINT('',(-71.96656793924,-3.87880841413,
    15.366963614015));
#917 = CARTESIAN_POINT('',(-72.02419375929,-3.960476619595,
    15.060580631787));
#918 = CARTESIAN_POINT('',(-72.09977105499,-4.053061038431,
    14.762498916065));
#919 = CARTESIAN_POINT('',(-72.19244621386,-4.155883299271,
    14.474152162092));
#920 = CARTESIAN_POINT('',(-72.41785021833,-4.387642713082,
    13.901228828041));
#921 = CARTESIAN_POINT('',(-72.55271680059,-4.517768984646,
    13.618286907522));
#922 = CARTESIAN_POINT('',(-72.70527025897,-4.65732295607,
    13.349633126387));
#923 = CARTESIAN_POINT('',(-72.87464690942,-4.804760723534,
    13.096816492623));
#924 = CARTESIAN_POINT('',(-73.05994024162,-4.958307056993,
    12.861115137672));
#925 = CARTESIAN_POINT('',(-73.26012058537,-5.116081298053,
    12.643517510653));
#926 = CARTESIAN_POINT('',(-73.47398123354,-5.27620132709,
    12.444717198871));
#927 = CARTESIAN_POINT('',(-74.00482420964,-5.653345744466,
    12.023057714247));
#928 = CARTESIAN_POINT('',(-74.33184008208,-5.870823061458,
    11.815835400732));
#929 = CARTESIAN_POINT('',(-74.67769798504,-6.084854239069,
    11.644392399179));
#930 = CARTESIAN_POINT('',(-75.03883420703,-6.291644627782,
    11.508234111078));
#931 = CARTESIAN_POINT('',(-75.41171574118,-6.48833060601,
    11.406015747114));
#932 = CARTESIAN_POINT('',(-75.79299169269,-6.672842684678,
    11.335899882603));
#933 = CARTESIAN_POINT('',(-76.17959247094,-6.843814596924,
    11.295777661815));
#934 = CARTESIAN_POINT('',(-76.5688247301,-7.000472789667,11.28349049288
    ));
#935 = PCURVE('',#46,#936);
#936 = DEFINITIONAL_REPRESENTATION('',(#937),#1010);
#937 = B_SPLINE_CURVE_WITH_KNOTS('',8,(#938,#939,#940,#941,#942,#943,
    #944,#945,#946,#947,#948,#949,#950,#951,#952,#953,#954,#955,#956,
    #957,#958,#959,#960,#961,#962,#963,#964,#965,#966,#967,#968,#969,
    #970,#971,#972,#973,#974,#975,#976,#977,#978,#979,#980,#981,#982,
    #983,#984,#985,#986,#987,#988,#989,#990,#991,#992,#993,#994,#995,
    #996,#997,#998,#999,#1000,#1001,#1002,#1003,#1004,#1005,#1006,#1007,
    #1008,#1009),.UNSPECIFIED.,.F.,.F.,(9,7,7,7,7,7,7,7,7,7,9),(0.,
    0.186442654449,0.232366627654,0.256729316682,0.305975714366,
    0.351495737894,0.37582191163,0.428990617545,0.592142780487,
    0.765874554573,1.),.UNSPECIFIED.);
#938 = CARTESIAN_POINT('',(4.554004903764E-02,1.));
#939 = CARTESIAN_POINT('',(4.659200054571E-02,0.990343270786));
#940 = CARTESIAN_POINT('',(4.764437835885E-02,0.980137414348));
#941 = CARTESIAN_POINT('',(4.870273857152E-02,0.969283541388));
#942 = CARTESIAN_POINT('',(4.977030862954E-02,0.957674902277));
#943 = CARTESIAN_POINT('',(5.084833770485E-02,0.945194222139));
#944 = CARTESIAN_POINT('',(5.19356787534E-02,0.93170536916));
#945 = CARTESIAN_POINT('',(5.302866176164E-02,0.917046429846));
#946 = CARTESIAN_POINT('',(5.438600616353E-02,0.897045252679));
#947 = CARTESIAN_POINT('',(5.465385679854E-02,0.893010547527));
#948 = CARTESIAN_POINT('',(5.492108936356E-02,0.888892007935));
#949 = CARTESIAN_POINT('',(5.518744405428E-02,0.884687880223));
#950 = CARTESIAN_POINT('',(5.545260863712E-02,0.880396844164));
#951 = CARTESIAN_POINT('',(5.57162170178E-02,0.876018121426));
#952 = CARTESIAN_POINT('',(5.597784780983E-02,0.871551584007));
#953 = CARTESIAN_POINT('',(5.637451540987E-02,0.864582111395));
#954 = CARTESIAN_POINT('',(5.65113152411E-02,0.862141853886));
#955 = CARTESIAN_POINT('',(5.664734985076E-02,0.859677212834));
#956 = CARTESIAN_POINT('',(5.678254202064E-02,0.85718837903));
#957 = CARTESIAN_POINT('',(5.691681007521E-02,0.854675618176));
#958 = CARTESIAN_POINT('',(5.70500680965E-02,0.852139277691));
#959 = CARTESIAN_POINT('',(5.718222613889E-02,0.849579793513));
#960 = CARTESIAN_POINT('',(5.757791985258E-02,0.841778283074));
#961 = CARTESIAN_POINT('',(5.783780228616E-02,0.836465852128));
#962 = CARTESIAN_POINT('',(5.809202799051E-02,0.831065489674));
#963 = CARTESIAN_POINT('',(5.833975755073E-02,0.825583274421));
#964 = CARTESIAN_POINT('',(5.858013939856E-02,0.820026370757));
#965 = CARTESIAN_POINT('',(5.88123273198E-02,0.814403121331));
#966 = CARTESIAN_POINT('',(5.903549796149E-02,0.808723139631));
#967 = CARTESIAN_POINT('',(5.944609341715E-02,0.797704920295));
#968 = CARTESIAN_POINT('',(5.963497493056E-02,0.792372578603));
#969 = CARTESIAN_POINT('',(5.981489803741E-02,0.787008875495));
#970 = CARTESIAN_POINT('',(5.998532810896E-02,0.781622038256));
#971 = CARTESIAN_POINT('',(6.014580895023E-02,0.776220001662));
#972 = CARTESIAN_POINT('',(6.029596102025E-02,0.770810386194));
#973 = CARTESIAN_POINT('',(6.043547965242E-02,0.76540047626));
#974 = CARTESIAN_POINT('',(6.063288654275E-02,0.757109654294));
#975 = CARTESIAN_POINT('',(6.069853965829E-02,0.754223885079));
#976 = CARTESIAN_POINT('',(6.076105851807E-02,0.751340874101));
#977 = CARTESIAN_POINT('',(6.082041531357E-02,0.748461539408));
#978 = CARTESIAN_POINT('',(6.08765880214E-02,0.745586735264));
#979 = CARTESIAN_POINT('',(6.092955989361E-02,0.742717253659));
#980 = CARTESIAN_POINT('',(6.097931894793E-02,0.739853825813));
#981 = CARTESIAN_POINT('',(6.112757474351E-02,0.730753348699));
#982 = CARTESIAN_POINT('',(6.121390317548E-02,0.724541945566));
#983 = CARTESIAN_POINT('',(6.128476987953E-02,0.718369592202));
#984 = CARTESIAN_POINT('',(6.134019207102E-02,0.712241754666));
#985 = CARTESIAN_POINT('',(6.138025500864E-02,0.70616283038));
#986 = CARTESIAN_POINT('',(6.140509226308E-02,0.700136262538));
#987 = CARTESIAN_POINT('',(6.1414868301E-02,0.694164625689));
#988 = CARTESIAN_POINT('',(6.139409856392E-02,0.67009923565));
#989 = CARTESIAN_POINT('',(6.123833301593E-02,0.65250463101));
#990 = CARTESIAN_POINT('',(6.094822569754E-02,0.635484084012));
#991 = CARTESIAN_POINT('',(6.052961038267E-02,0.61905419079));
#992 = CARTESIAN_POINT('',(5.998849914667E-02,0.603230552144));
#993 = CARTESIAN_POINT('',(5.933103267139E-02,0.588027605136));
#994 = CARTESIAN_POINT('',(5.856321405957E-02,0.57345816186));
#995 = CARTESIAN_POINT('',(5.676091154985E-02,0.544705179995));
#996 = CARTESIAN_POINT('',(5.571292361902E-02,0.530616841611));
#997 = CARTESIAN_POINT('',(5.455437212418E-02,0.517300609459));
#998 = CARTESIAN_POINT('',(5.329405605032E-02,0.504793150081));
#999 = CARTESIAN_POINT('',(5.194164576452E-02,0.493131603007));
#1000 = CARTESIAN_POINT('',(5.05076224782E-02,0.482350714343));
#1001 = CARTESIAN_POINT('',(4.900321456232E-02,0.472479950707));
#1002 = CARTESIAN_POINT('',(4.533438937231E-02,0.451491624791));
#1003 = CARTESIAN_POINT('',(4.312212913332E-02,0.441132306534));
#1004 = CARTESIAN_POINT('',(4.083285162302E-02,0.432511426153));
#1005 = CARTESIAN_POINT('',(3.84942041033E-02,0.425626590861));
#1006 = CARTESIAN_POINT('',(3.613093521186E-02,0.420437917977));
#1007 = CARTESIAN_POINT('',(3.376474806545E-02,0.416871128396));
#1008 = CARTESIAN_POINT('',(3.141385062058E-02,0.414828771115));
#1009 = CARTESIAN_POINT('',(2.909285399214E-02,0.414203222619));
#1010 = ( GEOMETRIC_REPRESENTATION_CONTEXT(2) 
PARAMETRIC_REPRESENTATION_CONTEXT() REPRESENTATION_CONTEXT('2D SPACE',''
  ) );
#1011 = PCURVE('',#1012,#1017);
#1012 = CONICAL_SURFACE('',#1013,6.,2.786210857422E-02);
#1013 = AXIS2_PLACEMENT_3D('',#1014,#1015,#1016);
#1014 = CARTESIAN_POINT('',(-58.,-22.,20.));
#1015 = DIRECTION('',(0.766406315721,-0.627059712862,0.139346602858));
#1016 = DIRECTION('',(-0.633237790257,-0.773957299204,6.864348596372E-14
    ));
#1017 = DEFINITIONAL_REPRESENTATION('',(#1018),#1091);
#1018 = B_SPLINE_CURVE_WITH_KNOTS('',8,(#1019,#1020,#1021,#1022,#1023,
    #1024,#1025,#1026,#1027,#1028,#1029,#1030,#1031,#1032,#1033,#1034,
    #1035,#1036,#1037,#1038,#1039,#1040,#1041,#1042,#1043,#1044,#1045,
    #1046,#1047,#1048,#1049,#1050,#1051,#1052,#1053,#1054,#1055,#1056,
    #1057,#1058,#1059,#1060,#1061,#1062,#1063,#1064,#1065,#1066,#1067,
    #1068,#1069,#1070,#1071,#1072,#1073,#1074,#1075,#1076,#1077,#1078,
    #1079,#1080,#1081,#1082,#1083,#1084,#1085,#1086,#1087,#1088,#1089,
    #1090),.UNSPECIFIED.,.F.,.F.,(9,7,7,7,7,7,7,7,7,7,9),(0.13087463748,
    0.186442654449,0.232366627654,0.256729316682,0.305975714366,
    0.351495737894,0.37582191163,0.428990617545,0.592142780487,
    0.765874554573,0.784733666018),.UNSPECIFIED.);
#1019 = CARTESIAN_POINT('',(3.783974199252,-24.43123098262));
#1020 = CARTESIAN_POINT('',(3.775521076277,-24.35921788502));
#1021 = CARTESIAN_POINT('',(3.766737925531,-24.28779056184));
#1022 = CARTESIAN_POINT('',(3.757609162572,-24.21700935792));
#1023 = CARTESIAN_POINT('',(3.748118159726,-24.14694033629));
#1024 = CARTESIAN_POINT('',(3.738247104774,-24.07765533337));
#1025 = CARTESIAN_POINT('',(3.727976819877,-24.00923202285));
#1026 = CARTESIAN_POINT('',(3.717286523933,-23.94175399054));
#1027 = CARTESIAN_POINT('',(3.696952676663,-23.82039912489));
#1028 = CARTESIAN_POINT('',(3.687455352659,-23.76622964415));
#1029 = CARTESIAN_POINT('',(3.677651769219,-23.71286485007));
#1030 = CARTESIAN_POINT('',(3.667532639447,-23.66037523241));
#1031 = CARTESIAN_POINT('',(3.65708952659,-23.60883790487));
#1032 = CARTESIAN_POINT('',(3.646315210631,-23.55833520781));
#1033 = CARTESIAN_POINT('',(3.635204054875,-23.50895331097));
#1034 = CARTESIAN_POINT('',(3.617677249769,-23.43522528544));
#1035 = CARTESIAN_POINT('',(3.611506369509,-23.41001039568));
#1036 = CARTESIAN_POINT('',(3.605239258729,-23.38514956804));
#1037 = CARTESIAN_POINT('',(3.598875622941,-23.36065641452));
#1038 = CARTESIAN_POINT('',(3.592415371905,-23.33654462344));
#1039 = CARTESIAN_POINT('',(3.58585864532,-23.31282784493));
#1040 = CARTESIAN_POINT('',(3.579205838531,-23.28951957642));
#1041 = CARTESIAN_POINT('',(3.558816890609,-23.22037054087));
#1042 = CARTESIAN_POINT('',(3.54478469939,-23.17582559709));
#1043 = CARTESIAN_POINT('',(3.530368437771,-23.13311507654));
#1044 = CARTESIAN_POINT('',(3.515578713161,-23.09234317491));
#1045 = CARTESIAN_POINT('',(3.500429823136,-23.053599093));
#1046 = CARTESIAN_POINT('',(3.484940221404,-23.01695470592));
#1047 = CARTESIAN_POINT('',(3.469132983762,-22.98246223229));
#1048 = CARTESIAN_POINT('',(3.438157569455,-22.92028643112));
#1049 = CARTESIAN_POINT('',(3.423029393986,-22.89228118465));
#1050 = CARTESIAN_POINT('',(3.40767346862,-22.86616048778));
#1051 = CARTESIAN_POINT('',(3.392111674091,-22.84192646623));
#1052 = CARTESIAN_POINT('',(3.376365897673,-22.81956219271));
#1053 = CARTESIAN_POINT('',(3.360457879948,-22.79903483197));
#1054 = CARTESIAN_POINT('',(3.344409061578,-22.78029878578));
#1055 = CARTESIAN_POINT('',(3.319599816369,-22.75421396375));
#1056 = CARTESIAN_POINT('',(3.310924629114,-22.74562452313));
#1057 = CARTESIAN_POINT('',(3.30221784622,-22.73752189942));
#1058 = CARTESIAN_POINT('',(3.29348229514,-22.72989665569));
#1059 = CARTESIAN_POINT('',(3.284720650601,-22.72273868655));
#1060 = CARTESIAN_POINT('',(3.275935432342,-22.71603736987));
#1061 = CARTESIAN_POINT('',(3.267129002853,-22.70978171859));
#1062 = CARTESIAN_POINT('',(3.239014172982,-22.69123740828));
#1063 = CARTESIAN_POINT('',(3.219634724807,-22.68059026189));
#1064 = CARTESIAN_POINT('',(3.200187211979,-22.67190094728));
#1065 = CARTESIAN_POINT('',(3.180690363571,-22.6650470698));
#1066 = CARTESIAN_POINT('',(3.161159841713,-22.65990723747));
#1067 = CARTESIAN_POINT('',(3.141608381507,-22.6563648529));
#1068 = CARTESIAN_POINT('',(3.122045875493,-22.6543104457));
#1069 = CARTESIAN_POINT('',(3.042438212801,-22.65159304436));
#1070 = CARTESIAN_POINT('',(2.98243247955,-22.66260215129));
#1071 = CARTESIAN_POINT('',(2.922565891654,-22.68367957407));
#1072 = CARTESIAN_POINT('',(2.86290748619,-22.71273295144));
#1073 = CARTESIAN_POINT('',(2.803501202831,-22.74838033015));
#1074 = CARTESIAN_POINT('',(2.744369419853,-22.78978396228));
#1075 = CARTESIAN_POINT('',(2.685510534704,-22.83651523259));
#1076 = CARTESIAN_POINT('',(2.564469559733,-22.94377421403));
#1077 = CARTESIAN_POINT('',(2.502356986412,-23.0049668674));
#1078 = CARTESIAN_POINT('',(2.440598843628,-23.07181211989));
#1079 = CARTESIAN_POINT('',(2.379249678532,-23.14440030946));
#1080 = CARTESIAN_POINT('',(2.318368561818,-23.22297175285));
#1081 = CARTESIAN_POINT('',(2.258018872037,-23.3077788524));
#1082 = CARTESIAN_POINT('',(2.198271171192,-23.39898033251));
#1083 = CARTESIAN_POINT('',(2.132796919859,-23.50716465632));
#1084 = CARTESIAN_POINT('',(2.126393493929,-23.51783377902));
#1085 = CARTESIAN_POINT('',(2.119998191981,-23.52857827166));
#1086 = CARTESIAN_POINT('',(2.113611112498,-23.53939812231));
#1087 = CARTESIAN_POINT('',(2.10723234946,-23.55029330659));
#1088 = CARTESIAN_POINT('',(2.100861992521,-23.56126378724));
#1089 = CARTESIAN_POINT('',(2.094500127186,-23.57230951369));
#1090 = CARTESIAN_POINT('',(2.088146834971,-23.58343042181));
#1091 = ( GEOMETRIC_REPRESENTATION_CONTEXT(2) 
PARAMETRIC_REPRESENTATION_CONTEXT() REPRESENTATION_CONTEXT('2D SPACE',''
  ) );
#1092 = ORIENTED_EDGE('',*,*,#1093,.F.);
#1093 = EDGE_CURVE('',#24,#859,#1094,.T.);
#1094 = SURFACE_CURVE('',#1095,(#1133,#1174),.PCURVE_S1.);
#1095 = B_SPLINE_CURVE_WITH_KNOTS('',8,(#1096,#1097,#1098,#1099,#1100,
    #1101,#1102,#1103,#1104,#1105,#1106,#1107,#1108,#1109,#1110,#1111,
    #1112,#1113,#1114,#1115,#1116,#1117,#1118,#1119,#1120,#1121,#1122,
    #1123,#1124,#1125,#1126,#1127,#1128,#1129,#1130,#1131,#1132),
  .UNSPECIFIED.,.F.,.F.,(9,7,7,7,7,9),(0.,0.118224254681,0.293183290102,
    0.552474612788,0.824319612573,1.),.UNSPECIFIED.);
#1096 = CARTESIAN_POINT('',(-73.7,-4.,6.973998467827));
#1097 = CARTESIAN_POINT('',(-73.7,-4.149999442925,7.101868117584));
#1098 = CARTESIAN_POINT('',(-73.70408176968,-4.287871281114,
    7.236902992033));
#1099 = CARTESIAN_POINT('',(-73.71108925392,-4.413569255858,
    7.378010991176));
#1100 = CARTESIAN_POINT('',(-73.72000889137,-4.527578974886,
    7.524097560307));
#1101 = CARTESIAN_POINT('',(-73.73006595119,-4.630679617126,
    7.674156939606));
#1102 = CARTESIAN_POINT('',(-73.7407065984,-4.723782559524,
    7.827337093703));
#1103 = CARTESIAN_POINT('',(-73.75153716518,-4.807830689719,
    7.982982446671));
#1104 = CARTESIAN_POINT('',(-73.77820824659,-4.996082898389,
    8.374002024343));
#1105 = CARTESIAN_POINT('',(-73.7939422883,-5.090491917515,
    8.611560247701));
#1106 = CARTESIAN_POINT('',(-73.80864334141,-5.170081584946,
    8.852069510795));
#1107 = CARTESIAN_POINT('',(-73.82200243384,-5.237368493597,
    9.094547243203));
#1108 = CARTESIAN_POINT('',(-73.83395144816,-5.294410055082,
    9.338279426302));
#1109 = CARTESIAN_POINT('',(-73.84452846726,-5.342885439389,
    9.582813516412));
#1110 = CARTESIAN_POINT('',(-73.85382846946,-5.384152359854,
    9.827952752872));
#1111 = CARTESIAN_POINT('',(-73.87400683898,-5.471416994827,
    10.438018735778));
#1112 = CARTESIAN_POINT('',(-73.88346897348,-5.5100349554,
    10.803226674631));
#1113 = CARTESIAN_POINT('',(-73.8906916833,-5.538729902949,
    11.168994332741));
#1114 = CARTESIAN_POINT('',(-73.89607738279,-5.559727759574,
    11.535055730646));
#1115 = CARTESIAN_POINT('',(-73.89991510961,-5.574544111746,
    11.901235695294));
#1116 = CARTESIAN_POINT('',(-73.90240800293,-5.584107070783,
    12.267445708629));
#1117 = CARTESIAN_POINT('',(-73.90365478755,-5.588891138709,
    12.633678368436));
#1118 = CARTESIAN_POINT('',(-73.90365474375,-5.588890970668,
    13.384071922861));
#1119 = CARTESIAN_POINT('',(-73.90228429869,-5.583632203676,
    13.768003968325));
#1120 = CARTESIAN_POINT('',(-73.89954432454,-5.573122542241,
    14.151912404593));
#1121 = CARTESIAN_POINT('',(-73.89531613558,-5.556786416894,
    14.535797964664));
#1122 = CARTESIAN_POINT('',(-73.88935229744,-5.533505841034,
    14.919553065764));
#1123 = CARTESIAN_POINT('',(-73.88130720014,-5.501430876737,
    15.302953352764));
#1124 = CARTESIAN_POINT('',(-73.8706898041,-5.457838267859,
    15.685652753441));
#1125 = CARTESIAN_POINT('',(-73.8483574284,-5.359725684075,
    16.313697356841));
#1126 = CARTESIAN_POINT('',(-73.83836894927,-5.314569064614,
    16.559468102676));
#1127 = CARTESIAN_POINT('',(-73.82705662199,-5.26155397474,
    16.804523750885));
#1128 = CARTESIAN_POINT('',(-73.81434081529,-5.199181569002,
    17.048627373115));
#1129 = CARTESIAN_POINT('',(-73.8002170954,-5.125606242202,
    17.291237113283));
#1130 = CARTESIAN_POINT('',(-73.78482217636,-5.038578429176,
    17.531500661079));
#1131 = CARTESIAN_POINT('',(-73.76859845154,-4.93537856135,
    17.768250909125));
#1132 = CARTESIAN_POINT('',(-73.75264240822,-4.812725735106,18.0000006)
  );
#1133 = PCURVE('',#46,#1134);
#1134 = DEFINITIONAL_REPRESENTATION('',(#1135),#1173);
#1135 = B_SPLINE_CURVE_WITH_KNOTS('',8,(#1136,#1137,#1138,#1139,#1140,
    #1141,#1142,#1143,#1144,#1145,#1146,#1147,#1148,#1149,#1150,#1151,
    #1152,#1153,#1154,#1155,#1156,#1157,#1158,#1159,#1160,#1161,#1162,
    #1163,#1164,#1165,#1166,#1167,#1168,#1169,#1170,#1171,#1172),
  .UNSPECIFIED.,.F.,.F.,(9,7,7,7,7,9),(0.,0.118224254681,0.293183290102,
    0.552474612788,0.824319612573,1.),.UNSPECIFIED.);
#1136 = CARTESIAN_POINT('',(5.192686856397E-02,0.14807267842));
#1137 = CARTESIAN_POINT('',(5.14259338375E-02,0.159706989216));
#1138 = CARTESIAN_POINT('',(5.09531780895E-02,0.171257487769));
#1139 = CARTESIAN_POINT('',(5.051236403636E-02,0.182675811428));
#1140 = CARTESIAN_POINT('',(5.010492694228E-02,0.193928269888));
#1141 = CARTESIAN_POINT('',(4.973057274045E-02,0.204992954084));
#1142 = CARTESIAN_POINT('',(4.938790154954E-02,0.215858680891));
#1143 = CARTESIAN_POINT('',(4.907492796396E-02,0.226524710156));
#1144 = CARTESIAN_POINT('',(4.836677402895E-02,0.252502712376));
#1145 = CARTESIAN_POINT('',(4.800464235569E-02,0.267572452568));
#1146 = CARTESIAN_POINT('',(4.769508997109E-02,0.282251009292));
#1147 = CARTESIAN_POINT('',(4.743061759101E-02,0.296572505173));
#1148 = CARTESIAN_POINT('',(4.720455355559E-02,0.310570563009));
#1149 = CARTESIAN_POINT('',(4.701117784048E-02,0.324281005053));
#1150 = CARTESIAN_POINT('',(4.684567305457E-02,0.337742865679));
#1151 = CARTESIAN_POINT('',(4.649415753492E-02,0.370648039254));
#1152 = CARTESIAN_POINT('',(4.633700507164E-02,0.389819652161));
#1153 = CARTESIAN_POINT('',(4.621965589919E-02,0.40863202477));
#1154 = CARTESIAN_POINT('',(4.613348286503E-02,0.427170391927));
#1155 = CARTESIAN_POINT('',(4.607256490347E-02,0.445508921352));
#1156 = CARTESIAN_POINT('',(4.603319872765E-02,0.463715026457));
#1157 = CARTESIAN_POINT('',(4.601350596901E-02,0.481855311718));
#1158 = CARTESIAN_POINT('',(4.601350666073E-02,0.519023897902));
#1159 = CARTESIAN_POINT('',(4.603515328169E-02,0.53804087663));
#1160 = CARTESIAN_POINT('',(4.607841743809E-02,0.557133814373));
#1161 = CARTESIAN_POINT('',(4.614557447377E-02,0.576379941863));
#1162 = CARTESIAN_POINT('',(4.624109329114E-02,0.595857116833));
#1163 = CARTESIAN_POINT('',(4.6372180027E-02,0.615651784293));
#1164 = CARTESIAN_POINT('',(4.654938485375E-02,0.635863665817));
#1165 = CARTESIAN_POINT('',(4.694353742467E-02,0.670058191794));
#1166 = CARTESIAN_POINT('',(4.712408001813E-02,0.683700271517));
#1167 = CARTESIAN_POINT('',(4.73348031274E-02,0.697609008353));
#1168 = CARTESIAN_POINT('',(4.758095100893E-02,0.711825644015));
#1169 = CARTESIAN_POINT('',(4.78686993569E-02,0.726386632671));
#1170 = CARTESIAN_POINT('',(4.820515981843E-02,0.741324596572));
#1171 = CARTESIAN_POINT('',(4.859811880156E-02,0.756670885471));
#1172 = CARTESIAN_POINT('',(4.905529383367E-02,0.772462325565));
#1173 = ( GEOMETRIC_REPRESENTATION_CONTEXT(2) 
PARAMETRIC_REPRESENTATION_CONTEXT() REPRESENTATION_CONTEXT('2D SPACE',''
  ) );
#1174 = PCURVE('',#193,#1175);
#1175 = DEFINITIONAL_REPRESENTATION('',(#1176),#1214);
#1176 = B_SPLINE_CURVE_WITH_KNOTS('',8,(#1177,#1178,#1179,#1180,#1181,
    #1182,#1183,#1184,#1185,#1186,#1187,#1188,#1189,#1190,#1191,#1192,
    #1193,#1194,#1195,#1196,#1197,#1198,#1199,#1200,#1201,#1202,#1203,
    #1204,#1205,#1206,#1207,#1208,#1209,#1210,#1211,#1212,#1213),
  .UNSPECIFIED.,.F.,.F.,(9,7,7,7,7,9),(0.,0.118224254681,0.293183290102,
    0.552474612788,0.824319612573,1.),.UNSPECIFIED.);
#1177 = CARTESIAN_POINT('',(-4.138911435803E-13,-1.973998467827));
#1178 = CARTESIAN_POINT('',(2.380943538459E-02,-2.101868117584));
#1179 = CARTESIAN_POINT('',(4.569383865059E-02,-2.236902992032));
#1180 = CARTESIAN_POINT('',(6.566653498259E-02,-2.378010991177));
#1181 = CARTESIAN_POINT('',(8.381090344559E-02,-2.524097560307));
#1182 = CARTESIAN_POINT('',(0.100248967183,-2.674156939605));
#1183 = CARTESIAN_POINT('',(0.115120701729,-2.827337093704));
#1184 = CARTESIAN_POINT('',(0.128570934108,-2.982982446671));
#1185 = CARTESIAN_POINT('',(0.158750643041,-3.374002024343));
#1186 = CARTESIAN_POINT('',(0.173938396038,-3.611560247702));
#1187 = CARTESIAN_POINT('',(0.186782864296,-3.852069510794));
#1188 = CARTESIAN_POINT('',(0.197670453921,-4.094547243203));
#1189 = CARTESIAN_POINT('',(0.206920305334,-4.338279426303));
#1190 = CARTESIAN_POINT('',(0.214795629435,-4.582813516412));
#1191 = CARTESIAN_POINT('',(0.221510081563,-4.827952752872));
#1192 = CARTESIAN_POINT('',(0.235727097257,-5.438018735778));
#1193 = CARTESIAN_POINT('',(0.242037717173,-5.803226674633));
#1194 = CARTESIAN_POINT('',(0.246734571548,-6.168994332735));
#1195 = CARTESIAN_POINT('',(0.250175341813,-6.535055730654));
#1196 = CARTESIAN_POINT('',(0.252604796794,-6.901235695288));
#1197 = CARTESIAN_POINT('',(0.254173439108,-7.267445708631));
#1198 = CARTESIAN_POINT('',(0.254958181982,-7.633678368436));
#1199 = CARTESIAN_POINT('',(0.254958154418,-8.384071922861));
#1200 = CARTESIAN_POINT('',(0.2540955457,-8.768003968328));
#1201 = CARTESIAN_POINT('',(0.25237161131,-9.151912404586));
#1202 = CARTESIAN_POINT('',(0.249693056874,-9.535797964673));
#1203 = CARTESIAN_POINT('',(0.245878579664,-9.919553065758));
#1204 = CARTESIAN_POINT('',(0.240629521172,-10.30295335276));
#1205 = CARTESIAN_POINT('',(0.233508586368,-10.68565275344));
#1206 = CARTESIAN_POINT('',(0.217536818869,-11.31369735684));
#1207 = CARTESIAN_POINT('',(0.210196014811,-11.55946810267));
#1208 = CARTESIAN_POINT('',(0.201591769665,-11.80452375088));
#1209 = CARTESIAN_POINT('',(0.191488883279,-12.04862737311));
#1210 = CARTESIAN_POINT('',(0.179598776664,-12.29123711328));
#1211 = CARTESIAN_POINT('',(0.165573660042,-12.53150066107));
#1212 = CARTESIAN_POINT('',(0.148997359568,-12.76825090912));
#1213 = CARTESIAN_POINT('',(0.12936460693,-13.0000006));
#1214 = ( GEOMETRIC_REPRESENTATION_CONTEXT(2) 
PARAMETRIC_REPRESENTATION_CONTEXT() REPRESENTATION_CONTEXT('2D SPACE',''
  ) );
#1215 = ADVANCED_FACE('',(#1216),#257,.F.);
#1216 = FACE_BOUND('',#1217,.F.);
#1217 = EDGE_LOOP('',(#1218,#1244));
#1218 = ORIENTED_EDGE('',*,*,#1219,.T.);
#1219 = EDGE_CURVE('',#220,#22,#1220,.T.);
#1220 = SURFACE_CURVE('',#1221,(#1226,#1237),.PCURVE_S1.);
#1221 = CIRCLE('',#1222,6.3);
#1222 = AXIS2_PLACEMENT_3D('',#1223,#1224,#1225);
#1223 = CARTESIAN_POINT('',(-80.,-4.,6.));
#1224 = DIRECTION('',(0.,0.,-1.));
#1225 = DIRECTION('',(1.,0.,0.));
#1226 = PCURVE('',#257,#1227);
#1227 = DEFINITIONAL_REPRESENTATION('',(#1228),#1236);
#1228 = ( BOUNDED_CURVE() B_SPLINE_CURVE(2,(#1229,#1230,#1231,#1232,
#1233,#1234,#1235),.UNSPECIFIED.,.T.,.F.) B_SPLINE_CURVE_WITH_KNOTS((1,2
    ,2,2,2,1),(-2.094395102393,0.,2.094395102393,4.188790204786,
6.28318530718,8.377580409573),.UNSPECIFIED.) CURVE() 
GEOMETRIC_REPRESENTATION_ITEM() RATIONAL_B_SPLINE_CURVE((1.,0.5,1.,0.5,
1.,0.5,1.)) REPRESENTATION_ITEM('') );
#1229 = CARTESIAN_POINT('',(-0.372353052793,-8.501255978035));
#1230 = CARTESIAN_POINT('',(-11.23932564296,-7.511858825971));
#1231 = CARTESIAN_POINT('',(-4.948996279758,1.404516923313));
#1232 = CARTESIAN_POINT('',(1.341333083447,10.320892672596));
#1233 = CARTESIAN_POINT('',(5.917976310412,0.415119771248));
#1234 = CARTESIAN_POINT('',(10.494619537376,-9.490653130099));
#1235 = CARTESIAN_POINT('',(-0.372353052793,-8.501255978035));
#1236 = ( GEOMETRIC_REPRESENTATION_CONTEXT(2) 
PARAMETRIC_REPRESENTATION_CONTEXT() REPRESENTATION_CONTEXT('2D SPACE',''
  ) );
#1237 = PCURVE('',#193,#1238);
#1238 = DEFINITIONAL_REPRESENTATION('',(#1239),#1243);
#1239 = LINE('',#1240,#1241);
#1240 = CARTESIAN_POINT('',(-4.138911435803E-13,-1.));
#1241 = VECTOR('',#1242,1.);
#1242 = DIRECTION('',(1.,-0.));
#1243 = ( GEOMETRIC_REPRESENTATION_CONTEXT(2) 
PARAMETRIC_REPRESENTATION_CONTEXT() REPRESENTATION_CONTEXT('2D SPACE',''
  ) );
#1244 = ORIENTED_EDGE('',*,*,#219,.T.);
#1245 = ADVANCED_FACE('',(#1246),#587,.T.);
#1246 = FACE_BOUND('',#1247,.T.);
#1247 = EDGE_LOOP('',(#1248,#1276,#1277,#1301));
#1248 = ORIENTED_EDGE('',*,*,#1249,.T.);
#1249 = EDGE_CURVE('',#1250,#564,#1252,.T.);
#1250 = VERTEX_POINT('',#1251);
#1251 = CARTESIAN_POINT('',(-81.11258278157,-9.590363103184,18.));
#1252 = SURFACE_CURVE('',#1253,(#1258,#1269),.PCURVE_S1.);
#1253 = CIRCLE('',#1254,5.7);
#1254 = AXIS2_PLACEMENT_3D('',#1255,#1256,#1257);
#1255 = CARTESIAN_POINT('',(-80.,-4.,18.));
#1256 = DIRECTION('',(0.,0.,-1.));
#1257 = DIRECTION('',(1.,0.,0.));
#1258 = PCURVE('',#587,#1259);
#1259 = DEFINITIONAL_REPRESENTATION('',(#1260),#1268);
#1260 = ( BOUNDED_CURVE() B_SPLINE_CURVE(2,(#1261,#1262,#1263,#1264,
#1265,#1266,#1267),.UNSPECIFIED.,.T.,.F.) B_SPLINE_CURVE_WITH_KNOTS((1,2
    ,2,2,2,1),(-2.094395102393,0.,2.094395102393,4.188790204786,
6.28318530718,8.377580409573),.UNSPECIFIED.) CURVE() 
GEOMETRIC_REPRESENTATION_ITEM() RATIONAL_B_SPLINE_CURVE((1.,0.5,1.,0.5,
1.,0.5,1.)) REPRESENTATION_ITEM('') );
#1261 = CARTESIAN_POINT('',(5.7,0.));
#1262 = CARTESIAN_POINT('',(5.7,-9.872689603143));
#1263 = CARTESIAN_POINT('',(-2.85,-4.936344801571));
#1264 = CARTESIAN_POINT('',(-11.4,-1.396097351028E-15));
#1265 = CARTESIAN_POINT('',(-2.85,4.936344801571));
#1266 = CARTESIAN_POINT('',(5.7,9.872689603143));
#1267 = CARTESIAN_POINT('',(5.7,0.));
#1268 = ( GEOMETRIC_REPRESENTATION_CONTEXT(2) 
PARAMETRIC_REPRESENTATION_CONTEXT() REPRESENTATION_CONTEXT('2D SPACE',''
  ) );
#1269 = PCURVE('',#689,#1270);
#1270 = DEFINITIONAL_REPRESENTATION('',(#1271),#1275);
#1271 = LINE('',#1272,#1273);
#1272 = CARTESIAN_POINT('',(-4.138911435803E-13,-2.));
#1273 = VECTOR('',#1274,1.);
#1274 = DIRECTION('',(1.,-0.));
#1275 = ( GEOMETRIC_REPRESENTATION_CONTEXT(2) 
PARAMETRIC_REPRESENTATION_CONTEXT() REPRESENTATION_CONTEXT('2D SPACE',''
  ) );
#1276 = ORIENTED_EDGE('',*,*,#563,.T.);
#1277 = ORIENTED_EDGE('',*,*,#1278,.T.);
#1278 = EDGE_CURVE('',#292,#1279,#1281,.T.);
#1279 = VERTEX_POINT('',#1280);
#1280 = CARTESIAN_POINT('',(-80.37268970402,-10.28896671835,18.));
#1281 = SURFACE_CURVE('',#1282,(#1287,#1294),.PCURVE_S1.);
#1282 = CIRCLE('',#1283,6.3);
#1283 = AXIS2_PLACEMENT_3D('',#1284,#1285,#1286);
#1284 = CARTESIAN_POINT('',(-80.,-4.,18.));
#1285 = DIRECTION('',(0.,0.,1.));
#1286 = DIRECTION('',(1.,0.,-0.));
#1287 = PCURVE('',#587,#1288);
#1288 = DEFINITIONAL_REPRESENTATION('',(#1289),#1293);
#1289 = CIRCLE('',#1290,6.3);
#1290 = AXIS2_PLACEMENT_2D('',#1291,#1292);
#1291 = CARTESIAN_POINT('',(0.,0.));
#1292 = DIRECTION('',(1.,0.));
#1293 = ( GEOMETRIC_REPRESENTATION_CONTEXT(2) 
PARAMETRIC_REPRESENTATION_CONTEXT() REPRESENTATION_CONTEXT('2D SPACE',''
  ) );
#1294 = PCURVE('',#193,#1295);
#1295 = DEFINITIONAL_REPRESENTATION('',(#1296),#1300);
#1296 = LINE('',#1297,#1298);
#1297 = CARTESIAN_POINT('',(6.28318530718,-13.));
#1298 = VECTOR('',#1299,1.);
#1299 = DIRECTION('',(-1.,0.));
#1300 = ( GEOMETRIC_REPRESENTATION_CONTEXT(2) 
PARAMETRIC_REPRESENTATION_CONTEXT() REPRESENTATION_CONTEXT('2D SPACE',''
  ) );
#1301 = ORIENTED_EDGE('',*,*,#1302,.F.);
#1302 = EDGE_CURVE('',#1250,#1279,#1303,.T.);
#1303 = SURFACE_CURVE('',#1304,(#1309,#1316),.PCURVE_S1.);
#1304 = ELLIPSE('',#1305,41.828200355973,5.713165382726);
#1305 = AXIS2_PLACEMENT_3D('',#1306,#1307,#1308);
#1306 = CARTESIAN_POINT('',(-62.58852061439,-18.24575586095,18.));
#1307 = DIRECTION('',(0.,0.,1.));
#1308 = DIRECTION('',(0.773957299203,-0.633237790257,0.));
#1309 = PCURVE('',#587,#1310);
#1310 = DEFINITIONAL_REPRESENTATION('',(#1311),#1315);
#1311 = ELLIPSE('',#1312,41.828200355973,5.713165382726);
#1312 = AXIS2_PLACEMENT_2D('',#1313,#1314);
#1313 = CARTESIAN_POINT('',(17.41147938561,-14.24575586095));
#1314 = DIRECTION('',(0.773957299203,-0.633237790257));
#1315 = ( GEOMETRIC_REPRESENTATION_CONTEXT(2) 
PARAMETRIC_REPRESENTATION_CONTEXT() REPRESENTATION_CONTEXT('2D SPACE',''
  ) );
#1316 = PCURVE('',#1012,#1317);
#1317 = DEFINITIONAL_REPRESENTATION('',(#1318),#1325);
#1318 = B_SPLINE_CURVE_WITH_KNOTS('',5,(#1319,#1320,#1321,#1322,#1323,
    #1324),.UNSPECIFIED.,.F.,.F.,(6,6),(4.218800225274,4.246158002889),
  .PIECEWISE_BEZIER_KNOTS.);
#1319 = CARTESIAN_POINT('',(-0.309196646851,-25.77390597114));
#1320 = CARTESIAN_POINT('',(-0.303278115128,-25.57432478733));
#1321 = CARTESIAN_POINT('',(-0.297367374461,-25.37400921117));
#1322 = CARTESIAN_POINT('',(-0.291464435725,-25.17297169062));
#1323 = CARTESIAN_POINT('',(-0.285569308439,-24.97122476527));
#1324 = CARTESIAN_POINT('',(-0.279682000789,-24.76878106168));
#1325 = ( GEOMETRIC_REPRESENTATION_CONTEXT(2) 
PARAMETRIC_REPRESENTATION_CONTEXT() REPRESENTATION_CONTEXT('2D SPACE',''
  ) );
#1326 = ADVANCED_FACE('',(#1327),#774,.T.);
#1327 = FACE_BOUND('',#1328,.T.);
#1328 = EDGE_LOOP('',(#1329,#1355));
#1329 = ORIENTED_EDGE('',*,*,#1330,.T.);
#1330 = EDGE_CURVE('',#604,#737,#1331,.T.);
#1331 = SURFACE_CURVE('',#1332,(#1337,#1348),.PCURVE_S1.);
#1332 = CIRCLE('',#1333,5.7);
#1333 = AXIS2_PLACEMENT_3D('',#1334,#1335,#1336);
#1334 = CARTESIAN_POINT('',(-80.,-4.,20.));
#1335 = DIRECTION('',(0.,0.,-1.));
#1336 = DIRECTION('',(1.,0.,0.));
#1337 = PCURVE('',#774,#1338);
#1338 = DEFINITIONAL_REPRESENTATION('',(#1339),#1347);
#1339 = ( BOUNDED_CURVE() B_SPLINE_CURVE(2,(#1340,#1341,#1342,#1343,
#1344,#1345,#1346),.UNSPECIFIED.,.T.,.F.) B_SPLINE_CURVE_WITH_KNOTS((1,2
    ,2,2,2,1),(-2.094395102393,0.,2.094395102393,4.188790204786,
6.28318530718,8.377580409573),.UNSPECIFIED.) CURVE() 
GEOMETRIC_REPRESENTATION_ITEM() RATIONAL_B_SPLINE_CURVE((1.,0.5,1.,0.5,
1.,0.5,1.)) REPRESENTATION_ITEM('') );
#1340 = CARTESIAN_POINT('',(-0.317950318309,-7.903727449444));
#1341 = CARTESIAN_POINT('',(-10.14997313798,-7.008558597576));
#1342 = CARTESIAN_POINT('',(-4.458722761753,1.058638508919));
#1343 = CARTESIAN_POINT('',(1.232527614479,9.125835615413));
#1344 = CARTESIAN_POINT('',(5.373300057924,0.163469657051));
#1345 = CARTESIAN_POINT('',(9.514072501368,-8.798896301311));
#1346 = CARTESIAN_POINT('',(-0.317950318309,-7.903727449444));
#1347 = ( GEOMETRIC_REPRESENTATION_CONTEXT(2) 
PARAMETRIC_REPRESENTATION_CONTEXT() REPRESENTATION_CONTEXT('2D SPACE',''
  ) );
#1348 = PCURVE('',#689,#1349);
#1349 = DEFINITIONAL_REPRESENTATION('',(#1350),#1354);
#1350 = LINE('',#1351,#1352);
#1351 = CARTESIAN_POINT('',(-4.138911435803E-13,-4.));
#1352 = VECTOR('',#1353,1.);
#1353 = DIRECTION('',(1.,-0.));
#1354 = ( GEOMETRIC_REPRESENTATION_CONTEXT(2) 
PARAMETRIC_REPRESENTATION_CONTEXT() REPRESENTATION_CONTEXT('2D SPACE',''
  ) );
#1355 = ORIENTED_EDGE('',*,*,#736,.T.);
#1356 = ADVANCED_FACE('',(#1357),#689,.F.);
#1357 = FACE_BOUND('',#1358,.F.);
#1358 = EDGE_LOOP('',(#1359,#1390,#1590,#1591,#1592,#1593,#1594,#1782));
#1359 = ORIENTED_EDGE('',*,*,#1360,.F.);
#1360 = EDGE_CURVE('',#1361,#1363,#1365,.T.);
#1361 = VERTEX_POINT('',#1362);
#1362 = CARTESIAN_POINT('',(-81.63542958098,-9.460345235023,
    16.308449324004));
#1363 = VERTEX_POINT('',#1364);
#1364 = CARTESIAN_POINT('',(-81.61156222666,-9.467436985423,16.));
#1365 = SURFACE_CURVE('',#1366,(#1372,#1381),.PCURVE_S1.);
#1366 = B_SPLINE_CURVE_WITH_KNOTS('',4,(#1367,#1368,#1369,#1370,#1371),
  .UNSPECIFIED.,.F.,.F.,(5,5),(0.,1.),.PIECEWISE_BEZIER_KNOTS.);
#1367 = CARTESIAN_POINT('',(-81.63542958098,-9.460345235023,
    16.308449324032));
#1368 = CARTESIAN_POINT('',(-81.63473018801,-9.460554710415,
    16.231365082331));
#1369 = CARTESIAN_POINT('',(-81.63057240462,-9.461799895788,
    16.154114899322));
#1370 = CARTESIAN_POINT('',(-81.62282864327,-9.464116136842,
    16.076908968409));
#1371 = CARTESIAN_POINT('',(-81.61156213877,-9.46743701133,15.9999994));
#1372 = PCURVE('',#689,#1373);
#1373 = DEFINITIONAL_REPRESENTATION('',(#1374),#1380);
#1374 = B_SPLINE_CURVE_WITH_KNOTS('',4,(#1375,#1376,#1377,#1378,#1379),
  .UNSPECIFIED.,.F.,.F.,(5,5),(0.,1.),.PIECEWISE_BEZIER_KNOTS.);
#1375 = CARTESIAN_POINT('',(1.861803784863,-0.308449324032));
#1376 = CARTESIAN_POINT('',(1.861675699011,-0.231365082331));
#1377 = CARTESIAN_POINT('',(1.860914251459,-0.154114899322));
#1378 = CARTESIAN_POINT('',(1.859496234012,-7.690896840941E-02));
#1379 = CARTESIAN_POINT('',(1.857435578448,6.000000000173E-07));
#1380 = ( GEOMETRIC_REPRESENTATION_CONTEXT(2) 
PARAMETRIC_REPRESENTATION_CONTEXT() REPRESENTATION_CONTEXT('2D SPACE',''
  ) );
#1381 = PCURVE('',#1012,#1382);
#1382 = DEFINITIONAL_REPRESENTATION('',(#1383),#1389);
#1383 = B_SPLINE_CURVE_WITH_KNOTS('',4,(#1384,#1385,#1386,#1387,#1388),
  .UNSPECIFIED.,.F.,.F.,(5,5),(0.,0.999998049658),
  .PIECEWISE_BEZIER_KNOTS.);
#1384 = CARTESIAN_POINT('',(-5.413447468072E-12,-26.49185986793));
#1385 = CARTESIAN_POINT('',(1.452498105759E-02,-26.50193390273));
#1386 = CARTESIAN_POINT('',(2.917149724159E-02,-26.5087310894));
#1387 = CARTESIAN_POINT('',(4.390998734259E-02,-26.51210219133));
#1388 = CARTESIAN_POINT('',(5.869791717559E-02,-26.51210219133));
#1389 = ( GEOMETRIC_REPRESENTATION_CONTEXT(2) 
PARAMETRIC_REPRESENTATION_CONTEXT() REPRESENTATION_CONTEXT('2D SPACE',''
  ) );
#1390 = ORIENTED_EDGE('',*,*,#1391,.F.);
#1391 = EDGE_CURVE('',#1250,#1361,#1392,.T.);
#1392 = SURFACE_CURVE('',#1393,(#1480,#1570),.PCURVE_S1.);
#1393 = B_SPLINE_CURVE_WITH_KNOTS('',8,(#1394,#1395,#1396,#1397,#1398,
    #1399,#1400,#1401,#1402,#1403,#1404,#1405,#1406,#1407,#1408,#1409,
    #1410,#1411,#1412,#1413,#1414,#1415,#1416,#1417,#1418,#1419,#1420,
    #1421,#1422,#1423,#1424,#1425,#1426,#1427,#1428,#1429,#1430,#1431,
    #1432,#1433,#1434,#1435,#1436,#1437,#1438,#1439,#1440,#1441,#1442,
    #1443,#1444,#1445,#1446,#1447,#1448,#1449,#1450,#1451,#1452,#1453,
    #1454,#1455,#1456,#1457,#1458,#1459,#1460,#1461,#1462,#1463,#1464,
    #1465,#1466,#1467,#1468,#1469,#1470,#1471,#1472,#1473,#1474,#1475,
    #1476,#1477,#1478,#1479),.UNSPECIFIED.,.F.,.F.,(9,7,7,7,7,7,7,7,7,7,
    7,7,9),(0.,0.17841378331,0.221980335414,0.244470234939,
    0.288452039601,0.334891585051,0.358762387787,0.406969999951,
    0.477941061344,0.590073248145,0.727898525983,0.919923772051,1.),
  .UNSPECIFIED.);
#1394 = CARTESIAN_POINT('',(-74.3,-4.,20.594411030538));
#1395 = CARTESIAN_POINT('',(-74.3,-4.225947063331,20.782951872551));
#1396 = CARTESIAN_POINT('',(-74.3102367109,-4.460620712689,
    20.966176845126));
#1397 = CARTESIAN_POINT('',(-74.33208842176,-4.705179902629,
    21.144141100531));
#1398 = CARTESIAN_POINT('',(-74.36743053422,-4.96049328408,
    21.31601936401));
#1399 = CARTESIAN_POINT('',(-74.41854546456,-5.227022860948,
    21.480232028678));
#1400 = CARTESIAN_POINT('',(-74.48832826281,-5.504894568482,
    21.634327601117));
#1401 = CARTESIAN_POINT('',(-74.58001768904,-5.793742541357,
    21.775141346673));
#1402 = CARTESIAN_POINT('',(-74.72717240152,-6.1664426502,
    21.928236762874));
#1403 = CARTESIAN_POINT('',(-74.75761387471,-6.240165191298,
    21.957198388835));
#1404 = CARTESIAN_POINT('',(-74.78966913597,-6.314432518508,
    21.98500269841));
#1405 = CARTESIAN_POINT('',(-74.8233896218,-6.38920241691,
    22.011570351196));
#1406 = CARTESIAN_POINT('',(-74.85882257792,-6.464420424012,
    22.036816381809));
#1407 = CARTESIAN_POINT('',(-74.89600878911,-6.540019326442,
    22.060651956233));
#1408 = CARTESIAN_POINT('',(-74.93498030906,-6.615918656637,
    22.082986128176));
#1409 = CARTESIAN_POINT('',(-74.99680852372,-6.731311342318,
    22.114434743263));
#1410 = CARTESIAN_POINT('',(-75.01833985462,-6.770652816011,
    22.124717318637));
#1411 = CARTESIAN_POINT('',(-75.04035471461,-6.81003514073,
    22.134562709137));
#1412 = CARTESIAN_POINT('',(-75.06285473039,-6.849443764905,
    22.143958311875));
#1413 = CARTESIAN_POINT('',(-75.08584048165,-6.888863055787,
    22.152891667222));
#1414 = CARTESIAN_POINT('',(-75.10931135918,-6.92827629996,
    22.161350592544));
#1415 = CARTESIAN_POINT('',(-75.13326542282,-6.967665703842,
    22.169323315942));
#1416 = CARTESIAN_POINT('',(-75.20548267588,-7.083959756583,
    22.19141748022));
#1417 = CARTESIAN_POINT('',(-75.25510721739,-7.16075375057,
    22.204135792515));
#1418 = CARTESIAN_POINT('',(-75.30654066108,-7.237241465714,
    22.214866782309));
#1419 = CARTESIAN_POINT('',(-75.3597345009,-7.313265187482,
    22.223535201473));
#1420 = CARTESIAN_POINT('',(-75.41462161914,-7.388663427559,
    22.230080290198));
#1421 = CARTESIAN_POINT('',(-75.47111395801,-7.463271954168,
    22.234458748878));
#1422 = CARTESIAN_POINT('',(-75.52910019102,-7.536924822386,
    22.236647709993));
#1423 = CARTESIAN_POINT('',(-75.65110274693,-7.686039057389,
    22.236647709993));
#1424 = CARTESIAN_POINT('',(-75.71528893932,-7.761388540914,
    22.234207245425));
#1425 = CARTESIAN_POINT('',(-75.7808406656,-7.835305793429,
    22.229325644076));
#1426 = CARTESIAN_POINT('',(-75.84759164231,-7.907624867213,
    22.222031443423));
#1427 = CARTESIAN_POINT('',(-75.91537256347,-7.978209077781,
    22.212378373661));
#1428 = CARTESIAN_POINT('',(-75.98401305554,-8.046948153224,
    22.200441340734));
#1429 = CARTESIAN_POINT('',(-76.0533436323,-8.113755383546,
    22.186312409369));
#1430 = CARTESIAN_POINT('',(-76.15910393296,-8.211878017688,
    22.161761649743));
#1431 = CARTESIAN_POINT('',(-76.19515141627,-8.244666115386,
    22.152874524202));
#1432 = CARTESIAN_POINT('',(-76.23131925717,-8.276921638839,
    22.143449190244));
#1433 = CARTESIAN_POINT('',(-76.26758762925,-8.308639200328,
    22.133500027462));
#1434 = CARTESIAN_POINT('',(-76.30393775502,-8.339815264048,
    22.123041841547));
#1435 = CARTESIAN_POINT('',(-76.34035193874,-8.37044796148,
    22.112089691538));
#1436 = CARTESIAN_POINT('',(-76.3768135992,-8.400536906763,
    22.100658717076));
#1437 = CARTESIAN_POINT('',(-76.48700714056,-8.489752022833,
    22.064742253068));
#1438 = CARTESIAN_POINT('',(-76.56083390308,-8.547203836984,
    22.038830123573));
#1439 = CARTESIAN_POINT('',(-76.63466578952,-8.602451561016,
    22.011150758095));
#1440 = CARTESIAN_POINT('',(-76.70839704979,-8.655525609441,
    21.981825398369));
#1441 = CARTESIAN_POINT('',(-76.78193782173,-8.706470410641,
    21.950970946847));
#1442 = CARTESIAN_POINT('',(-76.85521396866,-8.755341112722,
    21.918697566601));
#1443 = CARTESIAN_POINT('',(-76.92816691676,-8.802200289363,
    21.885106281227));
#1444 = CARTESIAN_POINT('',(-77.10761517081,-8.913237388448,
    21.79902513665));
#1445 = CARTESIAN_POINT('',(-77.21366171496,-8.975132433262,
    21.745111769891));
#1446 = CARTESIAN_POINT('',(-77.31876816671,-9.033024870726,
    21.68882906051));
#1447 = CARTESIAN_POINT('',(-77.42283686675,-9.087133561025,
    21.630428673511));
#1448 = CARTESIAN_POINT('',(-77.52579692931,-9.137670121813,
    21.570130799876));
#1449 = CARTESIAN_POINT('',(-77.62760371671,-9.184837916114,
    21.508123603588));
#1450 = CARTESIAN_POINT('',(-77.72823831376,-9.228831040225,
    21.44456266865));
#1451 = CARTESIAN_POINT('',(-77.9848646007,-9.334615692828,
    21.276884648594));
#1452 = CARTESIAN_POINT('',(-78.13904290485,-9.39190398981,
    21.170671016196));
#1453 = CARTESIAN_POINT('',(-78.29026105819,-9.442427737153,
    21.061421865366));
#1454 = CARTESIAN_POINT('',(-78.43852942683,-9.486789055705,
    20.949533343704));
#1455 = CARTESIAN_POINT('',(-78.58386583087,-9.525503518542,
    20.835321061431));
#1456 = CARTESIAN_POINT('',(-78.7263049821,-9.559026673736,
    20.719029094182));
#1457 = CARTESIAN_POINT('',(-78.86590112805,-9.587766223927,
    20.600832357081));
#1458 = CARTESIAN_POINT('',(-79.17089717562,-9.641964538197,
    20.333336481467));
#1459 = CARTESIAN_POINT('',(-79.33481200732,-9.665151639311,
    20.183176824223));
#1460 = CARTESIAN_POINT('',(-79.49456261076,-9.682308667595,
    20.030584064654));
#1461 = CARTESIAN_POINT('',(-79.65018094964,-9.693994955595,
    19.875722502018));
#1462 = CARTESIAN_POINT('',(-79.80165543719,-9.700699950937,
    19.718698288706));
#1463 = CARTESIAN_POINT('',(-79.94893564236,-9.702873011778,
    19.559558019534));
#1464 = CARTESIAN_POINT('',(-80.09192300345,-9.700944713611,
    19.398277670203));
#1465 = CARTESIAN_POINT('',(-80.42344705027,-9.687530429578,
    19.006895441199));
#1466 = CARTESIAN_POINT('',(-80.60727526724,-9.672605155201,
    18.775270860132));
#1467 = CARTESIAN_POINT('',(-80.78203152068,-9.651766655934,
    18.539025870535));
#1468 = CARTESIAN_POINT('',(-80.94699514765,-9.626094699409,
    18.29743637951));
#1469 = CARTESIAN_POINT('',(-81.10063634511,-9.59691517897,
    18.049827736913));
#1470 = CARTESIAN_POINT('',(-81.24046167635,-9.565913373143,
    17.795459855895));
#1471 = CARTESIAN_POINT('',(-81.36260303912,-9.535662721172,
    17.533190382466));
#1472 = CARTESIAN_POINT('',(-81.50126717522,-9.498907082204,
    17.147076346435));
#1473 = CARTESIAN_POINT('',(-81.53775540808,-9.488865534173,
    17.031939156836));
#1474 = CARTESIAN_POINT('',(-81.56949824997,-9.479845953048,
    16.915088873784));
#1475 = CARTESIAN_POINT('',(-81.59592967544,-9.472136768442,
    16.796457100517));
#1476 = CARTESIAN_POINT('',(-81.61636851719,-9.466061125916,
    16.676118113356));
#1477 = CARTESIAN_POINT('',(-81.6301045412,-9.461937921486,
    16.554315767929));
#1478 = CARTESIAN_POINT('',(-81.63654613101,-9.460010816802,
    16.431510914727));
#1479 = CARTESIAN_POINT('',(-81.63542958098,-9.460345235023,
    16.308449324004));
#1480 = PCURVE('',#689,#1481);
#1481 = DEFINITIONAL_REPRESENTATION('',(#1482),#1569);
#1482 = B_SPLINE_CURVE_WITH_KNOTS('',8,(#1483,#1484,#1485,#1486,#1487,
    #1488,#1489,#1490,#1491,#1492,#1493,#1494,#1495,#1496,#1497,#1498,
    #1499,#1500,#1501,#1502,#1503,#1504,#1505,#1506,#1507,#1508,#1509,
    #1510,#1511,#1512,#1513,#1514,#1515,#1516,#1517,#1518,#1519,#1520,
    #1521,#1522,#1523,#1524,#1525,#1526,#1527,#1528,#1529,#1530,#1531,
    #1532,#1533,#1534,#1535,#1536,#1537,#1538,#1539,#1540,#1541,#1542,
    #1543,#1544,#1545,#1546,#1547,#1548,#1549,#1550,#1551,#1552,#1553,
    #1554,#1555,#1556,#1557,#1558,#1559,#1560,#1561,#1562,#1563,#1564,
    #1565,#1566,#1567,#1568),.UNSPECIFIED.,.F.,.F.,(9,7,7,7,7,7,7,7,7,7,
    7,7,9),(0.,0.17841378331,0.221980335414,0.244470234939,
    0.288452039601,0.334891585051,0.358762387787,0.406969999951,
    0.477941061344,0.590073248145,0.727898525983,0.919923772051,1.),
  .UNSPECIFIED.);
#1483 = CARTESIAN_POINT('',(-4.138911435803E-13,-4.594411030538));
#1484 = CARTESIAN_POINT('',(3.963983567259E-02,-4.782951872551));
#1485 = CARTESIAN_POINT('',(8.081072537059E-02,-4.966176845127));
#1486 = CARTESIAN_POINT('',(0.123810347929,-5.144141100527));
#1487 = CARTESIAN_POINT('',(0.168918828482,-5.316019364015));
#1488 = CARTESIAN_POINT('',(0.216388698074,-5.480232028675));
#1489 = CARTESIAN_POINT('',(0.266502287894,-5.634327601118));
#1490 = CARTESIAN_POINT('',(0.319543912816,-5.775141346673));
#1491 = CARTESIAN_POINT('',(0.38984202501,-5.928236762874));
#1492 = CARTESIAN_POINT('',(0.403833367408,-5.957198388835));
#1493 = CARTESIAN_POINT('',(0.418021565982,-5.98500269841));
#1494 = CARTESIAN_POINT('',(0.432407540365,-6.011570351196));
#1495 = CARTESIAN_POINT('',(0.446990455382,-6.036816381809));
#1496 = CARTESIAN_POINT('',(0.461767486882,-6.060651956233));
#1497 = CARTESIAN_POINT('',(0.47673358756,-6.082986128176));
#1498 = CARTESIAN_POINT('',(0.499700771475,-6.114434743263));
#1499 = CARTESIAN_POINT('',(0.50756854469,-6.124717318637));
#1500 = CARTESIAN_POINT('',(0.515483426695,-6.134562709137));
#1501 = CARTESIAN_POINT('',(0.523444069158,-6.143958311875));
#1502 = CARTESIAN_POINT('',(0.531448905995,-6.152891667222));
#1503 = CARTESIAN_POINT('',(0.539496138237,-6.161350592544));
#1504 = CARTESIAN_POINT('',(0.547583718886,-6.169323315942));
#1505 = CARTESIAN_POINT('',(0.571599999364,-6.19141748022));
#1506 = CARTESIAN_POINT('',(0.58763821742,-6.204135792515));
#1507 = CARTESIAN_POINT('',(0.603804287479,-6.214866782309));
#1508 = CARTESIAN_POINT('',(0.620076841152,-6.223535201473));
#1509 = CARTESIAN_POINT('',(0.636432546555,-6.230080290198));
#1510 = CARTESIAN_POINT('',(0.65284580874,-6.234458748878));
#1511 = CARTESIAN_POINT('',(0.669288470121,-6.236647709993));
#1512 = CARTESIAN_POINT('',(0.703089291087,-6.236647709993));
#1513 = CARTESIAN_POINT('',(0.720451096812,-6.234207245425));
#1514 = CARTESIAN_POINT('',(0.737778150336,-6.229325644076));
#1515 = CARTESIAN_POINT('',(0.755037375194,-6.222031443423));
#1516 = CARTESIAN_POINT('',(0.772198997811,-6.212378373661));
#1517 = CARTESIAN_POINT('',(0.789236149104,-6.200441340734));
#1518 = CARTESIAN_POINT('',(0.806124466089,-6.186312409369));
#1519 = CARTESIAN_POINT('',(0.831434663844,-6.161761649743));
#1520 = CARTESIAN_POINT('',(0.839983131175,-6.152874524202));
#1521 = CARTESIAN_POINT('',(0.848484497319,-6.143449190244));
#1522 = CARTESIAN_POINT('',(0.856936493118,-6.133500027462));
#1523 = CARTESIAN_POINT('',(0.865337158383,-6.123041841547));
#1524 = CARTESIAN_POINT('',(0.873684821877,-6.112089691538));
#1525 = CARTESIAN_POINT('',(0.881978081286,-6.100658717076));
#1526 = CARTESIAN_POINT('',(0.906852003753,-6.064742253068));
#1527 = CARTESIAN_POINT('',(0.923260754739,-6.038830123573));
#1528 = CARTESIAN_POINT('',(0.939433929296,-6.011150758095));
#1529 = CARTESIAN_POINT('',(0.955366641845,-5.981825398369));
#1530 = CARTESIAN_POINT('',(0.971056907489,-5.950970946847));
#1531 = CARTESIAN_POINT('',(0.986505321412,-5.918697566601));
#1532 = CARTESIAN_POINT('',(1.001714738275,-5.885106281227));
#1533 = CARTESIAN_POINT('',(1.038736403155,-5.79902513665));
#1534 = CARTESIAN_POINT('',(1.06027098653,-5.745111769891));
#1535 = CARTESIAN_POINT('',(1.081312130174,-5.68882906051));
#1536 = CARTESIAN_POINT('',(1.10187864381,-5.630428673511));
#1537 = CARTESIAN_POINT('',(1.121990044004,-5.570130799876));
#1538 = CARTESIAN_POINT('',(1.141666879716,-5.508123603588));
#1539 = CARTESIAN_POINT('',(1.160931057854,-5.44456266865));
#1540 = CARTESIAN_POINT('',(1.209628288253,-5.276884648594));
#1541 = CARTESIAN_POINT('',(1.238466141972,-5.170671016196));
#1542 = CARTESIAN_POINT('',(1.266411885768,-5.061421865366));
#1543 = CARTESIAN_POINT('',(1.293536946295,-4.949533343704));
#1544 = CARTESIAN_POINT('',(1.319900560831,-4.835321061431));
#1545 = CARTESIAN_POINT('',(1.345555419175,-4.719029094182));
#1546 = CARTESIAN_POINT('',(1.370550407655,-4.600832357081));
#1547 = CARTESIAN_POINT('',(1.424896756073,-4.333336481467));
#1548 = CARTESIAN_POINT('',(1.453921926207,-4.183176824223));
#1549 = CARTESIAN_POINT('',(1.482083623447,-4.030584064654));
#1550 = CARTESIAN_POINT('',(1.509434946129,-3.875722502018));
#1551 = CARTESIAN_POINT('',(1.536011658924,-3.718698288706));
#1552 = CARTESIAN_POINT('',(1.561835605116,-3.559558019534));
#1553 = CARTESIAN_POINT('',(1.58691430542,-3.398277670203));
#1554 = CARTESIAN_POINT('',(1.64512401128,-3.006895441199));
#1555 = CARTESIAN_POINT('',(1.677454095538,-2.775270860132));
#1556 = CARTESIAN_POINT('',(1.708294976625,-2.539025870536));
#1557 = CARTESIAN_POINT('',(1.737549831004,-2.297436379509));
#1558 = CARTESIAN_POINT('',(1.76495956356,-2.049827736914));
#1559 = CARTESIAN_POINT('',(1.790073458222,-1.795459855895));
#1560 = CARTESIAN_POINT('',(1.812146265925,-1.533190382466));
#1561 = CARTESIAN_POINT('',(1.837313432263,-1.147076346435));
#1562 = CARTESIAN_POINT('',(1.843952562794,-1.031939156836));
#1563 = CARTESIAN_POINT('',(1.849741641957,-0.915088873784));
#1564 = CARTESIAN_POINT('',(1.854571796088,-0.796457100517));
#1565 = CARTESIAN_POINT('',(1.858312609455,-0.676118113356));
#1566 = CARTESIAN_POINT('',(1.860828692129,-0.554315767929));
#1567 = CARTESIAN_POINT('',(1.862008268275,-0.431510914727));
#1568 = CARTESIAN_POINT('',(1.861803784863,-0.308449324004));
#1569 = ( GEOMETRIC_REPRESENTATION_CONTEXT(2) 
PARAMETRIC_REPRESENTATION_CONTEXT() REPRESENTATION_CONTEXT('2D SPACE',''
  ) );
#1570 = PCURVE('',#1012,#1571);
#1571 = DEFINITIONAL_REPRESENTATION('',(#1572),#1589);
#1572 = B_SPLINE_CURVE_WITH_KNOTS('',8,(#1573,#1574,#1575,#1576,#1577,
    #1578,#1579,#1580,#1581,#1582,#1583,#1584,#1585,#1586,#1587,#1588),
  .UNSPECIFIED.,.F.,.F.,(9,7,9),(0.852062691647,0.919923772051,1.),
  .UNSPECIFIED.);
#1573 = CARTESIAN_POINT('',(-0.309196647268,-25.77390597137));
#1574 = CARTESIAN_POINT('',(-0.293047136958,-25.83172368936));
#1575 = CARTESIAN_POINT('',(-0.27677441129,-25.88840417428));
#1576 = CARTESIAN_POINT('',(-0.260360969239,-25.94379152995));
#1577 = CARTESIAN_POINT('',(-0.243787696188,-25.99770744809));
#1578 = CARTESIAN_POINT('',(-0.227033300151,-26.04994797643));
#1579 = CARTESIAN_POINT('',(-0.21007362264,-26.10027959473));
#1580 = CARTESIAN_POINT('',(-0.192880775369,-26.14843449909));
#1581 = CARTESIAN_POINT('',(-0.154820710247,-26.24799654537));
#1582 = CARTESIAN_POINT('',(-0.133897765893,-26.29830198394));
#1583 = CARTESIAN_POINT('',(-0.112593128993,-26.34456840438));
#1584 = CARTESIAN_POINT('',(-9.086901183741E-02,-26.38619066948));
#1585 = CARTESIAN_POINT('',(-6.871032030841E-02,-26.42243374659));
#1586 = CARTESIAN_POINT('',(-4.613131479241E-02,-26.45251936058));
#1587 = CARTESIAN_POINT('',(-2.318853661441E-02,-26.47577708451));
#1588 = CARTESIAN_POINT('',(-4.138911435803E-13,-26.49185986794));
#1589 = ( GEOMETRIC_REPRESENTATION_CONTEXT(2) 
PARAMETRIC_REPRESENTATION_CONTEXT() REPRESENTATION_CONTEXT('2D SPACE',''
  ) );
#1590 = ORIENTED_EDGE('',*,*,#1249,.T.);
#1591 = ORIENTED_EDGE('',*,*,#603,.T.);
#1592 = ORIENTED_EDGE('',*,*,#1330,.T.);
#1593 = ORIENTED_EDGE('',*,*,#808,.F.);
#1594 = ORIENTED_EDGE('',*,*,#1595,.F.);
#1595 = EDGE_CURVE('',#1596,#809,#1598,.T.);
#1596 = VERTEX_POINT('',#1597);
#1597 = CARTESIAN_POINT('',(-74.9599503265,-1.337689107438,16.));
#1598 = SURFACE_CURVE('',#1599,(#1662,#1728),.PCURVE_S1.);
#1599 = B_SPLINE_CURVE_WITH_KNOTS('',7,(#1600,#1601,#1602,#1603,#1604,
    #1605,#1606,#1607,#1608,#1609,#1610,#1611,#1612,#1613,#1614,#1615,
    #1616,#1617,#1618,#1619,#1620,#1621,#1622,#1623,#1624,#1625,#1626,
    #1627,#1628,#1629,#1630,#1631,#1632,#1633,#1634,#1635,#1636,#1637,
    #1638,#1639,#1640,#1641,#1642,#1643,#1644,#1645,#1646,#1647,#1648,
    #1649,#1650,#1651,#1652,#1653,#1654,#1655,#1656,#1657,#1658,#1659,
    #1660,#1661),.UNSPECIFIED.,.F.,.F.,(8,6,6,6,6,6,6,6,6,6,8),(0.,
    1.535273102208E-02,0.214098172742,0.358861380328,0.470910267124,
    0.570857573494,0.662708828193,0.753648230837,0.839357305353,
    0.920430378062,1.),.UNSPECIFIED.);
#1600 = CARTESIAN_POINT('',(-74.9599502837,-1.337689188462,15.9999994));
#1601 = CARTESIAN_POINT('',(-74.96080998282,-1.336061682643,
    16.012051499196));
#1602 = CARTESIAN_POINT('',(-74.96163353501,-1.334504091784,
    16.024109897749));
#1603 = CARTESIAN_POINT('',(-74.96242075677,-1.333016534273,
    16.036174034453));
#1604 = CARTESIAN_POINT('',(-74.96317148673,-1.331599100926,
    16.048243344298));
#1605 = CARTESIAN_POINT('',(-74.9638855857,-1.330251854984,
    16.060317258464));
#1606 = CARTESIAN_POINT('',(-74.96456293663,-1.328974832114,
    16.072395204325));
#1607 = CARTESIAN_POINT('',(-74.97349500139,-1.312145780751,
    16.240873757151));
#1608 = CARTESIAN_POINT('',(-74.97561497735,-1.308288478088,
    16.397889335113));
#1609 = CARTESIAN_POINT('',(-74.97133702192,-1.316250092536,
    16.554049284574));
#1610 = CARTESIAN_POINT('',(-74.96116748493,-1.335127557411,
    16.708355620578));
#1611 = CARTESIAN_POINT('',(-74.94611914324,-1.363556644667,
    16.860191834993));
#1612 = CARTESIAN_POINT('',(-74.92716253565,-1.400245085989,
    17.009226471346));
#1613 = CARTESIAN_POINT('',(-74.88915063336,-1.476016045028,
    17.261877364012));
#1614 = CARTESIAN_POINT('',(-74.87151237964,-1.511757693607,
    17.366887247258));
#1615 = CARTESIAN_POINT('',(-74.85257857163,-1.550907314343,
    17.470471881816));
#1616 = CARTESIAN_POINT('',(-74.83264137146,-1.593116826237,
    17.572686164922));
#1617 = CARTESIAN_POINT('',(-74.81195240836,-1.638096385959,
    17.673597767367));
#1618 = CARTESIAN_POINT('',(-74.79072230311,-1.68561452761,
    17.77328708369));
#1619 = CARTESIAN_POINT('',(-74.75241525891,-1.774101469815,
    17.948140821468));
#1620 = CARTESIAN_POINT('',(-74.73548579226,-1.814119326385,
    18.023748020005));
#1621 = CARTESIAN_POINT('',(-74.71842430868,-1.855461716929,
    18.098710633708));
#1622 = CARTESIAN_POINT('',(-74.70130492918,-1.89805606471,
    18.173062273272));
#1623 = CARTESIAN_POINT('',(-74.68419345884,-1.941841638646,
    18.246833204612));
#1624 = CARTESIAN_POINT('',(-74.66714877226,-1.986768115871,
    18.320051500947));
#1625 = CARTESIAN_POINT('',(-74.635127525,-2.073849238151,
    18.457585882833));
#1626 = CARTESIAN_POINT('',(-74.62012669396,-2.115778469035,
    18.522008173112));
#1627 = CARTESIAN_POINT('',(-74.60525967217,-2.158552100892,
    18.586029334242));
#1628 = CARTESIAN_POINT('',(-74.59056133066,-2.202144945279,
    18.649665125219));
#1629 = CARTESIAN_POINT('',(-74.57606396161,-2.246535902956,
    18.712929235645));
#1630 = CARTESIAN_POINT('',(-74.56179779482,-2.291707505457,
    18.775833725855));
#1631 = CARTESIAN_POINT('',(-74.53491978718,-2.379862286846,
    18.895877993004));
#1632 = CARTESIAN_POINT('',(-74.52226772237,-2.422726059023,
    18.95307176965));
#1633 = CARTESIAN_POINT('',(-74.50985731688,-2.466225786344,
    19.009978817216));
#1634 = CARTESIAN_POINT('',(-74.49770988819,-2.510352187193,
    19.06660605084));
#1635 = CARTESIAN_POINT('',(-74.48584607419,-2.5550976852,
    19.122959280568));
#1636 = CARTESIAN_POINT('',(-74.47428583315,-2.600456409247,
    19.179043211349));
#1637 = CARTESIAN_POINT('',(-74.45192261342,-2.691935633136,
    19.290125540012));
#1638 = CARTESIAN_POINT('',(-74.44111347291,-2.73804388859,
    19.345129176111));
#1639 = CARTESIAN_POINT('',(-74.43063979278,-2.784744805165,
    19.399875871286));
#1640 = CARTESIAN_POINT('',(-74.42052029514,-2.8320353711,
    19.454368201275));
#1641 = CARTESIAN_POINT('',(-74.41077365363,-2.879913717535,
    19.508607797608));
#1642 = CARTESIAN_POINT('',(-74.40141849344,-2.928379118508,
    19.562595347604));
#1643 = CARTESIAN_POINT('',(-74.38404276169,-3.023663615285,
    19.666975288927));
#1644 = CARTESIAN_POINT('',(-74.37597651876,-3.070416976136,
    19.717395834417));
#1645 = CARTESIAN_POINT('',(-74.36829024316,-3.117692373585,
    19.767592049578));
#1646 = CARTESIAN_POINT('',(-74.36099985414,-3.165490811462,
    19.817563000993));
#1647 = CARTESIAN_POINT('',(-74.35412160961,-3.213813997351,
    19.867307003094));
#1648 = CARTESIAN_POINT('',(-74.34767210612,-3.262664342592,
    19.91682161816));
#1649 = CARTESIAN_POINT('',(-74.33598919853,-3.358754585421,
    20.012720030211));
#1650 = CARTESIAN_POINT('',(-74.33070898895,-3.405938611723,
    20.059128248736));
#1651 = CARTESIAN_POINT('',(-74.32584198737,-3.453599666362,
    20.105325643318));
#1652 = CARTESIAN_POINT('',(-74.32140308586,-3.501740852273,
    20.151308850712));
#1653 = CARTESIAN_POINT('',(-74.31740773136,-3.550365750145,
    20.19707381301));
#1654 = CARTESIAN_POINT('',(-74.31387192564,-3.599478418423,
    20.242615777639));
#1655 = CARTESIAN_POINT('',(-74.30780926535,-3.697768474135,
    20.332402505456));
#1656 = CARTESIAN_POINT('',(-74.3052650172,-3.74692771646,
    20.376655571514));
#1657 = CARTESIAN_POINT('',(-74.30319511979,-3.796565417958,
    20.420683385837));
#1658 = CARTESIAN_POINT('',(-74.30161601727,-3.846686254327,
    20.464480012975));
#1659 = CARTESIAN_POINT('',(-74.30054495909,-3.897295279288,
    20.508038691729));
#1660 = CARTESIAN_POINT('',(-74.3,-3.948397924589,20.551351835149));
#1661 = CARTESIAN_POINT('',(-74.3,-4.,20.594411030538));
#1662 = PCURVE('',#689,#1663);
#1663 = DEFINITIONAL_REPRESENTATION('',(#1664),#1727);
#1664 = B_SPLINE_CURVE_WITH_KNOTS('',7,(#1665,#1666,#1667,#1668,#1669,
    #1670,#1671,#1672,#1673,#1674,#1675,#1676,#1677,#1678,#1679,#1680,
    #1681,#1682,#1683,#1684,#1685,#1686,#1687,#1688,#1689,#1690,#1691,
    #1692,#1693,#1694,#1695,#1696,#1697,#1698,#1699,#1700,#1701,#1702,
    #1703,#1704,#1705,#1706,#1707,#1708,#1709,#1710,#1711,#1712,#1713,
    #1714,#1715,#1716,#1717,#1718,#1719,#1720,#1721,#1722,#1723,#1724,
    #1725,#1726),.UNSPECIFIED.,.F.,.F.,(8,6,6,6,6,6,6,6,6,6,8),(0.,
    1.535273102208E-02,0.214098172742,0.358861380328,0.470910267124,
    0.570857573494,0.662708828193,0.753648230837,0.839357305353,
    0.920430378062,1.),.UNSPECIFIED.);
#1665 = CARTESIAN_POINT('',(5.797208750545,5.999999999062E-07));
#1666 = CARTESIAN_POINT('',(5.79688583591,-1.205149919621E-02));
#1667 = CARTESIAN_POINT('',(5.796576728882,-2.410989774875E-02));
#1668 = CARTESIAN_POINT('',(5.796281462813,-3.617403445315E-02));
#1669 = CARTESIAN_POINT('',(5.796000064979,-4.824334429773E-02));
#1670 = CARTESIAN_POINT('',(5.795732556576,-6.031725846359E-02));
#1671 = CARTESIAN_POINT('',(5.795478952722,-7.239520432458E-02));
#1672 = CARTESIAN_POINT('',(5.792136404284,-0.240873757151));
#1673 = CARTESIAN_POINT('',(5.79136429505,-0.397889335113));
#1674 = CARTESIAN_POINT('',(5.792949868748,-0.554049284575));
#1675 = CARTESIAN_POINT('',(5.796711824039,-0.708355620577));
#1676 = CARTESIAN_POINT('',(5.80235468771,-0.860191834993));
#1677 = CARTESIAN_POINT('',(5.809599163249,-1.009226471346));
#1678 = CARTESIAN_POINT('',(5.824471289734,-1.261877364013));
#1679 = CARTESIAN_POINT('',(5.831463581451,-1.366887247258));
#1680 = CARTESIAN_POINT('',(5.839092600369,-1.470471881816));
#1681 = CARTESIAN_POINT('',(5.847281614517,-1.572686164922));
#1682 = CARTESIAN_POINT('',(5.855966699605,-1.673597767367));
#1683 = CARTESIAN_POINT('',(5.865096801786,-1.77328708369));
#1684 = CARTESIAN_POINT('',(5.882013093601,-1.948140821468));
#1685 = CARTESIAN_POINT('',(5.889635904214,-2.023748020005));
#1686 = CARTESIAN_POINT('',(5.897481823049,-2.098710633708));
#1687 = CARTESIAN_POINT('',(5.905534848553,-2.173062273272));
#1688 = CARTESIAN_POINT('',(5.913781649236,-2.246833204612));
#1689 = CARTESIAN_POINT('',(5.922211227606,-2.320051500947));
#1690 = CARTESIAN_POINT('',(5.938488755023,-2.457585882833));
#1691 = CARTESIAN_POINT('',(5.946301057208,-2.522008173112));
#1692 = CARTESIAN_POINT('',(5.954245034855,-2.586029334242));
#1693 = CARTESIAN_POINT('',(5.962315285562,-2.649665125219));
#1694 = CARTESIAN_POINT('',(5.970507352205,-2.712929235645));
#1695 = CARTESIAN_POINT('',(5.978817614807,-2.775833725855));
#1696 = CARTESIAN_POINT('',(5.994986252089,-2.895877993004));
#1697 = CARTESIAN_POINT('',(6.002826648131,-2.95307176965));
#1698 = CARTESIAN_POINT('',(6.010762157817,-3.009978817216));
#1699 = CARTESIAN_POINT('',(6.01879097668,-3.06660605084));
#1700 = CARTESIAN_POINT('',(6.02691170852,-3.122959280568));
#1701 = CARTESIAN_POINT('',(6.035123365397,-3.179043211349));
#1702 = CARTESIAN_POINT('',(6.051644951862,-3.290125540012));
#1703 = CARTESIAN_POINT('',(6.059953054274,-3.345129176111));
#1704 = CARTESIAN_POINT('',(6.068349086274,-3.399875871286));
#1705 = CARTESIAN_POINT('',(6.076832750261,-3.454368201275));
#1706 = CARTESIAN_POINT('',(6.085404039629,-3.508607797608));
#1707 = CARTESIAN_POINT('',(6.094063238767,-3.562595347604));
#1708 = CARTESIAN_POINT('',(6.11105548926,-3.666975288927));
#1709 = CARTESIAN_POINT('',(6.119378638018,-3.717395834417));
#1710 = CARTESIAN_POINT('',(6.127780838484,-3.767592049578));
#1711 = CARTESIAN_POINT('',(6.136262758039,-3.817563000993));
#1712 = CARTESIAN_POINT('',(6.144825262293,-3.867307003094));
#1713 = CARTESIAN_POINT('',(6.153469415085,-3.91682161816));
#1714 = CARTESIAN_POINT('',(6.17045149524,-4.012720030211));
#1715 = CARTESIAN_POINT('',(6.178780690201,-4.059128248736));
#1716 = CARTESIAN_POINT('',(6.18718512681,-4.105325643318));
#1717 = CARTESIAN_POINT('',(6.195666024945,-4.151308850712));
#1718 = CARTESIAN_POINT('',(6.204224760927,-4.19707381301));
#1719 = CARTESIAN_POINT('',(6.212862867516,-4.242615777639));
#1720 = CARTESIAN_POINT('',(6.230139508682,-4.332402505456));
#1721 = CARTESIAN_POINT('',(6.238775062597,-4.376655571514));
#1722 = CARTESIAN_POINT('',(6.247490290772,-4.420683385837));
#1723 = CARTESIAN_POINT('',(6.256286944288,-4.464480012975));
#1724 = CARTESIAN_POINT('',(6.26516693019,-4.508038691729));
#1725 = CARTESIAN_POINT('',(6.274132311493,-4.551351835149));
#1726 = CARTESIAN_POINT('',(6.28318530718,-4.594411030538));
#1727 = ( GEOMETRIC_REPRESENTATION_CONTEXT(2) 
PARAMETRIC_REPRESENTATION_CONTEXT() REPRESENTATION_CONTEXT('2D SPACE',''
  ) );
#1728 = PCURVE('',#1012,#1729);
#1729 = DEFINITIONAL_REPRESENTATION('',(#1730),#1781);
#1730 = B_SPLINE_CURVE_WITH_KNOTS('',7,(#1731,#1732,#1733,#1734,#1735,
    #1736,#1737,#1738,#1739,#1740,#1741,#1742,#1743,#1744,#1745,#1746,
    #1747,#1748,#1749,#1750,#1751,#1752,#1753,#1754,#1755,#1756,#1757,
    #1758,#1759,#1760,#1761,#1762,#1763,#1764,#1765,#1766,#1767,#1768,
    #1769,#1770,#1771,#1772,#1773,#1774,#1775,#1776,#1777,#1778,#1779,
    #1780),.UNSPECIFIED.,.F.,.F.,(8,6,6,6,6,6,6,6,8),(1.091883059208E-07
    ,1.535273102208E-02,0.214098172742,0.358861380328,0.470910267124,
    0.570857573494,0.662708828193,0.753648230837,0.786422937532),
  .UNSPECIFIED.);
#1731 = CARTESIAN_POINT('',(3.082894736415,-26.51210219133));
#1732 = CARTESIAN_POINT('',(3.085212064167,-26.51210219133));
#1733 = CARTESIAN_POINT('',(3.087528317106,-26.51202977047));
#1734 = CARTESIAN_POINT('',(3.089843400934,-26.51188479208));
#1735 = CARTESIAN_POINT('',(3.092157221517,-26.51166715429));
#1736 = CARTESIAN_POINT('',(3.094469684894,-26.51137679001));
#1737 = CARTESIAN_POINT('',(3.096780697269,-26.51101366697));
#1738 = CARTESIAN_POINT('',(3.128987090285,-26.50493516704));
#1739 = CARTESIAN_POINT('',(3.15863270383,-26.48709910172));
#1740 = CARTESIAN_POINT('',(3.187780711135,-26.45706768353));
#1741 = CARTESIAN_POINT('',(3.216304347022,-26.41593432473));
#1742 = CARTESIAN_POINT('',(3.244158184054,-26.36541658466));
#1743 = CARTESIAN_POINT('',(3.271343071707,-26.30711480711));
#1744 = CARTESIAN_POINT('',(3.317249374353,-26.1952632857));
#1745 = CARTESIAN_POINT('',(3.336273531242,-26.14470029825));
#1746 = CARTESIAN_POINT('',(3.355003627092,-26.09120599135));
#1747 = CARTESIAN_POINT('',(3.373468355529,-26.03521489769));
#1748 = CARTESIAN_POINT('',(3.391696619707,-25.97709218692));
#1749 = CARTESIAN_POINT('',(3.409717875253,-25.91713322034));
#1750 = CARTESIAN_POINT('',(3.441376181961,-25.8079225888));
#1751 = CARTESIAN_POINT('',(3.455082140523,-25.75931854672));
#1752 = CARTESIAN_POINT('',(3.468694601463,-25.70987258485));
#1753 = CARTESIAN_POINT('',(3.48222561844,-25.6596823364));
#1754 = CARTESIAN_POINT('',(3.495686333834,-25.60883209936));
#1755 = CARTESIAN_POINT('',(3.509087295045,-25.55739463915));
#1756 = CARTESIAN_POINT('',(3.534348251314,-25.45908334059));
#1757 = CARTESIAN_POINT('',(3.546218138068,-25.41231745016));
#1758 = CARTESIAN_POINT('',(3.55805554583,-25.36518051814));
#1759 = CARTESIAN_POINT('',(3.569867068892,-25.3177128686));
#1760 = CARTESIAN_POINT('',(3.581658903059,-25.26995057335));
#1761 = CARTESIAN_POINT('',(3.593436967647,-25.22192607391));
#1762 = CARTESIAN_POINT('',(3.616023674825,-25.12932052638));
#1763 = CARTESIAN_POINT('',(3.626833533056,-25.08477600085));
#1764 = CARTESIAN_POINT('',(3.637640970327,-25.04005785742));
#1765 = CARTESIAN_POINT('',(3.648450228297,-24.99518729047));
#1766 = CARTESIAN_POINT('',(3.65926542214,-24.95018405823));
#1767 = CARTESIAN_POINT('',(3.670090540547,-24.90506648279));
#1768 = CARTESIAN_POINT('',(3.691660747825,-24.81508528895));
#1769 = CARTESIAN_POINT('',(3.702405584112,-24.77022389613));
#1770 = CARTESIAN_POINT('',(3.713167706351,-24.7252837722));
#1771 = CARTESIAN_POINT('',(3.723950832057,-24.68028079553));
#1772 = CARTESIAN_POINT('',(3.734758644503,-24.63523022226));
#1773 = CARTESIAN_POINT('',(3.745594792715,-24.59014668631));
#1774 = CARTESIAN_POINT('',(3.760379771715,-24.52878919065));
#1775 = CARTESIAN_POINT('',(3.764300804058,-24.51253174623));
#1776 = CARTESIAN_POINT('',(3.76822615798,-24.49627252467));
#1777 = CARTESIAN_POINT('',(3.772156003607,-24.48001218293));
#1778 = CARTESIAN_POINT('',(3.776090511717,-24.46375137629));
#1779 = CARTESIAN_POINT('',(3.78002985374,-24.44749075841));
#1780 = CARTESIAN_POINT('',(3.783974201756,-24.43123098129));
#1781 = ( GEOMETRIC_REPRESENTATION_CONTEXT(2) 
PARAMETRIC_REPRESENTATION_CONTEXT() REPRESENTATION_CONTEXT('2D SPACE',''
  ) );
#1782 = ORIENTED_EDGE('',*,*,#1783,.T.);
#1783 = EDGE_CURVE('',#1596,#1363,#1784,.T.);
#1784 = SURFACE_CURVE('',#1785,(#1790,#1797),.PCURVE_S1.);
#1785 = CIRCLE('',#1786,5.7);
#1786 = AXIS2_PLACEMENT_3D('',#1787,#1788,#1789);
#1787 = CARTESIAN_POINT('',(-80.,-4.,16.));
#1788 = DIRECTION('',(0.,0.,1.));
#1789 = DIRECTION('',(1.,0.,-0.));
#1790 = PCURVE('',#689,#1791);
#1791 = DEFINITIONAL_REPRESENTATION('',(#1792),#1796);
#1792 = LINE('',#1793,#1794);
#1793 = CARTESIAN_POINT('',(6.28318530718,0.));
#1794 = VECTOR('',#1795,1.);
#1795 = DIRECTION('',(-1.,0.));
#1796 = ( GEOMETRIC_REPRESENTATION_CONTEXT(2) 
PARAMETRIC_REPRESENTATION_CONTEXT() REPRESENTATION_CONTEXT('2D SPACE',''
  ) );
#1797 = PCURVE('',#1798,#1803);
#1798 = PLANE('',#1799);
#1799 = AXIS2_PLACEMENT_3D('',#1800,#1801,#1802);
#1800 = CARTESIAN_POINT('',(-80.,-4.,16.));
#1801 = DIRECTION('',(0.,0.,1.));
#1802 = DIRECTION('',(1.,0.,-0.));
#1803 = DEFINITIONAL_REPRESENTATION('',(#1804),#1808);
#1804 = CIRCLE('',#1805,5.7);
#1805 = AXIS2_PLACEMENT_2D('',#1806,#1807);
#1806 = CARTESIAN_POINT('',(0.,0.));
#1807 = DIRECTION('',(1.,0.));
#1808 = ( GEOMETRIC_REPRESENTATION_CONTEXT(2) 
PARAMETRIC_REPRESENTATION_CONTEXT() REPRESENTATION_CONTEXT('2D SPACE',''
  ) );
#1809 = ADVANCED_FACE('',(#1810),#1798,.T.);
#1810 = FACE_BOUND('',#1811,.T.);
#1811 = EDGE_LOOP('',(#1812,#1839,#1840,#1867));
#1812 = ORIENTED_EDGE('',*,*,#1813,.F.);
#1813 = EDGE_CURVE('',#1596,#1814,#1816,.T.);
#1814 = VERTEX_POINT('',#1815);
#1815 = CARTESIAN_POINT('',(-76.70716349066,2.457795585727E-02,16.));
#1816 = SURFACE_CURVE('',#1817,(#1822,#1829),.PCURVE_S1.);
#1817 = ELLIPSE('',#1818,38.840471759118,5.305082141103);
#1818 = AXIS2_PLACEMENT_3D('',#1819,#1820,#1821);
#1819 = CARTESIAN_POINT('',(-74.04648342764,-8.871059013743,16.));
#1820 = DIRECTION('',(0.,0.,1.));
#1821 = DIRECTION('',(0.773957299203,-0.633237790257,0.));
#1822 = PCURVE('',#1798,#1823);
#1823 = DEFINITIONAL_REPRESENTATION('',(#1824),#1828);
#1824 = ELLIPSE('',#1825,38.840471759118,5.305082141103);
#1825 = AXIS2_PLACEMENT_2D('',#1826,#1827);
#1826 = CARTESIAN_POINT('',(5.95351657236,-4.871059013743));
#1827 = DIRECTION('',(0.773957299203,-0.633237790257));
#1828 = ( GEOMETRIC_REPRESENTATION_CONTEXT(2) 
PARAMETRIC_REPRESENTATION_CONTEXT() REPRESENTATION_CONTEXT('2D SPACE',''
  ) );
#1829 = PCURVE('',#1012,#1830);
#1830 = DEFINITIONAL_REPRESENTATION('',(#1831),#1838);
#1831 = B_SPLINE_CURVE_WITH_KNOTS('',5,(#1832,#1833,#1834,#1835,#1836,
    #1837),.UNSPECIFIED.,.F.,.F.,(6,6),(1.712290967362,1.770163148195),
  .PIECEWISE_BEZIER_KNOTS.);
#1832 = CARTESIAN_POINT('',(3.082894736414,-26.5121021913));
#1833 = CARTESIAN_POINT('',(3.094565876358,-26.95282383943));
#1834 = CARTESIAN_POINT('',(3.106271075576,-27.39263719423));
#1835 = CARTESIAN_POINT('',(3.118010505526,-27.83141925067));
#1836 = CARTESIAN_POINT('',(3.129784320013,-28.26904751063));
#1837 = CARTESIAN_POINT('',(3.14159265359,-28.70540018881));
#1838 = ( GEOMETRIC_REPRESENTATION_CONTEXT(2) 
PARAMETRIC_REPRESENTATION_CONTEXT() REPRESENTATION_CONTEXT('2D SPACE',''
  ) );
#1839 = ORIENTED_EDGE('',*,*,#1783,.T.);
#1840 = ORIENTED_EDGE('',*,*,#1841,.F.);
#1841 = EDGE_CURVE('',#1842,#1363,#1844,.T.);
#1842 = VERTEX_POINT('',#1843);
#1843 = CARTESIAN_POINT('',(-83.29283650933,-8.024577955857,16.));
#1844 = SURFACE_CURVE('',#1845,(#1850,#1857),.PCURVE_S1.);
#1845 = ELLIPSE('',#1846,38.840471759118,5.305082141103);
#1846 = AXIS2_PLACEMENT_3D('',#1847,#1848,#1849);
#1847 = CARTESIAN_POINT('',(-74.04648342764,-8.871059013743,16.));
#1848 = DIRECTION('',(0.,0.,1.));
#1849 = DIRECTION('',(0.773957299203,-0.633237790257,0.));
#1850 = PCURVE('',#1798,#1851);
#1851 = DEFINITIONAL_REPRESENTATION('',(#1852),#1856);
#1852 = ELLIPSE('',#1853,38.840471759118,5.305082141103);
#1853 = AXIS2_PLACEMENT_2D('',#1854,#1855);
#1854 = CARTESIAN_POINT('',(5.95351657236,-4.871059013743));
#1855 = DIRECTION('',(0.773957299203,-0.633237790257));
#1856 = ( GEOMETRIC_REPRESENTATION_CONTEXT(2) 
PARAMETRIC_REPRESENTATION_CONTEXT() REPRESENTATION_CONTEXT('2D SPACE',''
  ) );
#1857 = PCURVE('',#1012,#1858);
#1858 = DEFINITIONAL_REPRESENTATION('',(#1859),#1866);
#1859 = B_SPLINE_CURVE_WITH_KNOTS('',5,(#1860,#1861,#1862,#1863,#1864,
    #1865),.UNSPECIFIED.,.F.,.F.,(6,6),(4.513022158985,4.570894339818),
  .PIECEWISE_BEZIER_KNOTS.);
#1860 = CARTESIAN_POINT('',(-4.138911435803E-13,-28.70540018881));
#1861 = CARTESIAN_POINT('',(1.180833357759E-02,-28.26904751063));
#1862 = CARTESIAN_POINT('',(2.358214806459E-02,-27.83141925066));
#1863 = CARTESIAN_POINT('',(3.532157801359E-02,-27.39263719422));
#1864 = CARTESIAN_POINT('',(4.702677723159E-02,-26.95282383943));
#1865 = CARTESIAN_POINT('',(5.869791717659E-02,-26.5121021913));
#1866 = ( GEOMETRIC_REPRESENTATION_CONTEXT(2) 
PARAMETRIC_REPRESENTATION_CONTEXT() REPRESENTATION_CONTEXT('2D SPACE',''
  ) );
#1867 = ORIENTED_EDGE('',*,*,#1868,.F.);
#1868 = EDGE_CURVE('',#1814,#1842,#1869,.T.);
#1869 = SURFACE_CURVE('',#1870,(#1875,#1882),.PCURVE_S1.);
#1870 = CIRCLE('',#1871,5.2);
#1871 = AXIS2_PLACEMENT_3D('',#1872,#1873,#1874);
#1872 = CARTESIAN_POINT('',(-80.,-4.,16.));
#1873 = DIRECTION('',(0.,0.,1.));
#1874 = DIRECTION('',(1.,0.,-0.));
#1875 = PCURVE('',#1798,#1876);
#1876 = DEFINITIONAL_REPRESENTATION('',(#1877),#1881);
#1877 = CIRCLE('',#1878,5.2);
#1878 = AXIS2_PLACEMENT_2D('',#1879,#1880);
#1879 = CARTESIAN_POINT('',(0.,0.));
#1880 = DIRECTION('',(1.,0.));
#1881 = ( GEOMETRIC_REPRESENTATION_CONTEXT(2) 
PARAMETRIC_REPRESENTATION_CONTEXT() REPRESENTATION_CONTEXT('2D SPACE',''
  ) );
#1882 = PCURVE('',#1883,#1888);
#1883 = SPHERICAL_SURFACE('',#1884,5.2);
#1884 = AXIS2_PLACEMENT_3D('',#1885,#1886,#1887);
#1885 = CARTESIAN_POINT('',(-80.,-4.,16.));
#1886 = DIRECTION('',(0.,0.,1.));
#1887 = DIRECTION('',(1.,0.,-0.));
#1888 = DEFINITIONAL_REPRESENTATION('',(#1889),#1893);
#1889 = LINE('',#1890,#1891);
#1890 = CARTESIAN_POINT('',(0.,0.));
#1891 = VECTOR('',#1892,1.);
#1892 = DIRECTION('',(1.,0.));
#1893 = ( GEOMETRIC_REPRESENTATION_CONTEXT(2) 
PARAMETRIC_REPRESENTATION_CONTEXT() REPRESENTATION_CONTEXT('2D SPACE',''
  ) );
#1894 = ADVANCED_FACE('',(#1895),#1883,.F.);
#1895 = FACE_BOUND('',#1896,.F.);
#1896 = EDGE_LOOP('',(#1897,#1932,#2015,#2016,#2178,#2210,#2266));
#1897 = ORIENTED_EDGE('',*,*,#1898,.F.);
#1898 = EDGE_CURVE('',#1899,#1901,#1903,.T.);
#1899 = VERTEX_POINT('',#1900);
#1900 = CARTESIAN_POINT('',(-82.61831832575,-7.75,13.525750791651));
#1901 = VERTEX_POINT('',#1902);
#1902 = CARTESIAN_POINT('',(-83.25,-7.75,14.445972973208));
#1903 = SURFACE_CURVE('',#1904,(#1909,#1920),.PCURVE_S1.);
#1904 = CIRCLE('',#1905,3.602429735609);
#1905 = AXIS2_PLACEMENT_3D('',#1906,#1907,#1908);
#1906 = CARTESIAN_POINT('',(-80.,-7.75,16.));
#1907 = DIRECTION('',(0.,1.,0.));
#1908 = DIRECTION('',(0.,-0.,1.));
#1909 = PCURVE('',#1883,#1910);
#1910 = DEFINITIONAL_REPRESENTATION('',(#1911),#1919);
#1911 = B_SPLINE_CURVE_WITH_KNOTS('',6,(#1912,#1913,#1914,#1915,#1916,
    #1917,#1918),.UNSPECIFIED.,.F.,.F.,(7,7),(3.896437334819,
    4.266363767227),.PIECEWISE_BEZIER_KNOTS.);
#1912 = CARTESIAN_POINT('',(4.130262141903,-0.52892092431));
#1913 = CARTESIAN_POINT('',(4.10016223583,-0.495023226364));
#1914 = CARTESIAN_POINT('',(4.073588507797,-0.459265328455));
#1915 = CARTESIAN_POINT('',(4.050343284714,-0.421975195707));
#1916 = CARTESIAN_POINT('',(4.030180114174,-0.383431742287));
#1917 = CARTESIAN_POINT('',(4.012889034917,-0.343868123539));
#1918 = CARTESIAN_POINT('',(3.998298281773,-0.303488770614));
#1919 = ( GEOMETRIC_REPRESENTATION_CONTEXT(2) 
PARAMETRIC_REPRESENTATION_CONTEXT() REPRESENTATION_CONTEXT('2D SPACE',''
  ) );
#1920 = PCURVE('',#1921,#1926);
#1921 = PLANE('',#1922);
#1922 = AXIS2_PLACEMENT_3D('',#1923,#1924,#1925);
#1923 = CARTESIAN_POINT('',(-83.25,-7.75,9.));
#1924 = DIRECTION('',(0.,1.,0.));
#1925 = DIRECTION('',(0.,-0.,1.));
#1926 = DEFINITIONAL_REPRESENTATION('',(#1927),#1931);
#1927 = CIRCLE('',#1928,3.602429735609);
#1928 = AXIS2_PLACEMENT_2D('',#1929,#1930);
#1929 = CARTESIAN_POINT('',(7.,3.25));
#1930 = DIRECTION('',(1.,0.));
#1931 = ( GEOMETRIC_REPRESENTATION_CONTEXT(2) 
PARAMETRIC_REPRESENTATION_CONTEXT() REPRESENTATION_CONTEXT('2D SPACE',''
  ) );
#1932 = ORIENTED_EDGE('',*,*,#1933,.T.);
#1933 = EDGE_CURVE('',#1899,#1842,#1934,.T.);
#1934 = SURFACE_CURVE('',#1935,(#1940,#2009),.PCURVE_S1.);
#1935 = CIRCLE('',#1936,5.2);
#1936 = AXIS2_PLACEMENT_3D('',#1937,#1938,#1939);
#1937 = CARTESIAN_POINT('',(-80.,-4.,16.));
#1938 = DIRECTION('',(-0.766406315721,0.627059712862,-0.139346602858));
#1939 = DIRECTION('',(-0.633237790257,-0.773957299204,6.864348596372E-14
    ));
#1940 = PCURVE('',#1883,#1941);
#1941 = DEFINITIONAL_REPRESENTATION('',(#1942),#2008);
#1942 = B_SPLINE_CURVE_WITH_KNOTS('',8,(#1943,#1944,#1945,#1946,#1947,
    #1948,#1949,#1950,#1951,#1952,#1953,#1954,#1955,#1956,#1957,#1958,
    #1959,#1960,#1961,#1962,#1963,#1964,#1965,#1966,#1967,#1968,#1969,
    #1970,#1971,#1972,#1973,#1974,#1975,#1976,#1977,#1978,#1979,#1980,
    #1981,#1982,#1983,#1984,#1985,#1986,#1987,#1988,#1989,#1990,#1991,
    #1992,#1993,#1994,#1995,#1996,#1997,#1998,#1999,#2000,#2001,#2002,
    #2003,#2004,#2005,#2006,#2007),.UNSPECIFIED.,.F.,.F.,(9,7,7,7,7,7,7,
    7,7,9),(4.59886829536,4.651503201979,4.702493267766,4.751889893998,
    4.847595857322,4.937320197938,5.105553336593,5.39996132924,
    5.84157331821,6.28318530718),.UNSPECIFIED.);
#1943 = CARTESIAN_POINT('',(6.28318530718,-1.390942827002));
#1944 = CARTESIAN_POINT('',(6.254534934409,-1.395068480681));
#1945 = CARTESIAN_POINT('',(6.224398503009,-1.399029030719));
#1946 = CARTESIAN_POINT('',(6.192709479325,-1.402809309825));
#1947 = CARTESIAN_POINT('',(6.159410736539,-1.406392822503));
#1948 = CARTESIAN_POINT('',(6.124463782017,-1.409761720007));
#1949 = CARTESIAN_POINT('',(6.087858916201,-1.412897120266));
#1950 = CARTESIAN_POINT('',(6.049626323065,-1.415779772778));
#1951 = CARTESIAN_POINT('',(5.971312930895,-1.420920761161));
#1952 = CARTESIAN_POINT('',(5.931327044653,-1.423195780803));
#1953 = CARTESIAN_POINT('',(5.889964846366,-1.425199282505));
#1954 = CARTESIAN_POINT('',(5.847343641669,-1.426914836778));
#1955 = CARTESIAN_POINT('',(5.803633267911,-1.428327640139));
#1956 = CARTESIAN_POINT('',(5.759054957463,-1.429425580795));
#1957 = CARTESIAN_POINT('',(5.713869425267,-1.430200159422));
#1958 = CARTESIAN_POINT('',(5.624261287415,-1.431080398556));
#1959 = CARTESIAN_POINT('',(5.579859183489,-1.431206200174));
#1960 = CARTESIAN_POINT('',(5.535399088035,-1.431020838737));
#1961 = CARTESIAN_POINT('',(5.491150549641,-1.430524260415));
#1962 = CARTESIAN_POINT('',(5.44737680819,-1.429720414229));
#1963 = CARTESIAN_POINT('',(5.404316184653,-1.428617010906));
#1964 = CARTESIAN_POINT('',(5.36216949882,-1.42722481505));
#1965 = CARTESIAN_POINT('',(5.241508796231,-1.422324053304));
#1966 = CARTESIAN_POINT('',(5.16594407731,-1.418055046694));
#1967 = CARTESIAN_POINT('',(5.095545211293,-1.412841613822));
#1968 = CARTESIAN_POINT('',(5.03086898074,-1.406804852771));
#1969 = CARTESIAN_POINT('',(4.97177924538,-1.400067427889));
#1970 = CARTESIAN_POINT('',(4.917924911849,-1.392733282188));
#1971 = CARTESIAN_POINT('',(4.868847160729,-1.384891545826));
#1972 = CARTESIAN_POINT('',(4.782102589891,-1.368857794146));
#1973 = CARTESIAN_POINT('',(4.743914307518,-1.360718308786));
#1974 = CARTESIAN_POINT('',(4.709122481343,-1.352258571023));
#1975 = CARTESIAN_POINT('',(4.677328691628,-1.34352801593));
#1976 = CARTESIAN_POINT('',(4.648176142844,-1.334566207158));
#1977 = CARTESIAN_POINT('',(4.62135737221,-1.32540507302));
#1978 = CARTESIAN_POINT('',(4.596604461928,-1.316070927007));
#1979 = CARTESIAN_POINT('',(4.530720074759,-1.288800268544));
#1980 = CARTESIAN_POINT('',(4.494208870893,-1.270483174472));
#1981 = CARTESIAN_POINT('',(4.462638342938,-1.251777346311));
#1982 = CARTESIAN_POINT('',(4.434960356883,-1.232770733626));
#1983 = CARTESIAN_POINT('',(4.410429800667,-1.213524039361));
#1984 = CARTESIAN_POINT('',(4.388492956073,-1.19408226573));
#1985 = CARTESIAN_POINT('',(4.368721126007,-1.174478532541));
#1986 = CARTESIAN_POINT('',(4.319386763412,-1.120194395233));
#1987 = CARTESIAN_POINT('',(4.293602240537,-1.085233545386));
#1988 = CARTESIAN_POINT('',(4.271639257278,-1.049994844544));
#1989 = CARTESIAN_POINT('',(4.252568658142,-1.01454639034));
#1990 = CARTESIAN_POINT('',(4.23573255262,-0.978937310815));
#1991 = CARTESIAN_POINT('',(4.220690419558,-0.943199414927));
#1992 = CARTESIAN_POINT('',(4.207107279151,-0.907357190992));
#1993 = CARTESIAN_POINT('',(4.176169916166,-0.817536061496));
#1994 = CARTESIAN_POINT('',(4.160325626738,-0.763449404303));
#1995 = CARTESIAN_POINT('',(4.146350768892,-0.709230142716));
#1996 = CARTESIAN_POINT('',(4.133795253833,-0.654910317514));
#1997 = CARTESIAN_POINT('',(4.122329548729,-0.600513472878));
#1998 = CARTESIAN_POINT('',(4.111727741446,-0.546055605363));
#1999 = CARTESIAN_POINT('',(4.101811329857,-0.491549381571));
#2000 = CARTESIAN_POINT('',(4.083070086894,-0.382459963102));
#2001 = CARTESIAN_POINT('',(4.07424504554,-0.327876784054));
#2002 = CARTESIAN_POINT('',(4.065826212549,-0.273264992853));
#2003 = CARTESIAN_POINT('',(4.057708176628,-0.218632027557));
#2004 = CARTESIAN_POINT('',(4.049805729321,-0.163983890339));
#2005 = CARTESIAN_POINT('',(4.042043875329,-0.109325860179));
#2006 = CARTESIAN_POINT('',(4.034351610784,-5.466293453672E-02));
#2007 = CARTESIAN_POINT('',(4.026659469478,-3.416070845E-16));
#2008 = ( GEOMETRIC_REPRESENTATION_CONTEXT(2) 
PARAMETRIC_REPRESENTATION_CONTEXT() REPRESENTATION_CONTEXT('2D SPACE',''
  ) );
#2009 = PCURVE('',#1012,#2010);
#2010 = DEFINITIONAL_REPRESENTATION('',(#2011),#2014);
#2011 = B_SPLINE_CURVE_WITH_KNOTS('',1,(#2012,#2013),.UNSPECIFIED.,.F.,
  .F.,(2,2),(5.781954714034,6.28318530718),.PIECEWISE_BEZIER_KNOTS.);
#2012 = CARTESIAN_POINT('',(0.501230593146,-28.70540018881));
#2013 = CARTESIAN_POINT('',(-4.138911435803E-13,-28.70540018881));
#2014 = ( GEOMETRIC_REPRESENTATION_CONTEXT(2) 
PARAMETRIC_REPRESENTATION_CONTEXT() REPRESENTATION_CONTEXT('2D SPACE',''
  ) );
#2015 = ORIENTED_EDGE('',*,*,#1868,.F.);
#2016 = ORIENTED_EDGE('',*,*,#2017,.T.);
#2017 = EDGE_CURVE('',#1814,#2018,#2020,.T.);
#2018 = VERTEX_POINT('',#2019);
#2019 = CARTESIAN_POINT('',(-76.75,-0.475155320891,13.986801055992));
#2020 = SURFACE_CURVE('',#2021,(#2026,#2172),.PCURVE_S1.);
#2021 = CIRCLE('',#2022,5.2);
#2022 = AXIS2_PLACEMENT_3D('',#2023,#2024,#2025);
#2023 = CARTESIAN_POINT('',(-80.,-4.,16.));
#2024 = DIRECTION('',(-0.766406315721,0.627059712862,-0.139346602858));
#2025 = DIRECTION('',(-0.633237790257,-0.773957299204,6.864348596372E-14
    ));
#2026 = PCURVE('',#1883,#2027);
#2027 = DEFINITIONAL_REPRESENTATION('',(#2028),#2171);
#2028 = B_SPLINE_CURVE_WITH_KNOTS('',8,(#2029,#2030,#2031,#2032,#2033,
    #2034,#2035,#2036,#2037,#2038,#2039,#2040,#2041,#2042,#2043,#2044,
    #2045,#2046,#2047,#2048,#2049,#2050,#2051,#2052,#2053,#2054,#2055,
    #2056,#2057,#2058,#2059,#2060,#2061,#2062,#2063,#2064,#2065,#2066,
    #2067,#2068,#2069,#2070,#2071,#2072,#2073,#2074,#2075,#2076,#2077,
    #2078,#2079,#2080,#2081,#2082,#2083,#2084,#2085,#2086,#2087,#2088,
    #2089,#2090,#2091,#2092,#2093,#2094,#2095,#2096,#2097,#2098,#2099,
    #2100,#2101,#2102,#2103,#2104,#2105,#2106,#2107,#2108,#2109,#2110,
    #2111,#2112,#2113,#2114,#2115,#2116,#2117,#2118,#2119,#2120,#2121,
    #2122,#2123,#2124,#2125,#2126,#2127,#2128,#2129,#2130,#2131,#2132,
    #2133,#2134,#2135,#2136,#2137,#2138,#2139,#2140,#2141,#2142,#2143,
    #2144,#2145,#2146,#2147,#2148,#2149,#2150,#2151,#2152,#2153,#2154,
    #2155,#2156,#2157,#2158,#2159,#2160,#2161,#2162,#2163,#2164,#2165,
    #2166,#2167,#2168,#2169,#2170),.UNSPECIFIED.,.F.,.F.,(9,7,7,7,7,7,7,
    7,7,7,7,7,7,7,7,7,7,7,7,7,9),(0.,0.57485853692,0.826359146822,
    1.062140968606,1.283186426528,1.386801484929,1.487178572755,
    1.535798724671,1.583659186713,1.630771829035,1.723524843608,
    1.813379326475,1.98747238703,2.313896875572,2.885139730519,
    3.313571871729,3.634895977637,4.116882136498,4.357875215929,
    4.478371755644,4.59886829536),.UNSPECIFIED.);
#2029 = CARTESIAN_POINT('',(4.026659469478,0.));
#2030 = CARTESIAN_POINT('',(4.016646396448,7.115625335451E-02));
#2031 = CARTESIAN_POINT('',(4.006633484744,0.142312518562));
#2032 = CARTESIAN_POINT('',(3.996465181788,0.213457847762));
#2033 = CARTESIAN_POINT('',(3.985989779433,0.284581575316));
#2034 = CARTESIAN_POINT('',(3.975029221437,0.355671151859));
#2035 = CARTESIAN_POINT('',(3.963370766314,0.426711580385));
#2036 = CARTESIAN_POINT('',(3.950729233565,0.497682729182));
#2037 = CARTESIAN_POINT('',(3.930459517229,0.599555575919));
#2038 = CARTESIAN_POINT('',(3.924011083469,0.63054061732));
#2039 = CARTESIAN_POINT('',(3.917243536801,0.661503101202));
#2040 = CARTESIAN_POINT('',(3.910109182155,0.692439633551));
#2041 = CARTESIAN_POINT('',(3.90255140449,0.723346181576));
#2042 = CARTESIAN_POINT('',(3.894500973128,0.754217804484));
#2043 = CARTESIAN_POINT('',(3.885869598562,0.785048179277));
#2044 = CARTESIAN_POINT('',(3.867794938465,0.84468586744));
#2045 = CARTESIAN_POINT('',(3.858436095877,0.873499190174));
#2046 = CARTESIAN_POINT('',(3.848367593986,0.90226193233));
#2047 = CARTESIAN_POINT('',(3.837471275675,0.9309655784));
#2048 = CARTESIAN_POINT('',(3.825595961417,0.959599159003));
#2049 = CARTESIAN_POINT('',(3.812548049734,0.988148587626));
#2050 = CARTESIAN_POINT('',(3.798067025194,1.016594791614));
#2051 = CARTESIAN_POINT('',(3.76648901185,1.071453956111));
#2052 = CARTESIAN_POINT('',(3.74961203583,1.097882864794));
#2053 = CARTESIAN_POINT('',(3.730820919652,1.124172416965));
#2054 = CARTESIAN_POINT('',(3.709701734867,1.150291327625));
#2055 = CARTESIAN_POINT('',(3.685700096268,1.176198193724));
#2056 = CARTESIAN_POINT('',(3.658038475117,1.201832081092));
#2057 = CARTESIAN_POINT('',(3.625587279486,1.227106207753));
#2058 = CARTESIAN_POINT('',(3.568069814297,1.263461136364));
#2059 = CARTESIAN_POINT('',(3.548238843933,1.27494910961));
#2060 = CARTESIAN_POINT('',(3.526736137407,1.286305721973));
#2061 = CARTESIAN_POINT('',(3.503324932376,1.29751060613));
#2062 = CARTESIAN_POINT('',(3.477722827419,1.308538593524));
#2063 = CARTESIAN_POINT('',(3.449585162747,1.319358004302));
#2064 = CARTESIAN_POINT('',(3.418490851202,1.32992797334));
#2065 = CARTESIAN_POINT('',(3.350475652657,1.350140054447));
#2066 = CARTESIAN_POINT('',(3.313767431308,1.359800813949));
#2067 = CARTESIAN_POINT('',(3.273366967594,1.369127735154));
#2068 = CARTESIAN_POINT('',(3.228760471725,1.378059549529));
#2069 = CARTESIAN_POINT('',(3.179373762896,1.386521410534));
#2070 = CARTESIAN_POINT('',(3.124602345562,1.394418224083));
#2071 = CARTESIAN_POINT('',(3.063951116683,1.401632479697));
#2072 = CARTESIAN_POINT('',(2.965112112644,1.411138406539));
#2073 = CARTESIAN_POINT('',(2.93146668935,1.414050240265));
#2074 = CARTESIAN_POINT('',(2.896422609901,1.416757496469));
#2075 = CARTESIAN_POINT('',(2.859995650214,1.419245135811));
#2076 = CARTESIAN_POINT('',(2.822234203069,1.421497990867));
#2077 = CARTESIAN_POINT('',(2.783225890855,1.423501381799));
#2078 = CARTESIAN_POINT('',(2.743099910621,1.425241913654));
#2079 = CARTESIAN_POINT('',(2.661592105965,1.428152082218));
#2080 = CARTESIAN_POINT('',(2.620239744811,1.429330203802));
#2081 = CARTESIAN_POINT('',(2.578127661932,1.430232209383));
#2082 = CARTESIAN_POINT('',(2.535453181234,1.430849457309));
#2083 = CARTESIAN_POINT('',(2.492442802896,1.431176221544));
#2084 = CARTESIAN_POINT('',(2.449339776041,1.43121021545));
#2085 = CARTESIAN_POINT('',(2.406387757743,1.430952692734));
#2086 = CARTESIAN_POINT('',(2.321898627758,1.429872067292));
#2087 = CARTESIAN_POINT('',(2.280350075525,1.429057868657));
#2088 = CARTESIAN_POINT('',(2.239379362623,1.427969738863));
#2089 = CARTESIAN_POINT('',(2.199185016194,1.426614978478));
#2090 = CARTESIAN_POINT('',(2.15993561269,1.425003414306));
#2091 = CARTESIAN_POINT('',(2.121762475459,1.423146758503));
#2092 = CARTESIAN_POINT('',(2.084759086809,1.421057891937));
#2093 = CARTESIAN_POINT('',(1.978561341085,1.414206550987));
#2094 = CARTESIAN_POINT('',(1.912908524476,1.408814406609));
#2095 = CARTESIAN_POINT('',(1.852499239917,1.402675025305));
#2096 = CARTESIAN_POINT('',(1.797311517009,1.395897227246));
#2097 = CARTESIAN_POINT('',(1.746978393829,1.388577921517));
#2098 = CARTESIAN_POINT('',(1.701075287485,1.380797794316));
#2099 = CARTESIAN_POINT('',(1.659152428275,1.372624218601));
#2100 = CARTESIAN_POINT('',(1.583624730895,1.355867393365));
#2101 = CARTESIAN_POINT('',(1.549800849972,1.347304929466));
#2102 = CARTESIAN_POINT('',(1.518933839404,1.338476042326));
#2103 = CARTESIAN_POINT('',(1.490662855765,1.329421077569));
#2104 = CARTESIAN_POINT('',(1.464674789214,1.320172258839));
#2105 = CARTESIAN_POINT('',(1.440703270922,1.310755667186));
#2106 = CARTESIAN_POINT('',(1.418518473652,1.301192804292));
#2107 = CARTESIAN_POINT('',(1.358023373383,1.272724583598));
#2108 = CARTESIAN_POINT('',(1.324093731765,1.253465527886));
#2109 = CARTESIAN_POINT('',(1.294706567494,1.233853900961));
#2110 = CARTESIAN_POINT('',(1.268898508093,1.213968783945));
#2111 = CARTESIAN_POINT('',(1.245986060055,1.193864892557));
#2112 = CARTESIAN_POINT('',(1.225459463175,1.173582951099));
#2113 = CARTESIAN_POINT('',(1.206927442936,1.153152862542));
#2114 = CARTESIAN_POINT('',(1.158503267719,1.094058274514));
#2115 = CARTESIAN_POINT('',(1.132859167894,1.055080401728));
#2116 = CARTESIAN_POINT('',(1.11113642673,1.015819009094));
#2117 = CARTESIAN_POINT('',(1.09235367813,0.976345284751));
#2118 = CARTESIAN_POINT('',(1.075808514963,0.936711396655));
#2119 = CARTESIAN_POINT('',(1.061047795009,0.896949794287));
#2120 = CARTESIAN_POINT('',(1.047724494737,0.857085734994));
#2121 = CARTESIAN_POINT('',(1.014334645071,0.74722832751));
#2122 = CARTESIAN_POINT('',(0.996704229122,0.677061621015));
#2123 = CARTESIAN_POINT('',(0.981315248869,0.60673649318));
#2124 = CARTESIAN_POINT('',(0.967562497874,0.536295679509));
#2125 = CARTESIAN_POINT('',(0.954979529578,0.465772435241));
#2126 = CARTESIAN_POINT('',(0.943276544329,0.395187139191));
#2127 = CARTESIAN_POINT('',(0.932211121444,0.324556948925));
#2128 = CARTESIAN_POINT('',(0.913625925001,0.200899245999));
#2129 = CARTESIAN_POINT('',(0.905911045868,0.147885471704));
#2130 = CARTESIAN_POINT('',(0.898365174516,9.485980432559E-02));
#2131 = CARTESIAN_POINT('',(0.890918668835,4.18271470659E-02));
#2132 = CARTESIAN_POINT('',(0.883508617475,-1.120807429061E-02));
#2133 = CARTESIAN_POINT('',(0.876074015445,-6.424156918022E-02));
#2134 = CARTESIAN_POINT('',(0.868550939702,-0.117268840064));
#2135 = CARTESIAN_POINT('',(0.855105313531,-0.210046840359));
#2136 = CARTESIAN_POINT('',(0.849252825861,-0.249802500818));
#2137 = CARTESIAN_POINT('',(0.843280162625,-0.289549702298));
#2138 = CARTESIAN_POINT('',(0.837154417446,-0.329286125827));
#2139 = CARTESIAN_POINT('',(0.830839062844,-0.369009195765));
#2140 = CARTESIAN_POINT('',(0.824292054703,-0.408715944702));
#2141 = CARTESIAN_POINT('',(0.817462855043,-0.448402800266));
#2142 = CARTESIAN_POINT('',(0.799526650169,-0.547559034188));
#2143 = CARTESIAN_POINT('',(0.787987690498,-0.606997931752));
#2144 = CARTESIAN_POINT('',(0.775460579434,-0.666367074815));
#2145 = CARTESIAN_POINT('',(0.761656174095,-0.725645831327));
#2146 = CARTESIAN_POINT('',(0.746217386479,-0.78480905545));
#2147 = CARTESIAN_POINT('',(0.72854061151,-0.843813187022));
#2148 = CARTESIAN_POINT('',(0.70783542349,-0.902602207394));
#2149 = CARTESIAN_POINT('',(0.669435851514,-0.990258367321));
#2150 = CARTESIAN_POINT('',(0.655412228564,-1.019389178654));
#2151 = CARTESIAN_POINT('',(0.639931382709,-1.048415026802));
#2152 = CARTESIAN_POINT('',(0.622689714451,-1.077313483321));
#2153 = CARTESIAN_POINT('',(0.603288492459,-1.106055236322));
#2154 = CARTESIAN_POINT('',(0.581166244952,-1.134597835703));
#2155 = CARTESIAN_POINT('',(0.55552981827,-1.162881818309));
#2156 = CARTESIAN_POINT('',(0.509763374212,-1.204758094017));
#2157 = CARTESIAN_POINT('',(0.493289242908,-1.218625211507));
#2158 = CARTESIAN_POINT('',(0.475426439102,-1.232387309004));
#2159 = CARTESIAN_POINT('',(0.455969091995,-1.246027669463));
#2160 = CARTESIAN_POINT('',(0.434665626285,-1.259525756376));
#2161 = CARTESIAN_POINT('',(0.411202433722,-1.272855491316));
#2162 = CARTESIAN_POINT('',(0.385181072465,-1.285982290348));
#2163 = CARTESIAN_POINT('',(0.326996915994,-1.311735428255));
#2164 = CARTESIAN_POINT('',(0.294834174689,-1.324361748641));
#2165 = CARTESIAN_POINT('',(0.25908836745,-1.336690330499));
#2166 = CARTESIAN_POINT('',(0.219134999369,-1.348660946259));
#2167 = CARTESIAN_POINT('',(0.174207265462,-1.360194310915));
#2168 = CARTESIAN_POINT('',(0.123390324482,-1.371187887331));
#2169 = CARTESIAN_POINT('',(6.558899791225E-02,-1.381498011303));
#2170 = CARTESIAN_POINT('',(6.301817465935E-14,-1.390942827002));
#2171 = ( GEOMETRIC_REPRESENTATION_CONTEXT(2) 
PARAMETRIC_REPRESENTATION_CONTEXT() REPRESENTATION_CONTEXT('2D SPACE',''
  ) );
#2172 = PCURVE('',#1012,#2173);
#2173 = DEFINITIONAL_REPRESENTATION('',(#2174),#2177);
#2174 = B_SPLINE_CURVE_WITH_KNOTS('',1,(#2175,#2176),.UNSPECIFIED.,.F.,
  .F.,(2,2),(3.14159265359,3.543275785138),.PIECEWISE_BEZIER_KNOTS.);
#2175 = CARTESIAN_POINT('',(3.14159265359,-28.70540018881));
#2176 = CARTESIAN_POINT('',(2.739909522042,-28.70540018881));
#2177 = ( GEOMETRIC_REPRESENTATION_CONTEXT(2) 
PARAMETRIC_REPRESENTATION_CONTEXT() REPRESENTATION_CONTEXT('2D SPACE',''
  ) );
#2178 = ORIENTED_EDGE('',*,*,#2179,.T.);
#2179 = EDGE_CURVE('',#2018,#2180,#2182,.T.);
#2180 = VERTEX_POINT('',#2181);
#2181 = CARTESIAN_POINT('',(-76.75,-0.25,14.445972973208));
#2182 = SURFACE_CURVE('',#2183,(#2188,#2198),.PCURVE_S1.);
#2183 = CIRCLE('',#2184,4.059248698959);
#2184 = AXIS2_PLACEMENT_3D('',#2185,#2186,#2187);
#2185 = CARTESIAN_POINT('',(-76.75,-4.,16.));
#2186 = DIRECTION('',(1.,0.,0.));
#2187 = DIRECTION('',(-0.,0.,1.));
#2188 = PCURVE('',#1883,#2189);
#2189 = DEFINITIONAL_REPRESENTATION('',(#2190),#2197);
#2190 = B_SPLINE_CURVE_WITH_KNOTS('',5,(#2191,#2192,#2193,#2194,#2195,
    #2196),.UNSPECIFIED.,.F.,.F.,(6,6),(4.193456334238,4.319524623852),
  .PIECEWISE_BEZIER_KNOTS.);
#2191 = CARTESIAN_POINT('',(0.825944346574,-0.397542482435));
#2192 = CARTESIAN_POINT('',(0.83312101776,-0.379005696575));
#2193 = CARTESIAN_POINT('',(0.839762005103,-0.360315588967));
#2194 = CARTESIAN_POINT('',(0.845892524716,-0.341489407883));
#2195 = CARTESIAN_POINT('',(0.851534306338,-0.3225424576));
#2196 = CARTESIAN_POINT('',(0.856705628183,-0.303488770614));
#2197 = ( GEOMETRIC_REPRESENTATION_CONTEXT(2) 
PARAMETRIC_REPRESENTATION_CONTEXT() REPRESENTATION_CONTEXT('2D SPACE',''
  ) );
#2198 = PCURVE('',#2199,#2204);
#2199 = PLANE('',#2200);
#2200 = AXIS2_PLACEMENT_3D('',#2201,#2202,#2203);
#2201 = CARTESIAN_POINT('',(-76.75,-7.75,9.));
#2202 = DIRECTION('',(1.,0.,0.));
#2203 = DIRECTION('',(0.,0.,1.));
#2204 = DEFINITIONAL_REPRESENTATION('',(#2205),#2209);
#2205 = CIRCLE('',#2206,4.059248698959);
#2206 = AXIS2_PLACEMENT_2D('',#2207,#2208);
#2207 = CARTESIAN_POINT('',(7.,-3.75));
#2208 = DIRECTION('',(1.,0.));
#2209 = ( GEOMETRIC_REPRESENTATION_CONTEXT(2) 
PARAMETRIC_REPRESENTATION_CONTEXT() REPRESENTATION_CONTEXT('2D SPACE',''
  ) );
#2210 = ORIENTED_EDGE('',*,*,#2211,.T.);
#2211 = EDGE_CURVE('',#2180,#2212,#2214,.T.);
#2212 = VERTEX_POINT('',#2213);
#2213 = CARTESIAN_POINT('',(-83.25,-0.25,14.445972973208));
#2214 = SURFACE_CURVE('',#2215,(#2220,#2254),.PCURVE_S1.);
#2215 = CIRCLE('',#2216,3.602429735609);
#2216 = AXIS2_PLACEMENT_3D('',#2217,#2218,#2219);
#2217 = CARTESIAN_POINT('',(-80.,-0.25,16.));
#2218 = DIRECTION('',(0.,1.,0.));
#2219 = DIRECTION('',(0.,-0.,1.));
#2220 = PCURVE('',#1883,#2221);
#2221 = DEFINITIONAL_REPRESENTATION('',(#2222),#2253);
#2222 = B_SPLINE_CURVE_WITH_KNOTS('',8,(#2223,#2224,#2225,#2226,#2227,
    #2228,#2229,#2230,#2231,#2232,#2233,#2234,#2235,#2236,#2237,#2238,
    #2239,#2240,#2241,#2242,#2243,#2244,#2245,#2246,#2247,#2248,#2249,
    #2250,#2251,#2252),.UNSPECIFIED.,.F.,.F.,(9,7,7,7,9),(2.016821539953
    ,2.579207096771,3.000996264385,3.633680015806,4.266363767227),
  .UNSPECIFIED.);
#2223 = CARTESIAN_POINT('',(0.856705628183,-0.303488770614));
#2224 = CARTESIAN_POINT('',(0.873341967423,-0.349529205054));
#2225 = CARTESIAN_POINT('',(0.89332173306,-0.394559552119));
#2226 = CARTESIAN_POINT('',(0.916860100343,-0.438323914277));
#2227 = CARTESIAN_POINT('',(0.944217874252,-0.480531004336));
#2228 = CARTESIAN_POINT('',(0.975693301138,-0.520846469798));
#2229 = CARTESIAN_POINT('',(1.011594046661,-0.558875890678));
#2230 = CARTESIAN_POINT('',(1.052161319161,-0.594160708776));
#2231 = CARTESIAN_POINT('',(1.131360716336,-0.650245824546));
#2232 = CARTESIAN_POINT('',(1.167941275492,-0.672462016923));
#2233 = CARTESIAN_POINT('',(1.207169830282,-0.69265041724));
#2234 = CARTESIAN_POINT('',(1.248989101197,-0.710594464908));
#2235 = CARTESIAN_POINT('',(1.293242635653,-0.726073779069));
#2236 = CARTESIAN_POINT('',(1.33963547342,-0.738883715174));
#2237 = CARTESIAN_POINT('',(1.38772525661,-0.748859279585));
#2238 = CARTESIAN_POINT('',(1.510866377805,-0.766444674869));
#2239 = CARTESIAN_POINT('',(1.587376074266,-0.770377400874));
#2240 = CARTESIAN_POINT('',(1.66471731715,-0.767331888883));
#2241 = CARTESIAN_POINT('',(1.740655653437,-0.757224878983));
#2242 = CARTESIAN_POINT('',(1.812822807888,-0.740416038944));
#2243 = CARTESIAN_POINT('',(1.879936473953,-0.717590094966));
#2244 = CARTESIAN_POINT('',(1.941345815848,-0.689473689489));
#2245 = CARTESIAN_POINT('',(2.052388700511,-0.624102241119));
#2246 = CARTESIAN_POINT('',(2.102022144866,-0.586846960889));
#2247 = CARTESIAN_POINT('',(2.145580284479,-0.545740888063));
#2248 = CARTESIAN_POINT('',(2.183333768345,-0.501486803709));
#2249 = CARTESIAN_POINT('',(2.215739402543,-0.454675439182));
#2250 = CARTESIAN_POINT('',(2.243223537169,-0.405801414539));
#2251 = CARTESIAN_POINT('',(2.266171143761,-0.355284259359));
#2252 = CARTESIAN_POINT('',(2.284887025407,-0.303488770614));
#2253 = ( GEOMETRIC_REPRESENTATION_CONTEXT(2) 
PARAMETRIC_REPRESENTATION_CONTEXT() REPRESENTATION_CONTEXT('2D SPACE',''
  ) );
#2254 = PCURVE('',#2255,#2260);
#2255 = PLANE('',#2256);
#2256 = AXIS2_PLACEMENT_3D('',#2257,#2258,#2259);
#2257 = CARTESIAN_POINT('',(-83.25,-0.25,9.));
#2258 = DIRECTION('',(0.,1.,0.));
#2259 = DIRECTION('',(0.,-0.,1.));
#2260 = DEFINITIONAL_REPRESENTATION('',(#2261),#2265);
#2261 = CIRCLE('',#2262,3.602429735609);
#2262 = AXIS2_PLACEMENT_2D('',#2263,#2264);
#2263 = CARTESIAN_POINT('',(7.,3.25));
#2264 = DIRECTION('',(1.,0.));
#2265 = ( GEOMETRIC_REPRESENTATION_CONTEXT(2) 
PARAMETRIC_REPRESENTATION_CONTEXT() REPRESENTATION_CONTEXT('2D SPACE',''
  ) );
#2266 = ORIENTED_EDGE('',*,*,#2267,.F.);
#2267 = EDGE_CURVE('',#1901,#2212,#2268,.T.);
#2268 = SURFACE_CURVE('',#2269,(#2274,#2315),.PCURVE_S1.);
#2269 = CIRCLE('',#2270,4.059248698959);
#2270 = AXIS2_PLACEMENT_3D('',#2271,#2272,#2273);
#2271 = CARTESIAN_POINT('',(-83.25,-4.,16.));
#2272 = DIRECTION('',(1.,0.,0.));
#2273 = DIRECTION('',(-0.,0.,1.));
#2274 = PCURVE('',#1883,#2275);
#2275 = DEFINITIONAL_REPRESENTATION('',(#2276),#2314);
#2276 = B_SPLINE_CURVE_WITH_KNOTS('',8,(#2277,#2278,#2279,#2280,#2281,
    #2282,#2283,#2284,#2285,#2286,#2287,#2288,#2289,#2290,#2291,#2292,
    #2293,#2294,#2295,#2296,#2297,#2298,#2299,#2300,#2301,#2302,#2303,
    #2304,#2305,#2306,#2307,#2308,#2309,#2310,#2311,#2312,#2313),
  .UNSPECIFIED.,.F.,.F.,(9,7,7,7,7,9),(1.963660683328,2.552626668459,
    2.994351157307,3.325644523943,3.822584573897,4.319524623852),
  .UNSPECIFIED.);
#2277 = CARTESIAN_POINT('',(3.998298281773,-0.303488770614));
#2278 = CARTESIAN_POINT('',(3.983198665321,-0.359123166251));
#2279 = CARTESIAN_POINT('',(3.96443202291,-0.41392552606));
#2280 = CARTESIAN_POINT('',(3.941664356882,-0.467640580779));
#2281 = CARTESIAN_POINT('',(3.914448819116,-0.519968979951));
#2282 = CARTESIAN_POINT('',(3.882213621468,-0.570541514812));
#2283 = CARTESIAN_POINT('',(3.844261053814,-0.618899763341));
#2284 = CARTESIAN_POINT('',(3.799773303784,-0.664435291102));
#2285 = CARTESIAN_POINT('',(3.709449511576,-0.737878465665));
#2286 = CARTESIAN_POINT('',(3.666731082208,-0.767347104617));
#2287 = CARTESIAN_POINT('',(3.619754505361,-0.794494603925));
#2288 = CARTESIAN_POINT('',(3.568343885618,-0.818962866368));
#2289 = CARTESIAN_POINT('',(3.512467484832,-0.840358324012));
#2290 = CARTESIAN_POINT('',(3.452384158006,-0.858261025228));
#2291 = CARTESIAN_POINT('',(3.388824716052,-0.872309785755));
#2292 = CARTESIAN_POINT('',(3.27332150723,-0.889725857799));
#2293 = CARTESIAN_POINT('',(3.222446365474,-0.894885427578));
#2294 = CARTESIAN_POINT('',(3.170634012626,-0.897638373566));
#2295 = CARTESIAN_POINT('',(3.118418573479,-0.897918536421));
#2296 = CARTESIAN_POINT('',(3.066400885802,-0.895713004943));
#2297 = CARTESIAN_POINT('',(3.015163622035,-0.891065317117));
#2298 = CARTESIAN_POINT('',(2.965193107333,-0.884066871357));
#2299 = CARTESIAN_POINT('',(2.844381719614,-0.860996697755));
#2300 = CARTESIAN_POINT('',(2.775598225796,-0.842138103224));
#2301 = CARTESIAN_POINT('',(2.711795122798,-0.818672290679));
#2302 = CARTESIAN_POINT('',(2.653701253483,-0.791167718888));
#2303 = CARTESIAN_POINT('',(2.601317682579,-0.760227076297));
#2304 = CARTESIAN_POINT('',(2.554378987708,-0.72637103728));
#2305 = CARTESIAN_POINT('',(2.512494208071,-0.690053780068));
#2306 = CARTESIAN_POINT('',(2.437997408674,-0.613261829465));
#2307 = CARTESIAN_POINT('',(2.40538548616,-0.572787155181));
#2308 = CARTESIAN_POINT('',(2.376991616051,-0.530617103619));
#2309 = CARTESIAN_POINT('',(2.35237212488,-0.487064876666));
#2310 = CARTESIAN_POINT('',(2.331140002725,-0.442383169375));
#2311 = CARTESIAN_POINT('',(2.312978333832,-0.396779427564));
#2312 = CARTESIAN_POINT('',(2.297627326788,-0.350430291932));
#2313 = CARTESIAN_POINT('',(2.284887025407,-0.303488770614));
#2314 = ( GEOMETRIC_REPRESENTATION_CONTEXT(2) 
PARAMETRIC_REPRESENTATION_CONTEXT() REPRESENTATION_CONTEXT('2D SPACE',''
  ) );
#2315 = PCURVE('',#2316,#2321);
#2316 = PLANE('',#2317);
#2317 = AXIS2_PLACEMENT_3D('',#2318,#2319,#2320);
#2318 = CARTESIAN_POINT('',(-83.25,-7.75,9.));
#2319 = DIRECTION('',(1.,0.,0.));
#2320 = DIRECTION('',(0.,0.,1.));
#2321 = DEFINITIONAL_REPRESENTATION('',(#2322),#2326);
#2322 = CIRCLE('',#2323,4.059248698959);
#2323 = AXIS2_PLACEMENT_2D('',#2324,#2325);
#2324 = CARTESIAN_POINT('',(7.,-3.75));
#2325 = DIRECTION('',(1.,0.));
#2326 = ( GEOMETRIC_REPRESENTATION_CONTEXT(2) 
PARAMETRIC_REPRESENTATION_CONTEXT() REPRESENTATION_CONTEXT('2D SPACE',''
  ) );
#2327 = ADVANCED_FACE('',(#2328),#2199,.F.);
#2328 = FACE_BOUND('',#2329,.F.);
#2329 = EDGE_LOOP('',(#2330,#2355,#2383,#2404,#2405));
#2330 = ORIENTED_EDGE('',*,*,#2331,.F.);
#2331 = EDGE_CURVE('',#2332,#2334,#2336,.T.);
#2332 = VERTEX_POINT('',#2333);
#2333 = CARTESIAN_POINT('',(-76.75,-7.75,9.));
#2334 = VERTEX_POINT('',#2335);
#2335 = CARTESIAN_POINT('',(-76.75,-7.75,11.386825962398));
#2336 = SURFACE_CURVE('',#2337,(#2341,#2348),.PCURVE_S1.);
#2337 = LINE('',#2338,#2339);
#2338 = CARTESIAN_POINT('',(-76.75,-7.75,9.));
#2339 = VECTOR('',#2340,1.);
#2340 = DIRECTION('',(0.,0.,1.));
#2341 = PCURVE('',#2199,#2342);
#2342 = DEFINITIONAL_REPRESENTATION('',(#2343),#2347);
#2343 = LINE('',#2344,#2345);
#2344 = CARTESIAN_POINT('',(0.,0.));
#2345 = VECTOR('',#2346,1.);
#2346 = DIRECTION('',(1.,0.));
#2347 = ( GEOMETRIC_REPRESENTATION_CONTEXT(2) 
PARAMETRIC_REPRESENTATION_CONTEXT() REPRESENTATION_CONTEXT('2D SPACE',''
  ) );
#2348 = PCURVE('',#1921,#2349);
#2349 = DEFINITIONAL_REPRESENTATION('',(#2350),#2354);
#2350 = LINE('',#2351,#2352);
#2351 = CARTESIAN_POINT('',(0.,6.5));
#2352 = VECTOR('',#2353,1.);
#2353 = DIRECTION('',(1.,0.));
#2354 = ( GEOMETRIC_REPRESENTATION_CONTEXT(2) 
PARAMETRIC_REPRESENTATION_CONTEXT() REPRESENTATION_CONTEXT('2D SPACE',''
  ) );
#2355 = ORIENTED_EDGE('',*,*,#2356,.T.);
#2356 = EDGE_CURVE('',#2332,#2357,#2359,.T.);
#2357 = VERTEX_POINT('',#2358);
#2358 = CARTESIAN_POINT('',(-76.75,-0.25,9.));
#2359 = SURFACE_CURVE('',#2360,(#2364,#2371),.PCURVE_S1.);
#2360 = LINE('',#2361,#2362);
#2361 = CARTESIAN_POINT('',(-76.75,-7.75,9.));
#2362 = VECTOR('',#2363,1.);
#2363 = DIRECTION('',(0.,1.,0.));
#2364 = PCURVE('',#2199,#2365);
#2365 = DEFINITIONAL_REPRESENTATION('',(#2366),#2370);
#2366 = LINE('',#2367,#2368);
#2367 = CARTESIAN_POINT('',(0.,0.));
#2368 = VECTOR('',#2369,1.);
#2369 = DIRECTION('',(0.,-1.));
#2370 = ( GEOMETRIC_REPRESENTATION_CONTEXT(2) 
PARAMETRIC_REPRESENTATION_CONTEXT() REPRESENTATION_CONTEXT('2D SPACE',''
  ) );
#2371 = PCURVE('',#2372,#2377);
#2372 = PLANE('',#2373);
#2373 = AXIS2_PLACEMENT_3D('',#2374,#2375,#2376);
#2374 = CARTESIAN_POINT('',(-83.25,-7.75,9.));
#2375 = DIRECTION('',(0.,0.,1.));
#2376 = DIRECTION('',(1.,0.,-0.));
#2377 = DEFINITIONAL_REPRESENTATION('',(#2378),#2382);
#2378 = LINE('',#2379,#2380);
#2379 = CARTESIAN_POINT('',(6.5,0.));
#2380 = VECTOR('',#2381,1.);
#2381 = DIRECTION('',(0.,1.));
#2382 = ( GEOMETRIC_REPRESENTATION_CONTEXT(2) 
PARAMETRIC_REPRESENTATION_CONTEXT() REPRESENTATION_CONTEXT('2D SPACE',''
  ) );
#2383 = ORIENTED_EDGE('',*,*,#2384,.T.);
#2384 = EDGE_CURVE('',#2357,#2180,#2385,.T.);
#2385 = SURFACE_CURVE('',#2386,(#2390,#2397),.PCURVE_S1.);
#2386 = LINE('',#2387,#2388);
#2387 = CARTESIAN_POINT('',(-76.75,-0.25,9.));
#2388 = VECTOR('',#2389,1.);
#2389 = DIRECTION('',(0.,0.,1.));
#2390 = PCURVE('',#2199,#2391);
#2391 = DEFINITIONAL_REPRESENTATION('',(#2392),#2396);
#2392 = LINE('',#2393,#2394);
#2393 = CARTESIAN_POINT('',(0.,-7.5));
#2394 = VECTOR('',#2395,1.);
#2395 = DIRECTION('',(1.,0.));
#2396 = ( GEOMETRIC_REPRESENTATION_CONTEXT(2) 
PARAMETRIC_REPRESENTATION_CONTEXT() REPRESENTATION_CONTEXT('2D SPACE',''
  ) );
#2397 = PCURVE('',#2255,#2398);
#2398 = DEFINITIONAL_REPRESENTATION('',(#2399),#2403);
#2399 = LINE('',#2400,#2401);
#2400 = CARTESIAN_POINT('',(0.,6.5));
#2401 = VECTOR('',#2402,1.);
#2402 = DIRECTION('',(1.,0.));
#2403 = ( GEOMETRIC_REPRESENTATION_CONTEXT(2) 
PARAMETRIC_REPRESENTATION_CONTEXT() REPRESENTATION_CONTEXT('2D SPACE',''
  ) );
#2404 = ORIENTED_EDGE('',*,*,#2179,.F.);
#2405 = ORIENTED_EDGE('',*,*,#2406,.F.);
#2406 = EDGE_CURVE('',#2334,#2018,#2407,.T.);
#2407 = SURFACE_CURVE('',#2408,(#2413,#2420),.PCURVE_S1.);
#2408 = ELLIPSE('',#2409,6.942903487328,5.319633252093);
#2409 = AXIS2_PLACEMENT_3D('',#2410,#2411,#2412);
#2410 = CARTESIAN_POINT('',(-76.75,-6.817404184262,16.626089818725));
#2411 = DIRECTION('',(1.,0.,0.));
#2412 = DIRECTION('',(0.,-0.976187060184,0.216930457819));
#2413 = PCURVE('',#2199,#2414);
#2414 = DEFINITIONAL_REPRESENTATION('',(#2415),#2419);
#2415 = ELLIPSE('',#2416,6.942903487328,5.319633252093);
#2416 = AXIS2_PLACEMENT_2D('',#2417,#2418);
#2417 = CARTESIAN_POINT('',(7.626089818725,-0.932595815738));
#2418 = DIRECTION('',(0.216930457819,0.976187060184));
#2419 = ( GEOMETRIC_REPRESENTATION_CONTEXT(2) 
PARAMETRIC_REPRESENTATION_CONTEXT() REPRESENTATION_CONTEXT('2D SPACE',''
  ) );
#2420 = PCURVE('',#1012,#2421);
#2421 = DEFINITIONAL_REPRESENTATION('',(#2422),#2432);
#2422 = B_SPLINE_CURVE_WITH_KNOTS('',8,(#2423,#2424,#2425,#2426,#2427,
    #2428,#2429,#2430,#2431),.UNSPECIFIED.,.F.,.F.,(9,9),(1.603377502491
    ,2.913936662243),.PIECEWISE_BEZIER_KNOTS.);
#2423 = CARTESIAN_POINT('',(1.411326606194,-24.50593587248));
#2424 = CARTESIAN_POINT('',(1.575226516814,-25.23615477786));
#2425 = CARTESIAN_POINT('',(1.739843363866,-25.96191778724));
#2426 = CARTESIAN_POINT('',(1.905179360307,-26.65336307609));
#2427 = CARTESIAN_POINT('',(2.071195615464,-27.28088447237));
#2428 = CARTESIAN_POINT('',(2.237810099927,-27.8176913582));
#2429 = CARTESIAN_POINT('',(2.404901186271,-28.24235530011));
#2430 = CARTESIAN_POINT('',(2.57232072192,-28.54050619964));
#2431 = CARTESIAN_POINT('',(2.739909522042,-28.70540018881));
#2432 = ( GEOMETRIC_REPRESENTATION_CONTEXT(2) 
PARAMETRIC_REPRESENTATION_CONTEXT() REPRESENTATION_CONTEXT('2D SPACE',''
  ) );
#2433 = ADVANCED_FACE('',(#2434),#2372,.T.);
#2434 = FACE_BOUND('',#2435,.T.);
#2435 = EDGE_LOOP('',(#2436,#2461,#2482,#2483));
#2436 = ORIENTED_EDGE('',*,*,#2437,.F.);
#2437 = EDGE_CURVE('',#2438,#2440,#2442,.T.);
#2438 = VERTEX_POINT('',#2439);
#2439 = CARTESIAN_POINT('',(-83.25,-7.75,9.));
#2440 = VERTEX_POINT('',#2441);
#2441 = CARTESIAN_POINT('',(-83.25,-0.25,9.));
#2442 = SURFACE_CURVE('',#2443,(#2447,#2454),.PCURVE_S1.);
#2443 = LINE('',#2444,#2445);
#2444 = CARTESIAN_POINT('',(-83.25,-7.75,9.));
#2445 = VECTOR('',#2446,1.);
#2446 = DIRECTION('',(0.,1.,0.));
#2447 = PCURVE('',#2372,#2448);
#2448 = DEFINITIONAL_REPRESENTATION('',(#2449),#2453);
#2449 = LINE('',#2450,#2451);
#2450 = CARTESIAN_POINT('',(0.,0.));
#2451 = VECTOR('',#2452,1.);
#2452 = DIRECTION('',(0.,1.));
#2453 = ( GEOMETRIC_REPRESENTATION_CONTEXT(2) 
PARAMETRIC_REPRESENTATION_CONTEXT() REPRESENTATION_CONTEXT('2D SPACE',''
  ) );
#2454 = PCURVE('',#2316,#2455);
#2455 = DEFINITIONAL_REPRESENTATION('',(#2456),#2460);
#2456 = LINE('',#2457,#2458);
#2457 = CARTESIAN_POINT('',(0.,0.));
#2458 = VECTOR('',#2459,1.);
#2459 = DIRECTION('',(0.,-1.));
#2460 = ( GEOMETRIC_REPRESENTATION_CONTEXT(2) 
PARAMETRIC_REPRESENTATION_CONTEXT() REPRESENTATION_CONTEXT('2D SPACE',''
  ) );
#2461 = ORIENTED_EDGE('',*,*,#2462,.T.);
#2462 = EDGE_CURVE('',#2438,#2332,#2463,.T.);
#2463 = SURFACE_CURVE('',#2464,(#2468,#2475),.PCURVE_S1.);
#2464 = LINE('',#2465,#2466);
#2465 = CARTESIAN_POINT('',(-83.25,-7.75,9.));
#2466 = VECTOR('',#2467,1.);
#2467 = DIRECTION('',(1.,0.,0.));
#2468 = PCURVE('',#2372,#2469);
#2469 = DEFINITIONAL_REPRESENTATION('',(#2470),#2474);
#2470 = LINE('',#2471,#2472);
#2471 = CARTESIAN_POINT('',(0.,0.));
#2472 = VECTOR('',#2473,1.);
#2473 = DIRECTION('',(1.,0.));
#2474 = ( GEOMETRIC_REPRESENTATION_CONTEXT(2) 
PARAMETRIC_REPRESENTATION_CONTEXT() REPRESENTATION_CONTEXT('2D SPACE',''
  ) );
#2475 = PCURVE('',#1921,#2476);
#2476 = DEFINITIONAL_REPRESENTATION('',(#2477),#2481);
#2477 = LINE('',#2478,#2479);
#2478 = CARTESIAN_POINT('',(0.,0.));
#2479 = VECTOR('',#2480,1.);
#2480 = DIRECTION('',(0.,1.));
#2481 = ( GEOMETRIC_REPRESENTATION_CONTEXT(2) 
PARAMETRIC_REPRESENTATION_CONTEXT() REPRESENTATION_CONTEXT('2D SPACE',''
  ) );
#2482 = ORIENTED_EDGE('',*,*,#2356,.T.);
#2483 = ORIENTED_EDGE('',*,*,#2484,.F.);
#2484 = EDGE_CURVE('',#2440,#2357,#2485,.T.);
#2485 = SURFACE_CURVE('',#2486,(#2490,#2497),.PCURVE_S1.);
#2486 = LINE('',#2487,#2488);
#2487 = CARTESIAN_POINT('',(-83.25,-0.25,9.));
#2488 = VECTOR('',#2489,1.);
#2489 = DIRECTION('',(1.,0.,0.));
#2490 = PCURVE('',#2372,#2491);
#2491 = DEFINITIONAL_REPRESENTATION('',(#2492),#2496);
#2492 = LINE('',#2493,#2494);
#2493 = CARTESIAN_POINT('',(0.,7.5));
#2494 = VECTOR('',#2495,1.);
#2495 = DIRECTION('',(1.,0.));
#2496 = ( GEOMETRIC_REPRESENTATION_CONTEXT(2) 
PARAMETRIC_REPRESENTATION_CONTEXT() REPRESENTATION_CONTEXT('2D SPACE',''
  ) );
#2497 = PCURVE('',#2255,#2498);
#2498 = DEFINITIONAL_REPRESENTATION('',(#2499),#2503);
#2499 = LINE('',#2500,#2501);
#2500 = CARTESIAN_POINT('',(0.,0.));
#2501 = VECTOR('',#2502,1.);
#2502 = DIRECTION('',(0.,1.));
#2503 = ( GEOMETRIC_REPRESENTATION_CONTEXT(2) 
PARAMETRIC_REPRESENTATION_CONTEXT() REPRESENTATION_CONTEXT('2D SPACE',''
  ) );
#2504 = ADVANCED_FACE('',(#2505),#2255,.F.);
#2505 = FACE_BOUND('',#2506,.F.);
#2506 = EDGE_LOOP('',(#2507,#2508,#2509,#2530));
#2507 = ORIENTED_EDGE('',*,*,#2384,.F.);
#2508 = ORIENTED_EDGE('',*,*,#2484,.F.);
#2509 = ORIENTED_EDGE('',*,*,#2510,.T.);
#2510 = EDGE_CURVE('',#2440,#2212,#2511,.T.);
#2511 = SURFACE_CURVE('',#2512,(#2516,#2523),.PCURVE_S1.);
#2512 = LINE('',#2513,#2514);
#2513 = CARTESIAN_POINT('',(-83.25,-0.25,9.));
#2514 = VECTOR('',#2515,1.);
#2515 = DIRECTION('',(0.,0.,1.));
#2516 = PCURVE('',#2255,#2517);
#2517 = DEFINITIONAL_REPRESENTATION('',(#2518),#2522);
#2518 = LINE('',#2519,#2520);
#2519 = CARTESIAN_POINT('',(0.,0.));
#2520 = VECTOR('',#2521,1.);
#2521 = DIRECTION('',(1.,0.));
#2522 = ( GEOMETRIC_REPRESENTATION_CONTEXT(2) 
PARAMETRIC_REPRESENTATION_CONTEXT() REPRESENTATION_CONTEXT('2D SPACE',''
  ) );
#2523 = PCURVE('',#2316,#2524);
#2524 = DEFINITIONAL_REPRESENTATION('',(#2525),#2529);
#2525 = LINE('',#2526,#2527);
#2526 = CARTESIAN_POINT('',(0.,-7.5));
#2527 = VECTOR('',#2528,1.);
#2528 = DIRECTION('',(1.,0.));
#2529 = ( GEOMETRIC_REPRESENTATION_CONTEXT(2) 
PARAMETRIC_REPRESENTATION_CONTEXT() REPRESENTATION_CONTEXT('2D SPACE',''
  ) );
#2530 = ORIENTED_EDGE('',*,*,#2211,.F.);
#2531 = ADVANCED_FACE('',(#2532),#2316,.T.);
#2532 = FACE_BOUND('',#2533,.T.);
#2533 = EDGE_LOOP('',(#2534,#2555,#2556,#2557));
#2534 = ORIENTED_EDGE('',*,*,#2535,.F.);
#2535 = EDGE_CURVE('',#2438,#1901,#2536,.T.);
#2536 = SURFACE_CURVE('',#2537,(#2541,#2548),.PCURVE_S1.);
#2537 = LINE('',#2538,#2539);
#2538 = CARTESIAN_POINT('',(-83.25,-7.75,9.));
#2539 = VECTOR('',#2540,1.);
#2540 = DIRECTION('',(0.,0.,1.));
#2541 = PCURVE('',#2316,#2542);
#2542 = DEFINITIONAL_REPRESENTATION('',(#2543),#2547);
#2543 = LINE('',#2544,#2545);
#2544 = CARTESIAN_POINT('',(0.,0.));
#2545 = VECTOR('',#2546,1.);
#2546 = DIRECTION('',(1.,0.));
#2547 = ( GEOMETRIC_REPRESENTATION_CONTEXT(2) 
PARAMETRIC_REPRESENTATION_CONTEXT() REPRESENTATION_CONTEXT('2D SPACE',''
  ) );
#2548 = PCURVE('',#1921,#2549);
#2549 = DEFINITIONAL_REPRESENTATION('',(#2550),#2554);
#2550 = LINE('',#2551,#2552);
#2551 = CARTESIAN_POINT('',(0.,0.));
#2552 = VECTOR('',#2553,1.);
#2553 = DIRECTION('',(1.,0.));
#2554 = ( GEOMETRIC_REPRESENTATION_CONTEXT(2) 
PARAMETRIC_REPRESENTATION_CONTEXT() REPRESENTATION_CONTEXT('2D SPACE',''
  ) );
#2555 = ORIENTED_EDGE('',*,*,#2437,.T.);
#2556 = ORIENTED_EDGE('',*,*,#2510,.T.);
#2557 = ORIENTED_EDGE('',*,*,#2267,.F.);
#2558 = ADVANCED_FACE('',(#2559),#1921,.T.);
#2559 = FACE_BOUND('',#2560,.T.);
#2560 = EDGE_LOOP('',(#2561,#2562,#2563,#2564,#2565));
#2561 = ORIENTED_EDGE('',*,*,#2331,.F.);
#2562 = ORIENTED_EDGE('',*,*,#2462,.F.);
#2563 = ORIENTED_EDGE('',*,*,#2535,.T.);
#2564 = ORIENTED_EDGE('',*,*,#1898,.F.);
#2565 = ORIENTED_EDGE('',*,*,#2566,.F.);
#2566 = EDGE_CURVE('',#2334,#1899,#2567,.T.);
#2567 = SURFACE_CURVE('',#2568,(#2573,#2580),.PCURVE_S1.);
#2568 = ELLIPSE('',#2569,8.568732473259,5.369885829974);
#2569 = AXIS2_PLACEMENT_3D('',#2570,#2571,#2572);
#2570 = CARTESIAN_POINT('',(-75.12479419176,-7.75,16.886401056042));
#2571 = DIRECTION('',(0.,1.,0.));
#2572 = DIRECTION('',(0.9838699101,-0.,0.1788854382));
#2573 = PCURVE('',#1921,#2574);
#2574 = DEFINITIONAL_REPRESENTATION('',(#2575),#2579);
#2575 = ELLIPSE('',#2576,8.568732473259,5.369885829974);
#2576 = AXIS2_PLACEMENT_2D('',#2577,#2578);
#2577 = CARTESIAN_POINT('',(7.886401056042,8.12520580824));
#2578 = DIRECTION('',(0.1788854382,0.9838699101));
#2579 = ( GEOMETRIC_REPRESENTATION_CONTEXT(2) 
PARAMETRIC_REPRESENTATION_CONTEXT() REPRESENTATION_CONTEXT('2D SPACE',''
  ) );
#2580 = PCURVE('',#1012,#2581);
#2581 = DEFINITIONAL_REPRESENTATION('',(#2582),#2591);
#2582 = B_SPLINE_CURVE_WITH_KNOTS('',7,(#2583,#2584,#2585,#2586,#2587,
    #2588,#2589,#2590),.UNSPECIFIED.,.F.,.F.,(8,8),(1.876977606893,
    2.766769030929),.PIECEWISE_BEZIER_KNOTS.);
#2583 = CARTESIAN_POINT('',(1.411326606099,-24.5059358656));
#2584 = CARTESIAN_POINT('',(1.282950082931,-25.31492931686));
#2585 = CARTESIAN_POINT('',(1.15393847242,-26.08599683008));
#2586 = CARTESIAN_POINT('',(1.02431996286,-26.79778832506));
#2587 = CARTESIAN_POINT('',(0.894149279435,-27.43045403895));
#2588 = CARTESIAN_POINT('',(0.763507415727,-27.96705925062));
#2589 = CARTESIAN_POINT('',(0.632496482145,-28.39477415414));
#2590 = CARTESIAN_POINT('',(0.501230593146,-28.70540018881));
#2591 = ( GEOMETRIC_REPRESENTATION_CONTEXT(2) 
PARAMETRIC_REPRESENTATION_CONTEXT() REPRESENTATION_CONTEXT('2D SPACE',''
  ) );
#2592 = ADVANCED_FACE('',(#2593),#1012,.F.);
#2593 = FACE_BOUND('',#2594,.F.);
#2594 = EDGE_LOOP('',(#2595,#2907,#2908,#2909,#2910,#2911,#2912,#2913,
    #2914,#2915,#2916,#2917));
#2595 = ORIENTED_EDGE('',*,*,#2596,.T.);
#2596 = EDGE_CURVE('',#859,#1279,#2597,.T.);
#2597 = SURFACE_CURVE('',#2598,(#2673,#2790),.PCURVE_S1.);
#2598 = B_SPLINE_CURVE_WITH_KNOTS('',7,(#2599,#2600,#2601,#2602,#2603,
    #2604,#2605,#2606,#2607,#2608,#2609,#2610,#2611,#2612,#2613,#2614,
    #2615,#2616,#2617,#2618,#2619,#2620,#2621,#2622,#2623,#2624,#2625,
    #2626,#2627,#2628,#2629,#2630,#2631,#2632,#2633,#2634,#2635,#2636,
    #2637,#2638,#2639,#2640,#2641,#2642,#2643,#2644,#2645,#2646,#2647,
    #2648,#2649,#2650,#2651,#2652,#2653,#2654,#2655,#2656,#2657,#2658,
    #2659,#2660,#2661,#2662,#2663,#2664,#2665,#2666,#2667,#2668,#2669,
    #2670,#2671,#2672),.UNSPECIFIED.,.F.,.F.,(8,6,6,6,6,6,6,6,6,6,6,6,8)
  ,(0.,4.605197526412E-02,9.964468038248E-02,0.128821428629,
    0.18881249561,0.249219768903,0.278840841376,0.33390258479,
    0.400972902214,0.561878720567,0.715439778783,0.857461603591,
    0.998314173477),.UNSPECIFIED.);
#2599 = CARTESIAN_POINT('',(-73.90041627378,-5.57641310033,
    12.115478529837));
#2600 = CARTESIAN_POINT('',(-73.92113985953,-5.656598469627,
    12.076225633423));
#2601 = CARTESIAN_POINT('',(-73.94335895357,-5.737494088682,
    12.037950065775));
#2602 = CARTESIAN_POINT('',(-73.96712781182,-5.819075577789,
    12.000696705147));
#2603 = CARTESIAN_POINT('',(-73.99250194747,-5.901316143376,
    11.964513679956));
#2604 = CARTESIAN_POINT('',(-74.01953816836,-5.984186542627,
    11.929452368042));
#2605 = CARTESIAN_POINT('',(-74.04829466462,-6.067655086266,
    11.895567445658));
#2606 = CARTESIAN_POINT('',(-74.11436787161,-6.249480086889,
    11.824920210663));
#2607 = CARTESIAN_POINT('',(-74.15229400619,-6.347977575748,
    11.788618244399));
#2608 = CARTESIAN_POINT('',(-74.19268766518,-6.447095775037,
    11.754110116757));
#2609 = CARTESIAN_POINT('',(-74.23562092201,-6.546731031416,
    11.721503692697));
#2610 = CARTESIAN_POINT('',(-74.28115496039,-6.646759836473,
    11.690912230036));
#2611 = CARTESIAN_POINT('',(-74.32933518871,-6.747038258596,
    11.662450937903));
#2612 = CARTESIAN_POINT('',(-74.40787056368,-6.902040702524,
    11.621960350883));
#2613 = CARTESIAN_POINT('',(-74.43634619504,-6.956704768834,
    11.608352306026));
#2614 = CARTESIAN_POINT('',(-74.46561689583,-7.011366488373,
    11.59542779748));
#2615 = CARTESIAN_POINT('',(-74.49568442633,-7.065996993603,
    11.583204999101));
#2616 = CARTESIAN_POINT('',(-74.52654833392,-7.120565669575,
    11.571701593608));
#2617 = CARTESIAN_POINT('',(-74.55820562741,-7.175040188653,
    11.560934504443));
#2618 = CARTESIAN_POINT('',(-74.65736109277,-7.341129495176,
    11.530327780283));
#2619 = CARTESIAN_POINT('',(-74.727409436,-7.452344373139,
    11.512913604715));
#2620 = CARTESIAN_POINT('',(-74.80073417704,-7.562716297998,
    11.498819623979));
#2621 = CARTESIAN_POINT('',(-74.87723427949,-7.671925290441,
    11.488162876419));
#2622 = CARTESIAN_POINT('',(-74.95676258383,-7.779649691472,
    11.481028038599));
#2623 = CARTESIAN_POINT('',(-75.03911941704,-7.885569580921,
    11.477460548221));
#2624 = CARTESIAN_POINT('',(-75.2095621925,-8.093890959364,
    11.477458900179));
#2625 = CARTESIAN_POINT('',(-75.29770063221,-8.196283363768,
    11.48107440822));
#2626 = CARTESIAN_POINT('',(-75.3881986381,-8.296224767357,
    11.488306964194));
#2627 = CARTESIAN_POINT('',(-75.48077623774,-8.393450998985,
    11.499109847524));
#2628 = CARTESIAN_POINT('',(-75.57514116,-8.487750540933,11.513396052394
    ));
#2629 = CARTESIAN_POINT('',(-75.6709936258,-8.578958711674,
    11.531045436098));
#2630 = CARTESIAN_POINT('',(-75.81561407123,-8.710099816535,
    11.562143848429));
#2631 = CARTESIAN_POINT('',(-75.86348488894,-8.752477424829,
    11.573149970699));
#2632 = CARTESIAN_POINT('',(-75.91160997747,-8.794071796897,
    11.58491353628));
#2633 = CARTESIAN_POINT('',(-75.95995688063,-8.834873383489,
    11.597416771274));
#2634 = CARTESIAN_POINT('',(-76.00849440528,-8.874875625792,
    11.610641113938));
#2635 = CARTESIAN_POINT('',(-76.05719272614,-8.914074618467,
    11.624567502802));
#2636 = CARTESIAN_POINT('',(-76.19679356747,-9.023838540624,
    11.666333207803));
#2637 = CARTESIAN_POINT('',(-76.28801998628,-9.092426109009,
    11.69584868637));
#2638 = CARTESIAN_POINT('',(-76.37952350627,-9.158224402094,
    11.727599658586));
#2639 = CARTESIAN_POINT('',(-76.47114320457,-9.221253011886,
    11.761461306976));
#2640 = CARTESIAN_POINT('',(-76.56273689791,-9.281552705765,
    11.797311272813));
#2641 = CARTESIAN_POINT('',(-76.65418156442,-9.339179934088,
    11.835033490438));
#2642 = CARTESIAN_POINT('',(-76.85645433573,-9.461222517745,
    11.922622720067));
#2643 = CARTESIAN_POINT('',(-76.96715431714,-9.524373768766,
    11.973341512516));
#2644 = CARTESIAN_POINT('',(-77.07729257101,-9.5837811322,
    12.026488360603));
#2645 = CARTESIAN_POINT('',(-77.18671471772,-9.639583216872,
    12.081888479062));
#2646 = CARTESIAN_POINT('',(-77.29529214883,-9.691926794845,
    12.139385077599));
#2647 = CARTESIAN_POINT('',(-77.40292103919,-9.740962397166,
    12.198842102816));
#2648 = CARTESIAN_POINT('',(-77.76526208583,-9.896902884801,
    12.407221152897));
#2649 = CARTESIAN_POINT('',(-78.01488621859,-9.988705675624,
    12.564817229614));
#2650 = CARTESIAN_POINT('',(-78.25753739808,-10.06447210969,
    12.731486630416));
#2651 = CARTESIAN_POINT('',(-78.49239045495,-10.12601245766,
    12.906196631223));
#2652 = CARTESIAN_POINT('',(-78.71870870708,-10.17500491967,
    13.088246109077));
#2653 = CARTESIAN_POINT('',(-78.93580514005,-10.21298505022,
    13.277304048229));
#2654 = CARTESIAN_POINT('',(-79.3405271595,-10.26856375986,
    13.660820682763));
#2655 = CARTESIAN_POINT('',(-79.52880653067,-10.28698074431,
    13.854412856713));
#2656 = CARTESIAN_POINT('',(-79.70710265311,-10.29799011623,
    14.054453553966));
#2657 = CARTESIAN_POINT('',(-79.87425416811,-10.30277597155,
    14.261083380696));
#2658 = CARTESIAN_POINT('',(-80.02866627244,-10.30260827658,
    14.474412408077));
#2659 = CARTESIAN_POINT('',(-80.16825676463,-10.29894585474,
    14.694563954345));
#2660 = CARTESIAN_POINT('',(-80.403980603,-10.28805653899,
    15.131400778454));
#2661 = CARTESIAN_POINT('',(-80.50269258965,-10.28111316293,
    15.347290122952));
#2662 = CARTESIAN_POINT('',(-80.58458558846,-10.27365877768,
    15.56843548666));
#2663 = CARTESIAN_POINT('',(-80.64753824913,-10.26695574785,
    15.793855830155));
#2664 = CARTESIAN_POINT('',(-80.68989620803,-10.26215388713,
    16.022259368738));
#2665 = CARTESIAN_POINT('',(-80.71130474126,-10.25971628986,
    16.251827951959));
#2666 = CARTESIAN_POINT('',(-80.71441148234,-10.25936248015,
    16.706576277396));
#2667 = CARTESIAN_POINT('',(-80.69643195611,-10.26140827949,
    16.931171162581));
#2668 = CARTESIAN_POINT('',(-80.66018882665,-10.26555989059,
    17.152780980703));
#2669 = CARTESIAN_POINT('',(-80.60773232993,-10.27119450881,
    17.370757500833));
#2670 = CARTESIAN_POINT('',(-80.54114389336,-10.27748967908,
    17.584723602897));
#2671 = CARTESIAN_POINT('',(-80.46228009869,-10.28365751269,
    17.794483892704));
#2672 = CARTESIAN_POINT('',(-80.37268970402,-10.28896671835,18.));
#2673 = PCURVE('',#1012,#2674);
#2674 = DEFINITIONAL_REPRESENTATION('',(#2675),#2789);
#2675 = B_SPLINE_CURVE_WITH_KNOTS('',3,(#2676,#2677,#2678,#2679,#2680,
    #2681,#2682,#2683,#2684,#2685,#2686,#2687,#2688,#2689,#2690,#2691,
    #2692,#2693,#2694,#2695,#2696,#2697,#2698,#2699,#2700,#2701,#2702,
    #2703,#2704,#2705,#2706,#2707,#2708,#2709,#2710,#2711,#2712,#2713,
    #2714,#2715,#2716,#2717,#2718,#2719,#2720,#2721,#2722,#2723,#2724,
    #2725,#2726,#2727,#2728,#2729,#2730,#2731,#2732,#2733,#2734,#2735,
    #2736,#2737,#2738,#2739,#2740,#2741,#2742,#2743,#2744,#2745,#2746,
    #2747,#2748,#2749,#2750,#2751,#2752,#2753,#2754,#2755,#2756,#2757,
    #2758,#2759,#2760,#2761,#2762,#2763,#2764,#2765,#2766,#2767,#2768,
    #2769,#2770,#2771,#2772,#2773,#2774,#2775,#2776,#2777,#2778,#2779,
    #2780,#2781,#2782,#2783,#2784,#2785,#2786,#2787,#2788),
  .UNSPECIFIED.,.F.,.F.,(4,1,1,1,1,1,1,1,1,1,1,1,1,1,1,1,1,1,1,1,1,1,1,1
    ,1,1,1,1,1,1,1,1,1,1,1,1,1,1,1,1,1,1,1,1,1,1,1,1,1,1,1,1,1,1,1,1,1,1
    ,1,1,1,1,1,1,1,1,1,1,1,1,1,1,1,1,1,1,1,1,1,1,1,1,1,1,1,1,1,1,1,1,1,1
    ,1,1,1,1,1,1,1,1,1,1,1,1,1,1,1,1,1,1,4),(0.,9.075583395241E-03,
    1.815116679048E-02,2.722675018572E-02,3.630233358096E-02,
    4.537791697621E-02,5.445350037145E-02,6.352908376669E-02,
    7.260466716193E-02,8.168025055717E-02,9.075583395241E-02,
    9.983141734765E-02,0.108907000743,0.117982584138,0.127058167533,
    0.136133750929,0.145209334324,0.154284917719,0.163360501114,
    0.17243608451,0.181511667905,0.1905872513,0.199662834695,
    0.208738418091,0.217814001486,0.226889584881,0.235965168276,
    0.245040751672,0.254116335067,0.263191918462,0.272267501857,
    0.281343085252,0.290418668648,0.299494252043,0.308569835438,
    0.317645418833,0.326721002229,0.335796585624,0.344872169019,
    0.353947752414,0.36302333581,0.372098919205,0.3811745026,
    0.390250085995,0.399325669391,0.408401252786,0.417476836181,
    0.426552419576,0.435628002972,0.444703586367,0.453779169762,
    0.462854753157,0.471930336553,0.481005919948,0.490081503343,
    0.499157086738,0.508232670133,0.517308253529,0.526383836924,
    0.535459420319,0.544535003714,0.55361058711,0.562686170505,
    0.5717617539,0.580837337295,0.589912920691,0.598988504086,
    0.608064087481,0.617139670876,0.626215254272,0.635290837667,
    0.644366421062,0.653442004457,0.662517587853,0.671593171248,
    0.680668754643,0.689744338038,0.698819921434,0.707895504829,
    0.716971088224,0.726046671619,0.735122255015,0.74419783841,
    0.753273421805,0.7623490052,0.771424588595,0.780500171991,
    0.789575755386,0.798651338781,0.807726922176,0.816802505572,
    0.825878088967,0.834953672362,0.844029255757,0.853104839153,
    0.862180422548,0.871256005943,0.880331589338,0.889407172734,
    0.898482756129,0.907558339524,0.916633922919,0.925709506315,
    0.93478508971,0.943860673105,0.9529362565,0.962011839896,
    0.971087423291,0.980163006686,0.989238590081,0.998314173477),
  .UNSPECIFIED.);
#2676 = CARTESIAN_POINT('',(2.088146834379,-23.58343042287));
#2677 = CARTESIAN_POINT('',(2.080662205651,-23.57012823944));
#2678 = CARTESIAN_POINT('',(2.065617398843,-23.54383003324));
#2679 = CARTESIAN_POINT('',(2.042815603982,-23.50538678135));
#2680 = CARTESIAN_POINT('',(2.019771193824,-23.46803187296));
#2681 = CARTESIAN_POINT('',(1.996476466915,-23.43185410673));
#2682 = CARTESIAN_POINT('',(1.972921240088,-23.39694141441));
#2683 = CARTESIAN_POINT('',(1.94910327939,-23.3633968727));
#2684 = CARTESIAN_POINT('',(1.925031809515,-23.33133921297));
#2685 = CARTESIAN_POINT('',(1.900704163352,-23.30087030798));
#2686 = CARTESIAN_POINT('',(1.876123274125,-23.27209971788));
#2687 = CARTESIAN_POINT('',(1.851293234886,-23.2451369285));
#2688 = CARTESIAN_POINT('',(1.826220575464,-23.22009205784));
#2689 = CARTESIAN_POINT('',(1.800914502377,-23.19707467954));
#2690 = CARTESIAN_POINT('',(1.77538742024,-23.17619233929));
#2691 = CARTESIAN_POINT('',(1.749654582414,-23.15754848693));
#2692 = CARTESIAN_POINT('',(1.723733206286,-23.14124006882));
#2693 = CARTESIAN_POINT('',(1.697643800372,-23.12735673612));
#2694 = CARTESIAN_POINT('',(1.671412134063,-23.115979352));
#2695 = CARTESIAN_POINT('',(1.645064422797,-23.10717552076));
#2696 = CARTESIAN_POINT('',(1.618628906663,-23.1009991763));
#2697 = CARTESIAN_POINT('',(1.592135325161,-23.09748916251));
#2698 = CARTESIAN_POINT('',(1.565616924983,-23.09666803455));
#2699 = CARTESIAN_POINT('',(1.539104050726,-23.09854101318));
#2700 = CARTESIAN_POINT('',(1.512629462094,-23.10309611667));
#2701 = CARTESIAN_POINT('',(1.486224761722,-23.11030423591));
#2702 = CARTESIAN_POINT('',(1.459919116078,-23.12012051442));
#2703 = CARTESIAN_POINT('',(1.433740002905,-23.13248547184));
#2704 = CARTESIAN_POINT('',(1.407713081489,-23.14732643628));
#2705 = CARTESIAN_POINT('',(1.381863391127,-23.1645580176));
#2706 = CARTESIAN_POINT('',(1.356208851492,-23.18408824461));
#2707 = CARTESIAN_POINT('',(1.330766525305,-23.20581705121));
#2708 = CARTESIAN_POINT('',(1.3055502643,-23.2296393695));
#2709 = CARTESIAN_POINT('',(1.280571512239,-23.2554464168));
#2710 = CARTESIAN_POINT('',(1.255838189259,-23.28312838193));
#2711 = CARTESIAN_POINT('',(1.231355914782,-23.31257521923));
#2712 = CARTESIAN_POINT('',(1.20712810303,-23.34367760804));
#2713 = CARTESIAN_POINT('',(1.1831562007,-23.37632782125));
#2714 = CARTESIAN_POINT('',(1.159439488537,-23.41042123244));
#2715 = CARTESIAN_POINT('',(1.135976478517,-23.4458551859));
#2716 = CARTESIAN_POINT('',(1.112763161846,-23.48253197069));
#2717 = CARTESIAN_POINT('',(1.08979465193,-23.52035740596));
#2718 = CARTESIAN_POINT('',(1.067065414247,-23.55924056567));
#2719 = CARTESIAN_POINT('',(1.04456915783,-23.59909417925));
#2720 = CARTESIAN_POINT('',(1.022299044226,-23.63983441318));
#2721 = CARTESIAN_POINT('',(1.000246939216,-23.68138245722));
#2722 = CARTESIAN_POINT('',(0.978406148397,-23.72365951527));
#2723 = CARTESIAN_POINT('',(0.956771601718,-23.76658560905));
#2724 = CARTESIAN_POINT('',(0.935331717338,-23.81009608305));
#2725 = CARTESIAN_POINT('',(0.914077146504,-23.85412456948));
#2726 = CARTESIAN_POINT('',(0.892998477074,-23.8986070701));
#2727 = CARTESIAN_POINT('',(0.872086751721,-23.94348068728));
#2728 = CARTESIAN_POINT('',(0.851333241038,-23.98868379727));
#2729 = CARTESIAN_POINT('',(0.830729424137,-24.03415584274));
#2730 = CARTESIAN_POINT('',(0.810266920299,-24.07983723028));
#2731 = CARTESIAN_POINT('',(0.789937439079,-24.12566920013));
#2732 = CARTESIAN_POINT('',(0.769732730084,-24.17159370001));
#2733 = CARTESIAN_POINT('',(0.749644534819,-24.21755325519));
#2734 = CARTESIAN_POINT('',(0.729664544753,-24.26349082066));
#2735 = CARTESIAN_POINT('',(0.70978434191,-24.30934966617));
#2736 = CARTESIAN_POINT('',(0.689995408248,-24.35507309205));
#2737 = CARTESIAN_POINT('',(0.67028887854,-24.40060471897));
#2738 = CARTESIAN_POINT('',(0.650656248133,-24.44588656761));
#2739 = CARTESIAN_POINT('',(0.631086512345,-24.49086530712));
#2740 = CARTESIAN_POINT('',(0.611576815217,-24.53546747055));
#2741 = CARTESIAN_POINT('',(0.592121301333,-24.57962513725));
#2742 = CARTESIAN_POINT('',(0.572710087855,-24.62327767723));
#2743 = CARTESIAN_POINT('',(0.553335150296,-24.66635800276));
#2744 = CARTESIAN_POINT('',(0.533988676873,-24.70879611189));
#2745 = CARTESIAN_POINT('',(0.514663448114,-24.75051800566));
#2746 = CARTESIAN_POINT('',(0.495352680691,-24.79144585971));
#2747 = CARTESIAN_POINT('',(0.476050021416,-24.83149788254));
#2748 = CARTESIAN_POINT('',(0.456749507504,-24.87058828808));
#2749 = CARTESIAN_POINT('',(0.437445541982,-24.90862727641));
#2750 = CARTESIAN_POINT('',(0.418132872236,-24.94552105724));
#2751 = CARTESIAN_POINT('',(0.398806570853,-24.98117192031));
#2752 = CARTESIAN_POINT('',(0.379462034399,-25.01547833906));
#2753 = CARTESIAN_POINT('',(0.360094939127,-25.04833519478));
#2754 = CARTESIAN_POINT('',(0.340701382974,-25.0796338234));
#2755 = CARTESIAN_POINT('',(0.321277358705,-25.10926302585));
#2756 = CARTESIAN_POINT('',(0.301820750929,-25.13710681375));
#2757 = CARTESIAN_POINT('',(0.282323415764,-25.16305543622));
#2758 = CARTESIAN_POINT('',(0.262789734976,-25.18698079235));
#2759 = CARTESIAN_POINT('',(0.243226274751,-25.20875552326));
#2760 = CARTESIAN_POINT('',(0.223639619111,-25.22825693448));
#2761 = CARTESIAN_POINT('',(0.204036991611,-25.24536774975));
#2762 = CARTESIAN_POINT('',(0.18442613496,-25.2599778684));
#2763 = CARTESIAN_POINT('',(0.164815394353,-25.27198596289));
#2764 = CARTESIAN_POINT('',(0.145213750934,-25.28130118261));
#2765 = CARTESIAN_POINT('',(0.125630873334,-25.28784484748));
#2766 = CARTESIAN_POINT('',(0.106077168486,-25.29155211586));
#2767 = CARTESIAN_POINT('',(8.656383867059E-02,-25.29237358943));
#2768 = CARTESIAN_POINT('',(6.710293559559E-02,-25.29027680443));
#2769 = CARTESIAN_POINT('',(4.770744132159E-02,-25.28524763352));
#2770 = CARTESIAN_POINT('',(2.839126627459E-02,-25.27729133595));
#2771 = CARTESIAN_POINT('',(9.169574008586E-03,-25.26643406531));
#2772 = CARTESIAN_POINT('',(-9.942095416414E-03,-25.25272164445));
#2773 = CARTESIAN_POINT('',(-2.891005951941E-02,-25.23623871275));
#2774 = CARTESIAN_POINT('',(-4.773523017441E-02,-25.21706244167));
#2775 = CARTESIAN_POINT('',(-6.641483064741E-02,-25.19528172068));
#2776 = CARTESIAN_POINT('',(-8.494843193041E-02,-25.17099237621));
#2777 = CARTESIAN_POINT('',(-0.103336168053,-25.1442963325));
#2778 = CARTESIAN_POINT('',(-0.121579065907,-25.11529988911));
#2779 = CARTESIAN_POINT('',(-0.139678825967,-25.08411240317));
#2780 = CARTESIAN_POINT('',(-0.157637766327,-25.05084502702));
#2781 = CARTESIAN_POINT('',(-0.175458738042,-25.01560958907));
#2782 = CARTESIAN_POINT('',(-0.193145061913,-24.97851759379));
#2783 = CARTESIAN_POINT('',(-0.210700473364,-24.93967932834));
#2784 = CARTESIAN_POINT('',(-0.228129074469,-24.89920312801));
#2785 = CARTESIAN_POINT('',(-0.245435306758,-24.85719458344));
#2786 = CARTESIAN_POINT('',(-0.262623888382,-24.81375648381));
#2787 = CARTESIAN_POINT('',(-0.274007913212,-24.78390983828));
#2788 = CARTESIAN_POINT('',(-0.279682000794,-24.76878106145));
#2789 = ( GEOMETRIC_REPRESENTATION_CONTEXT(2) 
PARAMETRIC_REPRESENTATION_CONTEXT() REPRESENTATION_CONTEXT('2D SPACE',''
  ) );
#2790 = PCURVE('',#193,#2791);
#2791 = DEFINITIONAL_REPRESENTATION('',(#2792),#2906);
#2792 = B_SPLINE_CURVE_WITH_KNOTS('',3,(#2793,#2794,#2795,#2796,#2797,
    #2798,#2799,#2800,#2801,#2802,#2803,#2804,#2805,#2806,#2807,#2808,
    #2809,#2810,#2811,#2812,#2813,#2814,#2815,#2816,#2817,#2818,#2819,
    #2820,#2821,#2822,#2823,#2824,#2825,#2826,#2827,#2828,#2829,#2830,
    #2831,#2832,#2833,#2834,#2835,#2836,#2837,#2838,#2839,#2840,#2841,
    #2842,#2843,#2844,#2845,#2846,#2847,#2848,#2849,#2850,#2851,#2852,
    #2853,#2854,#2855,#2856,#2857,#2858,#2859,#2860,#2861,#2862,#2863,
    #2864,#2865,#2866,#2867,#2868,#2869,#2870,#2871,#2872,#2873,#2874,
    #2875,#2876,#2877,#2878,#2879,#2880,#2881,#2882,#2883,#2884,#2885,
    #2886,#2887,#2888,#2889,#2890,#2891,#2892,#2893,#2894,#2895,#2896,
    #2897,#2898,#2899,#2900,#2901,#2902,#2903,#2904,#2905),
  .UNSPECIFIED.,.F.,.F.,(4,1,1,1,1,1,1,1,1,1,1,1,1,1,1,1,1,1,1,1,1,1,1,1
    ,1,1,1,1,1,1,1,1,1,1,1,1,1,1,1,1,1,1,1,1,1,1,1,1,1,1,1,1,1,1,1,1,1,1
    ,1,1,1,1,1,1,1,1,1,1,1,1,1,1,1,1,1,1,1,1,1,1,1,1,1,1,1,1,1,1,1,1,1,1
    ,1,1,1,1,1,1,1,1,1,1,1,1,1,1,1,1,1,1,4),(0.,9.075583395241E-03,
    1.815116679048E-02,2.722675018572E-02,3.630233358096E-02,
    4.537791697621E-02,5.445350037145E-02,6.352908376669E-02,
    7.260466716193E-02,8.168025055717E-02,9.075583395241E-02,
    9.983141734765E-02,0.108907000743,0.117982584138,0.127058167533,
    0.136133750929,0.145209334324,0.154284917719,0.163360501114,
    0.17243608451,0.181511667905,0.1905872513,0.199662834695,
    0.208738418091,0.217814001486,0.226889584881,0.235965168276,
    0.245040751672,0.254116335067,0.263191918462,0.272267501857,
    0.281343085252,0.290418668648,0.299494252043,0.308569835438,
    0.317645418833,0.326721002229,0.335796585624,0.344872169019,
    0.353947752414,0.36302333581,0.372098919205,0.3811745026,
    0.390250085995,0.399325669391,0.408401252786,0.417476836181,
    0.426552419576,0.435628002972,0.444703586367,0.453779169762,
    0.462854753157,0.471930336553,0.481005919948,0.490081503343,
    0.499157086738,0.508232670133,0.517308253529,0.526383836924,
    0.535459420319,0.544535003714,0.55361058711,0.562686170505,
    0.5717617539,0.580837337295,0.589912920691,0.598988504086,
    0.608064087481,0.617139670876,0.626215254272,0.635290837667,
    0.644366421062,0.653442004457,0.662517587853,0.671593171248,
    0.680668754643,0.689744338038,0.698819921434,0.707895504829,
    0.716971088224,0.726046671619,0.735122255015,0.74419783841,
    0.753273421805,0.7623490052,0.771424588595,0.780500171991,
    0.789575755386,0.798651338781,0.807726922176,0.816802505572,
    0.825878088967,0.834953672362,0.844029255757,0.853104839153,
    0.862180422548,0.871256005943,0.880331589338,0.889407172734,
    0.898482756129,0.907558339524,0.916633922919,0.925709506315,
    0.93478508971,0.943860673105,0.9529362565,0.962011839896,
    0.971087423291,0.980163006686,0.989238590081,0.998314173477),
  .UNSPECIFIED.);
#2793 = CARTESIAN_POINT('',(0.252911920149,-7.115478529837));
#2794 = CARTESIAN_POINT('',(0.258956958118,-7.097428974696));
#2795 = CARTESIAN_POINT('',(0.271138629901,-7.061859948296));
#2796 = CARTESIAN_POINT('',(0.289689554691,-7.010175470867));
#2797 = CARTESIAN_POINT('',(0.308522592367,-6.960236905477));
#2798 = CARTESIAN_POINT('',(0.327641207049,-6.912127964283));
#2799 = CARTESIAN_POINT('',(0.347050913976,-6.86593176266));
#2800 = CARTESIAN_POINT('',(0.36675067137,-6.821752048022));
#2801 = CARTESIAN_POINT('',(0.386729797292,-6.779713553346));
#2802 = CARTESIAN_POINT('',(0.406987298528,-6.739919238936));
#2803 = CARTESIAN_POINT('',(0.427517411152,-6.702482883607));
#2804 = CARTESIAN_POINT('',(0.448313230816,-6.667518971508));
#2805 = CARTESIAN_POINT('',(0.46936563487,-6.635143761634));
#2806 = CARTESIAN_POINT('',(0.490663054905,-6.605473876519));
#2807 = CARTESIAN_POINT('',(0.512191015637,-6.578624658043));
#2808 = CARTESIAN_POINT('',(0.533932414424,-6.554707658223));
#2809 = CARTESIAN_POINT('',(0.555868265628,-6.533827837006));
#2810 = CARTESIAN_POINT('',(0.577976580519,-6.516082735553));
#2811 = CARTESIAN_POINT('',(0.600230701359,-6.501560858557));
#2812 = CARTESIAN_POINT('',(0.622603399716,-6.490336216467));
#2813 = CARTESIAN_POINT('',(0.645065569008,-6.482467966772));
#2814 = CARTESIAN_POINT('',(0.66758670497,-6.477998779359));
#2815 = CARTESIAN_POINT('',(0.690133238949,-6.476953494398));
#2816 = CARTESIAN_POINT('',(0.712674030878,-6.479337894035));
#2817 = CARTESIAN_POINT('',(0.735175896969,-6.485138737134));
#2818 = CARTESIAN_POINT('',(0.757606693626,-6.49432400732));
#2819 = CARTESIAN_POINT('',(0.779936447152,-6.506844461346));
#2820 = CARTESIAN_POINT('',(0.802136756818,-6.522634900428));
#2821 = CARTESIAN_POINT('',(0.82418093696,-6.541615809953));
#2822 = CARTESIAN_POINT('',(0.846043030647,-6.563693802722));
#2823 = CARTESIAN_POINT('',(0.867703325484,-6.588769135984));
#2824 = CARTESIAN_POINT('',(0.889143052924,-6.616733563564));
#2825 = CARTESIAN_POINT('',(0.910346381652,-6.647474061604));
#2826 = CARTESIAN_POINT('',(0.931299731181,-6.680874226268));
#2827 = CARTESIAN_POINT('',(0.951992694163,-6.716817584246));
#2828 = CARTESIAN_POINT('',(0.972416982748,-6.755188348254));
#2829 = CARTESIAN_POINT('',(0.992566327674,-6.795872578158));
#2830 = CARTESIAN_POINT('',(1.012436254262,-6.838759192428));
#2831 = CARTESIAN_POINT('',(1.032024212847,-6.883741814027));
#2832 = CARTESIAN_POINT('',(1.051328395761,-6.930717165331));
#2833 = CARTESIAN_POINT('',(1.070349150122,-6.979589139884));
#2834 = CARTESIAN_POINT('',(1.089087586772,-7.030266742145));
#2835 = CARTESIAN_POINT('',(1.107545367724,-7.082663820427));
#2836 = CARTESIAN_POINT('',(1.125724766367,-7.13669966362));
#2837 = CARTESIAN_POINT('',(1.143628471819,-7.192298762099));
#2838 = CARTESIAN_POINT('',(1.161260157115,-7.249393048103));
#2839 = CARTESIAN_POINT('',(1.17862226301,-7.307915054049));
#2840 = CARTESIAN_POINT('',(1.195715880383,-7.367796299981));
#2841 = CARTESIAN_POINT('',(1.212547135199,-7.428990385618));
#2842 = CARTESIAN_POINT('',(1.229120198391,-7.491449672419));
#2843 = CARTESIAN_POINT('',(1.245439104699,-7.555131022485));
#2844 = CARTESIAN_POINT('',(1.261507324363,-7.619994183928));
#2845 = CARTESIAN_POINT('',(1.277327927919,-7.686002170614));
#2846 = CARTESIAN_POINT('',(1.292903583728,-7.753121131222));
#2847 = CARTESIAN_POINT('',(1.30823659256,-7.821320378365));
#2848 = CARTESIAN_POINT('',(1.323328905132,-7.890572398158));
#2849 = CARTESIAN_POINT('',(1.338182137322,-7.960852886356));
#2850 = CARTESIAN_POINT('',(1.352797580605,-8.032140804537));
#2851 = CARTESIAN_POINT('',(1.367176204884,-8.104418434683));
#2852 = CARTESIAN_POINT('',(1.381318669282,-8.177671523642));
#2853 = CARTESIAN_POINT('',(1.395225282987,-8.25188917155));
#2854 = CARTESIAN_POINT('',(1.408896133437,-8.327064754787));
#2855 = CARTESIAN_POINT('',(1.422330571584,-8.403193065464));
#2856 = CARTESIAN_POINT('',(1.435529078684,-8.480281647242));
#2857 = CARTESIAN_POINT('',(1.448486094291,-8.558308436632));
#2858 = CARTESIAN_POINT('',(1.461197683741,-8.637264619586));
#2859 = CARTESIAN_POINT('',(1.47366194918,-8.717160041746));
#2860 = CARTESIAN_POINT('',(1.485875096125,-8.797999491426));
#2861 = CARTESIAN_POINT('',(1.497832526204,-8.879789010873));
#2862 = CARTESIAN_POINT('',(1.509528577213,-8.962534169653));
#2863 = CARTESIAN_POINT('',(1.520956621237,-9.046240495288));
#2864 = CARTESIAN_POINT('',(1.532109064039,-9.130913324826));
#2865 = CARTESIAN_POINT('',(1.542977369697,-9.216557805534));
#2866 = CARTESIAN_POINT('',(1.553552079026,-9.303178846362));
#2867 = CARTESIAN_POINT('',(1.56382283142,-9.39078106338));
#2868 = CARTESIAN_POINT('',(1.573778390809,-9.479368722847));
#2869 = CARTESIAN_POINT('',(1.5834066711,-9.568945602101));
#2870 = CARTESIAN_POINT('',(1.592694786595,-9.659515061886));
#2871 = CARTESIAN_POINT('',(1.601629037666,-9.751079213543));
#2872 = CARTESIAN_POINT('',(1.610195172548,-9.843641331783));
#2873 = CARTESIAN_POINT('',(1.618377658823,-9.937196004779));
#2874 = CARTESIAN_POINT('',(1.626162913961,-10.03176742748));
#2875 = CARTESIAN_POINT('',(1.633531896117,-10.12731939228));
#2876 = CARTESIAN_POINT('',(1.640465286879,-10.22380356689));
#2877 = CARTESIAN_POINT('',(1.646944492079,-10.32117002705));
#2878 = CARTESIAN_POINT('',(1.652951639526,-10.41936406179));
#2879 = CARTESIAN_POINT('',(1.658469869495,-10.51832661762));
#2880 = CARTESIAN_POINT('',(1.663483564867,-10.61799373618));
#2881 = CARTESIAN_POINT('',(1.667978609375,-10.71829623835));
#2882 = CARTESIAN_POINT('',(1.671942643956,-10.819159326));
#2883 = CARTESIAN_POINT('',(1.675365322668,-10.92050220059));
#2884 = CARTESIAN_POINT('',(1.678238561718,-11.02223766879));
#2885 = CARTESIAN_POINT('',(1.680556774972,-11.12427179181));
#2886 = CARTESIAN_POINT('',(1.682317097972,-11.22650341995));
#2887 = CARTESIAN_POINT('',(1.683519568141,-11.32882422631));
#2888 = CARTESIAN_POINT('',(1.684167357986,-11.43111698021));
#2889 = CARTESIAN_POINT('',(1.684266676509,-11.53326052153));
#2890 = CARTESIAN_POINT('',(1.6838278935,-11.63503414563));
#2891 = CARTESIAN_POINT('',(1.682864313385,-11.73640095992));
#2892 = CARTESIAN_POINT('',(1.681390424267,-11.83730448102));
#2893 = CARTESIAN_POINT('',(1.679421913079,-11.93770091957));
#2894 = CARTESIAN_POINT('',(1.676975309815,-12.03754989376));
#2895 = CARTESIAN_POINT('',(1.67406776175,-12.1368163373));
#2896 = CARTESIAN_POINT('',(1.670716802479,-12.23546946139));
#2897 = CARTESIAN_POINT('',(1.666940151071,-12.33348255727));
#2898 = CARTESIAN_POINT('',(1.662755530598,-12.43083262312));
#2899 = CARTESIAN_POINT('',(1.658180508514,-12.52750008333));
#2900 = CARTESIAN_POINT('',(1.653232354368,-12.62346853475));
#2901 = CARTESIAN_POINT('',(1.647927924673,-12.718724503));
#2902 = CARTESIAN_POINT('',(1.642283534043,-12.81325733187));
#2903 = CARTESIAN_POINT('',(1.636314959808,-12.90705872079));
#2904 = CARTESIAN_POINT('',(1.63212967007,-12.96910205159));
#2905 = CARTESIAN_POINT('',(1.62998798111,-13.));
#2906 = ( GEOMETRIC_REPRESENTATION_CONTEXT(2) 
PARAMETRIC_REPRESENTATION_CONTEXT() REPRESENTATION_CONTEXT('2D SPACE',''
  ) );
#2907 = ORIENTED_EDGE('',*,*,#1302,.F.);
#2908 = ORIENTED_EDGE('',*,*,#1391,.T.);
#2909 = ORIENTED_EDGE('',*,*,#1360,.T.);
#2910 = ORIENTED_EDGE('',*,*,#1841,.F.);
#2911 = ORIENTED_EDGE('',*,*,#1933,.F.);
#2912 = ORIENTED_EDGE('',*,*,#2566,.F.);
#2913 = ORIENTED_EDGE('',*,*,#2406,.T.);
#2914 = ORIENTED_EDGE('',*,*,#2017,.F.);
#2915 = ORIENTED_EDGE('',*,*,#1813,.F.);
#2916 = ORIENTED_EDGE('',*,*,#1595,.T.);
#2917 = ORIENTED_EDGE('',*,*,#858,.T.);
#2918 = ADVANCED_FACE('',(#2919),#193,.T.);
#2919 = FACE_BOUND('',#2920,.T.);
#2920 = EDGE_LOOP('',(#2921,#2922,#2923,#2924,#2925,#2926,#2927,#2950,
    #2977));
#2921 = ORIENTED_EDGE('',*,*,#1093,.T.);
#2922 = ORIENTED_EDGE('',*,*,#2596,.T.);
#2923 = ORIENTED_EDGE('',*,*,#1278,.F.);
#2924 = ORIENTED_EDGE('',*,*,#291,.F.);
#2925 = ORIENTED_EDGE('',*,*,#1219,.T.);
#2926 = ORIENTED_EDGE('',*,*,#21,.T.);
#2927 = ORIENTED_EDGE('',*,*,#2928,.F.);
#2928 = EDGE_CURVE('',#2929,#24,#2931,.T.);
#2929 = VERTEX_POINT('',#2930);
#2930 = CARTESIAN_POINT('',(-73.7,-4.,5.));
#2931 = SEAM_CURVE('',#2932,(#2936,#2943),.PCURVE_S1.);
#2932 = LINE('',#2933,#2934);
#2933 = CARTESIAN_POINT('',(-73.7,-4.,5.));
#2934 = VECTOR('',#2935,1.);
#2935 = DIRECTION('',(0.,0.,1.));
#2936 = PCURVE('',#193,#2937);
#2937 = DEFINITIONAL_REPRESENTATION('',(#2938),#2942);
#2938 = LINE('',#2939,#2940);
#2939 = CARTESIAN_POINT('',(6.283185307179,0.));
#2940 = VECTOR('',#2941,1.);
#2941 = DIRECTION('',(-0.,-1.));
#2942 = ( GEOMETRIC_REPRESENTATION_CONTEXT(2) 
PARAMETRIC_REPRESENTATION_CONTEXT() REPRESENTATION_CONTEXT('2D SPACE',''
  ) );
#2943 = PCURVE('',#193,#2944);
#2944 = DEFINITIONAL_REPRESENTATION('',(#2945),#2949);
#2945 = LINE('',#2946,#2947);
#2946 = CARTESIAN_POINT('',(-0.,0.));
#2947 = VECTOR('',#2948,1.);
#2948 = DIRECTION('',(-0.,-1.));
#2949 = ( GEOMETRIC_REPRESENTATION_CONTEXT(2) 
PARAMETRIC_REPRESENTATION_CONTEXT() REPRESENTATION_CONTEXT('2D SPACE',''
  ) );
#2950 = ORIENTED_EDGE('',*,*,#2951,.T.);
#2951 = EDGE_CURVE('',#2929,#2929,#2952,.T.);
#2952 = SURFACE_CURVE('',#2953,(#2958,#2965),.PCURVE_S1.);
#2953 = CIRCLE('',#2954,6.3);
#2954 = AXIS2_PLACEMENT_3D('',#2955,#2956,#2957);
#2955 = CARTESIAN_POINT('',(-80.,-4.,5.));
#2956 = DIRECTION('',(0.,0.,1.));
#2957 = DIRECTION('',(1.,0.,-0.));
#2958 = PCURVE('',#193,#2959);
#2959 = DEFINITIONAL_REPRESENTATION('',(#2960),#2964);
#2960 = LINE('',#2961,#2962);
#2961 = CARTESIAN_POINT('',(6.28318530718,0.));
#2962 = VECTOR('',#2963,1.);
#2963 = DIRECTION('',(-1.,0.));
#2964 = ( GEOMETRIC_REPRESENTATION_CONTEXT(2) 
PARAMETRIC_REPRESENTATION_CONTEXT() REPRESENTATION_CONTEXT('2D SPACE',''
  ) );
#2965 = PCURVE('',#2966,#2971);
#2966 = PLANE('',#2967);
#2967 = AXIS2_PLACEMENT_3D('',#2968,#2969,#2970);
#2968 = CARTESIAN_POINT('',(-80.,-4.,5.));
#2969 = DIRECTION('',(0.,0.,1.));
#2970 = DIRECTION('',(1.,0.,-0.));
#2971 = DEFINITIONAL_REPRESENTATION('',(#2972),#2976);
#2972 = CIRCLE('',#2973,6.3);
#2973 = AXIS2_PLACEMENT_2D('',#2974,#2975);
#2974 = CARTESIAN_POINT('',(0.,0.));
#2975 = DIRECTION('',(1.,0.));
#2976 = ( GEOMETRIC_REPRESENTATION_CONTEXT(2) 
PARAMETRIC_REPRESENTATION_CONTEXT() REPRESENTATION_CONTEXT('2D SPACE',''
  ) );
#2977 = ORIENTED_EDGE('',*,*,#2928,.T.);
#2978 = ADVANCED_FACE('',(#2979),#2966,.F.);
#2979 = FACE_BOUND('',#2980,.F.);
#2980 = EDGE_LOOP('',(#2981));
#2981 = ORIENTED_EDGE('',*,*,#2951,.T.);
#2982 = ( GEOMETRIC_REPRESENTATION_CONTEXT(3) 
GLOBAL_UNCERTAINTY_ASSIGNED_CONTEXT((#2986)) 
GLOBAL_UNIT_ASSIGNED_CONTEXT((#2983,#2984,#2985)) REPRESENTATION_CONTEXT
('Context #1','3D Context with UNIT and UNCERTAINTY') );
#2983 = ( LENGTH_UNIT() NAMED_UNIT(*) SI_UNIT(.MILLI.,.METRE.) );
#2984 = ( NAMED_UNIT(*) PLANE_ANGLE_UNIT() SI_UNIT($,.RADIAN.) );
#2985 = ( NAMED_UNIT(*) SI_UNIT($,.STERADIAN.) SOLID_ANGLE_UNIT() );
#2986 = UNCERTAINTY_MEASURE_WITH_UNIT(LENGTH_MEASURE(1.E-07),#2983,
  'distance_accuracy_value','confusion accuracy');
#2987 = PRODUCT_RELATED_PRODUCT_CATEGORY('part',$,(#7));
ENDSEC;
END-ISO-10303-21;
