ISO-10303-21;
HEADER;
FILE_DESCRIPTION(('Open CASCADE Model'),'2;1');
FILE_NAME('Open CASCADE Shape Model','2026-09-25T22:09:13',('Author'),(
    'Open CASCADE'),'Open CASCADE STEP processor 7.9','Open CASCADE 7.9'
  ,'Unknown');
FILE_SCHEMA(('AUTOMOTIVE_DESIGN { 1 0 10303 214 1 1 1 1 }'));
ENDSEC;
DATA;
#1 = APPLICATION_PROTOCOL_DEFINITION('international standard',
  'automotive_design',2000,#2);
#2 = APPLICATION_CONTEXT(
  'core data for automotive mechanical design processes');
#3 = SHAPE_DEFINITION_REPRESENTATION(#4,#10);
#4 = PRODUCT_DEFINITION_SHAPE('','',#5);
#5 = PRODUCT_DEFINITION('design','',#6,#9);
#6 = PRODUCT_DEFINITION_FORMATION('','',#7);
#7 = PRODUCT('Open CASCADE STEP translator 7.9 6',
  'Open CASCADE STEP translator 7.9 6','',(#8));
#8 = PRODUCT_CONTEXT('',#2,'mechanical');
#9 = PRODUCT_DEFINITION_CONTEXT('part definition',#2,'design');
#10 = ADVANCED_BREP_SHAPE_REPRESENTATION('',(#11,#15),#2885);
#11 = AXIS2_PLACEMENT_3D('',#12,#13,#14);
#12 = CARTESIAN_POINT('',(0.,0.,0.));
#13 = DIRECTION('',(0.,0.,1.));
#14 = DIRECTION('',(1.,0.,-0.));
#15 = MANIFOLD_SOLID_BREP('',#16);
#16 = CLOSED_SHELL('',(#17,#1413,#2267,#2376,#2452,#2551,#2613,#2645,
    #2676,#2708,#2733,#2767,#2795,#2821,#2881));
#17 = ADVANCED_FACE('',(#18),#108,.F.);
#18 = FACE_BOUND('',#19,.F.);
#19 = EDGE_LOOP('',(#20,#383,#455,#487,#738,#778,#979,#1051,#1149));
#20 = ORIENTED_EDGE('',*,*,#21,.F.);
#21 = EDGE_CURVE('',#22,#24,#26,.T.);
#22 = VERTEX_POINT('',#23);
#23 = CARTESIAN_POINT('',(74.306273035323,-1.303433061889,6.));
#24 = VERTEX_POINT('',#25);
#25 = CARTESIAN_POINT('',(73.900416248511,-5.576413123134,
    12.115478509865));
#26 = SURFACE_CURVE('',#27,(#107,#295),.PCURVE_S1.);
#27 = B_SPLINE_CURVE_WITH_KNOTS('',8,(#28,#29,#30,#31,#32,#33,#34,#35,
    #36,#37,#38,#39,#40,#41,#42,#43,#44,#45,#46,#47,#48,#49,#50,#51,#52,
    #53,#54,#55,#56,#57,#58,#59,#60,#61,#62,#63,#64,#65,#66,#67,#68,#69,
    #70,#71,#72,#73,#74,#75,#76,#77,#78,#79,#80,#81,#82,#83,#84,#85,#86,
    #87,#88,#89,#90,#91,#92,#93,#94,#95,#96,#97,#98,#99,#100,#101,#102,
    #103,#104,#105,#106),.UNSPECIFIED.,.F.,.F.,(9,7,7,7,7,7,7,7,7,7,7,9)
  ,(0.,4.207246518263E-02,0.107673875745,0.147921748947,0.16582859475,
    0.193516645281,0.248973429398,0.394235432317,0.584615222156,
    0.627669374792,0.853838038339,1.),.UNSPECIFIED.);
#28 = CARTESIAN_POINT('',(74.306273035323,-1.303433061889,6.));
#29 = CARTESIAN_POINT('',(74.263737709033,-1.39324523411,6.006328724323)
  );
#30 = CARTESIAN_POINT('',(74.222896520938,-1.483665661576,6.014052455078
    ));
#31 = CARTESIAN_POINT('',(74.18377811479,-1.57460812501,6.023231888849)
  );
#32 = CARTESIAN_POINT('',(74.146408620814,-1.665976961986,6.033928625251
    ));
#33 = CARTESIAN_POINT('',(74.110810489997,-1.757666978633,6.046203865509
    ));
#34 = CARTESIAN_POINT('',(74.077001328376,-1.849563361321,6.060117111034
    ));
#35 = CARTESIAN_POINT('',(74.044992731324,-1.941541588368,6.075724861998
    ));
#36 = CARTESIAN_POINT('',(73.967694191496,-2.17680239617,6.12013921487)
  );
#37 = CARTESIAN_POINT('',(73.924975995582,-2.32004564829,6.151452286508)
  );
#38 = CARTESIAN_POINT('',(73.886669106853,-2.462644870143,6.187210734349
    ));
#39 = CARTESIAN_POINT('',(73.852749783735,-2.604019610367,6.22757637787)
  );
#40 = CARTESIAN_POINT('',(73.823130883203,-2.743567804983,6.272668751969
    ));
#41 = CARTESIAN_POINT('',(73.797660979677,-2.880676525173,6.322547664765
    ));
#42 = CARTESIAN_POINT('',(73.776127685905,-3.014736862018,6.377190213703
    ));
#43 = CARTESIAN_POINT('',(73.747306142614,-3.225182151053,6.472826932399
    ));
#44 = CARTESIAN_POINT('',(73.73772738163,-3.303844545942,6.510939211814)
  );
#45 = CARTESIAN_POINT('',(73.729467555769,-3.381017735069,6.550770774373
    ));
#46 = CARTESIAN_POINT('',(73.722456766343,-3.456584657384,6.592283452196
    ));
#47 = CARTESIAN_POINT('',(73.716618709311,-3.530443439043,6.635429518478
    ));
#48 = CARTESIAN_POINT('',(73.711872831482,-3.602507243876,6.68015197257)
  );
#49 = CARTESIAN_POINT('',(73.708136486703,-3.672704123851,6.726384825055
    ));
#50 = CARTESIAN_POINT('',(73.704077152812,-3.771352375924,6.795261795741
    ));
#51 = CARTESIAN_POINT('',(73.703010694254,-3.801347664021,6.816754927021
    ));
#52 = CARTESIAN_POINT('',(73.702120358828,-3.830958091584,6.838526444241
    ));
#53 = CARTESIAN_POINT('',(73.701398850695,-3.860179693087,6.860569890592
    ));
#54 = CARTESIAN_POINT('',(73.700838935747,-3.889009179726,6.882878684877
    ));
#55 = CARTESIAN_POINT('',(73.700433441601,-3.917443939414,6.905446121515
    ));
#56 = CARTESIAN_POINT('',(73.700175257601,-3.945482036784,6.92826537054)
  );
#57 = CARTESIAN_POINT('',(73.699874999415,-4.015860203425,6.986991825327
    ));
#58 = CARTESIAN_POINT('',(73.700028090506,-4.057646873156,7.023239746505
    ));
#59 = CARTESIAN_POINT('',(73.700490728712,-4.098477395557,7.060047767709
    ));
#60 = CARTESIAN_POINT('',(73.701237802196,-4.138350749641,7.097390304346
    ));
#61 = CARTESIAN_POINT('',(73.702245107329,-4.177269334919,7.135241867228
    ));
#62 = CARTESIAN_POINT('',(73.703489489367,-4.215238586048,7.173577269137
    ));
#63 = CARTESIAN_POINT('',(73.704948983119,-4.252266587486,7.212371831391
    ));
#64 = CARTESIAN_POINT('',(73.709915714301,-4.360663076496,7.330175424068
    ));
#65 = CARTESIAN_POINT('',(73.714008463303,-4.429224316272,7.410491095868
    ));
#66 = CARTESIAN_POINT('',(73.718714985169,-4.494136778152,7.492361482627
    ));
#67 = CARTESIAN_POINT('',(73.723890040635,-4.555522691149,7.57560900245)
  );
#68 = CARTESIAN_POINT('',(73.729409702586,-4.613526305765,7.660069641305
    ));
#69 = CARTESIAN_POINT('',(73.73517051655,-4.668305185015,7.745596223951)
  );
#70 = CARTESIAN_POINT('',(73.741087485733,-4.720023623309,7.832060929203
    ));
#71 = CARTESIAN_POINT('',(73.762816010915,-4.896737953222,8.148018150035
    ));
#72 = CARTESIAN_POINT('',(73.77911502281,-5.004616877717,8.382105052166)
  );
#73 = CARTESIAN_POINT('',(73.794759971287,-5.095755463004,8.620024592183
    ));
#74 = CARTESIAN_POINT('',(73.809223421339,-5.172922368727,8.860516217865
    ));
#75 = CARTESIAN_POINT('',(73.822319133079,-5.23843200884,9.102654003568)
  );
#76 = CARTESIAN_POINT('',(73.834023993273,-5.294194073166,9.345845253154
    ));
#77 = CARTESIAN_POINT('',(73.844401235536,-5.341767583418,9.589825594902
    ));
#78 = CARTESIAN_POINT('',(73.865528760823,-5.43570371536,10.155516960715
    ));
#79 = CARTESIAN_POINT('',(73.875376318041,-5.477023659636,10.47736743839
    ));
#80 = CARTESIAN_POINT('',(73.883296047202,-5.509214148842,
    10.799835558226));
#81 = CARTESIAN_POINT('',(73.889572512678,-5.534187693815,
    11.122657310096));
#82 = CARTESIAN_POINT('',(73.894450455816,-5.553305481057,
    11.445655549255));
#83 = CARTESIAN_POINT('',(73.898112688622,-5.567532911131,
    11.768733718563));
#84 = CARTESIAN_POINT('',(73.900691494695,-5.577489891986,
    12.091873643296));
#85 = CARTESIAN_POINT('',(73.902606313552,-5.584863466267,12.48823681499
    ));
#86 = CARTESIAN_POINT('',(73.902907451357,-5.586021672969,
    12.561343471762));
#87 = CARTESIAN_POINT('',(73.903157348573,-5.586981863721,
    12.634451858245));
#88 = CARTESIAN_POINT('',(73.903356635234,-5.587747032964,
    12.707561600467));
#89 = CARTESIAN_POINT('',(73.903505783921,-5.588319422937,
    12.780672339645));
#90 = CARTESIAN_POINT('',(73.903605109764,-5.588700523683,
    12.853783732192));
#91 = CARTESIAN_POINT('',(73.903654770439,-5.588891073047,
    12.926895449713));
#92 = CARTESIAN_POINT('',(73.903654743756,-5.588890970668,
    13.384071922863));
#93 = CARTESIAN_POINT('',(73.902284298698,-5.583632203676,13.76800396831
    ));
#94 = CARTESIAN_POINT('',(73.899544324543,-5.57312254224,14.151912404628
    ));
#95 = CARTESIAN_POINT('',(73.895316135586,-5.556786416896,
    14.535797964617));
#96 = CARTESIAN_POINT('',(73.889352297447,-5.533505841032,14.9195530658)
  );
#97 = CARTESIAN_POINT('',(73.881307200143,-5.501430876739,
    15.302953352748));
#98 = CARTESIAN_POINT('',(73.870689804102,-5.457838267858,
    15.685652753444));
#99 = CARTESIAN_POINT('',(73.848357428402,-5.359725684075,
    16.313697356841));
#100 = CARTESIAN_POINT('',(73.838368949271,-5.314569064614,
    16.559468102676));
#101 = CARTESIAN_POINT('',(73.827056621991,-5.26155397474,
    16.804523750885));
#102 = CARTESIAN_POINT('',(73.814340815292,-5.199181569002,
    17.048627373114));
#103 = CARTESIAN_POINT('',(73.8002170954,-5.125606242202,17.291237113282
    ));
#104 = CARTESIAN_POINT('',(73.784822176367,-5.038578429176,
    17.531500661079));
#105 = CARTESIAN_POINT('',(73.768598451546,-4.93537856135,
    17.768250909125));
#106 = CARTESIAN_POINT('',(73.752642408226,-4.812725735106,18.0000006));
#107 = PCURVE('',#108,#234);
#108 = B_SPLINE_SURFACE_WITH_KNOTS('',3,4,(
    (#109,#110,#111,#112,#113)
    ,(#114,#115,#116,#117,#118)
    ,(#119,#120,#121,#122,#123)
    ,(#124,#125,#126,#127,#128)
    ,(#129,#130,#131,#132,#133)
    ,(#134,#135,#136,#137,#138)
    ,(#139,#140,#141,#142,#143)
    ,(#144,#145,#146,#147,#148)
    ,(#149,#150,#151,#152,#153)
    ,(#154,#155,#156,#157,#158)
    ,(#159,#160,#161,#162,#163)
    ,(#164,#165,#166,#167,#168)
    ,(#169,#170,#171,#172,#173)
    ,(#174,#175,#176,#177,#178)
    ,(#179,#180,#181,#182,#183)
    ,(#184,#185,#186,#187,#188)
    ,(#189,#190,#191,#192,#193)
    ,(#194,#195,#196,#197,#198)
    ,(#199,#200,#201,#202,#203)
    ,(#204,#205,#206,#207,#208)
    ,(#209,#210,#211,#212,#213)
    ,(#214,#215,#216,#217,#218)
    ,(#219,#220,#221,#222,#223)
    ,(#224,#225,#226,#227,#228)
    ,(#229,#230,#231,#232,#233
    )),.UNSPECIFIED.,.T.,.F.,.F.,(1,3,1,1,1,1,1,1,1,1,1,1,1,1,1,1,1,1,1,
    1,1,1,1,3,1),(5,5),(-8.4977881934E-02,0.,5.995935277296E-02,
    0.122201268057,0.183691744343,0.256063864228,0.291710608455,
    0.316607374569,0.344994055456,0.373380736344,0.396999882531,
    0.425386563419,0.461033307646,0.496242651943,0.53145199624,
    0.567098740467,0.590717886655,0.610790301206,0.663604317652,
    0.722783255126,0.7795566169,0.852780202781,0.915022118066,1.,
    1.059959352773),(0.,1.),.UNSPECIFIED.);
#109 = CARTESIAN_POINT('',(82.2,-4.4,6.));
#110 = CARTESIAN_POINT('',(81.85922847408,-10.53388746656,6.405540787961
    ));
#111 = CARTESIAN_POINT('',(82.121028701227,-5.821483377917,13.));
#112 = CARTESIAN_POINT('',(81.85922847408,-10.53388746656,
    19.594459212039));
#113 = CARTESIAN_POINT('',(82.2,-4.4,20.));
#114 = CARTESIAN_POINT('',(78.901844230853,-4.466800860686,6.));
#115 = CARTESIAN_POINT('',(77.156175737216,-10.62914311628,
    6.405540787961));
#116 = CARTESIAN_POINT('',(78.497298376272,-5.894878427013,13.));
#117 = CARTESIAN_POINT('',(77.156175737216,-10.62914311628,
    19.594459212039));
#118 = CARTESIAN_POINT('',(78.901844230853,-4.466800860686,20.));
#119 = CARTESIAN_POINT('',(73.468792529219,-1.895536372567,6.));
#120 = CARTESIAN_POINT('',(69.408837387121,-6.962611474215,
    6.405540787961));
#121 = CARTESIAN_POINT('',(72.527927738164,-3.069793818749,13.));
#122 = CARTESIAN_POINT('',(69.408837387121,-6.962611474215,
    19.594459212039));
#123 = CARTESIAN_POINT('',(73.468792529219,-1.895536372567,20.));
#124 = CARTESIAN_POINT('',(69.233782516769,6.612256478564,6.));
#125 = CARTESIAN_POINT('',(63.369863844383,5.169198317032,6.405540787961
    ));
#126 = CARTESIAN_POINT('',(67.874862424463,6.277838346316,13.));
#127 = CARTESIAN_POINT('',(63.369863844383,5.169198317032,
    19.594459212039));
#128 = CARTESIAN_POINT('',(69.233782516769,6.612256478564,20.));
#129 = CARTESIAN_POINT('',(70.872841024709,16.652868403516,6.));
#130 = CARTESIAN_POINT('',(65.707102938352,19.48675355053,6.405540787961
    ));
#131 = CARTESIAN_POINT('',(69.675719156325,17.309600476506,13.));
#132 = CARTESIAN_POINT('',(65.707102938352,19.48675355053,
    19.594459212039));
#133 = CARTESIAN_POINT('',(70.872841024709,16.652868403516,20.));
#134 = CARTESIAN_POINT('',(73.598525868974,22.356861635933,6.));
#135 = CARTESIAN_POINT('',(69.593832512064,27.620444880009,
    6.405540787961));
#136 = CARTESIAN_POINT('',(72.670467590838,23.576658401121,13.));
#137 = CARTESIAN_POINT('',(69.593832512064,27.620444880009,
    19.594459212039));
#138 = CARTESIAN_POINT('',(73.598525868974,22.356861635933,20.));
#139 = CARTESIAN_POINT('',(77.958686788382,31.235407281071,6.));
#140 = CARTESIAN_POINT('',(75.811266793676,40.280934959453,
    6.405540787961));
#141 = CARTESIAN_POINT('',(77.461037973577,33.331641897276,13.));
#142 = CARTESIAN_POINT('',(75.811266793676,40.280934959453,
    19.594459212039));
#143 = CARTESIAN_POINT('',(77.958686788382,31.235407281071,20.));
#144 = CARTESIAN_POINT('',(80.404230171281,25.508768390939,6.));
#145 = CARTESIAN_POINT('',(79.298524614443,32.114951728092,
    6.405540787961));
#146 = CARTESIAN_POINT('',(80.147991027917,27.039702868696,13.));
#147 = CARTESIAN_POINT('',(79.298524614443,32.114951728092,
    19.594459212039));
#148 = CARTESIAN_POINT('',(80.404230171281,25.508768390939,20.));
#149 = CARTESIAN_POINT('',(79.081879424454,22.1206053601,6.));
#150 = CARTESIAN_POINT('',(77.412899515369,27.283551839646,
    6.405540787961));
#151 = CARTESIAN_POINT('',(78.695105586203,23.317080294105,13.));
#152 = CARTESIAN_POINT('',(77.412899515369,27.283551839646,
    19.594459212039));
#153 = CARTESIAN_POINT('',(79.081879424454,22.1206053601,20.));
#154 = CARTESIAN_POINT('',(77.316441790315,18.10232471745,6.));
#155 = CARTESIAN_POINT('',(74.895448285603,21.553626664282,
    6.405540787961));
#156 = CARTESIAN_POINT('',(76.755394323476,18.902138599974,13.));
#157 = CARTESIAN_POINT('',(74.895448285603,21.553626664282,
    19.594459212039));
#158 = CARTESIAN_POINT('',(77.316441790315,18.10232471745,20.));
#159 = CARTESIAN_POINT('',(80.678520905745,14.789530560972,6.));
#160 = CARTESIAN_POINT('',(79.689653439069,16.829700108101,
    6.405540787961));
#161 = CARTESIAN_POINT('',(80.44935813181,15.262324872114,13.));
#162 = CARTESIAN_POINT('',(79.68965343907,16.829700108101,
    19.594459212039));
#163 = CARTESIAN_POINT('',(80.678520905745,14.789530560972,20.));
#164 = CARTESIAN_POINT('',(85.331808407873,16.19479284414,6.));
#165 = CARTESIAN_POINT('',(86.325075794503,18.833554106961,
    6.405540787961));
#166 = CARTESIAN_POINT('',(85.561990830948,16.806306389806,13.));
#167 = CARTESIAN_POINT('',(86.325075794503,18.833554106961,
    19.594459212039));
#168 = CARTESIAN_POINT('',(85.331808407873,16.19479284414,20.));
#169 = CARTESIAN_POINT('',(87.868662158454,20.322137910664,6.));
#170 = CARTESIAN_POINT('',(89.942538949611,24.719001268882,
    6.405540787961));
#171 = CARTESIAN_POINT('',(88.349267875879,21.341078706815,13.));
#172 = CARTESIAN_POINT('',(89.942538949611,24.719001268882,
    19.594459212039));
#173 = CARTESIAN_POINT('',(87.868662158454,20.322137910664,20.));
#174 = CARTESIAN_POINT('',(90.107693304365,25.086147093774,6.));
#175 = CARTESIAN_POINT('',(93.135317670741,31.512308800525,
    6.405540787961));
#176 = CARTESIAN_POINT('',(90.809323018774,26.575362880622,13.));
#177 = CARTESIAN_POINT('',(93.135317670742,31.512308800525,
    19.594459212039));
#178 = CARTESIAN_POINT('',(90.107693304365,25.086147093774,20.));
#179 = CARTESIAN_POINT('',(88.082981507567,30.536102466333,6.));
#180 = CARTESIAN_POINT('',(90.248150713263,39.283751183714,
    6.405540787961));
#181 = CARTESIAN_POINT('',(88.584743571683,32.563305820715,13.));
#182 = CARTESIAN_POINT('',(90.248150713263,39.283751183714,
    19.594459212039));
#183 = CARTESIAN_POINT('',(88.082981507567,30.536102466333,20.));
#184 = CARTESIAN_POINT('',(84.706382369456,32.617022834499,6.));
#185 = CARTESIAN_POINT('',(85.43324052426,42.251069563351,6.405540787961
    ));
#186 = CARTESIAN_POINT('',(84.874826409356,34.849642419027,13.));
#187 = CARTESIAN_POINT('',(85.43324052426,42.251069563352,
    19.594459212039));
#188 = CARTESIAN_POINT('',(84.706382369456,32.617022834499,20.));
#189 = CARTESIAN_POINT('',(80.107514249849,35.541468956582,6.));
#190 = CARTESIAN_POINT('',(78.875418271372,46.421225644801,
    6.405540787961));
#191 = CARTESIAN_POINT('',(79.821985054383,38.062772676677,13.));
#192 = CARTESIAN_POINT('',(78.875418271372,46.421225644801,
    19.594459212039));
#193 = CARTESIAN_POINT('',(80.107514249849,35.541468956582,20.));
#194 = CARTESIAN_POINT('',(85.836359699731,38.552979047411,6.));
#195 = CARTESIAN_POINT('',(87.044547978401,50.71553184685,6.405540787961
    ));
#196 = CARTESIAN_POINT('',(86.116348461325,41.371561346433,13.));
#197 = CARTESIAN_POINT('',(87.044547978401,50.71553184685,
    19.594459212039));
#198 = CARTESIAN_POINT('',(85.836359699731,38.552979047411,20.));
#199 = CARTESIAN_POINT('',(91.460829094158,34.760001143193,6.));
#200 = CARTESIAN_POINT('',(95.064841145366,45.30688035738,6.405540787961
    ));
#201 = CARTESIAN_POINT('',(92.296032421987,37.204162953072,13.));
#202 = CARTESIAN_POINT('',(95.064841145366,45.30688035738,
    19.594459212039));
#203 = CARTESIAN_POINT('',(91.460829094158,34.760001143193,20.));
#204 = CARTESIAN_POINT('',(97.362533916867,28.945300874835,6.));
#205 = CARTESIAN_POINT('',(103.48046216552,37.015324735001,
    6.405540787961));
#206 = CARTESIAN_POINT('',(98.780318863227,30.815469644503,13.));
#207 = CARTESIAN_POINT('',(103.48046216552,37.015324735001,
    19.594459212039));
#208 = CARTESIAN_POINT('',(97.362533916867,28.945300874835,20.));
#209 = CARTESIAN_POINT('',(98.675000759013,19.531087829201,6.));
#210 = CARTESIAN_POINT('',(105.35199316832,23.590992008245,
    6.405540787961));
#211 = CARTESIAN_POINT('',(100.22234471927,20.471940809942,13.));
#212 = CARTESIAN_POINT('',(105.35199316832,23.590992008245,
    19.594459212039));
#213 = CARTESIAN_POINT('',(98.675000759013,19.531087829201,20.));
#214 = CARTESIAN_POINT('',(97.210777092774,10.354263924888,6.));
#215 = CARTESIAN_POINT('',(103.26406233579,10.505167747716,
    6.405540787961));
#216 = CARTESIAN_POINT('',(98.613581497265,10.389234777709,13.));
#217 = CARTESIAN_POINT('',(103.26406233579,10.505167747716,
    19.594459212039));
#218 = CARTESIAN_POINT('',(97.210777092774,10.354263924888,20.));
#219 = CARTESIAN_POINT('',(92.595809197114,0.777680433806,6.));
#220 = CARTESIAN_POINT('',(96.683282375287,-3.150699455062,
    6.405540787961));
#221 = CARTESIAN_POINT('',(93.543051090959,-0.132692758498,13.));
#222 = CARTESIAN_POINT('',(96.683282375288,-3.150699455062,
    19.594459212039));
#223 = CARTESIAN_POINT('',(92.595809197114,0.777680433806,20.));
#224 = CARTESIAN_POINT('',(86.874338173945,-4.305325935155,6.));
#225 = CARTESIAN_POINT('',(88.524668338277,-10.39888561978,
    6.405540787961));
#226 = CARTESIAN_POINT('',(87.256790070799,-5.717463645746,13.));
#227 = CARTESIAN_POINT('',(88.524668338277,-10.39888561978,
    19.594459212039));
#228 = CARTESIAN_POINT('',(86.874338173945,-4.305325935155,20.));
#229 = CARTESIAN_POINT('',(82.2,-4.4,6.));
#230 = CARTESIAN_POINT('',(81.85922847408,-10.53388746656,6.405540787961
    ));
#231 = CARTESIAN_POINT('',(82.121028701227,-5.821483377917,13.));
#232 = CARTESIAN_POINT('',(81.85922847408,-10.53388746656,
    19.594459212039));
#233 = CARTESIAN_POINT('',(82.2,-4.4,20.));
#234 = DEFINITIONAL_REPRESENTATION('',(#235),#294);
#235 = B_SPLINE_CURVE_WITH_KNOTS('',8,(#236,#237,#238,#239,#240,#241,
    #242,#243,#244,#245,#246,#247,#248,#249,#250,#251,#252,#253,#254,
    #255,#256,#257,#258,#259,#260,#261,#262,#263,#264,#265,#266,#267,
    #268,#269,#270,#271,#272,#273,#274,#275,#276,#277,#278,#279,#280,
    #281,#282,#283,#284,#285,#286,#287,#288,#289,#290,#291,#292,#293),
  .UNSPECIFIED.,.F.,.F.,(9,7,7,7,7,7,7,7,9),(0.,4.20724652924E-02,
    0.107673876026,0.147921749333,0.165828595183,0.193516645786,
    0.248973430048,0.394235433346,0.562552487405),.UNSPECIFIED.);
#236 = CARTESIAN_POINT('',(5.892170518435E-02,0.));
#237 = CARTESIAN_POINT('',(5.877353704303E-02,3.901410481401E-03));
#238 = CARTESIAN_POINT('',(5.861556262325E-02,7.866326769489E-03));
#239 = CARTESIAN_POINT('',(5.844822658025E-02,1.189524059159E-02));
#240 = CARTESIAN_POINT('',(5.827199906059E-02,1.598845148586E-02));
#241 = CARTESIAN_POINT('',(5.808737943133E-02,2.014600011491E-02));
#242 = CARTESIAN_POINT('',(5.789490000916E-02,2.436760157929E-02));
#243 = CARTESIAN_POINT('',(5.769512978968E-02,2.865257873114E-02));
#244 = CARTESIAN_POINT('',(5.7166768895E-02,3.977818486936E-02));
#245 = CARTESIAN_POINT('',(5.68285346368E-02,4.670957146993E-02));
#246 = CARTESIAN_POINT('',(5.647636819034E-02,5.378766760955E-02));
#247 = CARTESIAN_POINT('',(5.611285888507E-02,6.10044242595E-02));
#248 = CARTESIAN_POINT('',(5.574077572968E-02,6.834947614959E-02));
#249 = CARTESIAN_POINT('',(5.536303141621E-02,7.58094220331E-02));
#250 = CARTESIAN_POINT('',(5.498262719005E-02,8.336694010951E-02));
#251 = CARTESIAN_POINT('',(5.436941061113E-02,9.568262428327E-02));
#252 = CARTESIAN_POINT('',(5.413634365001E-02,0.100394494898));
#253 = CARTESIAN_POINT('',(5.390406428761E-02,0.105130443115));
#254 = CARTESIAN_POINT('',(5.367322343621E-02,0.10988557352));
#255 = CARTESIAN_POINT('',(5.344443146165E-02,0.114654991999));
#256 = CARTESIAN_POINT('',(5.321825330968E-02,0.11943379513));
#257 = CARTESIAN_POINT('',(5.299520363251E-02,0.124217059562));
#258 = CARTESIAN_POINT('',(5.267810030531E-02,0.131127753981));
#259 = CARTESIAN_POINT('',(5.258116676947E-02,0.133255628825));
#260 = CARTESIAN_POINT('',(5.248498067396E-02,0.135383046501));
#261 = CARTESIAN_POINT('',(5.238957875981E-02,0.137509611001));
#262 = CARTESIAN_POINT('',(5.229499514271E-02,0.139634939741));
#263 = CARTESIAN_POINT('',(5.220126131305E-02,0.141758663565));
#264 = CARTESIAN_POINT('',(5.210840613591E-02,0.143880426741));
#265 = CARTESIAN_POINT('',(5.187427982726E-02,0.149277053841));
#266 = CARTESIAN_POINT('',(5.173426690432E-02,0.15254872403));
#267 = CARTESIAN_POINT('',(5.15965142532E-02,0.155813638151));
#268 = CARTESIAN_POINT('',(5.146110324503E-02,0.159070640869));
#269 = CARTESIAN_POINT('',(5.132810043951E-02,0.162318679179));
#270 = CARTESIAN_POINT('',(5.119755857343E-02,0.165556800677));
#271 = CARTESIAN_POINT('',(5.106951754905E-02,0.168784151836));
#272 = CARTESIAN_POINT('',(5.0692615427E-02,0.178440996091));
#273 = CARTESIAN_POINT('',(5.045138339147E-02,0.184835445261));
#274 = CARTESIAN_POINT('',(5.022051501385E-02,0.191177738096));
#275 = CARTESIAN_POINT('',(5.000003835109E-02,0.197463630718));
#276 = CARTESIAN_POINT('',(4.978984149512E-02,0.203690116214));
#277 = CARTESIAN_POINT('',(4.958970582872E-02,0.209855345456));
#278 = CARTESIAN_POINT('',(4.93993348612E-02,0.21595857359));
#279 = CARTESIAN_POINT('',(4.87443868154E-02,0.23782522773));
#280 = CARTESIAN_POINT('',(4.83355678689E-02,0.253207927897));
#281 = CARTESIAN_POINT('',(4.798463186258E-02,0.268179985886));
#282 = CARTESIAN_POINT('',(4.76838775907E-02,0.282769650036));
#283 = CARTESIAN_POINT('',(4.742612242281E-02,0.297007741296));
#284 = CARTESIAN_POINT('',(4.72050584854E-02,0.310929964941));
#285 = CARTESIAN_POINT('',(4.701528842754E-02,0.32457780114));
#286 = CARTESIAN_POINT('',(4.666343017028E-02,0.353553172414));
#287 = CARTESIAN_POINT('',(4.651075768448E-02,0.368783514651));
#288 = CARTESIAN_POINT('',(4.63873126045E-02,0.383750523668));
#289 = CARTESIAN_POINT('',(4.628787012605E-02,0.398500466289));
#290 = CARTESIAN_POINT('',(4.620846469658E-02,0.413073136257));
#291 = CARTESIAN_POINT('',(4.6146117968E-02,0.427504926595));
#292 = CARTESIAN_POINT('',(4.609869751082E-02,0.441830361882));
#293 = CARTESIAN_POINT('',(4.606482920486E-02,0.456083916149));
#294 = ( GEOMETRIC_REPRESENTATION_CONTEXT(2) 
PARAMETRIC_REPRESENTATION_CONTEXT() REPRESENTATION_CONTEXT('2D SPACE',''
  ) );
#295 = PCURVE('',#296,#301);
#296 = CYLINDRICAL_SURFACE('',#297,6.3);
#297 = AXIS2_PLACEMENT_3D('',#298,#299,#300);
#298 = CARTESIAN_POINT('',(80.,-4.,5.));
#299 = DIRECTION('',(-0.,-0.,-1.));
#300 = DIRECTION('',(1.,0.,0.));
#301 = DEFINITIONAL_REPRESENTATION('',(#302),#382);
#302 = B_SPLINE_CURVE_WITH_KNOTS('',8,(#303,#304,#305,#306,#307,#308,
    #309,#310,#311,#312,#313,#314,#315,#316,#317,#318,#319,#320,#321,
    #322,#323,#324,#325,#326,#327,#328,#329,#330,#331,#332,#333,#334,
    #335,#336,#337,#338,#339,#340,#341,#342,#343,#344,#345,#346,#347,
    #348,#349,#350,#351,#352,#353,#354,#355,#356,#357,#358,#359,#360,
    #361,#362,#363,#364,#365,#366,#367,#368,#369,#370,#371,#372,#373,
    #374,#375,#376,#377,#378,#379,#380,#381),.UNSPECIFIED.,.F.,.F.,(9,7,
    7,7,7,7,7,7,7,7,7,9),(0.,4.207246518263E-02,0.107673875745,
    0.147921748947,0.16582859475,0.193516645281,0.248973429398,
    0.394235432317,0.584615222156,0.627669374792,0.853838038339,1.),
  .UNSPECIFIED.);
#303 = CARTESIAN_POINT('',(3.583900656381,-1.));
#304 = CARTESIAN_POINT('',(3.56812677527,-1.006328724323));
#305 = CARTESIAN_POINT('',(3.552380733271,-1.014052455078));
#306 = CARTESIAN_POINT('',(3.536670879321,-1.023231888849));
#307 = CARTESIAN_POINT('',(3.521006808077,-1.033928625251));
#308 = CARTESIAN_POINT('',(3.505399396014,-1.046203865509));
#309 = CARTESIAN_POINT('',(3.489860837515,-1.060117111034));
#310 = CARTESIAN_POINT('',(3.474404680967,-1.075724861998));
#311 = CARTESIAN_POINT('',(3.435097660307,-1.12013921487));
#312 = CARTESIAN_POINT('',(3.411380145488,-1.151452286508));
#313 = CARTESIAN_POINT('',(3.387957421555,-1.187210734349));
#314 = CARTESIAN_POINT('',(3.364896539837,-1.22757637787));
#315 = CARTESIAN_POINT('',(3.342267604728,-1.272668751969));
#316 = CARTESIAN_POINT('',(3.320143142669,-1.322547664764));
#317 = CARTESIAN_POINT('',(3.29859673722,-1.377190213703));
#318 = CARTESIAN_POINT('',(3.264880904208,-1.472826932399));
#319 = CARTESIAN_POINT('',(3.252303989129,-1.510939211814));
#320 = CARTESIAN_POINT('',(3.239986447253,-1.550770774373));
#321 = CARTESIAN_POINT('',(3.227942505861,-1.592283452196));
#322 = CARTESIAN_POINT('',(3.216184410152,-1.635429518478));
#323 = CARTESIAN_POINT('',(3.204722476132,-1.68015197257));
#324 = CARTESIAN_POINT('',(3.193565143513,-1.726384825055));
#325 = CARTESIAN_POINT('',(3.177893439278,-1.795261795741));
#326 = CARTESIAN_POINT('',(3.173129347597,-1.816754927021));
#327 = CARTESIAN_POINT('',(3.168427272223,-1.838526444241));
#328 = CARTESIAN_POINT('',(3.163787641655,-1.860569890592));
#329 = CARTESIAN_POINT('',(3.159210794237,-1.882878684877));
#330 = CARTESIAN_POINT('',(3.154696978149,-1.905446121515));
#331 = CARTESIAN_POINT('',(3.150246351416,-1.92826537054));
#332 = CARTESIAN_POINT('',(3.139075112187,-1.986991825327));
#333 = CARTESIAN_POINT('',(3.132442471597,-2.023239746505));
#334 = CARTESIAN_POINT('',(3.12596133268,-2.060047767709));
#335 = CARTESIAN_POINT('',(3.119631454259,-2.097390304346));
#336 = CARTESIAN_POINT('',(3.113452133219,-2.135241867228));
#337 = CARTESIAN_POINT('',(3.107422256304,-2.173577269137));
#338 = CARTESIAN_POINT('',(3.101540351906,-2.212371831391));
#339 = CARTESIAN_POINT('',(3.084316507898,-2.330175424068));
#340 = CARTESIAN_POINT('',(3.073415442415,-2.410491095868));
#341 = CARTESIAN_POINT('',(3.063086169717,-2.492361482627));
#342 = CARTESIAN_POINT('',(3.053309049821,-2.57560900245));
#343 = CARTESIAN_POINT('',(3.044061492333,-2.660069641305));
#344 = CARTESIAN_POINT('',(3.035319104219,-2.745596223951));
#345 = CARTESIAN_POINT('',(3.027056571483,-2.832060929203));
#346 = CARTESIAN_POINT('',(2.998795433101,-3.148018150035));
#347 = CARTESIAN_POINT('',(2.981484017641,-3.382105052166));
#348 = CARTESIAN_POINT('',(2.966809776898,-3.620024592183));
#349 = CARTESIAN_POINT('',(2.954349796014,-3.860516217865));
#350 = CARTESIAN_POINT('',(2.943747010954,-4.102654003568));
#351 = CARTESIAN_POINT('',(2.934703350779,-4.345845253154));
#352 = CARTESIAN_POINT('',(2.926974632261,-4.589825594902));
#353 = CARTESIAN_POINT('',(2.911691655031,-5.155516960715));
#354 = CARTESIAN_POINT('',(2.90494977792,-5.47736743839));
#355 = CARTESIAN_POINT('',(2.899687920163,-5.799835558227));
#356 = CARTESIAN_POINT('',(2.89560062209,-6.122657310097));
#357 = CARTESIAN_POINT('',(2.892468902268,-6.445655549255));
#358 = CARTESIAN_POINT('',(2.890136931511,-6.768733718563));
#359 = CARTESIAN_POINT('',(2.888504320575,-7.091873643296));
#360 = CARTESIAN_POINT('',(2.887295091255,-7.48823681499));
#361 = CARTESIAN_POINT('',(2.887105136498,-7.561343471762));
#362 = CARTESIAN_POINT('',(2.886947648116,-7.634451858245));
#363 = CARTESIAN_POINT('',(2.886822140926,-7.707561600467));
#364 = CARTESIAN_POINT('',(2.886728251592,-7.780672339645));
#365 = CARTESIAN_POINT('',(2.886665738624,-7.853783732192));
#366 = CARTESIAN_POINT('',(2.886634482379,-7.926895449713));
#367 = CARTESIAN_POINT('',(2.886634499173,-8.384071922863));
#368 = CARTESIAN_POINT('',(2.88749710789,-8.768003968314));
#369 = CARTESIAN_POINT('',(2.88922104228,-9.151912404616));
#370 = CARTESIAN_POINT('',(2.891899596717,-9.535797964634));
#371 = CARTESIAN_POINT('',(2.895714073927,-9.919553065789));
#372 = CARTESIAN_POINT('',(2.900963132418,-10.30295335275));
#373 = CARTESIAN_POINT('',(2.908084067222,-10.68565275344));
#374 = CARTESIAN_POINT('',(2.924055834721,-11.31369735684));
#375 = CARTESIAN_POINT('',(2.931396638779,-11.55946810267));
#376 = CARTESIAN_POINT('',(2.940000883925,-11.80452375088));
#377 = CARTESIAN_POINT('',(2.950103770311,-12.04862737311));
#378 = CARTESIAN_POINT('',(2.961993876927,-12.29123711328));
#379 = CARTESIAN_POINT('',(2.976018993548,-12.53150066107));
#380 = CARTESIAN_POINT('',(2.992595294022,-12.76825090912));
#381 = CARTESIAN_POINT('',(3.012228046661,-13.0000006));
#382 = ( GEOMETRIC_REPRESENTATION_CONTEXT(2) 
PARAMETRIC_REPRESENTATION_CONTEXT() REPRESENTATION_CONTEXT('2D SPACE',''
  ) );
#383 = ORIENTED_EDGE('',*,*,#384,.T.);
#384 = EDGE_CURVE('',#22,#385,#387,.T.);
#385 = VERTEX_POINT('',#386);
#386 = CARTESIAN_POINT('',(86.281372074214,-3.515887548928,6.));
#387 = SURFACE_CURVE('',#388,(#414,#421),.PCURVE_S1.);
#388 = B_SPLINE_CURVE_WITH_KNOTS('',3,(#389,#390,#391,#392,#393,#394,
    #395,#396,#397,#398,#399,#400,#401,#402,#403,#404,#405,#406,#407,
    #408,#409,#410,#411,#412,#413),.UNSPECIFIED.,.T.,.F.,(1,3,1,1,1,1,1,
    1,1,1,1,1,1,1,1,1,1,1,1,1,1,1,1,3,1),(-8.4977881934E-02,0.,
    5.995935277296E-02,0.122201268057,0.183691744343,0.256063864228,
    0.291710608455,0.316607374569,0.344994055456,0.373380736344,
    0.396999882531,0.425386563419,0.461033307646,0.496242651943,
    0.53145199624,0.567098740467,0.590717886655,0.610790301206,
    0.663604317652,0.722783255126,0.7795566169,0.852780202781,
    0.915022118066,1.,1.059959352773),.UNSPECIFIED.);
#389 = CARTESIAN_POINT('',(82.2,-4.4,6.));
#390 = CARTESIAN_POINT('',(78.901844230853,-4.466800860686,6.));
#391 = CARTESIAN_POINT('',(73.468792529219,-1.895536372567,6.));
#392 = CARTESIAN_POINT('',(69.233782516769,6.612256478564,6.));
#393 = CARTESIAN_POINT('',(70.872841024709,16.652868403516,6.));
#394 = CARTESIAN_POINT('',(73.598525868974,22.356861635933,6.));
#395 = CARTESIAN_POINT('',(77.958686788382,31.235407281071,6.));
#396 = CARTESIAN_POINT('',(80.404230171281,25.508768390939,6.));
#397 = CARTESIAN_POINT('',(79.081879424454,22.1206053601,6.));
#398 = CARTESIAN_POINT('',(77.316441790315,18.10232471745,6.));
#399 = CARTESIAN_POINT('',(80.678520905745,14.789530560972,6.));
#400 = CARTESIAN_POINT('',(85.331808407873,16.19479284414,6.));
#401 = CARTESIAN_POINT('',(87.868662158454,20.322137910664,6.));
#402 = CARTESIAN_POINT('',(90.107693304365,25.086147093774,6.));
#403 = CARTESIAN_POINT('',(88.082981507567,30.536102466333,6.));
#404 = CARTESIAN_POINT('',(84.706382369456,32.617022834499,6.));
#405 = CARTESIAN_POINT('',(80.107514249849,35.541468956582,6.));
#406 = CARTESIAN_POINT('',(85.836359699731,38.552979047411,6.));
#407 = CARTESIAN_POINT('',(91.460829094158,34.760001143193,6.));
#408 = CARTESIAN_POINT('',(97.362533916867,28.945300874835,6.));
#409 = CARTESIAN_POINT('',(98.675000759013,19.531087829201,6.));
#410 = CARTESIAN_POINT('',(97.210777092774,10.354263924888,6.));
#411 = CARTESIAN_POINT('',(92.595809197114,0.777680433806,6.));
#412 = CARTESIAN_POINT('',(86.874338173945,-4.305325935155,6.));
#413 = CARTESIAN_POINT('',(82.2,-4.4,6.));
#414 = PCURVE('',#108,#415);
#415 = DEFINITIONAL_REPRESENTATION('',(#416),#420);
#416 = LINE('',#417,#418);
#417 = CARTESIAN_POINT('',(0.,0.));
#418 = VECTOR('',#419,1.);
#419 = DIRECTION('',(1.,0.));
#420 = ( GEOMETRIC_REPRESENTATION_CONTEXT(2) 
PARAMETRIC_REPRESENTATION_CONTEXT() REPRESENTATION_CONTEXT('2D SPACE',''
  ) );
#421 = PCURVE('',#422,#427);
#422 = PLANE('',#423);
#423 = AXIS2_PLACEMENT_3D('',#424,#425,#426);
#424 = CARTESIAN_POINT('',(82.2,-4.4,6.));
#425 = DIRECTION('',(0.,0.,-1.));
#426 = DIRECTION('',(9.067122413966E-02,0.995880880986,0.));
#427 = DEFINITIONAL_REPRESENTATION('',(#428),#454);
#428 = B_SPLINE_CURVE_WITH_KNOTS('',3,(#429,#430,#431,#432,#433,#434,
    #435,#436,#437,#438,#439,#440,#441,#442,#443,#444,#445,#446,#447,
    #448,#449,#450,#451,#452,#453),.UNSPECIFIED.,.T.,.F.,(1,3,1,1,1,1,1,
    1,1,1,1,1,1,1,1,1,1,1,1,1,1,1,1,3,1),(-8.4977881934E-02,0.,
    5.995935277296E-02,0.122201268057,0.183691744343,0.256063864228,
    0.291710608455,0.316607374569,0.344994055456,0.373380736344,
    0.396999882531,0.425386563419,0.461033307646,0.496242651943,
    0.53145199624,0.567098740467,0.590717886655,0.610790301206,
    0.663604317652,0.722783255126,0.7795566169,0.852780202781,
    0.915022118066,1.,1.059959352773),.UNSPECIFIED.);
#429 = CARTESIAN_POINT('',(0.,0.));
#430 = CARTESIAN_POINT('',(-0.365573520982,-3.278513357194));
#431 = CARTESIAN_POINT('',(1.702478174092,-8.922325370984));
#432 = CARTESIAN_POINT('',(9.791232871848,-13.9113028657));
#433 = CARTESIAN_POINT('',(19.939101762657,-13.18939040917));
#434 = CARTESIAN_POINT('',(25.866740749542,-10.99212103404));
#435 = CARTESIAN_POINT('',(35.104055736503,-7.454948738613));
#436 = CARTESIAN_POINT('',(29.622745965725,-4.500237481588));
#437 = CARTESIAN_POINT('',(26.128640020693,-5.50993241872));
#438 = CARTESIAN_POINT('',(21.966836762813,-6.903755580326));
#439 = CARTESIAN_POINT('',(18.972532228785,-3.255150167417));
#440 = CARTESIAN_POINT('',(20.793925343455,1.25155303823));
#441 = CARTESIAN_POINT('',(25.134289019465,3.403725756663));
#442 = CARTESIAN_POINT('',(30.081690376652,5.201575522362));
#443 = CARTESIAN_POINT('',(35.325613637263,2.691049629288));
#444 = CARTESIAN_POINT('',(37.091802069492,-0.860320492229));
#445 = CARTESIAN_POINT('',(39.587217047886,-5.70540843654));
#446 = CARTESIAN_POINT('',(43.105763800086,-0.273218089325));
#447 = CARTESIAN_POINT('',(39.838387148403,5.671997395985));
#448 = CARTESIAN_POINT('',(34.582753123268,12.07661838548));
#449 = CARTESIAN_POINT('',(25.326321316814,14.23727724166));
#450 = CARTESIAN_POINT('',(16.054534890104,13.611158744084));
#451 = CARTESIAN_POINT('',(6.098953697706,9.883520998645));
#452 = CARTESIAN_POINT('',(0.518112055379,4.64649980534));
#453 = CARTESIAN_POINT('',(0.,0.));
#454 = ( GEOMETRIC_REPRESENTATION_CONTEXT(2) 
PARAMETRIC_REPRESENTATION_CONTEXT() REPRESENTATION_CONTEXT('2D SPACE',''
  ) );
#455 = ORIENTED_EDGE('',*,*,#456,.T.);
#456 = EDGE_CURVE('',#385,#457,#459,.T.);
#457 = VERTEX_POINT('',#458);
#458 = CARTESIAN_POINT('',(86.3,-4.,6.048449786795));
#459 = SURFACE_CURVE('',#460,(#467,#477),.PCURVE_S1.);
#460 = B_SPLINE_CURVE_WITH_KNOTS('',5,(#461,#462,#463,#464,#465,#466),
  .UNSPECIFIED.,.F.,.F.,(6,6),(0.,1.),.PIECEWISE_BEZIER_KNOTS.);
#461 = CARTESIAN_POINT('',(86.281372074214,-3.515887548928,6.));
#462 = CARTESIAN_POINT('',(86.288863782396,-3.613092664097,
    6.006402556603));
#463 = CARTESIAN_POINT('',(86.294459593856,-3.710240676605,
    6.014364898697));
#464 = CARTESIAN_POINT('',(86.298165537837,-3.807205942257,
    6.023971317551));
#465 = CARTESIAN_POINT('',(86.3,-3.903845444964,6.035306674195));
#466 = CARTESIAN_POINT('',(86.3,-4.,6.048449786795));
#467 = PCURVE('',#108,#468);
#468 = DEFINITIONAL_REPRESENTATION('',(#469),#476);
#469 = B_SPLINE_CURVE_WITH_KNOTS('',5,(#470,#471,#472,#473,#474,#475),
  .UNSPECIFIED.,.F.,.F.,(6,6),(0.,1.),.PIECEWISE_BEZIER_KNOTS.);
#470 = CARTESIAN_POINT('',(0.972812301163,0.));
#471 = CARTESIAN_POINT('',(0.972919623836,3.94692518808E-03));
#472 = CARTESIAN_POINT('',(0.973037625118,7.963872322376E-03));
#473 = CARTESIAN_POINT('',(0.973165708549,1.205132116813E-02));
#474 = CARTESIAN_POINT('',(0.973303223657,1.620925158751E-02));
#475 = CARTESIAN_POINT('',(0.973449445726,2.043679482152E-02));
#476 = ( GEOMETRIC_REPRESENTATION_CONTEXT(2) 
PARAMETRIC_REPRESENTATION_CONTEXT() REPRESENTATION_CONTEXT('2D SPACE',''
  ) );
#477 = PCURVE('',#296,#478);
#478 = DEFINITIONAL_REPRESENTATION('',(#479),#486);
#479 = B_SPLINE_CURVE_WITH_KNOTS('',5,(#480,#481,#482,#483,#484,#485),
  .UNSPECIFIED.,.F.,.F.,(6,6),(0.,1.),.PIECEWISE_BEZIER_KNOTS.);
#480 = CARTESIAN_POINT('',(6.206266234236,-1.));
#481 = CARTESIAN_POINT('',(6.221741374702,-1.006402556603));
#482 = CARTESIAN_POINT('',(6.237184353971,-1.014364898697));
#483 = CARTESIAN_POINT('',(6.252583076602,-1.023971317551));
#484 = CARTESIAN_POINT('',(6.267922679396,-1.035306674195));
#485 = CARTESIAN_POINT('',(6.28318530718,-1.048449786795));
#486 = ( GEOMETRIC_REPRESENTATION_CONTEXT(2) 
PARAMETRIC_REPRESENTATION_CONTEXT() REPRESENTATION_CONTEXT('2D SPACE',''
  ) );
#487 = ORIENTED_EDGE('',*,*,#488,.T.);
#488 = EDGE_CURVE('',#457,#489,#491,.T.);
#489 = VERTEX_POINT('',#490);
#490 = CARTESIAN_POINT('',(85.594068944374,-6.89765295465,18.));
#491 = SURFACE_CURVE('',#492,(#572,#655),.PCURVE_S1.);
#492 = B_SPLINE_CURVE_WITH_KNOTS('',8,(#493,#494,#495,#496,#497,#498,
    #499,#500,#501,#502,#503,#504,#505,#506,#507,#508,#509,#510,#511,
    #512,#513,#514,#515,#516,#517,#518,#519,#520,#521,#522,#523,#524,
    #525,#526,#527,#528,#529,#530,#531,#532,#533,#534,#535,#536,#537,
    #538,#539,#540,#541,#542,#543,#544,#545,#546,#547,#548,#549,#550,
    #551,#552,#553,#554,#555,#556,#557,#558,#559,#560,#561,#562,#563,
    #564,#565,#566,#567,#568,#569,#570,#571),.UNSPECIFIED.,.F.,.F.,(9,7,
    7,7,7,7,7,7,7,7,7,9),(0.,2.750070514046E-02,7.720432129803E-02,
    0.136268269795,0.164442965041,0.21982323943,0.368362350575,
    0.55492370461,0.616140490113,0.849471351614,0.963680538697,1.),
  .UNSPECIFIED.);
#493 = CARTESIAN_POINT('',(86.3,-4.,6.048449786795));
#494 = CARTESIAN_POINT('',(86.3,-4.062080060327,6.056935346556));
#495 = CARTESIAN_POINT('',(86.299300877135,-4.12397544214,6.066109876188
    ));
#496 = CARTESIAN_POINT('',(86.297909899693,-4.185654608975,
    6.075988817516));
#497 = CARTESIAN_POINT('',(86.295835879311,-4.247084800902,
    6.086587132235));
#498 = CARTESIAN_POINT('',(86.293089266286,-4.308232123345,
    6.097919071917));
#499 = CARTESIAN_POINT('',(86.289682244898,-4.369061635896,
    6.109997948022));
#500 = CARTESIAN_POINT('',(86.285628828724,-4.429537441131,
    6.122835901899));
#501 = CARTESIAN_POINT('',(86.272479521596,-4.598218472251,
    6.161037790392));
#502 = CARTESIAN_POINT('',(86.26195407307,-4.705548857161,6.188149023915
    ));
#503 = CARTESIAN_POINT('',(86.249462196098,-4.811385159731,
    6.217838228297));
#504 = CARTESIAN_POINT('',(86.235119337769,-4.915501080079,
    6.250152892074));
#505 = CARTESIAN_POINT('',(86.219060718855,-5.017675562965,
    6.285122496442));
#506 = CARTESIAN_POINT('',(86.201439246136,-5.117695573909,
    6.322753872323));
#507 = CARTESIAN_POINT('',(86.182423424721,-5.215358875297,
    6.363026557408));
#508 = CARTESIAN_POINT('',(86.138157690019,-5.423507619711,
    6.456821571823));
#509 = CARTESIAN_POINT('',(86.112401871047,-5.532972351976,
    6.511423290451));
#510 = CARTESIAN_POINT('',(86.085233287133,-5.638538625007,6.56960177195
    ));
#511 = CARTESIAN_POINT('',(86.056971274742,-5.739961865167,
    6.631223950772));
#512 = CARTESIAN_POINT('',(86.02793195772,-5.837076977572,6.696118000469
    ));
#513 = CARTESIAN_POINT('',(85.99841510927,-5.929789601709,6.764077281994
    ));
#514 = CARTESIAN_POINT('',(85.968694951325,-6.018066944547,
    6.834865472822));
#515 = CARTESIAN_POINT('',(85.924856903791,-6.14193169797,6.943215838862
    ));
#516 = CARTESIAN_POINT('',(85.910706543554,-6.180934520523,6.97879710028
    ));
#517 = CARTESIAN_POINT('',(85.896589419907,-6.218940825465,
    7.014940798791));
#518 = CARTESIAN_POINT('',(85.882529133193,-6.255958129621,
    7.051620978349));
#519 = CARTESIAN_POINT('',(85.86854727592,-6.291996882048,7.088811802772
    ));
#520 = CARTESIAN_POINT('',(85.854663433906,-6.327070046097,
    7.126487769311));
#521 = CARTESIAN_POINT('',(85.840895187401,-6.361192681471,
    7.164623922201));
#522 = CARTESIAN_POINT('',(85.800453032068,-6.45961762969,7.27901360042)
  );
#523 = CARTESIAN_POINT('',(85.774156098529,-6.521242704696,
    7.356511835668));
#524 = CARTESIAN_POINT('',(85.748483957491,-6.579389565786,
    7.435512131677));
#525 = CARTESIAN_POINT('',(85.72352495925,-6.634212866606,7.515845092061
    ));
#526 = CARTESIAN_POINT('',(85.699342234718,-6.685879703228,
    7.597354289492));
#527 = CARTESIAN_POINT('',(85.675977098897,-6.73456239651,7.67989928997)
  );
#528 = CARTESIAN_POINT('',(85.653452781621,-6.780433453537,
    7.763357976181));
#529 = CARTESIAN_POINT('',(85.573644416998,-6.939610762339,
    8.073654852219));
#530 = CARTESIAN_POINT('',(85.521699023971,-7.036406851322,
    8.305232983741));
#531 = CARTESIAN_POINT('',(85.475997266529,-7.117593441186,
    8.540726756716));
#532 = CARTESIAN_POINT('',(85.436104399538,-7.185975861437,
    8.778846022906));
#533 = CARTESIAN_POINT('',(85.401418184633,-7.24380850844,9.018644829667
    ));
#534 = CARTESIAN_POINT('',(85.371318932351,-7.292906746624,
    9.259519056545));
#535 = CARTESIAN_POINT('',(85.34522273737,-7.334723366247,9.50120140566)
  );
#536 = CARTESIAN_POINT('',(85.294216352244,-7.415273143766,
    10.048389389081));
#537 = CARTESIAN_POINT('',(85.271360164686,-7.450413111838,
    10.353961050385));
#538 = CARTESIAN_POINT('',(85.253034718958,-7.478142681616,
    10.660130102645));
#539 = CARTESIAN_POINT('',(85.238428144519,-7.500001508024,
    10.966651952541));
#540 = CARTESIAN_POINT('',(85.226913469349,-7.51709465356,
    11.273360711676));
#541 = CARTESIAN_POINT('',(85.218023056603,-7.530224053225,
    11.58016351997));
#542 = CARTESIAN_POINT('',(85.211425517616,-7.539930526509,
    11.887038396334));
#543 = CARTESIAN_POINT('',(85.205441490872,-7.548716075188,
    12.294765471696));
#544 = CARTESIAN_POINT('',(85.204188376985,-7.550553667072,
    12.395505227981));
#545 = CARTESIAN_POINT('',(85.20315350845,-7.552069766424,
    12.496249414531));
#546 = CARTESIAN_POINT('',(85.202331234216,-7.553273554046,
    12.596997011401));
#547 = CARTESIAN_POINT('',(85.201717323931,-7.55417189283,
    12.697747071422));
#548 = CARTESIAN_POINT('',(85.201308967945,-7.554769327759,
    12.798498720198));
#549 = CARTESIAN_POINT('',(85.201104777311,-7.555068085907,
    12.899251156102));
#550 = CARTESIAN_POINT('',(85.201104808455,-7.555068040343,
    13.384026856871));
#551 = CARTESIAN_POINT('',(85.204071110673,-7.550728061613,
    13.767924871067));
#552 = CARTESIAN_POINT('',(85.210000493964,-7.542054698686,
    14.151800612828));
#553 = CARTESIAN_POINT('',(85.219190088076,-7.528562766103,
    14.535655137898));
#554 = CARTESIAN_POINT('',(85.232232160502,-7.509315755444,
    14.91938770307));
#555 = CARTESIAN_POINT('',(85.250051248943,-7.482740978292,15.30278763)
  );
#556 = CARTESIAN_POINT('',(85.27399418913,-7.446518344215,
    15.685529724071));
#557 = CARTESIAN_POINT('',(85.321526660183,-7.372268281782,
    16.25393412719));
#558 = CARTESIAN_POINT('',(85.339049750493,-7.344612561534,
    16.440379709486));
#559 = CARTESIAN_POINT('',(85.358692174856,-7.31323748902,
    16.626446840425));
#560 = CARTESIAN_POINT('',(85.380691660923,-7.27758754481,
    16.812031340491));
#561 = CARTESIAN_POINT('',(85.405308661001,-7.23700324417,
    16.996957613066));
#562 = CARTESIAN_POINT('',(85.432817029013,-7.19069556198,
    17.180976478589));
#563 = CARTESIAN_POINT('',(85.463483934203,-7.137707039137,
    17.363762116588));
#564 = CARTESIAN_POINT('',(85.508368806432,-7.057509574657,
    17.602514033905));
#565 = CARTESIAN_POINT('',(85.519540322081,-7.037366385139,
    17.659949313432));
#566 = CARTESIAN_POINT('',(85.53106043543,-7.016392921112,
    17.717199097867));
#567 = CARTESIAN_POINT('',(85.542935341788,-6.994550366126,
    17.774246435615));
#568 = CARTESIAN_POINT('',(85.555170307364,-6.971798177329,
    17.831072309204));
#569 = CARTESIAN_POINT('',(85.567769421751,-6.948094094778,
    17.887655664713));
#570 = CARTESIAN_POINT('',(85.580735350413,-6.923394150736,
    17.943973441174));
#571 = CARTESIAN_POINT('',(85.594069087166,-6.897652678983,18.0000006));
#572 = PCURVE('',#108,#573);
#573 = DEFINITIONAL_REPRESENTATION('',(#574),#654);
#574 = B_SPLINE_CURVE_WITH_KNOTS('',8,(#575,#576,#577,#578,#579,#580,
    #581,#582,#583,#584,#585,#586,#587,#588,#589,#590,#591,#592,#593,
    #594,#595,#596,#597,#598,#599,#600,#601,#602,#603,#604,#605,#606,
    #607,#608,#609,#610,#611,#612,#613,#614,#615,#616,#617,#618,#619,
    #620,#621,#622,#623,#624,#625,#626,#627,#628,#629,#630,#631,#632,
    #633,#634,#635,#636,#637,#638,#639,#640,#641,#642,#643,#644,#645,
    #646,#647,#648,#649,#650,#651,#652,#653),.UNSPECIFIED.,.F.,.F.,(9,7,
    7,7,7,7,7,7,7,7,7,9),(0.,2.750070514046E-02,7.720432129803E-02,
    0.136268269795,0.164442965041,0.21982323943,0.368362350575,
    0.55492370461,0.616140490113,0.849471351614,0.963680538697,1.),
  .UNSPECIFIED.);
#575 = CARTESIAN_POINT('',(0.973449445726,2.043679482152E-02));
#576 = CARTESIAN_POINT('',(0.973543850769,2.316621454483E-02));
#577 = CARTESIAN_POINT('',(0.973641574295,2.592217041721E-02));
#578 = CARTESIAN_POINT('',(0.973742473441,2.870447981601E-02));
#579 = CARTESIAN_POINT('',(0.973846399333,3.151289509713E-02));
#580 = CARTESIAN_POINT('',(0.973953196964,3.434709305952E-02));
#581 = CARTESIAN_POINT('',(0.974062705058,3.72066644099E-02));
#582 = CARTESIAN_POINT('',(0.974174755947,4.009110322727E-02));
#583 = CARTESIAN_POINT('',(0.974495972416,4.825684600526E-02));
#584 = CARTESIAN_POINT('',(0.97471052558,5.359362293896E-02));
#585 = CARTESIAN_POINT('',(0.974931789073,5.900594897089E-02));
#586 = CARTESIAN_POINT('',(0.97515866208,6.448900558249E-02));
#587 = CARTESIAN_POINT('',(0.975390002864,7.00371552349E-02));
#588 = CARTESIAN_POINT('',(0.975624642788,7.564376260944E-02));
#589 = CARTESIAN_POINT('',(0.975861400334,8.13010158482E-02));
#590 = CARTESIAN_POINT('',(0.976381553322,9.377168183465E-02));
#591 = CARTESIAN_POINT('',(0.976665406376,0.100603870601));
#592 = CARTESIAN_POINT('',(0.976948644679,0.107480186127));
#593 = CARTESIAN_POINT('',(0.977229410503,0.114385187921));
#594 = CARTESIAN_POINT('',(0.97750604661,0.121303941751));
#595 = CARTESIAN_POINT('',(0.977777125851,0.128221933873));
#596 = CARTESIAN_POINT('',(0.978041461779,0.135125080674));
#597 = CARTESIAN_POINT('',(0.978420521986,0.145279229705));
#598 = CARTESIAN_POINT('',(0.978541205083,0.148552508767));
#599 = CARTESIAN_POINT('',(0.978660052732,0.151818396612));
#600 = CARTESIAN_POINT('',(0.978776982914,0.155075728117));
#601 = CARTESIAN_POINT('',(0.978891927494,0.158323445326));
#602 = CARTESIAN_POINT('',(0.979004831307,0.161560595384));
#603 = CARTESIAN_POINT('',(0.979115651244,0.16478632849));
#604 = CARTESIAN_POINT('',(0.979438024466,0.174316494457));
#605 = CARTESIAN_POINT('',(0.979643508144,0.180585774273));
#606 = CARTESIAN_POINT('',(0.979840579825,0.18680252038));
#607 = CARTESIAN_POINT('',(0.980029167869,0.192962793471));
#608 = CARTESIAN_POINT('',(0.980209323497,0.199063827995));
#609 = CARTESIAN_POINT('',(0.980381192464,0.205103955146));
#610 = CARTESIAN_POINT('',(0.980544990466,0.211082550712));
#611 = CARTESIAN_POINT('',(0.981119378199,0.232871612181));
#612 = CARTESIAN_POINT('',(0.98148108575,0.248283276034));
#613 = CARTESIAN_POINT('',(0.981792136093,0.263269753485));
#614 = CARTESIAN_POINT('',(0.982059150384,0.27786113568));
#615 = CARTESIAN_POINT('',(0.982288369353,0.292089737041));
#616 = CARTESIAN_POINT('',(0.982485296531,0.305992649254));
#617 = CARTESIAN_POINT('',(0.98265466675,0.319612649728));
#618 = CARTESIAN_POINT('',(0.982983553598,0.349814513585));
#619 = CARTESIAN_POINT('',(0.983129189782,0.366238083365));
#620 = CARTESIAN_POINT('',(0.983245144133,0.382347528417));
#621 = CARTESIAN_POINT('',(0.983337122488,0.398200990344));
#622 = CARTESIAN_POINT('',(0.98340937777,0.413848227678));
#623 = CARTESIAN_POINT('',(0.983465040875,0.429334843461));
#624 = CARTESIAN_POINT('',(0.983506281047,0.444704144563));
#625 = CARTESIAN_POINT('',(0.983543652743,0.465019301568));
#626 = CARTESIAN_POINT('',(0.983551474741,0.470030183886));
#627 = CARTESIAN_POINT('',(0.983557931783,0.475034230586));
#628 = CARTESIAN_POINT('',(0.983563060779,0.480032832792));
#629 = CARTESIAN_POINT('',(0.983566889341,0.485027369105));
#630 = CARTESIAN_POINT('',(0.983569435782,0.4900192056));
#631 = CARTESIAN_POINT('',(0.983570709123,0.495009695825));
#632 = CARTESIAN_POINT('',(0.983570708929,0.519021665688));
#633 = CARTESIAN_POINT('',(0.98355221119,0.538036958443));
#634 = CARTESIAN_POINT('',(0.983515239114,0.557128249523));
#635 = CARTESIAN_POINT('',(0.983457847982,0.576372778908));
#636 = CARTESIAN_POINT('',(0.983376215396,0.595848700376));
#637 = CARTESIAN_POINT('',(0.983264175597,0.615643157736));
#638 = CARTESIAN_POINT('',(0.983112687992,0.635856979235));
#639 = CARTESIAN_POINT('',(0.982807683705,0.666804316275));
#640 = CARTESIAN_POINT('',(0.982694726409,0.677105272602));
#641 = CARTESIAN_POINT('',(0.982567424607,0.687555022019));
#642 = CARTESIAN_POINT('',(0.9824239189,0.698170686732));
#643 = CARTESIAN_POINT('',(0.982262079153,0.708968919682));
#644 = CARTESIAN_POINT('',(0.982079492617,0.719966519807));
#645 = CARTESIAN_POINT('',(0.981873469729,0.731181452056));
#646 = CARTESIAN_POINT('',(0.981567161799,0.74627636319));
#647 = CARTESIAN_POINT('',(0.98149059447,0.749942208481));
#648 = CARTESIAN_POINT('',(0.981411274289,0.75363234818));
#649 = CARTESIAN_POINT('',(0.981329109362,0.757347264486));
#650 = CARTESIAN_POINT('',(0.981244008191,0.7610873819));
#651 = CARTESIAN_POINT('',(0.98115588065,0.764853067472));
#652 = CARTESIAN_POINT('',(0.981064638973,0.768644631057));
#653 = CARTESIAN_POINT('',(0.980970198723,0.772462325565));
#654 = ( GEOMETRIC_REPRESENTATION_CONTEXT(2) 
PARAMETRIC_REPRESENTATION_CONTEXT() REPRESENTATION_CONTEXT('2D SPACE',''
  ) );
#655 = PCURVE('',#296,#656);
#656 = DEFINITIONAL_REPRESENTATION('',(#657),#737);
#657 = B_SPLINE_CURVE_WITH_KNOTS('',8,(#658,#659,#660,#661,#662,#663,
    #664,#665,#666,#667,#668,#669,#670,#671,#672,#673,#674,#675,#676,
    #677,#678,#679,#680,#681,#682,#683,#684,#685,#686,#687,#688,#689,
    #690,#691,#692,#693,#694,#695,#696,#697,#698,#699,#700,#701,#702,
    #703,#704,#705,#706,#707,#708,#709,#710,#711,#712,#713,#714,#715,
    #716,#717,#718,#719,#720,#721,#722,#723,#724,#725,#726,#727,#728,
    #729,#730,#731,#732,#733,#734,#735,#736),.UNSPECIFIED.,.F.,.F.,(9,7,
    7,7,7,7,7,7,7,7,7,9),(0.,2.750070514046E-02,7.720432129803E-02,
    0.136268269795,0.164442965041,0.21982323943,0.368362350575,
    0.55492370461,0.616140490113,0.849471351614,0.963680538697,1.),
  .UNSPECIFIED.);
#658 = CARTESIAN_POINT('',(-4.138911435803E-13,-1.048449786795));
#659 = CARTESIAN_POINT('',(9.853977829586E-03,-1.056935346556));
#660 = CARTESIAN_POINT('',(1.967864181259E-02,-1.066109876188));
#661 = CARTESIAN_POINT('',(2.947044352059E-02,-1.075988817516));
#662 = CARTESIAN_POINT('',(3.922560512659E-02,-1.086587132235));
#663 = CARTESIAN_POINT('',(4.894012094059E-02,-1.097919071917));
#664 = CARTESIAN_POINT('',(5.860975893459E-02,-1.109997948022));
#665 = CARTESIAN_POINT('',(6.823006228859E-02,-1.122835901899));
#666 = CARTESIAN_POINT('',(9.508605805159E-02,-1.161037790392));
#667 = CARTESIAN_POINT('',(0.112200927355,-1.188149023915));
#668 = CARTESIAN_POINT('',(0.129111522365,-1.217838228297));
#669 = CARTESIAN_POINT('',(0.14578778367,-1.250152892074));
#670 = CARTESIAN_POINT('',(0.162199310273,-1.285122496442));
#671 = CARTESIAN_POINT('',(0.178315640949,-1.322753872323));
#672 = CARTESIAN_POINT('',(0.194106535606,-1.363026557408));
#673 = CARTESIAN_POINT('',(0.227884878433,-1.456821571823));
#674 = CARTESIAN_POINT('',(0.245730562231,-1.511423290451));
#675 = CARTESIAN_POINT('',(0.263027053401,-1.56960177195));
#676 = CARTESIAN_POINT('',(0.279733047057,-1.631223950772));
#677 = CARTESIAN_POINT('',(0.295817306265,-1.696118000469));
#678 = CARTESIAN_POINT('',(0.311257842616,-1.764077281994));
#679 = CARTESIAN_POINT('',(0.326041159202,-1.834865472822));
#680 = CARTESIAN_POINT('',(0.346897270138,-1.943215838862));
#681 = CARTESIAN_POINT('',(0.35348284286,-1.97879710028));
#682 = CARTESIAN_POINT('',(0.359918007388,-2.014940798791));
#683 = CARTESIAN_POINT('',(0.366203016725,-2.051620978349));
#684 = CARTESIAN_POINT('',(0.372338590315,-2.088811802772));
#685 = CARTESIAN_POINT('',(0.378325860741,-2.126487769311));
#686 = CARTESIAN_POINT('',(0.384166320416,-2.164623922201));
#687 = CARTESIAN_POINT('',(0.401056759508,-2.27901360042));
#688 = CARTESIAN_POINT('',(0.411690926728,-2.356511835668));
#689 = CARTESIAN_POINT('',(0.421778872491,-2.435512131677));
#690 = CARTESIAN_POINT('',(0.431339207409,-2.51584509206));
#691 = CARTESIAN_POINT('',(0.440393254355,-2.597354289492));
#692 = CARTESIAN_POINT('',(0.448963997649,-2.67989928997));
#693 = CARTESIAN_POINT('',(0.457075277273,-2.763357976181));
#694 = CARTESIAN_POINT('',(0.485339405418,-3.073654852219));
#695 = CARTESIAN_POINT('',(0.502769789763,-3.305232983741));
#696 = CARTESIAN_POINT('',(0.517554170413,-3.540726756716));
#697 = CARTESIAN_POINT('',(0.53011845997,-3.778846022906));
#698 = CARTESIAN_POINT('',(0.540821397758,-4.018644829668));
#699 = CARTESIAN_POINT('',(0.549962291339,-4.259519056545));
#700 = CARTESIAN_POINT('',(0.557786117694,-4.50120140566));
#701 = CARTESIAN_POINT('',(0.572919619498,-5.048389389081));
#702 = CARTESIAN_POINT('',(0.579572981831,-5.353961050386));
#703 = CARTESIAN_POINT('',(0.584848692305,-5.660130102643));
#704 = CARTESIAN_POINT('',(0.589021651337,-5.966651952541));
#705 = CARTESIAN_POINT('',(0.592292980662,-6.273360711677));
#706 = CARTESIAN_POINT('',(0.594809867768,-6.58016351997));
#707 = CARTESIAN_POINT('',(0.59667278057,-6.887038396334));
#708 = CARTESIAN_POINT('',(0.598360063803,-7.294765471696));
#709 = CARTESIAN_POINT('',(0.598713110441,-7.395505227981));
#710 = CARTESIAN_POINT('',(0.599004479053,-7.496249414531));
#711 = CARTESIAN_POINT('',(0.599235879015,-7.596997011401));
#712 = CARTESIAN_POINT('',(0.599408588654,-7.697747071422));
#713 = CARTESIAN_POINT('',(0.599523455253,-7.798498720198));
#714 = CARTESIAN_POINT('',(0.599580895049,-7.899251156102));
#715 = CARTESIAN_POINT('',(0.599580886288,-8.384026856871));
#716 = CARTESIAN_POINT('',(0.59874646281,-8.767924871067));
#717 = CARTESIAN_POINT('',(0.597078802689,-9.15180061283));
#718 = CARTESIAN_POINT('',(0.59448758641,-9.535655137894));
#719 = CARTESIAN_POINT('',(0.59079733876,-9.919387703073));
#720 = CARTESIAN_POINT('',(0.585718540586,-10.30278762999));
#721 = CARTESIAN_POINT('',(0.578827123012,-10.68552972407));
#722 = CARTESIAN_POINT('',(0.564833272389,-11.25393412719));
#723 = CARTESIAN_POINT('',(0.559636507433,-11.44037970948));
#724 = CARTESIAN_POINT('',(0.55376107416,-11.62644684042));
#725 = CARTESIAN_POINT('',(0.547111917134,-11.81203134049));
#726 = CARTESIAN_POINT('',(0.539578003361,-11.99695761306));
#727 = CARTESIAN_POINT('',(0.531029321413,-12.18097647858));
#728 = CARTESIAN_POINT('',(0.521312387574,-12.36376211658));
#729 = CARTESIAN_POINT('',(0.506724503012,-12.6025140339));
#730 = CARTESIAN_POINT('',(0.503068389802,-12.65994931343));
#731 = CARTESIAN_POINT('',(0.499270181947,-12.71719909786));
#732 = CARTESIAN_POINT('',(0.495323935803,-12.77424643561));
#733 = CARTESIAN_POINT('',(0.491223512793,-12.8310723092));
#734 = CARTESIAN_POINT('',(0.48696259071,-12.88765566471));
#735 = CARTESIAN_POINT('',(0.482534675018,-12.94397344117));
#736 = CARTESIAN_POINT('',(0.477933110154,-13.0000006));
#737 = ( GEOMETRIC_REPRESENTATION_CONTEXT(2) 
PARAMETRIC_REPRESENTATION_CONTEXT() REPRESENTATION_CONTEXT('2D SPACE',''
  ) );
#738 = ORIENTED_EDGE('',*,*,#739,.F.);
#739 = EDGE_CURVE('',#740,#489,#742,.T.);
#740 = VERTEX_POINT('',#741);
#741 = CARTESIAN_POINT('',(84.770764028265,-7.119264430377,18.));
#742 = SURFACE_CURVE('',#743,(#751,#762),.PCURVE_S1.);
#743 = B_SPLINE_CURVE_WITH_KNOTS('',6,(#744,#745,#746,#747,#748,#749,
    #750),.UNSPECIFIED.,.F.,.F.,(7,7),(0.,1.),.PIECEWISE_BEZIER_KNOTS.);
#744 = CARTESIAN_POINT('',(82.03,-7.46,18.));
#745 = CARTESIAN_POINT('',(82.75720555152,-7.44527117573,18.));
#746 = CARTESIAN_POINT('',(83.483795895704,-7.384769180871,18.));
#747 = CARTESIAN_POINT('',(84.20549985546,-7.276026177919,18.));
#748 = CARTESIAN_POINT('',(84.918112386209,-7.118039386346,18.));
#749 = CARTESIAN_POINT('',(85.617572868064,-6.91168693761,18.));
#750 = CARTESIAN_POINT('',(86.3,-6.659953217562,18.));
#751 = PCURVE('',#108,#752);
#752 = DEFINITIONAL_REPRESENTATION('',(#753),#761);
#753 = B_SPLINE_CURVE_WITH_KNOTS('',6,(#754,#755,#756,#757,#758,#759,
    #760),.UNSPECIFIED.,.F.,.F.,(7,7),(0.,1.),.PIECEWISE_BEZIER_KNOTS.);
#754 = CARTESIAN_POINT('',(1.,0.772462284681));
#755 = CARTESIAN_POINT('',(0.996365539471,0.772462284681));
#756 = CARTESIAN_POINT('',(0.992624668028,0.772462284681));
#757 = CARTESIAN_POINT('',(0.988789232762,0.772462284681));
#758 = CARTESIAN_POINT('',(0.984873281341,0.772462284681));
#759 = CARTESIAN_POINT('',(0.980893791309,0.772462284681));
#760 = CARTESIAN_POINT('',(0.9768720453,0.772462284681));
#761 = ( GEOMETRIC_REPRESENTATION_CONTEXT(2) 
PARAMETRIC_REPRESENTATION_CONTEXT() REPRESENTATION_CONTEXT('2D SPACE',''
  ) );
#762 = PCURVE('',#763,#768);
#763 = PLANE('',#764);
#764 = AXIS2_PLACEMENT_3D('',#765,#766,#767);
#765 = CARTESIAN_POINT('',(80.,-4.,18.));
#766 = DIRECTION('',(0.,0.,1.));
#767 = DIRECTION('',(1.,0.,-0.));
#768 = DEFINITIONAL_REPRESENTATION('',(#769),#777);
#769 = B_SPLINE_CURVE_WITH_KNOTS('',6,(#770,#771,#772,#773,#774,#775,
    #776),.UNSPECIFIED.,.F.,.F.,(7,7),(0.,1.),.PIECEWISE_BEZIER_KNOTS.);
#770 = CARTESIAN_POINT('',(2.03,-3.46));
#771 = CARTESIAN_POINT('',(2.75720555152,-3.44527117573));
#772 = CARTESIAN_POINT('',(3.483795895704,-3.384769180871));
#773 = CARTESIAN_POINT('',(4.20549985546,-3.276026177919));
#774 = CARTESIAN_POINT('',(4.918112386209,-3.118039386346));
#775 = CARTESIAN_POINT('',(5.617572868064,-2.91168693761));
#776 = CARTESIAN_POINT('',(6.3,-2.659953217562));
#777 = ( GEOMETRIC_REPRESENTATION_CONTEXT(2) 
PARAMETRIC_REPRESENTATION_CONTEXT() REPRESENTATION_CONTEXT('2D SPACE',''
  ) );
#778 = ORIENTED_EDGE('',*,*,#779,.F.);
#779 = EDGE_CURVE('',#780,#740,#782,.T.);
#780 = VERTEX_POINT('',#781);
#781 = CARTESIAN_POINT('',(85.694520769394,-3.750133621832,20.));
#782 = SURFACE_CURVE('',#783,(#828,#901),.PCURVE_S1.);
#783 = B_SPLINE_CURVE_WITH_KNOTS('',7,(#784,#785,#786,#787,#788,#789,
    #790,#791,#792,#793,#794,#795,#796,#797,#798,#799,#800,#801,#802,
    #803,#804,#805,#806,#807,#808,#809,#810,#811,#812,#813,#814,#815,
    #816,#817,#818,#819,#820,#821,#822,#823,#824,#825,#826,#827),
  .UNSPECIFIED.,.F.,.F.,(8,6,6,6,6,6,6,8),(0.,1.,7.165840266756,
    10.50440243378,12.004590637374,14.323706473808,19.017761271906,
    19.032734346402),.UNSPECIFIED.);
#784 = CARTESIAN_POINT('',(85.694520769394,-3.750133621832,20.));
#785 = CARTESIAN_POINT('',(85.696090006687,-3.785896954306,
    19.997652321437));
#786 = CARTESIAN_POINT('',(85.697396105296,-3.821646597334,
    19.995109025661));
#787 = CARTESIAN_POINT('',(85.69843948705,-3.857377281883,
    19.992366900129));
#788 = CARTESIAN_POINT('',(85.699220737146,-3.893083594501,
    19.989422756769));
#789 = CARTESIAN_POINT('',(85.69974060415,-3.928759977321,
    19.986273431987));
#790 = CARTESIAN_POINT('',(85.7,-3.964400728056,19.982915786664));
#791 = CARTESIAN_POINT('',(85.7,-4.219499424421,19.957340325846));
#792 = CARTESIAN_POINT('',(85.690138057588,-4.437563168008,
    19.927282101391));
#793 = CARTESIAN_POINT('',(85.670649300454,-4.652634326981,
    19.888442270849));
#794 = CARTESIAN_POINT('',(85.642069133014,-4.863075144284,
    19.84017929435));
#795 = CARTESIAN_POINT('',(85.605294352171,-5.067202767358,
    19.781988989912));
#796 = CARTESIAN_POINT('',(85.561580194224,-5.263363789745,
    19.713655698653));
#797 = CARTESIAN_POINT('',(85.48588385086,-5.551129570293,
    19.593190181918));
#798 = CARTESIAN_POINT('',(85.457706944386,-5.64945627476,
    19.547987174627));
#799 = CARTESIAN_POINT('',(85.428183972891,-5.744796396341,
    19.499941317314));
#800 = CARTESIAN_POINT('',(85.39756823582,-5.836969023809,
    19.449126184203));
#801 = CARTESIAN_POINT('',(85.366115956319,-5.925839858923,
    19.395643375425));
#802 = CARTESIAN_POINT('',(85.33407728484,-6.011317447071,
    19.339621828453));
#803 = CARTESIAN_POINT('',(85.287132812962,-6.130210599619,
    19.254972885478));
#804 = CARTESIAN_POINT('',(85.272506803758,-6.166377391824,
    19.22824635762));
#805 = CARTESIAN_POINT('',(85.257830395138,-6.201846083942,
    19.201051035388));
#806 = CARTESIAN_POINT('',(85.243123736822,-6.23661478513,
    19.173400799649));
#807 = CARTESIAN_POINT('',(85.228406008268,-6.270683414306,
    19.145309922719));
#808 = CARTESIAN_POINT('',(85.213695418673,-6.304053700151,
    19.116793068363));
#809 = CARTESIAN_POINT('',(85.176306038091,-6.387241660254,
    19.043146326142));
#810 = CARTESIAN_POINT('',(85.153660910207,-6.436093670289,
    18.997445053126));
#811 = CARTESIAN_POINT('',(85.131137159446,-6.483297764568,
    18.950816422066));
#812 = CARTESIAN_POINT('',(85.108791250184,-6.528875966392,
    18.903315764833));
#813 = CARTESIAN_POINT('',(85.086672818873,-6.572858017321,
    18.854997912811));
#814 = CARTESIAN_POINT('',(85.064824717857,-6.615279625485,
    18.805916313848));
#815 = CARTESIAN_POINT('',(84.999681215491,-6.738967415318,
    18.655335231315));
#816 = CARTESIAN_POINT('',(84.957339087449,-6.815516763866,18.5516388223
    ));
#817 = CARTESIAN_POINT('',(84.916549822369,-6.886176666599,
    18.44544211578));
#818 = CARTESIAN_POINT('',(84.87750169624,-6.951351871154,
    18.337125670093));
#819 = CARTESIAN_POINT('',(84.840296484119,-7.011463052909,
    18.227024910418));
#820 = CARTESIAN_POINT('',(84.804969413877,-7.066921890335,
    18.115418431856));
#821 = CARTESIAN_POINT('',(84.77140397684,-7.118285446821,
    18.002160984074));
#822 = CARTESIAN_POINT('',(84.771297269611,-7.118448721465,
    18.001800852244));
#823 = CARTESIAN_POINT('',(84.771190581594,-7.118611952483,
    18.001440707972));
#824 = CARTESIAN_POINT('',(84.771083912789,-7.118775139887,
    18.001080551263));
#825 = CARTESIAN_POINT('',(84.770977263193,-7.118938283691,
    18.000720382122));
#826 = CARTESIAN_POINT('',(84.770870632807,-7.119101383909,
    18.000360200556));
#827 = CARTESIAN_POINT('',(84.77076402163,-7.119264440553,
    18.000000006571));
#828 = PCURVE('',#108,#829);
#829 = DEFINITIONAL_REPRESENTATION('',(#830),#900);
#830 = B_SPLINE_CURVE_WITH_KNOTS('',3,(#831,#832,#833,#834,#835,#836,
    #837,#838,#839,#840,#841,#842,#843,#844,#845,#846,#847,#848,#849,
    #850,#851,#852,#853,#854,#855,#856,#857,#858,#859,#860,#861,#862,
    #863,#864,#865,#866,#867,#868,#869,#870,#871,#872,#873,#874,#875,
    #876,#877,#878,#879,#880,#881,#882,#883,#884,#885,#886,#887,#888,
    #889,#890,#891,#892,#893,#894,#895,#896,#897,#898,#899),
  .UNSPECIFIED.,.F.,.F.,(4,1,1,1,1,1,1,1,1,1,1,1,1,1,1,1,1,1,1,1,1,1,1,1
    ,1,1,1,1,1,1,1,1,1,1,1,1,1,1,1,1,1,1,1,1,1,1,1,1,1,1,1,1,1,1,1,1,1,1
    ,1,1,1,1,1,1,1,1,4),(0.,0.288374762824,0.576749525649,0.865124288473
    ,1.153499051297,1.441873814121,1.730248576946,2.01862333977,
    2.306998102594,2.595372865418,2.883747628243,3.172122391067,
    3.460497153891,3.748871916715,4.03724667954,4.325621442364,
    4.613996205188,4.902370968013,5.190745730837,5.479120493661,
    5.767495256485,6.05587001931,6.344244782134,6.632619544958,
    6.920994307782,7.209369070607,7.497743833431,7.786118596255,
    8.074493359079,8.362868121904,8.651242884728,8.939617647552,
    9.227992410377,9.516367173201,9.804741936025,10.093116698849,
    10.381491461674,10.669866224498,10.958240987322,11.246615750146,
    11.534990512971,11.823365275795,12.111740038619,12.400114801443,
    12.688489564268,12.976864327092,13.265239089916,13.55361385274,
    13.841988615565,14.130363378389,14.418738141213,14.707112904038,
    14.995487666862,15.283862429686,15.57223719251,15.860611955335,
    16.148986718159,16.437361480983,16.725736243807,17.014111006632,
    17.302485769456,17.59086053228,17.879235295104,18.167610057929,
    18.455984820753,18.744359583577,19.032734346402),.UNSPECIFIED.);
#831 = CARTESIAN_POINT('',(0.977065758945,1.));
#832 = CARTESIAN_POINT('',(0.977090126092,0.999026183779));
#833 = CARTESIAN_POINT('',(0.977140629969,0.997068392302));
#834 = CARTESIAN_POINT('',(0.977221560425,0.994101273472));
#835 = CARTESIAN_POINT('',(0.977307533227,0.991103743606));
#836 = CARTESIAN_POINT('',(0.977398409719,0.988075910473));
#837 = CARTESIAN_POINT('',(0.977494067174,0.985017316046));
#838 = CARTESIAN_POINT('',(0.977594354932,0.981928332023));
#839 = CARTESIAN_POINT('',(0.977699121492,0.97880924108));
#840 = CARTESIAN_POINT('',(0.977808210273,0.975660385672));
#841 = CARTESIAN_POINT('',(0.977921460788,0.97248213104));
#842 = CARTESIAN_POINT('',(0.978038708386,0.969274878219));
#843 = CARTESIAN_POINT('',(0.978159784404,0.966039063876));
#844 = CARTESIAN_POINT('',(0.978284516212,0.962775163919));
#845 = CARTESIAN_POINT('',(0.978412727317,0.959483696341));
#846 = CARTESIAN_POINT('',(0.978544237454,0.956165224534));
#847 = CARTESIAN_POINT('',(0.978678862703,0.952820360749));
#848 = CARTESIAN_POINT('',(0.978816415608,0.949449769782));
#849 = CARTESIAN_POINT('',(0.978956705308,0.946054172885));
#850 = CARTESIAN_POINT('',(0.979099537679,0.942634351864));
#851 = CARTESIAN_POINT('',(0.979244715476,0.939191153459));
#852 = CARTESIAN_POINT('',(0.979392038503,0.935725493647));
#853 = CARTESIAN_POINT('',(0.979541303734,0.932238363141));
#854 = CARTESIAN_POINT('',(0.979692305623,0.928730829241));
#855 = CARTESIAN_POINT('',(0.97984483577,0.925204052065));
#856 = CARTESIAN_POINT('',(0.979998684993,0.921659247723));
#857 = CARTESIAN_POINT('',(0.980153636463,0.918097850031));
#858 = CARTESIAN_POINT('',(0.980309493535,0.914520902452));
#859 = CARTESIAN_POINT('',(0.980466054102,0.910929641379));
#860 = CARTESIAN_POINT('',(0.980623111879,0.907325481807));
#861 = CARTESIAN_POINT('',(0.980780467032,0.903709789369));
#862 = CARTESIAN_POINT('',(0.980937923726,0.900083943101));
#863 = CARTESIAN_POINT('',(0.981095291173,0.896449320179));
#864 = CARTESIAN_POINT('',(0.981252383743,0.89280730137));
#865 = CARTESIAN_POINT('',(0.981409021303,0.889159271007));
#866 = CARTESIAN_POINT('',(0.981565029533,0.885506617568));
#867 = CARTESIAN_POINT('',(0.981720240147,0.881850736857));
#868 = CARTESIAN_POINT('',(0.981874491498,0.878193023761));
#869 = CARTESIAN_POINT('',(0.982027627738,0.874534906817));
#870 = CARTESIAN_POINT('',(0.982179510797,0.870877541607));
#871 = CARTESIAN_POINT('',(0.982330004293,0.867222204911));
#872 = CARTESIAN_POINT('',(0.982478981944,0.86357011079));
#873 = CARTESIAN_POINT('',(0.982626326027,0.859922432682));
#874 = CARTESIAN_POINT('',(0.982771927291,0.85628029582));
#875 = CARTESIAN_POINT('',(0.982915685976,0.852644766136));
#876 = CARTESIAN_POINT('',(0.983057511045,0.849016856394));
#877 = CARTESIAN_POINT('',(0.983197320408,0.845397520042));
#878 = CARTESIAN_POINT('',(0.983335040635,0.841787650936));
#879 = CARTESIAN_POINT('',(0.983470606619,0.838188084546));
#880 = CARTESIAN_POINT('',(0.983603961381,0.834599596014));
#881 = CARTESIAN_POINT('',(0.983735055447,0.831022910425));
#882 = CARTESIAN_POINT('',(0.983863847885,0.827458668117));
#883 = CARTESIAN_POINT('',(0.983990299789,0.823907596895));
#884 = CARTESIAN_POINT('',(0.984114385469,0.820370188755));
#885 = CARTESIAN_POINT('',(0.984236085192,0.816846893095));
#886 = CARTESIAN_POINT('',(0.984355384822,0.813338117565));
#887 = CARTESIAN_POINT('',(0.984472275486,0.809844228731));
#888 = CARTESIAN_POINT('',(0.984586753258,0.806365552779));
#889 = CARTESIAN_POINT('',(0.984698818841,0.802902376167));
#890 = CARTESIAN_POINT('',(0.984808477273,0.799454946249));
#891 = CARTESIAN_POINT('',(0.984915737631,0.796023471843));
#892 = CARTESIAN_POINT('',(0.985020612749,0.792608123747));
#893 = CARTESIAN_POINT('',(0.985123118941,0.789209035225));
#894 = CARTESIAN_POINT('',(0.985223275738,0.785826302341));
#895 = CARTESIAN_POINT('',(0.985321105608,0.782459984607));
#896 = CARTESIAN_POINT('',(0.985416633767,0.779110104239));
#897 = CARTESIAN_POINT('',(0.985509887682,0.775776650384));
#898 = CARTESIAN_POINT('',(0.985570561047,0.773565259857));
#899 = CARTESIAN_POINT('',(0.985600528676,0.772462285128));
#900 = ( GEOMETRIC_REPRESENTATION_CONTEXT(2) 
PARAMETRIC_REPRESENTATION_CONTEXT() REPRESENTATION_CONTEXT('2D SPACE',''
  ) );
#901 = PCURVE('',#902,#907);
#902 = CYLINDRICAL_SURFACE('',#903,5.7);
#903 = AXIS2_PLACEMENT_3D('',#904,#905,#906);
#904 = CARTESIAN_POINT('',(80.,-4.,16.));
#905 = DIRECTION('',(-0.,-0.,-1.));
#906 = DIRECTION('',(1.,0.,0.));
#907 = DEFINITIONAL_REPRESENTATION('',(#908),#978);
#908 = B_SPLINE_CURVE_WITH_KNOTS('',3,(#909,#910,#911,#912,#913,#914,
    #915,#916,#917,#918,#919,#920,#921,#922,#923,#924,#925,#926,#927,
    #928,#929,#930,#931,#932,#933,#934,#935,#936,#937,#938,#939,#940,
    #941,#942,#943,#944,#945,#946,#947,#948,#949,#950,#951,#952,#953,
    #954,#955,#956,#957,#958,#959,#960,#961,#962,#963,#964,#965,#966,
    #967,#968,#969,#970,#971,#972,#973,#974,#975,#976,#977),
  .UNSPECIFIED.,.F.,.F.,(4,1,1,1,1,1,1,1,1,1,1,1,1,1,1,1,1,1,1,1,1,1,1,1
    ,1,1,1,1,1,1,1,1,1,1,1,1,1,1,1,1,1,1,1,1,1,1,1,1,1,1,1,1,1,1,1,1,1,1
    ,1,1,1,1,1,1,1,1,4),(0.,0.288374762824,0.576749525649,0.865124288473
    ,1.153499051297,1.441873814121,1.730248576946,2.01862333977,
    2.306998102594,2.595372865418,2.883747628243,3.172122391067,
    3.460497153891,3.748871916715,4.03724667954,4.325621442364,
    4.613996205188,4.902370968013,5.190745730837,5.479120493661,
    5.767495256485,6.05587001931,6.344244782134,6.632619544958,
    6.920994307782,7.209369070607,7.497743833431,7.786118596255,
    8.074493359079,8.362868121904,8.651242884728,8.939617647552,
    9.227992410377,9.516367173201,9.804741936025,10.093116698849,
    10.381491461674,10.669866224498,10.958240987322,11.246615750146,
    11.534990512971,11.823365275795,12.111740038619,12.400114801443,
    12.688489564268,12.976864327092,13.265239089916,13.55361385274,
    13.841988615565,14.130363378389,14.418738141213,14.707112904038,
    14.995487666862,15.283862429686,15.57223719251,15.860611955335,
    16.148986718159,16.437361480983,16.725736243807,17.014111006632,
    17.302485769456,17.59086053228,17.879235295104,18.167610057929,
    18.455984820753,18.744359583577,19.032734346402),.UNSPECIFIED.);
#909 = CARTESIAN_POINT('',(6.239335048958,-4.));
#910 = CARTESIAN_POINT('',(6.243560892964,-3.998420318934));
#911 = CARTESIAN_POINT('',(6.252007483422,-3.995033165336));
#912 = CARTESIAN_POINT('',(6.264659213845,-3.989253118897));
#913 = CARTESIAN_POINT('',(6.277290037876,-3.982757720115));
#914 = CARTESIAN_POINT('',(6.289896814238,-3.975531263988));
#915 = CARTESIAN_POINT('',(6.302478696343,-3.967556612348));
#916 = CARTESIAN_POINT('',(6.315031347534,-3.958818642327));
#917 = CARTESIAN_POINT('',(6.327550841583,-3.94930241264));
#918 = CARTESIAN_POINT('',(6.340033034644,-3.938993483431));
#919 = CARTESIAN_POINT('',(6.352473730986,-3.927877884958));
#920 = CARTESIAN_POINT('',(6.364868636319,-3.91594218719));
#921 = CARTESIAN_POINT('',(6.377213368388,-3.903173549191));
#922 = CARTESIAN_POINT('',(6.389503452605,-3.889559780747));
#923 = CARTESIAN_POINT('',(6.401734322157,-3.875089407531));
#924 = CARTESIAN_POINT('',(6.41390131741,-3.859751742148));
#925 = CARTESIAN_POINT('',(6.425999686055,-3.843536960433));
#926 = CARTESIAN_POINT('',(6.438024583651,-3.826436183147));
#927 = CARTESIAN_POINT('',(6.449971074688,-3.808441563097));
#928 = CARTESIAN_POINT('',(6.461834134238,-3.789546377488));
#929 = CARTESIAN_POINT('',(6.473608649957,-3.769745126188));
#930 = CARTESIAN_POINT('',(6.485289425523,-3.749033633412));
#931 = CARTESIAN_POINT('',(6.496871181501,-3.727409162124));
#932 = CARTESIAN_POINT('',(6.508348568761,-3.704870506404));
#933 = CARTESIAN_POINT('',(6.519716138085,-3.681418191564));
#934 = CARTESIAN_POINT('',(6.530968476379,-3.657054297577));
#935 = CARTESIAN_POINT('',(6.542099724304,-3.631783713801));
#936 = CARTESIAN_POINT('',(6.553105497157,-3.60560986893));
#937 = CARTESIAN_POINT('',(6.563981015468,-3.578538674026));
#938 = CARTESIAN_POINT('',(6.57472121303,-3.55057868258));
#939 = CARTESIAN_POINT('',(6.585321444356,-3.521739421979));
#940 = CARTESIAN_POINT('',(6.595777288979,-3.492031829978));
#941 = CARTESIAN_POINT('',(6.60608459866,-3.461468127281));
#942 = CARTESIAN_POINT('',(6.616239480571,-3.430061840694));
#943 = CARTESIAN_POINT('',(6.626238298103,-3.397827787868));
#944 = CARTESIAN_POINT('',(6.636077669715,-3.364782065115));
#945 = CARTESIAN_POINT('',(6.64575446242,-3.330942061338));
#946 = CARTESIAN_POINT('',(6.655265813093,-3.296326364446));
#947 = CARTESIAN_POINT('',(6.664609048238,-3.260955071701));
#948 = CARTESIAN_POINT('',(6.673782430875,-3.224846730065));
#949 = CARTESIAN_POINT('',(6.682784153945,-3.188022143725));
#950 = CARTESIAN_POINT('',(6.691612789593,-3.150502314673));
#951 = CARTESIAN_POINT('',(6.70026722479,-3.112308742222));
#952 = CARTESIAN_POINT('',(6.708746683362,-3.073463432317));
#953 = CARTESIAN_POINT('',(6.717050718892,-3.033988463367));
#954 = CARTESIAN_POINT('',(6.725179186161,-2.993906044601));
#955 = CARTESIAN_POINT('',(6.73313224695,-2.953238399232));
#956 = CARTESIAN_POINT('',(6.740910349836,-2.912007661262));
#957 = CARTESIAN_POINT('',(6.748514212639,-2.870235827189));
#958 = CARTESIAN_POINT('',(6.755944810045,-2.827944655432));
#959 = CARTESIAN_POINT('',(6.763203338393,-2.785155720013));
#960 = CARTESIAN_POINT('',(6.770291267354,-2.741889899476));
#961 = CARTESIAN_POINT('',(6.777209990973,-2.698169450141));
#962 = CARTESIAN_POINT('',(6.783961451888,-2.654014013986));
#963 = CARTESIAN_POINT('',(6.790547730593,-2.609442826442));
#964 = CARTESIAN_POINT('',(6.796971035879,-2.564474703574));
#965 = CARTESIAN_POINT('',(6.803233692184,-2.519128003698));
#966 = CARTESIAN_POINT('',(6.809338128381,-2.473420597511));
#967 = CARTESIAN_POINT('',(6.815286866773,-2.42736983758));
#968 = CARTESIAN_POINT('',(6.821082512651,-2.380992529647));
#969 = CARTESIAN_POINT('',(6.826727744287,-2.334304905137));
#970 = CARTESIAN_POINT('',(6.832225303412,-2.287322594846));
#971 = CARTESIAN_POINT('',(6.837577986149,-2.240060604491));
#972 = CARTESIAN_POINT('',(6.842788634421,-2.192533289462));
#973 = CARTESIAN_POINT('',(6.847860127753,-2.144754338687));
#974 = CARTESIAN_POINT('',(6.852795375729,-2.096736730658));
#975 = CARTESIAN_POINT('',(6.857597310152,-2.048492799509));
#976 = CARTESIAN_POINT('',(6.860711690297,-2.016186864188));
#977 = CARTESIAN_POINT('',(6.862247643725,-2.000000006571));
#978 = ( GEOMETRIC_REPRESENTATION_CONTEXT(2) 
PARAMETRIC_REPRESENTATION_CONTEXT() REPRESENTATION_CONTEXT('2D SPACE',''
  ) );
#979 = ORIENTED_EDGE('',*,*,#980,.F.);
#980 = EDGE_CURVE('',#981,#780,#983,.T.);
#981 = VERTEX_POINT('',#982);
#982 = CARTESIAN_POINT('',(74.771977874557,-1.728924339464,20.));
#983 = SURFACE_CURVE('',#984,(#1010,#1017),.PCURVE_S1.);
#984 = B_SPLINE_CURVE_WITH_KNOTS('',3,(#985,#986,#987,#988,#989,#990,
    #991,#992,#993,#994,#995,#996,#997,#998,#999,#1000,#1001,#1002,#1003
    ,#1004,#1005,#1006,#1007,#1008,#1009),.UNSPECIFIED.,.T.,.F.,(1,3,1,1
    ,1,1,1,1,1,1,1,1,1,1,1,1,1,1,1,1,1,1,1,3,1),(-8.4977881934E-02,0.,
    5.995935277296E-02,0.122201268057,0.183691744343,0.256063864228,
    0.291710608455,0.316607374569,0.344994055456,0.373380736344,
    0.396999882531,0.425386563419,0.461033307646,0.496242651943,
    0.53145199624,0.567098740467,0.590717886655,0.610790301206,
    0.663604317652,0.722783255126,0.7795566169,0.852780202781,
    0.915022118066,1.,1.059959352773),.UNSPECIFIED.);
#985 = CARTESIAN_POINT('',(82.2,-4.4,20.));
#986 = CARTESIAN_POINT('',(78.901844230853,-4.466800860686,20.));
#987 = CARTESIAN_POINT('',(73.468792529219,-1.895536372567,20.));
#988 = CARTESIAN_POINT('',(69.233782516769,6.612256478564,20.));
#989 = CARTESIAN_POINT('',(70.872841024709,16.652868403516,20.));
#990 = CARTESIAN_POINT('',(73.598525868974,22.356861635933,20.));
#991 = CARTESIAN_POINT('',(77.958686788382,31.235407281071,20.));
#992 = CARTESIAN_POINT('',(80.404230171281,25.508768390939,20.));
#993 = CARTESIAN_POINT('',(79.081879424454,22.1206053601,20.));
#994 = CARTESIAN_POINT('',(77.316441790315,18.10232471745,20.));
#995 = CARTESIAN_POINT('',(80.678520905745,14.789530560972,20.));
#996 = CARTESIAN_POINT('',(85.331808407873,16.19479284414,20.));
#997 = CARTESIAN_POINT('',(87.868662158454,20.322137910664,20.));
#998 = CARTESIAN_POINT('',(90.107693304365,25.086147093774,20.));
#999 = CARTESIAN_POINT('',(88.082981507567,30.536102466333,20.));
#1000 = CARTESIAN_POINT('',(84.706382369456,32.617022834499,20.));
#1001 = CARTESIAN_POINT('',(80.107514249849,35.541468956582,20.));
#1002 = CARTESIAN_POINT('',(85.836359699731,38.552979047411,20.));
#1003 = CARTESIAN_POINT('',(91.460829094158,34.760001143193,20.));
#1004 = CARTESIAN_POINT('',(97.362533916867,28.945300874835,20.));
#1005 = CARTESIAN_POINT('',(98.675000759013,19.531087829201,20.));
#1006 = CARTESIAN_POINT('',(97.210777092774,10.354263924888,20.));
#1007 = CARTESIAN_POINT('',(92.595809197114,0.777680433806,20.));
#1008 = CARTESIAN_POINT('',(86.874338173945,-4.305325935155,20.));
#1009 = CARTESIAN_POINT('',(82.2,-4.4,20.));
#1010 = PCURVE('',#108,#1011);
#1011 = DEFINITIONAL_REPRESENTATION('',(#1012),#1016);
#1012 = LINE('',#1013,#1014);
#1013 = CARTESIAN_POINT('',(0.,1.));
#1014 = VECTOR('',#1015,1.);
#1015 = DIRECTION('',(1.,0.));
#1016 = ( GEOMETRIC_REPRESENTATION_CONTEXT(2) 
PARAMETRIC_REPRESENTATION_CONTEXT() REPRESENTATION_CONTEXT('2D SPACE',''
  ) );
#1017 = PCURVE('',#1018,#1023);
#1018 = PLANE('',#1019);
#1019 = AXIS2_PLACEMENT_3D('',#1020,#1021,#1022);
#1020 = CARTESIAN_POINT('',(82.2,-4.4,20.));
#1021 = DIRECTION('',(0.,0.,-1.));
#1022 = DIRECTION('',(9.067122413966E-02,0.995880880986,0.));
#1023 = DEFINITIONAL_REPRESENTATION('',(#1024),#1050);
#1024 = B_SPLINE_CURVE_WITH_KNOTS('',3,(#1025,#1026,#1027,#1028,#1029,
    #1030,#1031,#1032,#1033,#1034,#1035,#1036,#1037,#1038,#1039,#1040,
    #1041,#1042,#1043,#1044,#1045,#1046,#1047,#1048,#1049),
  .UNSPECIFIED.,.T.,.F.,(1,3,1,1,1,1,1,1,1,1,1,1,1,1,1,1,1,1,1,1,1,1,1,3
    ,1),(-8.4977881934E-02,0.,5.995935277296E-02,0.122201268057,
    0.183691744343,0.256063864228,0.291710608455,0.316607374569,
    0.344994055456,0.373380736344,0.396999882531,0.425386563419,
    0.461033307646,0.496242651943,0.53145199624,0.567098740467,
    0.590717886655,0.610790301206,0.663604317652,0.722783255126,
    0.7795566169,0.852780202781,0.915022118066,1.,1.059959352773),
  .UNSPECIFIED.);
#1025 = CARTESIAN_POINT('',(0.,0.));
#1026 = CARTESIAN_POINT('',(-0.365573520982,-3.278513357194));
#1027 = CARTESIAN_POINT('',(1.702478174092,-8.922325370984));
#1028 = CARTESIAN_POINT('',(9.791232871848,-13.9113028657));
#1029 = CARTESIAN_POINT('',(19.939101762657,-13.18939040917));
#1030 = CARTESIAN_POINT('',(25.866740749542,-10.99212103404));
#1031 = CARTESIAN_POINT('',(35.104055736503,-7.454948738613));
#1032 = CARTESIAN_POINT('',(29.622745965725,-4.500237481588));
#1033 = CARTESIAN_POINT('',(26.128640020693,-5.50993241872));
#1034 = CARTESIAN_POINT('',(21.966836762813,-6.903755580326));
#1035 = CARTESIAN_POINT('',(18.972532228785,-3.255150167417));
#1036 = CARTESIAN_POINT('',(20.793925343455,1.25155303823));
#1037 = CARTESIAN_POINT('',(25.134289019465,3.403725756663));
#1038 = CARTESIAN_POINT('',(30.081690376652,5.201575522362));
#1039 = CARTESIAN_POINT('',(35.325613637263,2.691049629288));
#1040 = CARTESIAN_POINT('',(37.091802069492,-0.860320492229));
#1041 = CARTESIAN_POINT('',(39.587217047886,-5.70540843654));
#1042 = CARTESIAN_POINT('',(43.105763800086,-0.273218089325));
#1043 = CARTESIAN_POINT('',(39.838387148403,5.671997395985));
#1044 = CARTESIAN_POINT('',(34.582753123268,12.07661838548));
#1045 = CARTESIAN_POINT('',(25.326321316814,14.23727724166));
#1046 = CARTESIAN_POINT('',(16.054534890104,13.611158744084));
#1047 = CARTESIAN_POINT('',(6.098953697706,9.883520998645));
#1048 = CARTESIAN_POINT('',(0.518112055379,4.64649980534));
#1049 = CARTESIAN_POINT('',(0.,0.));
#1050 = ( GEOMETRIC_REPRESENTATION_CONTEXT(2) 
PARAMETRIC_REPRESENTATION_CONTEXT() REPRESENTATION_CONTEXT('2D SPACE',''
  ) );
#1051 = ORIENTED_EDGE('',*,*,#1052,.F.);
#1052 = EDGE_CURVE('',#1053,#981,#1055,.T.);
#1053 = VERTEX_POINT('',#1054);
#1054 = CARTESIAN_POINT('',(74.371056222121,-3.102786335076,
    19.751205253574));
#1055 = SURFACE_CURVE('',#1056,(#1095,#1137),.PCURVE_S1.);
#1056 = B_SPLINE_CURVE_WITH_KNOTS('',7,(#1057,#1058,#1059,#1060,#1061,
    #1062,#1063,#1064,#1065,#1066,#1067,#1068,#1069,#1070,#1071,#1072,
    #1073,#1074,#1075,#1076,#1077,#1078,#1079,#1080,#1081,#1082,#1083,
    #1084,#1085,#1086,#1087,#1088,#1089,#1090,#1091,#1092,#1093,#1094),
  .UNSPECIFIED.,.F.,.F.,(8,6,6,6,6,6,8),(0.,0.376607028534,
    0.521886372714,0.595584845438,0.642487979625,0.752883009955,1.),
  .UNSPECIFIED.);
#1057 = CARTESIAN_POINT('',(74.633830210898,-5.922035846319,15.9999994)
  );
#1058 = CARTESIAN_POINT('',(74.617398715804,-5.876160431075,
    16.296992089423));
#1059 = CARTESIAN_POINT('',(74.597996436857,-5.820550220158,
    16.592776826473));
#1060 = CARTESIAN_POINT('',(74.575216842363,-5.752982423538,
    16.887471709866));
#1061 = CARTESIAN_POINT('',(74.548669381189,-5.670567017476,
    17.180462964256));
#1062 = CARTESIAN_POINT('',(74.518153323214,-5.569547045591,
    17.47038073464));
#1063 = CARTESIAN_POINT('',(74.483984832504,-5.445157485332,
    17.755102883488));
#1064 = CARTESIAN_POINT('',(74.434437379143,-5.232160131884,
    18.138514059668));
#1065 = CARTESIAN_POINT('',(74.420416877132,-5.168540506043,
    18.243984686215));
#1066 = CARTESIAN_POINT('',(74.406292907211,-5.100282465292,
    18.347996468506));
#1067 = CARTESIAN_POINT('',(74.392232200854,-5.027079340153,
    18.450302304643));
#1068 = CARTESIAN_POINT('',(74.378456729449,-4.948643908352,
    18.55061230158));
#1069 = CARTESIAN_POINT('',(74.365250092435,-4.86473327543,
    18.648603576503));
#1070 = CARTESIAN_POINT('',(74.346721539269,-4.729756920757,
    18.79229323341));
#1071 = CARTESIAN_POINT('',(74.340721057312,-4.682880216573,
    18.839966456761));
#1072 = CARTESIAN_POINT('',(74.335001069218,-4.634534298883,
    18.88690708022));
#1073 = CARTESIAN_POINT('',(74.32961084566,-4.584705270554,
    18.933067451995));
#1074 = CARTESIAN_POINT('',(74.32460333349,-4.53338639906,
    18.978399079533));
#1075 = CARTESIAN_POINT('',(74.320034626549,-4.480579459259,
    19.022853348038));
#1076 = CARTESIAN_POINT('',(74.313372452337,-4.391749080737,
    19.094084867515));
#1077 = CARTESIAN_POINT('',(74.310982903068,-4.356604050402,
    19.121412799575));
#1078 = CARTESIAN_POINT('',(74.308810029151,-4.320863892971,
    19.148353541127));
#1079 = CARTESIAN_POINT('',(74.306869288437,-4.284533143215,
    19.174894945403));
#1080 = CARTESIAN_POINT('',(74.305176356148,-4.24761796287,
    19.201025212903));
#1081 = CARTESIAN_POINT('',(74.303747124876,-4.210126140643,
    19.226732891394));
#1082 = CARTESIAN_POINT('',(74.299892335533,-4.082488221208,
    19.311493780903));
#1083 = CARTESIAN_POINT('',(74.298736625962,-3.989760038547,
    19.368583246222));
#1084 = CARTESIAN_POINT('',(74.299339078372,-3.89401640493,
    19.423123556538));
#1085 = CARTESIAN_POINT('',(74.301908569511,-3.795432765245,
    19.474989925313));
#1086 = CARTESIAN_POINT('',(74.306644700074,-3.694226258536,
    19.524084807219));
#1087 = CARTESIAN_POINT('',(74.31372814441,-3.590655827981,
    19.570338210556));
#1088 = CARTESIAN_POINT('',(74.344762024551,-3.248563934343,
    19.710790407157));
#1089 = CARTESIAN_POINT('',(74.378747096714,-3.001649797584,
    19.793471900123));
#1090 = CARTESIAN_POINT('',(74.426976014005,-2.747799812594,
    19.861182536454));
#1091 = CARTESIAN_POINT('',(74.490465443791,-2.490569457532,
    19.914543615479));
#1092 = CARTESIAN_POINT('',(74.569445005462,-2.233194465795,
    19.954616136702));
#1093 = CARTESIAN_POINT('',(74.66355639703,-1.978510865018,
    19.982658235385));
#1094 = CARTESIAN_POINT('',(74.771977874557,-1.728924339464,20.));
#1095 = PCURVE('',#108,#1096);
#1096 = DEFINITIONAL_REPRESENTATION('',(#1097),#1136);
#1097 = B_SPLINE_CURVE_WITH_KNOTS('',7,(#1098,#1099,#1100,#1101,#1102,
    #1103,#1104,#1105,#1106,#1107,#1108,#1109,#1110,#1111,#1112,#1113,
    #1114,#1115,#1116,#1117,#1118,#1119,#1120,#1121,#1122,#1123,#1124,
    #1125,#1126,#1127,#1128,#1129,#1130,#1131,#1132,#1133,#1134,#1135),
  .UNSPECIFIED.,.F.,.F.,(8,6,6,6,6,6,8),(0.,0.376607028534,
    0.521886372714,0.595584845438,0.642487979625,0.752883009955,1.),
  .UNSPECIFIED.);
#1098 = CARTESIAN_POINT('',(4.148549598343E-02,0.652986950668));
#1099 = CARTESIAN_POINT('',(4.168891260912E-02,0.669083506206));
#1100 = CARTESIAN_POINT('',(4.193378352629E-02,0.68548686218));
#1101 = CARTESIAN_POINT('',(4.222867552237E-02,0.702283941892));
#1102 = CARTESIAN_POINT('',(4.258428481001E-02,0.719543582762));
#1103 = CARTESIAN_POINT('',(4.301349507956E-02,0.737322719119));
#1104 = CARTESIAN_POINT('',(4.35308364065E-02,0.75566743619));
#1105 = CARTESIAN_POINT('',(4.438750447352E-02,0.781951166623));
#1106 = CARTESIAN_POINT('',(4.4640843074E-02,0.789356077464));
#1107 = CARTESIAN_POINT('',(4.490966130192E-02,0.796849736065));
#1108 = CARTESIAN_POINT('',(4.5194419433E-02,0.80443020316));
#1109 = CARTESIAN_POINT('',(4.54953348436E-02,0.812093029819));
#1110 = CARTESIAN_POINT('',(4.58122757205E-02,0.8198310899));
#1111 = CARTESIAN_POINT('',(4.631323979036E-02,0.831592750948));
#1112 = CARTESIAN_POINT('',(4.648580524103E-02,0.835567846211));
#1113 = CARTESIAN_POINT('',(4.666224896101E-02,0.839558127442));
#1114 = CARTESIAN_POINT('',(4.684245312847E-02,0.843561924422));
#1115 = CARTESIAN_POINT('',(4.702626322189E-02,0.847577333832));
#1116 = CARTESIAN_POINT('',(4.72134848239E-02,0.851602214053));
#1117 = CARTESIAN_POINT('',(4.752505186979E-02,0.858200201086));
#1118 = CARTESIAN_POINT('',(4.764750917781E-02,0.860769098485));
#1119 = CARTESIAN_POINT('',(4.777119115268E-02,0.863340254458));
#1120 = CARTESIAN_POINT('',(4.789603004881E-02,0.865913023032));
#1121 = CARTESIAN_POINT('',(4.80219515713E-02,0.868486729954));
#1122 = CARTESIAN_POINT('',(4.814887487596E-02,0.871060672696));
#1123 = CARTESIAN_POINT('',(4.857760175886E-02,0.879691196338));
#1124 = CARTESIAN_POINT('',(4.888358036756E-02,0.885746032084));
#1125 = CARTESIAN_POINT('',(4.919347678642E-02,0.891788350378));
#1126 = CARTESIAN_POINT('',(4.950596169286E-02,0.897808128198));
#1127 = CARTESIAN_POINT('',(4.981957322808E-02,0.903795512882));
#1128 = CARTESIAN_POINT('',(5.013274217438E-02,0.909740738216));
#1129 = CARTESIAN_POINT('',(5.11401519867E-02,0.928826075684));
#1130 = CARTESIAN_POINT('',(5.182634544937E-02,0.941764489605));
#1131 = CARTESIAN_POINT('',(5.248339277917E-02,0.95432969403));
#1132 = CARTESIAN_POINT('',(5.309349506723E-02,0.966461308673));
#1133 = CARTESIAN_POINT('',(5.364125518236E-02,0.978127052857));
#1134 = CARTESIAN_POINT('',(5.411331620099E-02,0.989309481851));
#1135 = CARTESIAN_POINT('',(5.449852277971E-02,1.));
#1136 = ( GEOMETRIC_REPRESENTATION_CONTEXT(2) 
PARAMETRIC_REPRESENTATION_CONTEXT() REPRESENTATION_CONTEXT('2D SPACE',''
  ) );
#1137 = PCURVE('',#902,#1138);
#1138 = DEFINITIONAL_REPRESENTATION('',(#1139),#1148);
#1139 = B_SPLINE_CURVE_WITH_KNOTS('',7,(#1140,#1141,#1142,#1143,#1144,
    #1145,#1146,#1147),.UNSPECIFIED.,.F.,.F.,(8,8),(0.808498668313,1.),
  .PIECEWISE_BEZIER_KNOTS.);
#1140 = CARTESIAN_POINT('',(3.299655911676,-3.751205257566));
#1141 = CARTESIAN_POINT('',(3.333785586892,-3.811222589387));
#1142 = CARTESIAN_POINT('',(3.368826825121,-3.862521200586));
#1143 = CARTESIAN_POINT('',(3.404579670234,-3.905238961416));
#1144 = CARTESIAN_POINT('',(3.440862933149,-3.939786640841));
#1145 = CARTESIAN_POINT('',(3.477518339219,-3.96669635085));
#1146 = CARTESIAN_POINT('',(3.514406003628,-3.986561138443));
#1147 = CARTESIAN_POINT('',(3.55140184523,-4.));
#1148 = ( GEOMETRIC_REPRESENTATION_CONTEXT(2) 
PARAMETRIC_REPRESENTATION_CONTEXT() REPRESENTATION_CONTEXT('2D SPACE',''
  ) );
#1149 = ORIENTED_EDGE('',*,*,#1150,.F.);
#1150 = EDGE_CURVE('',#24,#1053,#1151,.T.);
#1151 = SURFACE_CURVE('',#1152,(#1218,#1313),.PCURVE_S1.);
#1152 = B_SPLINE_CURVE_WITH_KNOTS('',8,(#1153,#1154,#1155,#1156,#1157,
    #1158,#1159,#1160,#1161,#1162,#1163,#1164,#1165,#1166,#1167,#1168,
    #1169,#1170,#1171,#1172,#1173,#1174,#1175,#1176,#1177,#1178,#1179,
    #1180,#1181,#1182,#1183,#1184,#1185,#1186,#1187,#1188,#1189,#1190,
    #1191,#1192,#1193,#1194,#1195,#1196,#1197,#1198,#1199,#1200,#1201,
    #1202,#1203,#1204,#1205,#1206,#1207,#1208,#1209,#1210,#1211,#1212,
    #1213,#1214,#1215,#1216,#1217),.UNSPECIFIED.,.F.,.F.,(9,7,7,7,7,7,7,
    7,7,9),(0.,0.104885688956,0.406421170658,0.631561756718,
    0.708904825178,0.819339249184,0.903615780846,0.945308230034,
    1.023899017663,1.118993881604),.UNSPECIFIED.);
#1153 = CARTESIAN_POINT('',(73.900416263973,-5.57641310366,
    12.115478512939));
#1154 = CARTESIAN_POINT('',(73.81750863316,-5.519769274137,
    12.173653102559));
#1155 = CARTESIAN_POINT('',(73.736011633289,-5.463049822103,
    12.234235632718));
#1156 = CARTESIAN_POINT('',(73.655985867085,-5.406327894578,
    12.297220268029));
#1157 = CARTESIAN_POINT('',(73.577491354878,-5.349679672285,
    12.362595880716));
#1158 = CARTESIAN_POINT('',(73.500587390059,-5.293184117066,
    12.430345542556));
#1159 = CARTESIAN_POINT('',(73.425332401689,-5.236922618607,
    12.500445974491));
#1160 = CARTESIAN_POINT('',(73.351783829898,-5.180978511775,
    12.572866952759));
#1161 = CARTESIAN_POINT('',(73.073621266954,-4.965758695275,
    12.862336125719));
#1162 = CARTESIAN_POINT('',(72.881819770298,-4.809408571429,
    13.095962126452));
#1163 = CARTESIAN_POINT('',(72.705839817175,-4.658326639854,
    13.347643603365));
#1164 = CARTESIAN_POINT('',(72.54671976363,-4.514424086783,
    13.616276792896));
#1165 = CARTESIAN_POINT('',(72.405367183648,-4.379490065135,
    13.90047824516));
#1166 = CARTESIAN_POINT('',(72.282645040221,-4.255071456491,
    14.198602289339));
#1167 = CARTESIAN_POINT('',(72.179492332953,-4.142337390181,
    14.508774727017));
#1168 = CARTESIAN_POINT('',(72.035590170313,-3.966980116636,
    15.068026308102));
#1169 = CARTESIAN_POINT('',(71.985676125343,-3.89892659355,
    15.312580684409));
#1170 = CARTESIAN_POINT('',(71.947800990401,-3.837991285523,
    15.56193485643));
#1171 = CARTESIAN_POINT('',(71.922573442963,-3.784297886919,
    15.815213098613));
#1172 = CARTESIAN_POINT('',(71.910741894929,-3.737817154856,
    16.071337827733));
#1173 = CARTESIAN_POINT('',(71.913203884291,-3.698285104132,
    16.329018162157));
#1174 = CARTESIAN_POINT('',(71.931005082383,-3.665121942683,
    16.586739929374));
#1175 = CARTESIAN_POINT('',(71.977051382483,-3.627834480451,
    16.930704566367));
#1176 = CARTESIAN_POINT('',(71.990765832246,-3.618941292024,
    17.018428431601));
#1177 = CARTESIAN_POINT('',(72.006463187251,-3.610651099279,
    17.105844914664));
#1178 = CARTESIAN_POINT('',(72.02418499509,-3.602920479414,
    17.192862671673));
#1179 = CARTESIAN_POINT('',(72.043969899425,-3.595700528182,
    17.279381479138));
#1180 = CARTESIAN_POINT('',(72.065851378106,-3.588936828058,
    17.365292931969));
#1181 = CARTESIAN_POINT('',(72.089855481308,-3.582569416398,
    17.450481141481));
#1182 = CARTESIAN_POINT('',(72.153327020154,-3.567913294983,
    17.655251709802));
#1183 = CARTESIAN_POINT('',(72.195025024184,-3.559966302102,
    17.773983942274));
#1184 = CARTESIAN_POINT('',(72.241130080392,-3.552505514087,
    17.890622051501));
#1185 = CARTESIAN_POINT('',(72.291634701042,-3.545320960478,
    18.004760087435));
#1186 = CARTESIAN_POINT('',(72.346473007395,-3.538185676241,
    18.115995325531));
#1187 = CARTESIAN_POINT('',(72.405507760116,-3.530866663876,
    18.223939815394));
#1188 = CARTESIAN_POINT('',(72.468517824709,-3.523140102637,
    18.32823238183));
#1189 = CARTESIAN_POINT('',(72.586063039937,-3.508454414284,
    18.505107929794));
#1190 = CARTESIAN_POINT('',(72.639081360137,-3.501745932587,
    18.579366793784));
#1191 = CARTESIAN_POINT('',(72.694103511849,-3.494597092479,
    18.651185459721));
#1192 = CARTESIAN_POINT('',(72.750977605361,-3.48692848265,
    18.720460624221));
#1193 = CARTESIAN_POINT('',(72.809540923853,-3.478671083546,
    18.787123733709));
#1194 = CARTESIAN_POINT('',(72.869623465282,-3.469767803172,
    18.851136827067));
#1195 = CARTESIAN_POINT('',(72.931051484253,-3.460175012891,
    18.912488378287));
#1196 = CARTESIAN_POINT('',(73.024619661719,-3.444763162451,
    19.00022899683));
#1197 = CARTESIAN_POINT('',(73.055876825651,-3.439486116331,
    19.028621812158));
#1198 = CARTESIAN_POINT('',(73.087402553516,-3.4340291496,
    19.056369761143));
#1199 = CARTESIAN_POINT('',(73.11917739781,-3.428389168696,
    19.083476665748));
#1200 = CARTESIAN_POINT('',(73.151182510929,-3.422563734351,
    19.109947799013));
#1201 = CARTESIAN_POINT('',(73.183399720393,-3.416551014188,
    19.135789690221));
#1202 = CARTESIAN_POINT('',(73.215811604065,-3.410349735309,
    19.161009930062));
#1203 = CARTESIAN_POINT('',(73.309834049623,-3.391912779021,
    19.232001564433));
#1204 = CARTESIAN_POINT('',(73.37189799435,-3.379193971376,
    19.276206117081));
#1205 = CARTESIAN_POINT('',(73.434484043849,-3.365797211117,
    19.318289778058));
#1206 = CARTESIAN_POINT('',(73.497492878289,-3.351723342632,
    19.358320872767));
#1207 = CARTESIAN_POINT('',(73.560835483749,-3.336978220976,
    19.396374380097));
#1208 = CARTESIAN_POINT('',(73.624433422262,-3.321571375319,
    19.432529404835));
#1209 = CARTESIAN_POINT('',(73.688219101851,-3.30551467239,
    19.466866650077));
#1210 = CARTESIAN_POINT('',(73.829475558561,-3.268621609724,
    19.538910974022));
#1211 = CARTESIAN_POINT('',(73.906946977581,-3.247505344214,
    19.575781019761));
#1212 = CARTESIAN_POINT('',(73.984477908772,-3.22549019098,
    19.61023973055));
#1213 = CARTESIAN_POINT('',(74.062004705813,-3.202598388118,
    19.642436821152));
#1214 = CARTESIAN_POINT('',(74.139471515645,-3.178854975185,
    19.672509835249));
#1215 = CARTESIAN_POINT('',(74.216829554304,-3.154286711782,
    19.700585566035));
#1216 = CARTESIAN_POINT('',(74.294036539794,-3.128921232526,
    19.726781198135));
#1217 = CARTESIAN_POINT('',(74.371056235746,-3.102786368665,
    19.751205246548));
#1218 = PCURVE('',#108,#1219);
#1219 = DEFINITIONAL_REPRESENTATION('',(#1220),#1312);
#1220 = B_SPLINE_CURVE_WITH_KNOTS('',3,(#1221,#1222,#1223,#1224,#1225,
    #1226,#1227,#1228,#1229,#1230,#1231,#1232,#1233,#1234,#1235,#1236,
    #1237,#1238,#1239,#1240,#1241,#1242,#1243,#1244,#1245,#1246,#1247,
    #1248,#1249,#1250,#1251,#1252,#1253,#1254,#1255,#1256,#1257,#1258,
    #1259,#1260,#1261,#1262,#1263,#1264,#1265,#1266,#1267,#1268,#1269,
    #1270,#1271,#1272,#1273,#1274,#1275,#1276,#1277,#1278,#1279,#1280,
    #1281,#1282,#1283,#1284,#1285,#1286,#1287,#1288,#1289,#1290,#1291,
    #1292,#1293,#1294,#1295,#1296,#1297,#1298,#1299,#1300,#1301,#1302,
    #1303,#1304,#1305,#1306,#1307,#1308,#1309,#1310,#1311),
  .UNSPECIFIED.,.F.,.F.,(4,1,1,1,1,1,1,1,1,1,1,1,1,1,1,1,1,1,1,1,1,1,1,1
    ,1,1,1,1,1,1,1,1,1,1,1,1,1,1,1,1,1,1,1,1,1,1,1,1,1,1,1,1,1,1,1,1,1,1
    ,1,1,1,1,1,1,1,1,1,1,1,1,1,1,1,1,1,1,1,1,1,1,1,1,1,1,1,1,1,1,4),(0.,
    1.271583956368E-02,2.543167912737E-02,3.814751869105E-02,
    5.086335825473E-02,6.357919781841E-02,7.62950373821E-02,
    8.901087694578E-02,0.101726716509,0.114442556073,0.127158395637,
    0.139874235201,0.152590074764,0.165305914328,0.178021753892,
    0.190737593455,0.203453433019,0.216169272583,0.228885112146,
    0.24160095171,0.254316791274,0.267032630837,0.279748470401,
    0.292464309965,0.305180149528,0.317895989092,0.330611828656,
    0.343327668219,0.356043507783,0.368759347347,0.38147518691,
    0.394191026474,0.406906866038,0.419622705602,0.432338545165,
    0.445054384729,0.457770224293,0.470486063856,0.48320190342,
    0.495917742984,0.508633582547,0.521349422111,0.534065261675,
    0.546781101238,0.559496940802,0.572212780366,0.584928619929,
    0.597644459493,0.610360299057,0.62307613862,0.635791978184,
    0.648507817748,0.661223657312,0.673939496875,0.686655336439,
    0.699371176003,0.712087015566,0.72480285513,0.737518694694,
    0.750234534257,0.762950373821,0.775666213385,0.788382052948,
    0.801097892512,0.813813732076,0.826529571639,0.839245411203,
    0.851961250767,0.86467709033,0.877392929894,0.890108769458,
    0.902824609021,0.915540448585,0.928256288149,0.940972127713,
    0.953687967276,0.96640380684,0.979119646404,0.991835485967,
    1.004551325531,1.017267165095,1.029983004658,1.042698844222,
    1.055414683786,1.068130523349,1.080846362913,1.093562202477,
    1.10627804204,1.118993881604),.UNSPECIFIED.);
#1221 = CARTESIAN_POINT('',(4.6064829223E-02,0.456083916284));
#1222 = CARTESIAN_POINT('',(4.62477360878E-02,0.457022141698));
#1223 = CARTESIAN_POINT('',(4.661181898268E-02,0.458930712919));
#1224 = CARTESIAN_POINT('',(4.715244921122E-02,0.461889543526));
#1225 = CARTESIAN_POINT('',(4.768728452936E-02,0.46494398893));
#1226 = CARTESIAN_POINT('',(4.821602129493E-02,0.468093590674));
#1227 = CARTESIAN_POINT('',(4.87383543058E-02,0.471337822949));
#1228 = CARTESIAN_POINT('',(4.925397688051E-02,0.474676082354));
#1229 = CARTESIAN_POINT('',(4.976258094434E-02,0.47810768621));
#1230 = CARTESIAN_POINT('',(5.026385844067E-02,0.481631877979));
#1231 = CARTESIAN_POINT('',(5.075749759061E-02,0.485247794573));
#1232 = CARTESIAN_POINT('',(5.124319870382E-02,0.488954578353));
#1233 = CARTESIAN_POINT('',(5.172067744376E-02,0.492751419263));
#1234 = CARTESIAN_POINT('',(5.218965220484E-02,0.49663746752));
#1235 = CARTESIAN_POINT('',(5.264984712718E-02,0.5006118593));
#1236 = CARTESIAN_POINT('',(5.310099121181E-02,0.50467371409));
#1237 = CARTESIAN_POINT('',(5.3542818489E-02,0.508822139547));
#1238 = CARTESIAN_POINT('',(5.397506791092E-02,0.513056234275));
#1239 = CARTESIAN_POINT('',(5.439748332274E-02,0.517375091104));
#1240 = CARTESIAN_POINT('',(5.480981341529E-02,0.521777800193));
#1241 = CARTESIAN_POINT('',(5.52118116832E-02,0.526263452149));
#1242 = CARTESIAN_POINT('',(5.56032363798E-02,0.530831141131));
#1243 = CARTESIAN_POINT('',(5.598385046873E-02,0.535479967977));
#1244 = CARTESIAN_POINT('',(5.635342156982E-02,0.54020904335));
#1245 = CARTESIAN_POINT('',(5.671172189694E-02,0.545017490934));
#1246 = CARTESIAN_POINT('',(5.705852818615E-02,0.549904450715));
#1247 = CARTESIAN_POINT('',(5.739362160979E-02,0.554869082317));
#1248 = CARTESIAN_POINT('',(5.771678768036E-02,0.559910568589));
#1249 = CARTESIAN_POINT('',(5.802781611731E-02,0.565028118884));
#1250 = CARTESIAN_POINT('',(5.832650076387E-02,0.570220974193));
#1251 = CARTESIAN_POINT('',(5.86126392136E-02,0.575488406303));
#1252 = CARTESIAN_POINT('',(5.888603340159E-02,0.580829740302));
#1253 = CARTESIAN_POINT('',(5.914648645995E-02,0.586244291196));
#1254 = CARTESIAN_POINT('',(5.939381336134E-02,0.591731622573));
#1255 = CARTESIAN_POINT('',(5.962779976955E-02,0.597290601298));
#1256 = CARTESIAN_POINT('',(5.984826281584E-02,0.602920709074));
#1257 = CARTESIAN_POINT('',(6.005503703954E-02,0.608621949884));
#1258 = CARTESIAN_POINT('',(6.024794452509E-02,0.614394116622));
#1259 = CARTESIAN_POINT('',(6.042680429062E-02,0.620236985976));
#1260 = CARTESIAN_POINT('',(6.059143081576E-02,0.626150264517));
#1261 = CARTESIAN_POINT('',(6.074163568593E-02,0.632133601017));
#1262 = CARTESIAN_POINT('',(6.087722834975E-02,0.638186580648));
#1263 = CARTESIAN_POINT('',(6.099801705749E-02,0.644308723596));
#1264 = CARTESIAN_POINT('',(6.110380970392E-02,0.650499481995));
#1265 = CARTESIAN_POINT('',(6.119441465983E-02,0.656758236604));
#1266 = CARTESIAN_POINT('',(6.126964157678E-02,0.663084293197));
#1267 = CARTESIAN_POINT('',(6.132930218865E-02,0.669476876816));
#1268 = CARTESIAN_POINT('',(6.137321107852E-02,0.675935130705));
#1269 = CARTESIAN_POINT('',(6.140118656451E-02,0.682458093814));
#1270 = CARTESIAN_POINT('',(6.141305117593E-02,0.689044753682));
#1271 = CARTESIAN_POINT('',(6.140863374171E-02,0.695693812703));
#1272 = CARTESIAN_POINT('',(6.13877655991E-02,0.702404517942));
#1273 = CARTESIAN_POINT('',(6.135030218139E-02,0.709172769301));
#1274 = CARTESIAN_POINT('',(6.129612580467E-02,0.715995359679));
#1275 = CARTESIAN_POINT('',(6.122514465797E-02,0.722868697997));
#1276 = CARTESIAN_POINT('',(6.113730406942E-02,0.729788404304));
#1277 = CARTESIAN_POINT('',(6.103259109371E-02,0.736749468933));
#1278 = CARTESIAN_POINT('',(6.091105039523E-02,0.743745806447));
#1279 = CARTESIAN_POINT('',(6.077275940878E-02,0.750771865883));
#1280 = CARTESIAN_POINT('',(6.061790138001E-02,0.757819161543));
#1281 = CARTESIAN_POINT('',(6.044674211398E-02,0.764878526844));
#1282 = CARTESIAN_POINT('',(6.02596294727E-02,0.771940269753));
#1283 = CARTESIAN_POINT('',(6.005699878279E-02,0.778994134761));
#1284 = CARTESIAN_POINT('',(5.983937600825E-02,0.786029323559));
#1285 = CARTESIAN_POINT('',(5.96073824205E-02,0.793034481395));
#1286 = CARTESIAN_POINT('',(5.936173539284E-02,0.799997768922));
#1287 = CARTESIAN_POINT('',(5.910326106327E-02,0.806906645254));
#1288 = CARTESIAN_POINT('',(5.8832799505E-02,0.813750309399));
#1289 = CARTESIAN_POINT('',(5.855129611592E-02,0.820517090791));
#1290 = CARTESIAN_POINT('',(5.825970516599E-02,0.827196734296));
#1291 = CARTESIAN_POINT('',(5.795899612477E-02,0.833779957917));
#1292 = CARTESIAN_POINT('',(5.765013872497E-02,0.840258551372));
#1293 = CARTESIAN_POINT('',(5.733410172607E-02,0.846625146921));
#1294 = CARTESIAN_POINT('',(5.701181601507E-02,0.852873721696));
#1295 = CARTESIAN_POINT('',(5.668412480465E-02,0.859000355088));
#1296 = CARTESIAN_POINT('',(5.635184485757E-02,0.865001720289));
#1297 = CARTESIAN_POINT('',(5.601572328826E-02,0.870875783683));
#1298 = CARTESIAN_POINT('',(5.567644346423E-02,0.876621517459));
#1299 = CARTESIAN_POINT('',(5.533460800961E-02,0.882239041143));
#1300 = CARTESIAN_POINT('',(5.499075995478E-02,0.887729138712));
#1301 = CARTESIAN_POINT('',(5.464537673864E-02,0.893093300907));
#1302 = CARTESIAN_POINT('',(5.429888308593E-02,0.898333474518));
#1303 = CARTESIAN_POINT('',(5.395161189812E-02,0.903452532093));
#1304 = CARTESIAN_POINT('',(5.360411782501E-02,0.908449810037));
#1305 = CARTESIAN_POINT('',(5.325654539641E-02,0.913330289244));
#1306 = CARTESIAN_POINT('',(5.290906168823E-02,0.918098043166));
#1307 = CARTESIAN_POINT('',(5.256180197504E-02,0.922757136387));
#1308 = CARTESIAN_POINT('',(5.2214885881E-02,0.927311400223));
#1309 = CARTESIAN_POINT('',(5.186841663223E-02,0.931764528561));
#1310 = CARTESIAN_POINT('',(5.163778972711E-02,0.934668180802));
#1311 = CARTESIAN_POINT('',(5.152257910595E-02,0.936104322769));
#1312 = ( GEOMETRIC_REPRESENTATION_CONTEXT(2) 
PARAMETRIC_REPRESENTATION_CONTEXT() REPRESENTATION_CONTEXT('2D SPACE',''
  ) );
#1313 = PCURVE('',#1314,#1319);
#1314 = CONICAL_SURFACE('',#1315,6.,2.786210857422E-02);
#1315 = AXIS2_PLACEMENT_3D('',#1316,#1317,#1318);
#1316 = CARTESIAN_POINT('',(58.,-22.,20.));
#1317 = DIRECTION('',(-0.766406315721,-0.627059712862,0.139346602858));
#1318 = DIRECTION('',(-0.633237790257,0.773957299204,-6.864348596372E-14
    ));
#1319 = DEFINITIONAL_REPRESENTATION('',(#1320),#1412);
#1320 = B_SPLINE_CURVE_WITH_KNOTS('',3,(#1321,#1322,#1323,#1324,#1325,
    #1326,#1327,#1328,#1329,#1330,#1331,#1332,#1333,#1334,#1335,#1336,
    #1337,#1338,#1339,#1340,#1341,#1342,#1343,#1344,#1345,#1346,#1347,
    #1348,#1349,#1350,#1351,#1352,#1353,#1354,#1355,#1356,#1357,#1358,
    #1359,#1360,#1361,#1362,#1363,#1364,#1365,#1366,#1367,#1368,#1369,
    #1370,#1371,#1372,#1373,#1374,#1375,#1376,#1377,#1378,#1379,#1380,
    #1381,#1382,#1383,#1384,#1385,#1386,#1387,#1388,#1389,#1390,#1391,
    #1392,#1393,#1394,#1395,#1396,#1397,#1398,#1399,#1400,#1401,#1402,
    #1403,#1404,#1405,#1406,#1407,#1408,#1409,#1410,#1411),
  .UNSPECIFIED.,.F.,.F.,(4,1,1,1,1,1,1,1,1,1,1,1,1,1,1,1,1,1,1,1,1,1,1,1
    ,1,1,1,1,1,1,1,1,1,1,1,1,1,1,1,1,1,1,1,1,1,1,1,1,1,1,1,1,1,1,1,1,1,1
    ,1,1,1,1,1,1,1,1,1,1,1,1,1,1,1,1,1,1,1,1,1,1,1,1,1,1,1,1,1,1,4),(0.,
    1.271583956368E-02,2.543167912737E-02,3.814751869105E-02,
    5.086335825473E-02,6.357919781841E-02,7.62950373821E-02,
    8.901087694578E-02,0.101726716509,0.114442556073,0.127158395637,
    0.139874235201,0.152590074764,0.165305914328,0.178021753892,
    0.190737593455,0.203453433019,0.216169272583,0.228885112146,
    0.24160095171,0.254316791274,0.267032630837,0.279748470401,
    0.292464309965,0.305180149528,0.317895989092,0.330611828656,
    0.343327668219,0.356043507783,0.368759347347,0.38147518691,
    0.394191026474,0.406906866038,0.419622705602,0.432338545165,
    0.445054384729,0.457770224293,0.470486063856,0.48320190342,
    0.495917742984,0.508633582547,0.521349422111,0.534065261675,
    0.546781101238,0.559496940802,0.572212780366,0.584928619929,
    0.597644459493,0.610360299057,0.62307613862,0.635791978184,
    0.648507817748,0.661223657312,0.673939496875,0.686655336439,
    0.699371176003,0.712087015566,0.72480285513,0.737518694694,
    0.750234534257,0.762950373821,0.775666213385,0.788382052948,
    0.801097892512,0.813813732076,0.826529571639,0.839245411203,
    0.851961250767,0.86467709033,0.877392929894,0.890108769458,
    0.902824609021,0.915540448585,0.928256288149,0.940972127713,
    0.953687967276,0.96640380684,0.979119646404,0.991835485967,
    1.004551325531,1.017267165095,1.029983004658,1.042698844222,
    1.055414683786,1.068130523349,1.080846362913,1.093562202477,
    1.10627804204,1.118993881604),.UNSPECIFIED.);
#1321 = CARTESIAN_POINT('',(1.053445820294,-23.58343041513));
#1322 = CARTESIAN_POINT('',(1.046773099536,-23.57175030916));
#1323 = CARTESIAN_POINT('',(1.033402720912,-23.54860784244));
#1324 = CARTESIAN_POINT('',(1.01327391935,-23.51454731113));
#1325 = CARTESIAN_POINT('',(0.993073411119,-23.48114009323));
#1326 = CARTESIAN_POINT('',(0.972802900762,-23.448385593));
#1327 = CARTESIAN_POINT('',(0.952464220621,-23.41628277199));
#1328 = CARTESIAN_POINT('',(0.932059352273,-23.38483011382));
#1329 = CARTESIAN_POINT('',(0.911590444129,-23.35402570647));
#1330 = CARTESIAN_POINT('',(0.891059776346,-23.32386722491));
#1331 = CARTESIAN_POINT('',(0.87046994363,-23.29435223475));
#1332 = CARTESIAN_POINT('',(0.849823220547,-23.26547730885));
#1333 = CARTESIAN_POINT('',(0.82912138943,-23.23723798534));
#1334 = CARTESIAN_POINT('',(0.808366266228,-23.20962959967));
#1335 = CARTESIAN_POINT('',(0.787559576112,-23.18264721528));
#1336 = CARTESIAN_POINT('',(0.76670299101,-23.15628578356));
#1337 = CARTESIAN_POINT('',(0.745798123173,-23.13054024635));
#1338 = CARTESIAN_POINT('',(0.72484652996,-23.10540565781));
#1339 = CARTESIAN_POINT('',(0.703849715071,-23.08087730525));
#1340 = CARTESIAN_POINT('',(0.682809130199,-23.05695083446));
#1341 = CARTESIAN_POINT('',(0.661726176037,-23.03362237822));
#1342 = CARTESIAN_POINT('',(0.640602202929,-23.0108886884));
#1343 = CARTESIAN_POINT('',(0.619438511062,-22.9887472717));
#1344 = CARTESIAN_POINT('',(0.598236350211,-22.96719652913));
#1345 = CARTESIAN_POINT('',(0.576996919022,-22.94623589929));
#1346 = CARTESIAN_POINT('',(0.55572136375,-22.92586600555));
#1347 = CARTESIAN_POINT('',(0.534410776594,-22.90608880728));
#1348 = CARTESIAN_POINT('',(0.513066192981,-22.88690775489));
#1349 = CARTESIAN_POINT('',(0.491688589971,-22.86832795021));
#1350 = CARTESIAN_POINT('',(0.470278877528,-22.85035630659));
#1351 = CARTESIAN_POINT('',(0.448837913156,-22.83300173031));
#1352 = CARTESIAN_POINT('',(0.427366425905,-22.8162752432));
#1353 = CARTESIAN_POINT('',(0.405865274864,-22.80019034549));
#1354 = CARTESIAN_POINT('',(0.384334455302,-22.78476250369));
#1355 = CARTESIAN_POINT('',(0.362776788859,-22.77001193589));
#1356 = CARTESIAN_POINT('',(0.341192759006,-22.75595997323));
#1357 = CARTESIAN_POINT('',(0.319581027181,-22.74263008421));
#1358 = CARTESIAN_POINT('',(0.297941265839,-22.73004997459));
#1359 = CARTESIAN_POINT('',(0.276273387248,-22.71825118668));
#1360 = CARTESIAN_POINT('',(0.254577741123,-22.70726938909));
#1361 = CARTESIAN_POINT('',(0.232855055706,-22.69714449743));
#1362 = CARTESIAN_POINT('',(0.211106450629,-22.6879208515));
#1363 = CARTESIAN_POINT('',(0.189333433658,-22.67964738408));
#1364 = CARTESIAN_POINT('',(0.167537904878,-22.67237779412));
#1365 = CARTESIAN_POINT('',(0.14572216252,-22.66617071619));
#1366 = CARTESIAN_POINT('',(0.123888910695,-22.66108988415));
#1367 = CARTESIAN_POINT('',(0.102041274763,-22.65720428373));
#1368 = CARTESIAN_POINT('',(8.018280221659E-02,-22.65458829572));
#1369 = CARTESIAN_POINT('',(5.831753310659E-02,-22.65332180666));
#1370 = CARTESIAN_POINT('',(3.644982748459E-02,-22.65349035599));
#1371 = CARTESIAN_POINT('',(1.458511752259E-02,-22.65518504531));
#1372 = CARTESIAN_POINT('',(-7.272772084414E-03,-22.65850321709));
#1373 = CARTESIAN_POINT('',(-2.910905865241E-02,-22.66354570735));
#1374 = CARTESIAN_POINT('',(-5.091200901641E-02,-22.67041693445));
#1375 = CARTESIAN_POINT('',(-7.266870426641E-02,-22.67922503539));
#1376 = CARTESIAN_POINT('',(-9.436384278641E-02,-22.69007980342));
#1377 = CARTESIAN_POINT('',(-0.115980321675,-22.70309160262));
#1378 = CARTESIAN_POINT('',(-0.137497961759,-22.71836900258));
#1379 = CARTESIAN_POINT('',(-0.158898498382,-22.73602104487));
#1380 = CARTESIAN_POINT('',(-0.180155086672,-22.75614651575));
#1381 = CARTESIAN_POINT('',(-0.201239444919,-22.77883552459));
#1382 = CARTESIAN_POINT('',(-0.222122380507,-22.80416763049));
#1383 = CARTESIAN_POINT('',(-0.242773759335,-22.8322092094));
#1384 = CARTESIAN_POINT('',(-0.263162647125,-22.86301092165));
#1385 = CARTESIAN_POINT('',(-0.283257365325,-22.89660486414));
#1386 = CARTESIAN_POINT('',(-0.303025779865,-22.93300220915));
#1387 = CARTESIAN_POINT('',(-0.322434823714,-22.97218853632));
#1388 = CARTESIAN_POINT('',(-0.341457338891,-23.01413647785));
#1389 = CARTESIAN_POINT('',(-0.360064703054,-23.05879025939));
#1390 = CARTESIAN_POINT('',(-0.378233262456,-23.10607833208));
#1391 = CARTESIAN_POINT('',(-0.395942889925,-23.15591268709));
#1392 = CARTESIAN_POINT('',(-0.413177140997,-23.20819090435));
#1393 = CARTESIAN_POINT('',(-0.429922559098,-23.26279598196));
#1394 = CARTESIAN_POINT('',(-0.446169959535,-23.31960235127));
#1395 = CARTESIAN_POINT('',(-0.461916062434,-23.37848705242));
#1396 = CARTESIAN_POINT('',(-0.477159497257,-23.43931921566));
#1397 = CARTESIAN_POINT('',(-0.491902460055,-23.50196927665));
#1398 = CARTESIAN_POINT('',(-0.506149856438,-23.56630921835));
#1399 = CARTESIAN_POINT('',(-0.519909510807,-23.63221734075));
#1400 = CARTESIAN_POINT('',(-0.533190837805,-23.69957575224));
#1401 = CARTESIAN_POINT('',(-0.546004888494,-23.76827276645));
#1402 = CARTESIAN_POINT('',(-0.558363695702,-23.83820146682));
#1403 = CARTESIAN_POINT('',(-0.570281204897,-23.90926930154));
#1404 = CARTESIAN_POINT('',(-0.581763078467,-23.9813335553));
#1405 = CARTESIAN_POINT('',(-0.592827900787,-24.05433232062));
#1406 = CARTESIAN_POINT('',(-0.603491679363,-24.12819810842));
#1407 = CARTESIAN_POINT('',(-0.613770039798,-24.20286892311));
#1408 = CARTESIAN_POINT('',(-0.623677706477,-24.27828536552));
#1409 = CARTESIAN_POINT('',(-0.633228792404,-24.35439102006));
#1410 = CARTESIAN_POINT('',(-0.639367278729,-24.40555279614));
#1411 = CARTESIAN_POINT('',(-0.642381542188,-24.4312309514));
#1412 = ( GEOMETRIC_REPRESENTATION_CONTEXT(2) 
PARAMETRIC_REPRESENTATION_CONTEXT() REPRESENTATION_CONTEXT('2D SPACE',''
  ) );
#1413 = ADVANCED_FACE('',(#1414),#1314,.F.);
#1414 = FACE_BOUND('',#1415,.F.);
#1415 = EDGE_LOOP('',(#1416,#1417,#1562,#1594,#1635,#1670,#1704,#1747,
    #1774,#1934,#1961));
#1416 = ORIENTED_EDGE('',*,*,#1150,.T.);
#1417 = ORIENTED_EDGE('',*,*,#1418,.F.);
#1418 = EDGE_CURVE('',#1419,#1053,#1421,.T.);
#1419 = VERTEX_POINT('',#1420);
#1420 = CARTESIAN_POINT('',(74.9599503265,-1.337689107438,16.));
#1421 = SURFACE_CURVE('',#1422,(#1460,#1511),.PCURVE_S1.);
#1422 = B_SPLINE_CURVE_WITH_KNOTS('',8,(#1423,#1424,#1425,#1426,#1427,
    #1428,#1429,#1430,#1431,#1432,#1433,#1434,#1435,#1436,#1437,#1438,
    #1439,#1440,#1441,#1442,#1443,#1444,#1445,#1446,#1447,#1448,#1449,
    #1450,#1451,#1452,#1453,#1454,#1455,#1456,#1457,#1458,#1459),
  .UNSPECIFIED.,.F.,.F.,(9,7,7,7,7,9),(1.950215977831E-06,0.274216788976
    ,1.,3.850834292445,11.840146086403,14.052542419622),.UNSPECIFIED.);
#1423 = CARTESIAN_POINT('',(74.9599503265,-1.337689107438,16.));
#1424 = CARTESIAN_POINT('',(74.960702556536,-1.336265052586,
    16.010545512032));
#1425 = CARTESIAN_POINT('',(74.961427676752,-1.33489343321,
    16.021095748499));
#1426 = CARTESIAN_POINT('',(74.962125572462,-1.333574323302,
    16.031650358656));
#1427 = CARTESIAN_POINT('',(74.962796140053,-1.332307783066,
    16.042208989853));
#1428 = CARTESIAN_POINT('',(74.963439286988,-1.331093858921,
    16.052771287539));
#1429 = CARTESIAN_POINT('',(74.964054931805,-1.329932583497,
    16.063336895257));
#1430 = CARTESIAN_POINT('',(74.964643004118,-1.328823975641,
    16.073905454647));
#1431 = CARTESIAN_POINT('',(74.966686800889,-1.324973224246,
    16.112455994916));
#1432 = CARTESIAN_POINT('',(74.96797657754,-1.322547417022,
    16.14045364197));
#1433 = CARTESIAN_POINT('',(74.969071695584,-1.320490674166,
    16.16846274042));
#1434 = CARTESIAN_POINT('',(74.969971621934,-1.31880239133,
    16.196476591751));
#1435 = CARTESIAN_POINT('',(74.970676369399,-1.317481304388,
    16.224488605115));
#1436 = CARTESIAN_POINT('',(74.97118649668,-1.316525489436,
    16.252492297338));
#1437 = CARTESIAN_POINT('',(74.971503108375,-1.315932362796,
    16.280481292912));
#1438 = CARTESIAN_POINT('',(74.972117852372,-1.314780792527,
    16.418306125478));
#1439 = CARTESIAN_POINT('',(74.969647222446,-1.319409543274,
    16.527788395935));
#1440 = CARTESIAN_POINT('',(74.9643166887,-1.329381831316,
    16.636782009811));
#1441 = CARTESIAN_POINT('',(74.956313895434,-1.34442663301,
    16.745115843661));
#1442 = CARTESIAN_POINT('',(74.945899157374,-1.364200146941,
    16.852552885601));
#1443 = CARTESIAN_POINT('',(74.933391209295,-1.388280937864,
    16.958781344743));
#1444 = CARTESIAN_POINT('',(74.919152955645,-1.416165080636,
    17.06340576063));
#1445 = CARTESIAN_POINT('',(74.859927048211,-1.534406820104,
    17.453279587273));
#1446 = CARTESIAN_POINT('',(74.805018924911,-1.648279331089,
    17.729134088608));
#1447 = CARTESIAN_POINT('',(74.744648934452,-1.78174280025,
    17.996152106908));
#1448 = CARTESIAN_POINT('',(74.682860458089,-1.930731129648,
    18.255636338834));
#1449 = CARTESIAN_POINT('',(74.622158975636,-2.092694613488,
    18.508387357672));
#1450 = CARTESIAN_POINT('',(74.564409727883,-2.266136200478,
    18.755198556987));
#1451 = CARTESIAN_POINT('',(74.510945645969,-2.450510488462,
    18.996957480402));
#1452 = CARTESIAN_POINT('',(74.449815509448,-2.700550798814,
    19.300589026478));
#1453 = CARTESIAN_POINT('',(74.437003968059,-2.755584899739,
    19.366048336702));
#1454 = CARTESIAN_POINT('',(74.424665605359,-2.811426296761,
    19.431133511372));
#1455 = CARTESIAN_POINT('',(74.41282819606,-2.868074989957,
    19.495854835396));
#1456 = CARTESIAN_POINT('',(74.401519748819,-2.925532348815,
    19.560219543419));
#1457 = CARTESIAN_POINT('',(74.390768718373,-2.983800880495,
    19.624232065952));
#1458 = CARTESIAN_POINT('',(74.380604216289,-3.042884078939,
    19.687894204311));
#1459 = CARTESIAN_POINT('',(74.371056222121,-3.102786335076,
    19.751205253574));
#1460 = PCURVE('',#1314,#1461);
#1461 = DEFINITIONAL_REPRESENTATION('',(#1462),#1510);
#1462 = B_SPLINE_CURVE_WITH_KNOTS('',3,(#1463,#1464,#1465,#1466,#1467,
    #1468,#1469,#1470,#1471,#1472,#1473,#1474,#1475,#1476,#1477,#1478,
    #1479,#1480,#1481,#1482,#1483,#1484,#1485,#1486,#1487,#1488,#1489,
    #1490,#1491,#1492,#1493,#1494,#1495,#1496,#1497,#1498,#1499,#1500,
    #1501,#1502,#1503,#1504,#1505,#1506,#1507,#1508,#1509),
  .UNSPECIFIED.,.F.,.F.,(4,1,1,1,1,1,1,1,1,1,1,1,1,1,1,1,1,1,1,1,1,1,1,1
    ,1,1,1,1,1,1,1,1,1,1,1,1,1,1,1,1,1,1,1,1,4),(1.950215977831E-06,
    0.319377869975,0.638753789734,0.958129709494,1.277505629253,
    1.596881549012,1.916257468771,2.235633388531,2.55500930829,
    2.874385228049,3.193761147808,3.513137067567,3.832512987327,
    4.151888907086,4.471264826845,4.790640746604,5.110016666363,
    5.429392586123,5.748768505882,6.068144425641,6.3875203454,
    6.70689626516,7.026272184919,7.345648104678,7.665024024437,
    7.984399944196,8.303775863956,8.623151783715,8.942527703474,
    9.261903623233,9.581279542993,9.900655462752,10.220031382511,
    10.53940730227,10.858783222029,11.178159141789,11.497535061548,
    11.816910981307,12.136286901066,12.455662820826,12.775038740585,
    13.094414660344,13.413790580103,13.733166499862,14.052542419622),
  .UNSPECIFIED.);
#1463 = CARTESIAN_POINT('',(5.869791717559E-02,-26.51210219133));
#1464 = CARTESIAN_POINT('',(5.240019843859E-02,-26.51210664692));
#1465 = CARTESIAN_POINT('',(3.982553289159E-02,-26.51072324059));
#1466 = CARTESIAN_POINT('',(2.105585628759E-02,-26.50451174517));
#1467 = CARTESIAN_POINT('',(2.408007832586E-03,-26.49418274429));
#1468 = CARTESIAN_POINT('',(-1.608675779441E-02,-26.47983102008));
#1469 = CARTESIAN_POINT('',(-3.441707241441E-02,-26.46157737752));
#1470 = CARTESIAN_POINT('',(-5.257930435441E-02,-26.43956637167));
#1471 = CARTESIAN_POINT('',(-7.056445685441E-02,-26.41397374203));
#1472 = CARTESIAN_POINT('',(-8.836118912341E-02,-26.38500367883));
#1473 = CARTESIAN_POINT('',(-0.105954988829,-26.35288783175));
#1474 = CARTESIAN_POINT('',(-0.123326926601,-26.31788727221));
#1475 = CARTESIAN_POINT('',(-0.140457848675,-26.28028091388));
#1476 = CARTESIAN_POINT('',(-0.157311162172,-26.24040516043));
#1477 = CARTESIAN_POINT('',(-0.173895747702,-26.19850219685));
#1478 = CARTESIAN_POINT('',(-0.190287833314,-26.15460955517));
#1479 = CARTESIAN_POINT('',(-0.206488535969,-26.10892936417));
#1480 = CARTESIAN_POINT('',(-0.222517211468,-26.06160491955));
#1481 = CARTESIAN_POINT('',(-0.238386824892,-26.01278088663));
#1482 = CARTESIAN_POINT('',(-0.254110711818,-25.96258799325));
#1483 = CARTESIAN_POINT('',(-0.269700917527,-25.91114792692));
#1484 = CARTESIAN_POINT('',(-0.28516878283,-25.85857278653));
#1485 = CARTESIAN_POINT('',(-0.300524918564,-25.80496595856));
#1486 = CARTESIAN_POINT('',(-0.3157793352,-25.75042257503));
#1487 = CARTESIAN_POINT('',(-0.330941522778,-25.69503004514));
#1488 = CARTESIAN_POINT('',(-0.346020536585,-25.63886852776));
#1489 = CARTESIAN_POINT('',(-0.361025074246,-25.58201137977));
#1490 = CARTESIAN_POINT('',(-0.375963548581,-25.52452557082));
#1491 = CARTESIAN_POINT('',(-0.390844155578,-25.4664720676));
#1492 = CARTESIAN_POINT('',(-0.405674938157,-25.40790618789));
#1493 = CARTESIAN_POINT('',(-0.420463846246,-25.34887792539));
#1494 = CARTESIAN_POINT('',(-0.435218793072,-25.28943224946));
#1495 = CARTESIAN_POINT('',(-0.44994771047,-25.22960937264));
#1496 = CARTESIAN_POINT('',(-0.464658595248,-25.16944502398));
#1497 = CARTESIAN_POINT('',(-0.479359579134,-25.1089705984));
#1498 = CARTESIAN_POINT('',(-0.494058904,-25.04821368205));
#1499 = CARTESIAN_POINT('',(-0.508765247274,-24.98719710423));
#1500 = CARTESIAN_POINT('',(-0.523486740858,-24.92594343691));
#1501 = CARTESIAN_POINT('',(-0.538234870481,-24.86445913364));
#1502 = CARTESIAN_POINT('',(-0.553010170078,-24.80279464738));
#1503 = CARTESIAN_POINT('',(-0.567805441297,-24.7410311949));
#1504 = CARTESIAN_POINT('',(-0.582631606577,-24.67917300949));
#1505 = CARTESIAN_POINT('',(-0.59749451392,-24.61724436539));
#1506 = CARTESIAN_POINT('',(-0.612401110155,-24.55526406675));
#1507 = CARTESIAN_POINT('',(-0.627357839489,-24.49325239561));
#1508 = CARTESIAN_POINT('',(-0.637366653465,-24.45190378115));
#1509 = CARTESIAN_POINT('',(-0.64238153956,-24.43123096012));
#1510 = ( GEOMETRIC_REPRESENTATION_CONTEXT(2) 
PARAMETRIC_REPRESENTATION_CONTEXT() REPRESENTATION_CONTEXT('2D SPACE',''
  ) );
#1511 = PCURVE('',#902,#1512);
#1512 = DEFINITIONAL_REPRESENTATION('',(#1513),#1561);
#1513 = B_SPLINE_CURVE_WITH_KNOTS('',3,(#1514,#1515,#1516,#1517,#1518,
    #1519,#1520,#1521,#1522,#1523,#1524,#1525,#1526,#1527,#1528,#1529,
    #1530,#1531,#1532,#1533,#1534,#1535,#1536,#1537,#1538,#1539,#1540,
    #1541,#1542,#1543,#1544,#1545,#1546,#1547,#1548,#1549,#1550,#1551,
    #1552,#1553,#1554,#1555,#1556,#1557,#1558,#1559,#1560),
  .UNSPECIFIED.,.F.,.F.,(4,1,1,1,1,1,1,1,1,1,1,1,1,1,1,1,1,1,1,1,1,1,1,1
    ,1,1,1,1,1,1,1,1,1,1,1,1,1,1,1,1,1,1,1,1,4),(1.950215977831E-06,
    0.319377869975,0.638753789734,0.958129709494,1.277505629253,
    1.596881549012,1.916257468771,2.235633388531,2.55500930829,
    2.874385228049,3.193761147808,3.513137067567,3.832512987327,
    4.151888907086,4.471264826845,4.790640746604,5.110016666363,
    5.429392586123,5.748768505882,6.068144425641,6.3875203454,
    6.70689626516,7.026272184919,7.345648104678,7.665024024437,
    7.984399944196,8.303775863956,8.623151783715,8.942527703474,
    9.261903623233,9.581279542993,9.900655462752,10.220031382511,
    10.53940730227,10.858783222029,11.178159141789,11.497535061548,
    11.816910981307,12.136286901066,12.455662820826,12.775038740585,
    13.094414660344,13.413790580103,13.733166499862,14.052542419622),
  .UNSPECIFIED.);
#1514 = CARTESIAN_POINT('',(3.6275692263,-3.19744231092E-14));
#1515 = CARTESIAN_POINT('',(3.628447565774,-3.275275392726E-02));
#1516 = CARTESIAN_POINT('',(3.629939029226,-9.837821109976E-02));
#1517 = CARTESIAN_POINT('',(3.63138462427,-0.196985487006));
#1518 = CARTESIAN_POINT('',(3.632038958533,-0.295576408858));
#1519 = CARTESIAN_POINT('',(3.631915345869,-0.393946934838));
#1520 = CARTESIAN_POINT('',(3.631034152838,-0.491994199415));
#1521 = CARTESIAN_POINT('',(3.629420560504,-0.589653721871));
#1522 = CARTESIAN_POINT('',(3.627104278221,-0.68683006243));
#1523 = CARTESIAN_POINT('',(3.624119566232,-0.78341304806));
#1524 = CARTESIAN_POINT('',(3.620505054511,-0.879273752124));
#1525 = CARTESIAN_POINT('',(3.616304065707,-0.974258024396));
#1526 = CARTESIAN_POINT('',(3.611563127818,-1.068210065746));
#1527 = CARTESIAN_POINT('',(3.606337235728,-1.160878273818));
#1528 = CARTESIAN_POINT('',(3.600669947047,-1.252261960026));
#1529 = CARTESIAN_POINT('',(3.594575196034,-1.342736095545));
#1530 = CARTESIAN_POINT('',(3.588087727363,-1.432265045805));
#1531 = CARTESIAN_POINT('',(3.58123366841,-1.520915925612));
#1532 = CARTESIAN_POINT('',(3.57403854229,-1.608722855132));
#1533 = CARTESIAN_POINT('',(3.566525306783,-1.695723948713));
#1534 = CARTESIAN_POINT('',(3.558715055189,-1.781951983186));
#1535 = CARTESIAN_POINT('',(3.550626993136,-1.867437441063));
#1536 = CARTESIAN_POINT('',(3.542278598454,-1.952208201647));
#1537 = CARTESIAN_POINT('',(3.533685720977,-2.036290094612));
#1538 = CARTESIAN_POINT('',(3.524862687406,-2.119707187459));
#1539 = CARTESIAN_POINT('',(3.515822393823,-2.202482110072));
#1540 = CARTESIAN_POINT('',(3.50657639065,-2.284636336098));
#1541 = CARTESIAN_POINT('',(3.497134958969,-2.366190443769));
#1542 = CARTESIAN_POINT('',(3.487507178748,-2.447164351405));
#1543 = CARTESIAN_POINT('',(3.477700989187,-2.527577530075));
#1544 = CARTESIAN_POINT('',(3.46772324141,-2.607449195077));
#1545 = CARTESIAN_POINT('',(3.457579744318,-2.686798474544));
#1546 = CARTESIAN_POINT('',(3.447275302227,-2.765644568438));
#1547 = CARTESIAN_POINT('',(3.436813751233,-2.84400685539));
#1548 = CARTESIAN_POINT('',(3.426197970365,-2.921905113768));
#1549 = CARTESIAN_POINT('',(3.415429958742,-2.999359244192));
#1550 = CARTESIAN_POINT('',(3.404510640189,-3.076390789051));
#1551 = CARTESIAN_POINT('',(3.393440660573,-3.15301769116));
#1552 = CARTESIAN_POINT('',(3.382217457394,-3.229274239637));
#1553 = CARTESIAN_POINT('',(3.370846219981,-3.305136981457));
#1554 = CARTESIAN_POINT('',(3.359337953222,-3.380543554956));
#1555 = CARTESIAN_POINT('',(3.347689323936,-3.455524113925));
#1556 = CARTESIAN_POINT('',(3.335900422954,-3.530081583489));
#1557 = CARTESIAN_POINT('',(3.323970081297,-3.604223415289));
#1558 = CARTESIAN_POINT('',(3.311897170296,-3.677953422863));
#1559 = CARTESIAN_POINT('',(3.303752499194,-3.726833302277));
#1560 = CARTESIAN_POINT('',(3.299655912252,-3.751205253574));
#1561 = ( GEOMETRIC_REPRESENTATION_CONTEXT(2) 
PARAMETRIC_REPRESENTATION_CONTEXT() REPRESENTATION_CONTEXT('2D SPACE',''
  ) );
#1562 = ORIENTED_EDGE('',*,*,#1563,.F.);
#1563 = EDGE_CURVE('',#1564,#1419,#1566,.T.);
#1564 = VERTEX_POINT('',#1565);
#1565 = CARTESIAN_POINT('',(76.707163490662,2.457795585727E-02,16.));
#1566 = SURFACE_CURVE('',#1567,(#1572,#1582),.PCURVE_S1.);
#1567 = ELLIPSE('',#1568,38.840471759118,5.305082141103);
#1568 = AXIS2_PLACEMENT_3D('',#1569,#1570,#1571);
#1569 = CARTESIAN_POINT('',(74.046483427648,-8.871059013743,16.));
#1570 = DIRECTION('',(0.,0.,1.));
#1571 = DIRECTION('',(-0.773957299203,-0.633237790257,0.));
#1572 = PCURVE('',#1314,#1573);
#1573 = DEFINITIONAL_REPRESENTATION('',(#1574),#1581);
#1574 = B_SPLINE_CURVE_WITH_KNOTS('',5,(#1575,#1576,#1577,#1578,#1579,
    #1580),.UNSPECIFIED.,.F.,.F.,(6,6),(4.513022158985,4.570894339818),
  .PIECEWISE_BEZIER_KNOTS.);
#1575 = CARTESIAN_POINT('',(-4.138911435803E-13,-28.70540018881));
#1576 = CARTESIAN_POINT('',(1.180833357759E-02,-28.26904751063));
#1577 = CARTESIAN_POINT('',(2.358214806459E-02,-27.83141925067));
#1578 = CARTESIAN_POINT('',(3.532157801359E-02,-27.39263719423));
#1579 = CARTESIAN_POINT('',(4.702677723159E-02,-26.95282383943));
#1580 = CARTESIAN_POINT('',(5.869791717659E-02,-26.5121021913));
#1581 = ( GEOMETRIC_REPRESENTATION_CONTEXT(2) 
PARAMETRIC_REPRESENTATION_CONTEXT() REPRESENTATION_CONTEXT('2D SPACE',''
  ) );
#1582 = PCURVE('',#1583,#1588);
#1583 = PLANE('',#1584);
#1584 = AXIS2_PLACEMENT_3D('',#1585,#1586,#1587);
#1585 = CARTESIAN_POINT('',(80.,-4.,16.));
#1586 = DIRECTION('',(0.,0.,1.));
#1587 = DIRECTION('',(1.,0.,-0.));
#1588 = DEFINITIONAL_REPRESENTATION('',(#1589),#1593);
#1589 = ELLIPSE('',#1590,38.840471759118,5.305082141103);
#1590 = AXIS2_PLACEMENT_2D('',#1591,#1592);
#1591 = CARTESIAN_POINT('',(-5.953516572352,-4.871059013743));
#1592 = DIRECTION('',(-0.773957299203,-0.633237790257));
#1593 = ( GEOMETRIC_REPRESENTATION_CONTEXT(2) 
PARAMETRIC_REPRESENTATION_CONTEXT() REPRESENTATION_CONTEXT('2D SPACE',''
  ) );
#1594 = ORIENTED_EDGE('',*,*,#1595,.F.);
#1595 = EDGE_CURVE('',#1596,#1564,#1598,.T.);
#1596 = VERTEX_POINT('',#1597);
#1597 = CARTESIAN_POINT('',(76.75,-0.475155320891,13.986801055992));
#1598 = SURFACE_CURVE('',#1599,(#1604,#1610),.PCURVE_S1.);
#1599 = CIRCLE('',#1600,5.2);
#1600 = AXIS2_PLACEMENT_3D('',#1601,#1602,#1603);
#1601 = CARTESIAN_POINT('',(80.,-4.,16.));
#1602 = DIRECTION('',(0.766406315721,0.627059712862,-0.139346602858));
#1603 = DIRECTION('',(-0.633237790257,0.773957299204,-6.864348596372E-14
    ));
#1604 = PCURVE('',#1314,#1605);
#1605 = DEFINITIONAL_REPRESENTATION('',(#1606),#1609);
#1606 = B_SPLINE_CURVE_WITH_KNOTS('',1,(#1607,#1608),.UNSPECIFIED.,.F.,
  .F.,(2,2),(5.881502175631,6.28318530718),.PIECEWISE_BEZIER_KNOTS.);
#1607 = CARTESIAN_POINT('',(0.401683131549,-28.70540018881));
#1608 = CARTESIAN_POINT('',(-4.138911435803E-13,-28.70540018881));
#1609 = ( GEOMETRIC_REPRESENTATION_CONTEXT(2) 
PARAMETRIC_REPRESENTATION_CONTEXT() REPRESENTATION_CONTEXT('2D SPACE',''
  ) );
#1610 = PCURVE('',#1611,#1616);
#1611 = SPHERICAL_SURFACE('',#1612,5.2);
#1612 = AXIS2_PLACEMENT_3D('',#1613,#1614,#1615);
#1613 = CARTESIAN_POINT('',(80.,-4.,16.));
#1614 = DIRECTION('',(0.,0.,1.));
#1615 = DIRECTION('',(1.,0.,-0.));
#1616 = DEFINITIONAL_REPRESENTATION('',(#1617),#1634);
#1617 = B_SPLINE_CURVE_WITH_KNOTS('',8,(#1618,#1619,#1620,#1621,#1622,
    #1623,#1624,#1625,#1626,#1627,#1628,#1629,#1630,#1631,#1632,#1633),
  .UNSPECIFIED.,.F.,.F.,(9,7,9),(5.659206792072,5.835302244385,
    6.28318530718),.UNSPECIFIED.);
#1618 = CARTESIAN_POINT('',(2.356511446491,-0.616972228884));
#1619 = CARTESIAN_POINT('',(2.351900776867,-0.595283916855));
#1620 = CARTESIAN_POINT('',(2.347452236775,-0.573584140204));
#1621 = CARTESIAN_POINT('',(2.343149339934,-0.551874071786));
#1622 = CARTESIAN_POINT('',(2.338977838997,-0.530154723494));
#1623 = CARTESIAN_POINT('',(2.33492521602,-0.508426983291));
#1624 = CARTESIAN_POINT('',(2.330980339481,-0.486691640039));
#1625 = CARTESIAN_POINT('',(2.32713317572,-0.464949404513));
#1626 = CARTESIAN_POINT('',(2.313815403067,-0.387885569296));
#1627 = CARTESIAN_POINT('',(2.304829657542,-0.33252977879));
#1628 = CARTESIAN_POINT('',(2.296269424347,-0.27714401553));
#1629 = CARTESIAN_POINT('',(2.288023570983,-0.22173612182));
#1630 = CARTESIAN_POINT('',(2.280002794008,-0.166312388373));
#1631 = CARTESIAN_POINT('',(2.272128721619,-0.110878331893));
#1632 = CARTESIAN_POINT('',(2.264327210611,-5.543917093091E-02));
#1633 = CARTESIAN_POINT('',(2.256525837701,-3.416070845E-16));
#1634 = ( GEOMETRIC_REPRESENTATION_CONTEXT(2) 
PARAMETRIC_REPRESENTATION_CONTEXT() REPRESENTATION_CONTEXT('2D SPACE',''
  ) );
#1635 = ORIENTED_EDGE('',*,*,#1636,.F.);
#1636 = EDGE_CURVE('',#1637,#1596,#1639,.T.);
#1637 = VERTEX_POINT('',#1638);
#1638 = CARTESIAN_POINT('',(76.75,-7.75,11.386825962398));
#1639 = SURFACE_CURVE('',#1640,(#1645,#1658),.PCURVE_S1.);
#1640 = ELLIPSE('',#1641,6.942903487328,5.319633252093);
#1641 = AXIS2_PLACEMENT_3D('',#1642,#1643,#1644);
#1642 = CARTESIAN_POINT('',(76.75,-6.817404184262,16.626089818725));
#1643 = DIRECTION('',(1.,0.,0.));
#1644 = DIRECTION('',(0.,-0.976187060184,0.216930457819));
#1645 = PCURVE('',#1314,#1646);
#1646 = DEFINITIONAL_REPRESENTATION('',(#1647),#1657);
#1647 = B_SPLINE_CURVE_WITH_KNOTS('',8,(#1648,#1649,#1650,#1651,#1652,
    #1653,#1654,#1655,#1656),.UNSPECIFIED.,.F.,.F.,(9,9),(1.603377502491
    ,2.913936662243),.PIECEWISE_BEZIER_KNOTS.);
#1648 = CARTESIAN_POINT('',(1.730266047397,-24.50593587248));
#1649 = CARTESIAN_POINT('',(1.566366136778,-25.23615477786));
#1650 = CARTESIAN_POINT('',(1.401749289731,-25.96191778725));
#1651 = CARTESIAN_POINT('',(1.236413293296,-26.65336307613));
#1652 = CARTESIAN_POINT('',(1.070397038164,-27.28088447231));
#1653 = CARTESIAN_POINT('',(0.903782553664,-27.81769135832));
#1654 = CARTESIAN_POINT('',(0.736691467326,-28.24235530009));
#1655 = CARTESIAN_POINT('',(0.56927193167,-28.54050619964));
#1656 = CARTESIAN_POINT('',(0.401683131549,-28.70540018881));
#1657 = ( GEOMETRIC_REPRESENTATION_CONTEXT(2) 
PARAMETRIC_REPRESENTATION_CONTEXT() REPRESENTATION_CONTEXT('2D SPACE',''
  ) );
#1658 = PCURVE('',#1659,#1664);
#1659 = PLANE('',#1660);
#1660 = AXIS2_PLACEMENT_3D('',#1661,#1662,#1663);
#1661 = CARTESIAN_POINT('',(76.75,-7.75,9.));
#1662 = DIRECTION('',(1.,0.,0.));
#1663 = DIRECTION('',(0.,0.,1.));
#1664 = DEFINITIONAL_REPRESENTATION('',(#1665),#1669);
#1665 = ELLIPSE('',#1666,6.942903487328,5.319633252093);
#1666 = AXIS2_PLACEMENT_2D('',#1667,#1668);
#1667 = CARTESIAN_POINT('',(7.626089818725,-0.932595815738));
#1668 = DIRECTION('',(0.216930457819,0.976187060184));
#1669 = ( GEOMETRIC_REPRESENTATION_CONTEXT(2) 
PARAMETRIC_REPRESENTATION_CONTEXT() REPRESENTATION_CONTEXT('2D SPACE',''
  ) );
#1670 = ORIENTED_EDGE('',*,*,#1671,.F.);
#1671 = EDGE_CURVE('',#1672,#1637,#1674,.T.);
#1672 = VERTEX_POINT('',#1673);
#1673 = CARTESIAN_POINT('',(82.618318325755,-7.75,13.525750791651));
#1674 = SURFACE_CURVE('',#1675,(#1680,#1692),.PCURVE_S1.);
#1675 = ELLIPSE('',#1676,8.568732473259,5.369885829974);
#1676 = AXIS2_PLACEMENT_3D('',#1677,#1678,#1679);
#1677 = CARTESIAN_POINT('',(75.124794191768,-7.75,16.886401056042));
#1678 = DIRECTION('',(0.,1.,0.));
#1679 = DIRECTION('',(-0.9838699101,0.,0.1788854382));
#1680 = PCURVE('',#1314,#1681);
#1681 = DEFINITIONAL_REPRESENTATION('',(#1682),#1691);
#1682 = B_SPLINE_CURVE_WITH_KNOTS('',7,(#1683,#1684,#1685,#1686,#1687,
    #1688,#1689,#1690),.UNSPECIFIED.,.F.,.F.,(8,8),(3.51641627625,
    4.406207700287),.PIECEWISE_BEZIER_KNOTS.);
#1683 = CARTESIAN_POINT('',(2.640362060444,-28.70540018881));
#1684 = CARTESIAN_POINT('',(2.509096171445,-28.39477415414));
#1685 = CARTESIAN_POINT('',(2.378085237864,-27.96705925063));
#1686 = CARTESIAN_POINT('',(2.247443374154,-27.43045403895));
#1687 = CARTESIAN_POINT('',(2.117272690731,-26.79778832506));
#1688 = CARTESIAN_POINT('',(1.98765418117,-26.08599683008));
#1689 = CARTESIAN_POINT('',(1.85864257066,-25.31492931686));
#1690 = CARTESIAN_POINT('',(1.730266047492,-24.5059358656));
#1691 = ( GEOMETRIC_REPRESENTATION_CONTEXT(2) 
PARAMETRIC_REPRESENTATION_CONTEXT() REPRESENTATION_CONTEXT('2D SPACE',''
  ) );
#1692 = PCURVE('',#1693,#1698);
#1693 = PLANE('',#1694);
#1694 = AXIS2_PLACEMENT_3D('',#1695,#1696,#1697);
#1695 = CARTESIAN_POINT('',(76.75,-7.75,9.));
#1696 = DIRECTION('',(0.,1.,0.));
#1697 = DIRECTION('',(0.,-0.,1.));
#1698 = DEFINITIONAL_REPRESENTATION('',(#1699),#1703);
#1699 = ELLIPSE('',#1700,8.568732473259,5.369885829974);
#1700 = AXIS2_PLACEMENT_2D('',#1701,#1702);
#1701 = CARTESIAN_POINT('',(7.886401056042,-1.625205808232));
#1702 = DIRECTION('',(0.1788854382,-0.9838699101));
#1703 = ( GEOMETRIC_REPRESENTATION_CONTEXT(2) 
PARAMETRIC_REPRESENTATION_CONTEXT() REPRESENTATION_CONTEXT('2D SPACE',''
  ) );
#1704 = ORIENTED_EDGE('',*,*,#1705,.F.);
#1705 = EDGE_CURVE('',#1706,#1672,#1708,.T.);
#1706 = VERTEX_POINT('',#1707);
#1707 = CARTESIAN_POINT('',(83.292836509338,-8.024577955857,16.));
#1708 = SURFACE_CURVE('',#1709,(#1714,#1720),.PCURVE_S1.);
#1709 = CIRCLE('',#1710,5.2);
#1710 = AXIS2_PLACEMENT_3D('',#1711,#1712,#1713);
#1711 = CARTESIAN_POINT('',(80.,-4.,16.));
#1712 = DIRECTION('',(0.766406315721,0.627059712862,-0.139346602858));
#1713 = DIRECTION('',(-0.633237790257,0.773957299204,-6.864348596372E-14
    ));
#1714 = PCURVE('',#1314,#1715);
#1715 = DEFINITIONAL_REPRESENTATION('',(#1716),#1719);
#1716 = B_SPLINE_CURVE_WITH_KNOTS('',1,(#1717,#1718),.UNSPECIFIED.,.F.,
  .F.,(2,2),(3.14159265359,3.642823246736),.PIECEWISE_BEZIER_KNOTS.);
#1717 = CARTESIAN_POINT('',(3.14159265359,-28.70540018881));
#1718 = CARTESIAN_POINT('',(2.640362060444,-28.70540018881));
#1719 = ( GEOMETRIC_REPRESENTATION_CONTEXT(2) 
PARAMETRIC_REPRESENTATION_CONTEXT() REPRESENTATION_CONTEXT('2D SPACE',''
  ) );
#1720 = PCURVE('',#1611,#1721);
#1721 = DEFINITIONAL_REPRESENTATION('',(#1722),#1746);
#1722 = B_SPLINE_CURVE_WITH_KNOTS('',8,(#1723,#1724,#1725,#1726,#1727,
    #1728,#1729,#1730,#1731,#1732,#1733,#1734,#1735,#1736,#1737,#1738,
    #1739,#1740,#1741,#1742,#1743,#1744,#1745),.UNSPECIFIED.,.F.,.F.,(9,
    7,7,9),(3.14159265359,3.285256284111,3.659997411995,3.782631997993),
  .UNSPECIFIED.);
#1723 = CARTESIAN_POINT('',(-0.885066823956,5.786512320073E-10));
#1724 = CARTESIAN_POINT('',(-0.887569202505,-1.778274959153E-02));
#1725 = CARTESIAN_POINT('',(-0.890071578933,-3.556549991386E-02));
#1726 = CARTESIAN_POINT('',(-0.892576365323,-5.334808067406E-02));
#1727 = CARTESIAN_POINT('',(-0.895085974896,-7.113032207629E-02));
#1728 = CARTESIAN_POINT('',(-0.89760284131,-8.891205287521E-02));
#1729 = CARTESIAN_POINT('',(-0.900129436799,-0.106693099091));
#1730 = CARTESIAN_POINT('',(-0.902668289163,-0.124473282807));
#1731 = CARTESIAN_POINT('',(-0.911883249141,-0.188628628402));
#1732 = CARTESIAN_POINT('',(-0.918645698937,-0.234997713864));
#1733 = CARTESIAN_POINT('',(-0.925555352759,-0.281356439289));
#1734 = CARTESIAN_POINT('',(-0.932662857258,-0.327701235924));
#1735 = CARTESIAN_POINT('',(-0.94002468446,-0.374028122696));
#1736 = CARTESIAN_POINT('',(-0.947707051946,-0.420332426949));
#1737 = CARTESIAN_POINT('',(-0.95579257875,-0.466608307629));
#1738 = CARTESIAN_POINT('',(-0.967203089994,-0.52798011484));
#1739 = CARTESIAN_POINT('',(-0.970071292303,-0.543108281673));
#1740 = CARTESIAN_POINT('',(-0.972998112629,-0.558232309937));
#1741 = CARTESIAN_POINT('',(-0.975987670335,-0.573351907473));
#1742 = CARTESIAN_POINT('',(-0.979044442013,-0.588466756548));
#1743 = CARTESIAN_POINT('',(-0.982173320992,-0.603576509531));
#1744 = CARTESIAN_POINT('',(-0.985379684817,-0.618680784014));
#1745 = CARTESIAN_POINT('',(-0.988669485773,-0.633779156236));
#1746 = ( GEOMETRIC_REPRESENTATION_CONTEXT(2) 
PARAMETRIC_REPRESENTATION_CONTEXT() REPRESENTATION_CONTEXT('2D SPACE',''
  ) );
#1747 = ORIENTED_EDGE('',*,*,#1748,.F.);
#1748 = EDGE_CURVE('',#1749,#1706,#1751,.T.);
#1749 = VERTEX_POINT('',#1750);
#1750 = CARTESIAN_POINT('',(81.611562226669,-9.467436985423,16.));
#1751 = SURFACE_CURVE('',#1752,(#1757,#1767),.PCURVE_S1.);
#1752 = ELLIPSE('',#1753,38.840471759118,5.305082141103);
#1753 = AXIS2_PLACEMENT_3D('',#1754,#1755,#1756);
#1754 = CARTESIAN_POINT('',(74.046483427648,-8.871059013743,16.));
#1755 = DIRECTION('',(0.,0.,1.));
#1756 = DIRECTION('',(-0.773957299203,-0.633237790257,0.));
#1757 = PCURVE('',#1314,#1758);
#1758 = DEFINITIONAL_REPRESENTATION('',(#1759),#1766);
#1759 = B_SPLINE_CURVE_WITH_KNOTS('',5,(#1760,#1761,#1762,#1763,#1764,
    #1765),.UNSPECIFIED.,.F.,.F.,(6,6),(1.712290967362,1.770163148195),
  .PIECEWISE_BEZIER_KNOTS.);
#1760 = CARTESIAN_POINT('',(3.082894736414,-26.5121021913));
#1761 = CARTESIAN_POINT('',(3.094565876358,-26.95282383943));
#1762 = CARTESIAN_POINT('',(3.106271075576,-27.39263719422));
#1763 = CARTESIAN_POINT('',(3.118010505526,-27.83141925066));
#1764 = CARTESIAN_POINT('',(3.129784320013,-28.26904751063));
#1765 = CARTESIAN_POINT('',(3.14159265359,-28.70540018881));
#1766 = ( GEOMETRIC_REPRESENTATION_CONTEXT(2) 
PARAMETRIC_REPRESENTATION_CONTEXT() REPRESENTATION_CONTEXT('2D SPACE',''
  ) );
#1767 = PCURVE('',#1583,#1768);
#1768 = DEFINITIONAL_REPRESENTATION('',(#1769),#1773);
#1769 = ELLIPSE('',#1770,38.840471759118,5.305082141103);
#1770 = AXIS2_PLACEMENT_2D('',#1771,#1772);
#1771 = CARTESIAN_POINT('',(-5.953516572352,-4.871059013743));
#1772 = DIRECTION('',(-0.773957299203,-0.633237790257));
#1773 = ( GEOMETRIC_REPRESENTATION_CONTEXT(2) 
PARAMETRIC_REPRESENTATION_CONTEXT() REPRESENTATION_CONTEXT('2D SPACE',''
  ) );
#1774 = ORIENTED_EDGE('',*,*,#1775,.F.);
#1775 = EDGE_CURVE('',#1776,#1749,#1778,.T.);
#1776 = VERTEX_POINT('',#1777);
#1777 = CARTESIAN_POINT('',(81.112582796865,-9.590363096078,18.));
#1778 = SURFACE_CURVE('',#1779,(#1880,#1907),.PCURVE_S1.);
#1779 = B_SPLINE_CURVE_WITH_KNOTS('',8,(#1780,#1781,#1782,#1783,#1784,
    #1785,#1786,#1787,#1788,#1789,#1790,#1791,#1792,#1793,#1794,#1795,
    #1796,#1797,#1798,#1799,#1800,#1801,#1802,#1803,#1804,#1805,#1806,
    #1807,#1808,#1809,#1810,#1811,#1812,#1813,#1814,#1815,#1816,#1817,
    #1818,#1819,#1820,#1821,#1822,#1823,#1824,#1825,#1826,#1827,#1828,
    #1829,#1830,#1831,#1832,#1833,#1834,#1835,#1836,#1837,#1838,#1839,
    #1840,#1841,#1842,#1843,#1844,#1845,#1846,#1847,#1848,#1849,#1850,
    #1851,#1852,#1853,#1854,#1855,#1856,#1857,#1858,#1859,#1860,#1861,
    #1862,#1863,#1864,#1865,#1866,#1867,#1868,#1869,#1870,#1871,#1872,
    #1873,#1874,#1875,#1876,#1877,#1878,#1879),.UNSPECIFIED.,.F.,.F.,(9,
    7,7,7,7,7,7,7,7,7,7,7,7,7,9),(0.,4.93846614443E-02,0.187782554006,
    0.345208562047,0.392997003651,0.436272572641,0.491113260467,
    0.539931134542,0.572897319852,0.621858246781,0.699216623457,
    0.794874691526,0.899770582064,0.928490267171,1.),.UNSPECIFIED.);
#1780 = CARTESIAN_POINT('',(74.971627854975,-1.31569868101,
    16.308449324004));
#1781 = CARTESIAN_POINT('',(74.972117852372,-1.314780792527,
    16.418306125478));
#1782 = CARTESIAN_POINT('',(74.969647222446,-1.319409543274,
    16.527788395935));
#1783 = CARTESIAN_POINT('',(74.9643166887,-1.329381831316,
    16.636782009811));
#1784 = CARTESIAN_POINT('',(74.956313895434,-1.34442663301,
    16.745115843661));
#1785 = CARTESIAN_POINT('',(74.945899157374,-1.364200146941,
    16.852552885601));
#1786 = CARTESIAN_POINT('',(74.933391209295,-1.388280937864,
    16.958781344743));
#1787 = CARTESIAN_POINT('',(74.919152955645,-1.416165080636,
    17.06340576063));
#1788 = CARTESIAN_POINT('',(74.859927048211,-1.534406820104,
    17.453279587273));
#1789 = CARTESIAN_POINT('',(74.805018924911,-1.648279331089,
    17.729134088608));
#1790 = CARTESIAN_POINT('',(74.744648934452,-1.78174280025,
    17.996152106908));
#1791 = CARTESIAN_POINT('',(74.682860458089,-1.930731129648,
    18.255636338834));
#1792 = CARTESIAN_POINT('',(74.622158975636,-2.092694613488,
    18.508387357672));
#1793 = CARTESIAN_POINT('',(74.564409727883,-2.266136200478,
    18.755198556987));
#1794 = CARTESIAN_POINT('',(74.510945645969,-2.450510488462,
    18.996957480402));
#1795 = CARTESIAN_POINT('',(74.408617377775,-2.86906332334,
    19.505218905087));
#1796 = CARTESIAN_POINT('',(74.36167844594,-3.105451637785,
    19.769152128729));
#1797 = CARTESIAN_POINT('',(74.324176620807,-3.355369956693,
    20.027490776372));
#1798 = CARTESIAN_POINT('',(74.298049621065,-3.619193464483,
    20.280213023448));
#1799 = CARTESIAN_POINT('',(74.285456483442,-3.897357648766,
    20.526747704735));
#1800 = CARTESIAN_POINT('',(74.289161049701,-4.1905988234,
    20.765846082271));
#1801 = CARTESIAN_POINT('',(74.31233181367,-4.499688765991,
    20.995757960355));
#1802 = CARTESIAN_POINT('',(74.374827567343,-4.926014682412,
    21.279747402439));
#1803 = CARTESIAN_POINT('',(74.391655846849,-5.026895060994,
    21.344734013093));
#1804 = CARTESIAN_POINT('',(74.410901820335,-5.129418486082,
    21.40848580202));
#1805 = CARTESIAN_POINT('',(74.432720418871,-5.233614386828,
    21.470892036001));
#1806 = CARTESIAN_POINT('',(74.457279764687,-5.339500484354,
    21.531819336683));
#1807 = CARTESIAN_POINT('',(74.484762278396,-5.447083155902,
    21.591111168995));
#1808 = CARTESIAN_POINT('',(74.515365786231,-5.556357798992,
    21.648587329558));
#1809 = CARTESIAN_POINT('',(74.580038474347,-5.767782964038,
    21.754262576818));
#1810 = CARTESIAN_POINT('',(74.613501949321,-5.869613397698,
    21.802815872328));
#1811 = CARTESIAN_POINT('',(74.649854251366,-5.972792026635,
    21.849553760719));
#1812 = CARTESIAN_POINT('',(74.689258088153,-6.077276804875,
    21.894296582301));
#1813 = CARTESIAN_POINT('',(74.73187638052,-6.182990644247,
    21.936836888519));
#1814 = CARTESIAN_POINT('',(74.777866477195,-6.28981925671,
    21.976943400415));
#1815 = CARTESIAN_POINT('',(74.827371879539,-6.397608305116,
    22.01436661565));
#1816 = CARTESIAN_POINT('',(74.947852290267,-6.64372112868,
    22.092539924417));
#1817 = CARTESIAN_POINT('',(75.021081489173,-6.782614121641,
    22.131540728857));
#1818 = CARTESIAN_POINT('',(75.100372762582,-6.922266498784,
    22.165249972458));
#1819 = CARTESIAN_POINT('',(75.185796929498,-7.061990612716,
    22.193077657893));
#1820 = CARTESIAN_POINT('',(75.277286420892,-7.20098891916,
    22.214478304364));
#1821 = CARTESIAN_POINT('',(75.374582999043,-7.338363661807,
    22.2290068002));
#1822 = CARTESIAN_POINT('',(75.477168713736,-7.473130834016,
    22.236394099139));
#1823 = CARTESIAN_POINT('',(75.679439078343,-7.720947265318,
    22.236864112515));
#1824 = CARTESIAN_POINT('',(75.778271128129,-7.834837314493,
    22.231428971093));
#1825 = CARTESIAN_POINT('',(75.880080165659,-7.945165905089,
    22.220326445235));
#1826 = CARTESIAN_POINT('',(75.984261206668,-8.051401380541,
    22.20371584554));
#1827 = CARTESIAN_POINT('',(76.090220247127,-8.153182577479,
    22.18187624112));
#1828 = CARTESIAN_POINT('',(76.19739056583,-8.250285010732,
    22.155165045217));
#1829 = CARTESIAN_POINT('',(76.305245444085,-8.342593753412,
    22.123985629303));
#1830 = CARTESIAN_POINT('',(76.48628031327,-8.48916356746,
    22.064979155033));
#1831 = CARTESIAN_POINT('',(76.55937788193,-8.546070550181,
    22.039340994545));
#1832 = CARTESIAN_POINT('',(76.63248166997,-8.600816567525,
    22.011969068851));
#1833 = CARTESIAN_POINT('',(76.705488807655,-8.653430933625,
    21.982981113544));
#1834 = CARTESIAN_POINT('',(76.778311740906,-8.703956513006,
    21.95249071319));
#1835 = CARTESIAN_POINT('',(76.850878078149,-8.752446564127,
    21.920604999351));
#1836 = CARTESIAN_POINT('',(76.923130437182,-8.798961582929,
    21.88742234861));
#1837 = CARTESIAN_POINT('',(77.101805030992,-8.909812233143,
    21.801951155157));
#1838 = CARTESIAN_POINT('',(77.207776439289,-8.971831723428,
    21.748214489139));
#1839 = CARTESIAN_POINT('',(77.312814334366,-9.029848615387,
    21.692103037296));
#1840 = CARTESIAN_POINT('',(77.416820035278,-9.084081030106,
    21.633868916967));
#1841 = CARTESIAN_POINT('',(77.519721822246,-9.134740128322,
    21.573732816317));
#1842 = CARTESIAN_POINT('',(77.62147439622,-9.182029027141,
    21.51188340259));
#1843 = CARTESIAN_POINT('',(77.722058338436,-9.226141716755,
    21.448476730356));
#1844 = CARTESIAN_POINT('',(77.978565343491,-9.332232082752,
    21.281186593908));
#1845 = CARTESIAN_POINT('',(78.132679498566,-9.389703709702,
    21.175201822075));
#1846 = CARTESIAN_POINT('',(78.283839928302,-9.440406463717,
    21.066175220256));
#1847 = CARTESIAN_POINT('',(78.432056130229,-9.484942661928,
    20.954504299079));
#1848 = CARTESIAN_POINT('',(78.577345383757,-9.523828144682,
    20.840505845406));
#1849 = CARTESIAN_POINT('',(78.719742156571,-9.557518750235,
    20.724424941076));
#1850 = CARTESIAN_POINT('',(78.859300740007,-9.586422452325,
    20.606437348792));
#1851 = CARTESIAN_POINT('',(79.165240252859,-9.641161540733,
    20.338515485496));
#1852 = CARTESIAN_POINT('',(79.33008671487,-9.664642303237,
    20.187688138056));
#1853 = CARTESIAN_POINT('',(79.490727157003,-9.682019516122,
    20.034399362512));
#1854 = CARTESIAN_POINT('',(79.647194616352,-9.693862153771,
    19.87881731549));
#1855 = CARTESIAN_POINT('',(79.799477835079,-9.700667527237,
    19.721050741405));
#1856 = CARTESIAN_POINT('',(79.947526181222,-9.702891907679,
    19.561147606854));
#1857 = CARTESIAN_POINT('',(80.091240164743,-9.700972342956,
    19.399083798568));
#1858 = CARTESIAN_POINT('',(80.383098368736,-9.689163037166,
    19.054529261636));
#1859 = CARTESIAN_POINT('',(80.53021155409,-9.678526914001,
    18.871717637163));
#1860 = CARTESIAN_POINT('',(80.671654026403,-9.664010743179,
    18.686061156358));
#1861 = CARTESIAN_POINT('',(80.807065740481,-9.646181114721,
    18.497306031873));
#1862 = CARTESIAN_POINT('',(80.935827399523,-9.625661671177,
    18.305157589964));
#1863 = CARTESIAN_POINT('',(81.057033512109,-9.603196400509,
    18.109248880874));
#1864 = CARTESIAN_POINT('',(81.169367612061,-9.579731267511,
    17.90904779692));
#1865 = CARTESIAN_POINT('',(81.298541422478,-9.550189310954,
    17.647400474087));
#1866 = CARTESIAN_POINT('',(81.325481557526,-9.543861263726,
    17.590782815967));
#1867 = CARTESIAN_POINT('',(81.351553210165,-9.537581555384,
    17.533772225622));
#1868 = CARTESIAN_POINT('',(81.376707226298,-9.53137897469,
    17.476355692932));
#1869 = CARTESIAN_POINT('',(81.400888954848,-9.525284539308,
    17.418521639118));
#1870 = CARTESIAN_POINT('',(81.424038247754,-9.519331495802,
    17.360259916745));
#1871 = CARTESIAN_POINT('',(81.446089459971,-9.513555319636,
    17.30156180972));
#1872 = CARTESIAN_POINT('',(81.518965943311,-9.494145762196,
    17.0951617115));
#1873 = CARTESIAN_POINT('',(81.563752724845,-9.481616722144,
    16.945038062067));
#1874 = CARTESIAN_POINT('',(81.600188365868,-9.470996733742,
    16.792016262857));
#1875 = CARTESIAN_POINT('',(81.626888175192,-9.462963580916,
    16.636288074194));
#1876 = CARTESIAN_POINT('',(81.642367222417,-9.458224862811,
    16.478295199115));
#1877 = CARTESIAN_POINT('',(81.645228344254,-9.457390832462,
    16.318753242529));
#1878 = CARTESIAN_POINT('',(81.634824021338,-9.460580422194,
    16.158794113002));
#1879 = CARTESIAN_POINT('',(81.611562138776,-9.46743701133,15.9999994));
#1880 = PCURVE('',#1314,#1881);
#1881 = DEFINITIONAL_REPRESENTATION('',(#1882),#1906);
#1882 = B_SPLINE_CURVE_WITH_KNOTS('',8,(#1883,#1884,#1885,#1886,#1887,
    #1888,#1889,#1890,#1891,#1892,#1893,#1894,#1895,#1896,#1897,#1898,
    #1899,#1900,#1901,#1902,#1903,#1904,#1905),.UNSPECIFIED.,.F.,.F.,(9,
    7,7,9),(0.880558897943,0.899770582064,0.928490267171,0.999999966225)
  ,.UNSPECIFIED.);
#1883 = CARTESIAN_POINT('',(3.450789300879,-25.77390598755));
#1884 = CARTESIAN_POINT('',(3.444165884433,-25.79761883738));
#1885 = CARTESIAN_POINT('',(3.437521519804,-25.82114119086));
#1886 = CARTESIAN_POINT('',(3.43085486698,-25.84446273527));
#1887 = CARTESIAN_POINT('',(3.424164520074,-25.86757256261));
#1888 = CARTESIAN_POINT('',(3.41744899936,-25.89045912494));
#1889 = CARTESIAN_POINT('',(3.410706742426,-25.91311018482));
#1890 = CARTESIAN_POINT('',(3.403936094337,-25.93551276016));
#1891 = CARTESIAN_POINT('',(3.386968735187,-25.99075076095));
#1892 = CARTESIAN_POINT('',(3.376736922542,-26.0232553924));
#1893 = CARTESIAN_POINT('',(3.366434793346,-26.05511885584));
#1894 = CARTESIAN_POINT('',(3.356057380497,-26.08628723992));
#1895 = CARTESIAN_POINT('',(3.345599815172,-26.11670082324));
#1896 = CARTESIAN_POINT('',(3.335057326829,-26.14629407436));
#1897 = CARTESIAN_POINT('',(3.324425243209,-26.17499565185));
#1898 = CARTESIAN_POINT('',(3.28699148596,-26.27178072037));
#1899 = CARTESIAN_POINT('',(3.259679281058,-26.33488124242));
#1900 = CARTESIAN_POINT('',(3.231705662127,-26.39078816297));
#1901 = CARTESIAN_POINT('',(3.203047620664,-26.43798851607));
#1902 = CARTESIAN_POINT('',(3.173722033764,-26.47483898741));
#1903 = CARTESIAN_POINT('',(3.143795058102,-26.49978640207));
#1904 = CARTESIAN_POINT('',(3.113427329395,-26.51210219133));
#1905 = CARTESIAN_POINT('',(3.082894736415,-26.51210219133));
#1906 = ( GEOMETRIC_REPRESENTATION_CONTEXT(2) 
PARAMETRIC_REPRESENTATION_CONTEXT() REPRESENTATION_CONTEXT('2D SPACE',''
  ) );
#1907 = PCURVE('',#902,#1908);
#1908 = DEFINITIONAL_REPRESENTATION('',(#1909),#1933);
#1909 = B_SPLINE_CURVE_WITH_KNOTS('',8,(#1910,#1911,#1912,#1913,#1914,
    #1915,#1916,#1917,#1918,#1919,#1920,#1921,#1922,#1923,#1924,#1925,
    #1926,#1927,#1928,#1929,#1930,#1931,#1932),.UNSPECIFIED.,.F.,.F.,(9,
    7,7,9),(0.880558897943,0.899770582064,0.928490267171,0.999999966225)
  ,.UNSPECIFIED.);
#1910 = CARTESIAN_POINT('',(7.657530497743,-2.));
#1911 = CARTESIAN_POINT('',(7.653791870502,-1.963497737165));
#1912 = CARTESIAN_POINT('',(7.65010408432,-1.926848896673));
#1913 = CARTESIAN_POINT('',(7.646468832968,-1.890049608205));
#1914 = CARTESIAN_POINT('',(7.642887932463,-1.853095723724));
#1915 = CARTESIAN_POINT('',(7.639363330027,-1.815982785466));
#1916 = CARTESIAN_POINT('',(7.635897114169,-1.778705990093));
#1917 = CARTESIAN_POINT('',(7.632491526001,-1.741260148589));
#1918 = CARTESIAN_POINT('',(7.624152163711,-1.647400474087));
#1919 = CARTESIAN_POINT('',(7.619297271322,-1.590782815967));
#1920 = CARTESIAN_POINT('',(7.61459260982,-1.533772225622));
#1921 = CARTESIAN_POINT('',(7.610047567583,-1.476355692932));
#1922 = CARTESIAN_POINT('',(7.605672606301,-1.418521639118));
#1923 = CARTESIAN_POINT('',(7.601479260971,-1.360259916745));
#1924 = CARTESIAN_POINT('',(7.597480139897,-1.30156180972));
#1925 = CARTESIAN_POINT('',(7.584249104687,-1.095161781051));
#1926 = CARTESIAN_POINT('',(7.576090747677,-0.945038203876));
#1927 = CARTESIAN_POINT('',(7.569433077805,-0.792016479678));
#1928 = CARTESIAN_POINT('',(7.564541563905,-0.636288368399));
#1929 = CARTESIAN_POINT('',(7.561701413666,-0.478295572223));
#1930 = CARTESIAN_POINT('',(7.561178709438,-0.318753694645));
#1931 = CARTESIAN_POINT('',(7.563087753138,-0.158794641852));
#1932 = CARTESIAN_POINT('',(7.567342366246,2.841140936342E-14));
#1933 = ( GEOMETRIC_REPRESENTATION_CONTEXT(2) 
PARAMETRIC_REPRESENTATION_CONTEXT() REPRESENTATION_CONTEXT('2D SPACE',''
  ) );
#1934 = ORIENTED_EDGE('',*,*,#1935,.F.);
#1935 = EDGE_CURVE('',#1936,#1776,#1938,.T.);
#1936 = VERTEX_POINT('',#1937);
#1937 = CARTESIAN_POINT('',(80.372689704027,-10.28896671835,18.));
#1938 = SURFACE_CURVE('',#1939,(#1944,#1954),.PCURVE_S1.);
#1939 = ELLIPSE('',#1940,41.828200355973,5.713165382726);
#1940 = AXIS2_PLACEMENT_3D('',#1941,#1942,#1943);
#1941 = CARTESIAN_POINT('',(62.58852061439,-18.24575586095,18.));
#1942 = DIRECTION('',(0.,0.,1.));
#1943 = DIRECTION('',(-0.773957299203,-0.633237790257,0.));
#1944 = PCURVE('',#1314,#1945);
#1945 = DEFINITIONAL_REPRESENTATION('',(#1946),#1953);
#1946 = B_SPLINE_CURVE_WITH_KNOTS('',5,(#1947,#1948,#1949,#1950,#1951,
    #1952),.UNSPECIFIED.,.F.,.F.,(6,6),(2.037027304291,2.064385082339),
  .PIECEWISE_BEZIER_KNOTS.);
#1947 = CARTESIAN_POINT('',(3.42127465438,-24.76878106168));
#1948 = CARTESIAN_POINT('',(3.427161962122,-24.97122476848));
#1949 = CARTESIAN_POINT('',(3.433057089503,-25.17297169701));
#1950 = CARTESIAN_POINT('',(3.438960028331,-25.37400922071));
#1951 = CARTESIAN_POINT('',(3.444870769092,-25.57432480001));
#1952 = CARTESIAN_POINT('',(3.45078930091,-25.77390598692));
#1953 = ( GEOMETRIC_REPRESENTATION_CONTEXT(2) 
PARAMETRIC_REPRESENTATION_CONTEXT() REPRESENTATION_CONTEXT('2D SPACE',''
  ) );
#1954 = PCURVE('',#763,#1955);
#1955 = DEFINITIONAL_REPRESENTATION('',(#1956),#1960);
#1956 = ELLIPSE('',#1957,41.828200355973,5.713165382726);
#1957 = AXIS2_PLACEMENT_2D('',#1958,#1959);
#1958 = CARTESIAN_POINT('',(-17.41147938561,-14.24575586095));
#1959 = DIRECTION('',(-0.773957299203,-0.633237790257));
#1960 = ( GEOMETRIC_REPRESENTATION_CONTEXT(2) 
PARAMETRIC_REPRESENTATION_CONTEXT() REPRESENTATION_CONTEXT('2D SPACE',''
  ) );
#1961 = ORIENTED_EDGE('',*,*,#1962,.T.);
#1962 = EDGE_CURVE('',#1936,#24,#1963,.T.);
#1963 = SURFACE_CURVE('',#1964,(#2069,#2159),.PCURVE_S1.);
#1964 = B_SPLINE_CURVE_WITH_KNOTS('',7,(#1965,#1966,#1967,#1968,#1969,
    #1970,#1971,#1972,#1973,#1974,#1975,#1976,#1977,#1978,#1979,#1980,
    #1981,#1982,#1983,#1984,#1985,#1986,#1987,#1988,#1989,#1990,#1991,
    #1992,#1993,#1994,#1995,#1996,#1997,#1998,#1999,#2000,#2001,#2002,
    #2003,#2004,#2005,#2006,#2007,#2008,#2009,#2010,#2011,#2012,#2013,
    #2014,#2015,#2016,#2017,#2018,#2019,#2020,#2021,#2022,#2023,#2024,
    #2025,#2026,#2027,#2028,#2029,#2030,#2031,#2032,#2033,#2034,#2035,
    #2036,#2037,#2038,#2039,#2040,#2041,#2042,#2043,#2044,#2045,#2046,
    #2047,#2048,#2049,#2050,#2051,#2052,#2053,#2054,#2055,#2056,#2057,
    #2058,#2059,#2060,#2061,#2062,#2063,#2064,#2065,#2066,#2067,#2068),
  .UNSPECIFIED.,.F.,.F.,(8,6,6,6,6,6,6,6,6,6,6,6,6,6,6,6,6,8),(0.,
    4.99288908551E-02,0.115651972233,0.164690845372,0.191278412196,
    0.295054072791,0.404346796035,0.449561008821,0.486580550136,
    0.506582724418,0.547438062699,0.588288196897,0.608583822532,
    0.645613393444,0.690842868697,0.8001840517,0.904081341095,1.),
  .UNSPECIFIED.);
#1965 = CARTESIAN_POINT('',(80.372689442469,-10.28896673385,18.0000006)
  );
#1966 = CARTESIAN_POINT('',(80.419818199162,-10.2861738442,
    17.891889510075));
#1967 = CARTESIAN_POINT('',(80.463959747313,-10.28314448844,
    17.782647321209));
#1968 = CARTESIAN_POINT('',(80.504905790356,-10.27998461181,
    17.67225151148));
#1969 = CARTESIAN_POINT('',(80.542416438281,-10.27680420364,
    17.560699669556));
#1970 = CARTESIAN_POINT('',(80.576223973627,-10.27371682811,
    17.448010775566));
#1971 = CARTESIAN_POINT('',(80.606043403323,-10.27083492345,
    17.334229094044));
#1972 = CARTESIAN_POINT('',(80.665217374304,-10.26487255573,
    17.068317657156));
#1973 = CARTESIAN_POINT('',(80.691438462075,-10.26201826635,
    16.915452625487));
#1974 = CARTESIAN_POINT('',(80.709602572322,-10.25992955403,
    16.761031161411));
#1975 = CARTESIAN_POINT('',(80.719055567008,-10.25881549359,
    16.605371067814));
#1976 = CARTESIAN_POINT('',(80.719250102988,-10.25880501978,
    16.448924412197));
#1977 = CARTESIAN_POINT('',(80.709872999454,-10.25990744756,
    16.292292278464));
#1978 = CARTESIAN_POINT('',(80.676899740546,-10.26354593506,
    16.01980644803));
#1979 = CARTESIAN_POINT('',(80.657507957807,-10.26564803327,
    15.903615915185));
#1980 = CARTESIAN_POINT('',(80.632820591029,-10.26824722041,
    15.787945843181));
#1981 = CARTESIAN_POINT('',(80.602938008087,-10.27125172299,
    15.673032029775));
#1982 = CARTESIAN_POINT('',(80.56803436569,-10.27453852207,
    15.559074959304));
#1983 = CARTESIAN_POINT('',(80.528337442349,-10.27796363229,
    15.446243901852));
#1984 = CARTESIAN_POINT('',(80.460128704936,-10.28322051337,
    15.274194594453));
#1985 = CARTESIAN_POINT('',(80.434815086912,-10.28506401845,
    15.214076952184));
#1986 = CARTESIAN_POINT('',(80.408207585413,-10.2868784006,
    15.154347447779));
#1987 = CARTESIAN_POINT('',(80.38034781342,-10.28863844405,
    15.095021682959));
#1988 = CARTESIAN_POINT('',(80.351278041091,-10.29031855792,
    15.036111855087));
#1989 = CARTESIAN_POINT('',(80.321040208103,-10.29189312126,
    14.97762711325));
#1990 = CARTESIAN_POINT('',(80.167251103293,-10.29897185394,
    14.692982699443));
#1991 = CARTESIAN_POINT('',(80.027760394041,-10.30260830563,
    14.473168203955));
#1992 = CARTESIAN_POINT('',(79.873498102426,-10.30275250859,
    14.26015749503));
#1993 = CARTESIAN_POINT('',(79.706535885562,-10.29795228032,
    14.053827430652));
#1994 = CARTESIAN_POINT('',(79.52846102312,-10.28694287078,
    13.854068192408));
#1995 = CARTESIAN_POINT('',(79.340429753794,-10.26854471795,
    13.660739941089));
#1996 = CARTESIAN_POINT('',(78.935214483912,-10.21290989962,
    13.276732174979));
#1997 = CARTESIAN_POINT('',(78.717277763382,-10.17476016311,
    13.086991114403));
#1998 = CARTESIAN_POINT('',(78.490052712047,-10.1255112492,
    12.904309776662));
#1999 = CARTESIAN_POINT('',(78.254232706433,-10.0636099544,
    12.72902405037));
#2000 = CARTESIAN_POINT('',(78.010563088151,-9.987357810185,
    12.561846035637));
#2001 = CARTESIAN_POINT('',(77.759880684616,-9.894922976179,
    12.403824698545));
#2002 = CARTESIAN_POINT('',(77.396807134877,-9.738186067903,
    12.195456284934));
#2003 = CARTESIAN_POINT('',(77.289541884057,-9.68917881661,
    12.136319128726));
#2004 = CARTESIAN_POINT('',(77.18133928317,-9.636882843267,
    12.079132744149));
#2005 = CARTESIAN_POINT('',(77.072302609078,-9.581149353002,
    12.024032226936));
#2006 = CARTESIAN_POINT('',(76.962559689497,-9.521833384223,
    11.971173112063));
#2007 = CARTESIAN_POINT('',(76.852263871953,-9.458798184223,
    11.920728652492));
#2008 = CARTESIAN_POINT('',(76.650983857564,-9.337162133011,
    11.833716396967));
#2009 = CARTESIAN_POINT('',(76.560126577777,-9.279830528932,
    11.796292350882));
#2010 = CARTESIAN_POINT('',(76.469125012402,-9.219859650184,
    11.760719061518));
#2011 = CARTESIAN_POINT('',(76.378100117766,-9.157194390847,
    11.727110454869));
#2012 = CARTESIAN_POINT('',(76.287191535677,-9.091794990643,
    11.695586559233));
#2013 = CARTESIAN_POINT('',(76.196557181599,-9.02364236414,
    11.666269783412));
#2014 = CARTESIAN_POINT('',(76.057644971887,-8.914435747397,
    11.624698884278));
#2015 = CARTESIAN_POINT('',(76.009048850147,-8.87532663511,
    11.610796351916));
#2016 = CARTESIAN_POINT('',(75.960612632342,-8.835417661027,
    11.597592748806));
#2017 = CARTESIAN_POINT('',(75.912365944375,-8.794712689586,
    11.585107017114));
#2018 = CARTESIAN_POINT('',(75.86433976977,-8.753218215185,
    11.573357605199));
#2019 = CARTESIAN_POINT('',(75.816566346123,-8.710943695612,
    11.562362182626));
#2020 = CARTESIAN_POINT('',(75.672084152484,-8.579987057426,
    11.5312526864));
#2021 = CARTESIAN_POINT('',(75.576270825427,-8.488859951897,
    11.513580422261));
#2022 = CARTESIAN_POINT('',(75.481940930018,-8.394643649639,
    11.499266564144));
#2023 = CARTESIAN_POINT('',(75.389393712028,-8.297502174191,
    11.488431255022));
#2024 = CARTESIAN_POINT('',(75.298921027913,-8.197646316266,
    11.481161630561));
#2025 = CARTESIAN_POINT('',(75.210802559379,-8.095339458127,
    11.477504670243));
#2026 = CARTESIAN_POINT('',(75.039810387549,-7.886480640678,
    11.477415432405));
#2027 = CARTESIAN_POINT('',(74.956919212881,-7.779908699216,
    11.480982225075));
#2028 = CARTESIAN_POINT('',(74.876891471642,-7.671508245398,
    11.488161509006));
#2029 = CARTESIAN_POINT('',(74.799930678127,-7.561605233566,
    11.498907043685));
#2030 = CARTESIAN_POINT('',(74.726186491466,-7.450527372767,
    11.513132364768));
#2031 = CARTESIAN_POINT('',(74.655761313873,-7.33860059895,
    11.530717883271));
#2032 = CARTESIAN_POINT('',(74.555407119477,-7.170274356587,
    11.561852126416));
#2033 = CARTESIAN_POINT('',(74.522929750162,-7.114269262843,
    11.572980379162));
#2034 = CARTESIAN_POINT('',(74.491291041365,-7.058167153297,
    11.584885435255));
#2035 = CARTESIAN_POINT('',(74.460494061074,-7.002003030803,
    11.597548851103));
#2036 = CARTESIAN_POINT('',(74.430539058243,-6.945809975365,
    11.61095135375));
#2037 = CARTESIAN_POINT('',(74.401423836194,-6.889619105821,
    11.625073147349));
#2038 = CARTESIAN_POINT('',(74.32154751342,-6.730995857667,
    11.666935413512));
#2039 = CARTESIAN_POINT('',(74.272733018618,-6.628637816615,
    11.696304088331));
#2040 = CARTESIAN_POINT('',(74.22667227451,-6.52655890139,
    11.727879055962));
#2041 = CARTESIAN_POINT('',(74.183315016621,-6.42490992904,
    11.761537834872));
#2042 = CARTESIAN_POINT('',(74.142594382284,-6.323819706436,
    11.797160365497));
#2043 = CARTESIAN_POINT('',(74.10443220983,-6.223395686056,
    11.834632725602));
#2044 = CARTESIAN_POINT('',(74.025153669907,-6.001982192053,
    11.921753506842));
#2045 = CARTESIAN_POINT('',(73.985256711002,-5.881369585413,
    11.9722580751));
#2046 = CARTESIAN_POINT('',(73.948895832113,-5.762038189781,
    12.02517631792));
#2047 = CARTESIAN_POINT('',(73.915906393325,-5.64411097912,
    12.080335037943));
#2048 = CARTESIAN_POINT('',(73.886120823686,-5.527684328165,
    12.137578784719));
#2049 = CARTESIAN_POINT('',(73.859372701148,-5.412829827143,
    12.196772566486));
#2050 = CARTESIAN_POINT('',(73.777791156627,-5.025856240009,
    12.405347962498));
#2051 = CARTESIAN_POINT('',(73.736935077571,-4.761801940082,
    12.563518775862));
#2052 = CARTESIAN_POINT('',(73.710550423566,-4.507838000476,
    12.730845997577));
#2053 = CARTESIAN_POINT('',(73.696674825506,-4.264421577286,
    12.906282072171));
#2054 = CARTESIAN_POINT('',(73.693494689523,-4.031947495215,
    13.089116327397));
#2055 = CARTESIAN_POINT('',(73.699348847465,-3.810789387883,
    13.279014385008));
#2056 = CARTESIAN_POINT('',(73.725230675299,-3.402502976218,
    13.663476278541));
#2057 = CARTESIAN_POINT('',(73.74452277799,-3.214470819736,
    13.857109516697));
#2058 = CARTESIAN_POINT('',(73.769083276007,-3.037694720784,
    14.057190194431));
#2059 = CARTESIAN_POINT('',(73.797521511395,-2.873080946339,
    14.263859710076));
#2060 = CARTESIAN_POINT('',(73.828276161341,-2.721944099049,
    14.477228007503));
#2061 = CARTESIAN_POINT('',(73.859503803346,-2.586039361489,
    14.697417155421));
#2062 = CARTESIAN_POINT('',(73.916765478495,-2.357738189137,
    15.133941358182));
#2063 = CARTESIAN_POINT('',(73.943038823087,-2.262705191994,
    15.34945821746));
#2064 = CARTESIAN_POINT('',(73.966480855382,-2.184208286963,
    15.570204106143));
#2065 = CARTESIAN_POINT('',(73.985444846838,-2.124064238832,
    15.795200552543));
#2066 = CARTESIAN_POINT('',(73.998488241629,-2.083654290073,
    16.023160617553));
#2067 = CARTESIAN_POINT('',(74.005091859362,-2.063229791595,
    16.25227570193));
#2068 = CARTESIAN_POINT('',(74.005573900284,-2.061738992024,
    16.480141960645));
#2069 = PCURVE('',#1314,#2070);
#2070 = DEFINITIONAL_REPRESENTATION('',(#2071),#2158);
#2071 = B_SPLINE_CURVE_WITH_KNOTS('',7,(#2072,#2073,#2074,#2075,#2076,
    #2077,#2078,#2079,#2080,#2081,#2082,#2083,#2084,#2085,#2086,#2087,
    #2088,#2089,#2090,#2091,#2092,#2093,#2094,#2095,#2096,#2097,#2098,
    #2099,#2100,#2101,#2102,#2103,#2104,#2105,#2106,#2107,#2108,#2109,
    #2110,#2111,#2112,#2113,#2114,#2115,#2116,#2117,#2118,#2119,#2120,
    #2121,#2122,#2123,#2124,#2125,#2126,#2127,#2128,#2129,#2130,#2131,
    #2132,#2133,#2134,#2135,#2136,#2137,#2138,#2139,#2140,#2141,#2142,
    #2143,#2144,#2145,#2146,#2147,#2148,#2149,#2150,#2151,#2152,#2153,
    #2154,#2155,#2156,#2157),.UNSPECIFIED.,.F.,.F.,(8,6,6,6,6,6,6,6,6,6,
    6,6,6,6,8),(3.958541469092E-08,4.99288908551E-02,0.115651972233,
    0.164690845372,0.191278412196,0.295054072791,0.404346796035,
    0.449561008821,0.486580550136,0.506582724418,0.547438062699,
    0.588288196897,0.608583822532,0.645613393444,0.67527265661),
  .UNSPECIFIED.);
#2072 = CARTESIAN_POINT('',(3.421274654385,-24.76878106145));
#2073 = CARTESIAN_POINT('',(3.401421236005,-24.82171700852));
#2074 = CARTESIAN_POINT('',(3.381405517004,-24.87266943553));
#2075 = CARTESIAN_POINT('',(3.361208188968,-24.92141540746));
#2076 = CARTESIAN_POINT('',(3.340812989271,-24.96770243777));
#2077 = CARTESIAN_POINT('',(3.320206603326,-25.01125149041));
#2078 = CARTESIAN_POINT('',(3.29937933545,-25.051767472));
#2079 = CARTESIAN_POINT('',(3.250614033323,-25.13791136359));
#2080 = CARTESIAN_POINT('',(3.222512535789,-25.1810984036));
#2081 = CARTESIAN_POINT('',(3.194015565565,-25.21784734618));
#2082 = CARTESIAN_POINT('',(3.165136849226,-25.24748146868));
#2083 = CARTESIAN_POINT('',(3.13591399639,-25.26943743997));
#2084 = CARTESIAN_POINT('',(3.106415193757,-25.28338563629));
#2085 = CARTESIAN_POINT('',(3.054613624245,-25.29380314829));
#2086 = CARTESIAN_POINT('',(3.032370129696,-25.29381377846));
#2087 = CARTESIAN_POINT('',(3.010054737327,-25.28938161068));
#2088 = CARTESIAN_POINT('',(2.987698697091,-25.28060825738));
#2089 = CARTESIAN_POINT('',(2.965328722493,-25.26767639676));
#2090 = CARTESIAN_POINT('',(2.942967498267,-25.25082729992));
#2091 = CARTESIAN_POINT('',(2.908525663952,-25.21922980095));
#2092 = CARTESIAN_POINT('',(2.896424538683,-25.20705048568));
#2093 = CARTESIAN_POINT('',(2.884333181421,-25.19384370606));
#2094 = CARTESIAN_POINT('',(2.872253339418,-25.1796549923));
#2095 = CARTESIAN_POINT('',(2.860186167683,-25.16453108786));
#2096 = CARTESIAN_POINT('',(2.848132258659,-25.14851892654));
#2097 = CARTESIAN_POINT('',(2.789095274931,-25.06587942933));
#2098 = CARTESIAN_POINT('',(2.742343804814,-24.98732299963));
#2099 = CARTESIAN_POINT('',(2.695770464123,-24.89868729985));
#2100 = CARTESIAN_POINT('',(2.649273905063,-24.80248782566));
#2101 = CARTESIAN_POINT('',(2.602730635159,-24.70074945484));
#2102 = CARTESIAN_POINT('',(2.555982098083,-24.59511747796));
#2103 = CARTESIAN_POINT('',(2.459108296802,-24.37295446678));
#2104 = CARTESIAN_POINT('',(2.408999085964,-24.25628832278));
#2105 = CARTESIAN_POINT('',(2.358209759559,-24.13847964198));
#2106 = CARTESIAN_POINT('',(2.306524617747,-24.02098697893));
#2107 = CARTESIAN_POINT('',(2.253733357802,-23.90534738062));
#2108 = CARTESIAN_POINT('',(2.199619361346,-23.79320470028));
#2109 = CARTESIAN_POINT('',(2.120831127039,-23.64226166997));
#2110 = CARTESIAN_POINT('',(2.097505395251,-23.59902393903));
#2111 = CARTESIAN_POINT('',(2.073893320935,-23.55685820878));
#2112 = CARTESIAN_POINT('',(2.049980599612,-23.5159181094));
#2113 = CARTESIAN_POINT('',(2.025755441723,-23.47637083517));
#2114 = CARTESIAN_POINT('',(2.00120854781,-23.43839552249));
#2115 = CARTESIAN_POINT('',(1.955966074871,-23.3725311778));
#2116 = CARTESIAN_POINT('',(1.935379677498,-23.34406283762));
#2117 = CARTESIAN_POINT('',(1.914571031928,-23.31688100221));
#2118 = CARTESIAN_POINT('',(1.893539915388,-23.29109705276));
#2119 = CARTESIAN_POINT('',(1.872289171195,-23.26682621817));
#2120 = CARTESIAN_POINT('',(1.85082513796,-23.24418443631));
#2121 = CARTESIAN_POINT('',(1.817451064632,-23.21199307477));
#2122 = CARTESIAN_POINT('',(1.805684874911,-23.20120971952));
#2123 = CARTESIAN_POINT('',(1.793861259966,-23.19095308335));
#2124 = CARTESIAN_POINT('',(1.781982309994,-23.18124080898));
#2125 = CARTESIAN_POINT('',(1.770050491147,-23.17208999928));
#2126 = CARTESIAN_POINT('',(1.758068681649,-23.16351696857));
#2127 = CARTESIAN_POINT('',(1.721471510696,-23.1392375374));
#2128 = CARTESIAN_POINT('',(1.696705000579,-23.12541030502));
#2129 = CARTESIAN_POINT('',(1.671773411725,-23.11418911236));
#2130 = CARTESIAN_POINT('',(1.646711813198,-23.10568370921));
#2131 = CARTESIAN_POINT('',(1.621558885915,-23.09997345577));
#2132 = CARTESIAN_POINT('',(1.596358199608,-23.09710099904));
#2133 = CARTESIAN_POINT('',(1.545963989725,-23.0970309037));
#2134 = CARTESIAN_POINT('',(1.520765577463,-23.09983253449));
#2135 = CARTESIAN_POINT('',(1.495613984688,-23.10547191679));
#2136 = CARTESIAN_POINT('',(1.470552810234,-23.11390707586));
#2137 = CARTESIAN_POINT('',(1.445620795559,-23.12505926679));
#2138 = CARTESIAN_POINT('',(1.420853100235,-23.13881925429));
#2139 = CARTESIAN_POINT('',(1.384075172447,-23.16311932008));
#2140 = CARTESIAN_POINT('',(1.37191566314,-23.1717963129));
#2141 = CARTESIAN_POINT('',(1.359807539955,-23.18106865024));
#2142 = CARTESIAN_POINT('',(1.347753817588,-23.19091930459));
#2143 = CARTESIAN_POINT('',(1.335757073832,-23.20133040922));
#2144 = CARTESIAN_POINT('',(1.323819488401,-23.21228352572));
#2145 = CARTESIAN_POINT('',(1.290273894764,-23.24469869133));
#2146 = CARTESIAN_POINT('',(1.268808220717,-23.26737913298));
#2147 = CARTESIAN_POINT('',(1.247556070646,-23.29168759859));
#2148 = CARTESIAN_POINT('',(1.226523736587,-23.31750806122));
#2149 = CARTESIAN_POINT('',(1.205714019702,-23.34472523722));
#2150 = CARTESIAN_POINT('',(1.185126658392,-23.37322771853));
#2151 = CARTESIAN_POINT('',(1.148444849707,-23.42668635699));
#2152 = CARTESIAN_POINT('',(1.132272296804,-23.45121835963));
#2153 = CARTESIAN_POINT('',(1.116239152849,-23.47645367596));
#2154 = CARTESIAN_POINT('',(1.100343019379,-23.50234078246));
#2155 = CARTESIAN_POINT('',(1.084581040995,-23.52883026457));
#2156 = CARTESIAN_POINT('',(1.068949902045,-23.55587501201));
#2157 = CARTESIAN_POINT('',(1.053445823305,-23.58343041414));
#2158 = ( GEOMETRIC_REPRESENTATION_CONTEXT(2) 
PARAMETRIC_REPRESENTATION_CONTEXT() REPRESENTATION_CONTEXT('2D SPACE',''
  ) );
#2159 = PCURVE('',#296,#2160);
#2160 = DEFINITIONAL_REPRESENTATION('',(#2161),#2266);
#2161 = B_SPLINE_CURVE_WITH_KNOTS('',7,(#2162,#2163,#2164,#2165,#2166,
    #2167,#2168,#2169,#2170,#2171,#2172,#2173,#2174,#2175,#2176,#2177,
    #2178,#2179,#2180,#2181,#2182,#2183,#2184,#2185,#2186,#2187,#2188,
    #2189,#2190,#2191,#2192,#2193,#2194,#2195,#2196,#2197,#2198,#2199,
    #2200,#2201,#2202,#2203,#2204,#2205,#2206,#2207,#2208,#2209,#2210,
    #2211,#2212,#2213,#2214,#2215,#2216,#2217,#2218,#2219,#2220,#2221,
    #2222,#2223,#2224,#2225,#2226,#2227,#2228,#2229,#2230,#2231,#2232,
    #2233,#2234,#2235,#2236,#2237,#2238,#2239,#2240,#2241,#2242,#2243,
    #2244,#2245,#2246,#2247,#2248,#2249,#2250,#2251,#2252,#2253,#2254,
    #2255,#2256,#2257,#2258,#2259,#2260,#2261,#2262,#2263,#2264,#2265),
  .UNSPECIFIED.,.F.,.F.,(8,6,6,6,6,6,6,6,6,6,6,6,6,6,6,6,6,8),(0.,
    4.99288908551E-02,0.115651972233,0.164690845372,0.191278412196,
    0.295054072791,0.404346796035,0.449561008821,0.486580550136,
    0.506582724418,0.547438062699,0.588288196897,0.608583822532,
    0.645613393444,0.690842868697,0.8001840517,0.904081341095,1.),
  .UNSPECIFIED.);
#2162 = CARTESIAN_POINT('',(1.51160471407,-13.0000006));
#2163 = CARTESIAN_POINT('',(1.504110834918,-12.89188951007));
#2164 = CARTESIAN_POINT('',(1.49708806484,-12.7826473212));
#2165 = CARTESIAN_POINT('',(1.490569717481,-12.67225151148));
#2166 = CARTESIAN_POINT('',(1.484594535105,-12.56069966955));
#2167 = CARTESIAN_POINT('',(1.479206054766,-12.44801077556));
#2168 = CARTESIAN_POINT('',(1.474450797778,-12.33422909404));
#2169 = CARTESIAN_POINT('',(1.465010544378,-12.06831765715));
#2170 = CARTESIAN_POINT('',(1.460824020531,-11.91545262548));
#2171 = CARTESIAN_POINT('',(1.457921841204,-11.76103116141));
#2172 = CARTESIAN_POINT('',(1.456410974051,-11.60537106781));
#2173 = CARTESIAN_POINT('',(1.456380124579,-11.44892441219));
#2174 = CARTESIAN_POINT('',(1.457878772243,-11.29229227846));
#2175 = CARTESIAN_POINT('',(1.463144391115,-11.01980644803));
#2176 = CARTESIAN_POINT('',(1.466240476696,-10.90361591518));
#2177 = CARTESIAN_POINT('',(1.470180739094,-10.78794584318));
#2178 = CARTESIAN_POINT('',(1.47494780986,-10.67303202977));
#2179 = CARTESIAN_POINT('',(1.480512351386,-10.5590749593));
#2180 = CARTESIAN_POINT('',(1.486836596397,-10.44624390185));
#2181 = CARTESIAN_POINT('',(1.497695487301,-10.27419459445));
#2182 = CARTESIAN_POINT('',(1.501724127377,-10.21407695218));
#2183 = CARTESIAN_POINT('',(1.505957273679,-10.15434744777));
#2184 = CARTESIAN_POINT('',(1.510388169858,-10.09502168295));
#2185 = CARTESIAN_POINT('',(1.515010003978,-10.03611185508));
#2186 = CARTESIAN_POINT('',(1.51981607531,-9.97762711325));
#2187 = CARTESIAN_POINT('',(1.544252889834,-9.692982699443));
#2188 = CARTESIAN_POINT('',(1.566397391512,-9.473168203955));
#2189 = CARTESIAN_POINT('',(1.590870665511,-9.26015749503));
#2190 = CARTESIAN_POINT('',(1.617360534529,-9.053827430652));
#2191 = CARTESIAN_POINT('',(1.645653028379,-8.854068192408));
#2192 = CARTESIAN_POINT('',(1.675619096215,-8.660739941089));
#2193 = CARTESIAN_POINT('',(1.740542379421,-8.276732174979));
#2194 = CARTESIAN_POINT('',(1.775637653971,-8.086991114403));
#2195 = CARTESIAN_POINT('',(1.812493663999,-7.904309776662));
#2196 = CARTESIAN_POINT('',(1.851123916187,-7.729024050371));
#2197 = CARTESIAN_POINT('',(1.891574058795,-7.561846035637));
#2198 = CARTESIAN_POINT('',(1.9339213923,-7.403824698545));
#2199 = CARTESIAN_POINT('',(1.996692870911,-7.195456284934));
#2200 = CARTESIAN_POINT('',(2.015407824878,-7.136319128726));
#2201 = CARTESIAN_POINT('',(2.034476383917,-7.079132744149));
#2202 = CARTESIAN_POINT('',(2.053904721841,-7.024032226936));
#2203 = CARTESIAN_POINT('',(2.073697148079,-6.971173112063));
#2204 = CARTESIAN_POINT('',(2.093855882928,-6.920728652492));
#2205 = CARTESIAN_POINT('',(2.131185819182,-6.833716396967));
#2206 = CARTESIAN_POINT('',(2.148235583827,-6.796292350882));
#2207 = CARTESIAN_POINT('',(2.165529346827,-6.760719061518));
#2208 = CARTESIAN_POINT('',(2.183064012849,-6.727110454869));
#2209 = CARTESIAN_POINT('',(2.200833725775,-6.695586559233));
#2210 = CARTESIAN_POINT('',(2.218829423343,-6.666269783412));
#2211 = CARTESIAN_POINT('',(2.246876951279,-6.624698884278));
#2212 = CARTESIAN_POINT('',(2.256777693088,-6.610796351916));
#2213 = CARTESIAN_POINT('',(2.266738502642,-6.597592748806));
#2214 = CARTESIAN_POINT('',(2.276756949913,-6.585107017114));
#2215 = CARTESIAN_POINT('',(2.286830257962,-6.573357605199));
#2216 = CARTESIAN_POINT('',(2.296955271505,-6.562362182626));
#2217 = CARTESIAN_POINT('',(2.32790754882,-6.5312526864));
#2218 = CARTESIAN_POINT('',(2.348890156454,-6.513580422261));
#2219 = CARTESIAN_POINT('',(2.37004219475,-6.499266564144));
#2220 = CARTESIAN_POINT('',(2.391327033711,-6.488431255022));
#2221 = CARTESIAN_POINT('',(2.412704560788,-6.481161630561));
#2222 = CARTESIAN_POINT('',(2.434130274685,-6.477504670243));
#2223 = CARTESIAN_POINT('',(2.476975754713,-6.477415432405));
#2224 = CARTESIAN_POINT('',(2.498399689282,-6.480982225075));
#2225 = CARTESIAN_POINT('',(2.519776392967,-6.488161509006));
#2226 = CARTESIAN_POINT('',(2.541061339231,-6.498907043685));
#2227 = CARTESIAN_POINT('',(2.562214360827,-6.513132364768));
#2228 = CARTESIAN_POINT('',(2.5831987457,-6.530717883271));
#2229 = CARTESIAN_POINT('',(2.614305276056,-6.561852126416));
#2230 = CARTESIAN_POINT('',(2.624580814478,-6.572980379162));
#2231 = CARTESIAN_POINT('',(2.634803209694,-6.584885435255));
#2232 = CARTESIAN_POINT('',(2.644969158179,-6.597548851103));
#2233 = CARTESIAN_POINT('',(2.655075757551,-6.61095135375));
#2234 = CARTESIAN_POINT('',(2.665120472778,-6.625073147349));
#2235 = CARTESIAN_POINT('',(2.693310860395,-6.666935413512));
#2236 = CARTESIAN_POINT('',(2.711307017059,-6.696304088331));
#2237 = CARTESIAN_POINT('',(2.729076903435,-6.727879055962));
#2238 = CARTESIAN_POINT('',(2.746611497234,-6.761537834872));
#2239 = CARTESIAN_POINT('',(2.763904978114,-6.797160365497));
#2240 = CARTESIAN_POINT('',(2.780954282994,-6.834632725602));
#2241 = CARTESIAN_POINT('',(2.818284235809,-6.921753506842));
#2242 = CARTESIAN_POINT('',(2.838443322677,-6.9722580751));
#2243 = CARTESIAN_POINT('',(2.858235877678,-7.02517631792));
#2244 = CARTESIAN_POINT('',(2.877664158631,-7.080335037943));
#2245 = CARTESIAN_POINT('',(2.896732502536,-7.137578784719));
#2246 = CARTESIAN_POINT('',(2.915447102652,-7.196772566486));
#2247 = CARTESIAN_POINT('',(2.978221640635,-7.405347962498));
#2248 = CARTESIAN_POINT('',(3.020571341971,-7.563518775862));
#2249 = CARTESIAN_POINT('',(3.061022892963,-7.730845997577));
#2250 = CARTESIAN_POINT('',(3.099653546103,-7.906282072171));
#2251 = CARTESIAN_POINT('',(3.13650875484,-8.089116327397));
#2252 = CARTESIAN_POINT('',(3.171601659904,-8.279014385008));
#2253 = CARTESIAN_POINT('',(3.236539109304,-8.663476278541));
#2254 = CARTESIAN_POINT('',(3.266519424725,-8.857109516697));
#2255 = CARTESIAN_POINT('',(3.294821287714,-9.057190194431));
#2256 = CARTESIAN_POINT('',(3.321314472474,-9.263859710076));
#2257 = CARTESIAN_POINT('',(3.345783304653,-9.477228007503));
#2258 = CARTESIAN_POINT('',(3.367913251674,-9.697417155421));
#2259 = CARTESIAN_POINT('',(3.405274003381,-10.13394135818));
#2260 = CARTESIAN_POINT('',(3.420919982226,-10.34945821746));
#2261 = CARTESIAN_POINT('',(3.433920071683,-10.57020410614));
#2262 = CARTESIAN_POINT('',(3.443929872853,-10.79520055254));
#2263 = CARTESIAN_POINT('',(3.450670003169,-11.02316061755));
#2264 = CARTESIAN_POINT('',(3.454077224895,-11.25227570193));
#2265 = CARTESIAN_POINT('',(3.454325922526,-11.48014196064));
#2266 = ( GEOMETRIC_REPRESENTATION_CONTEXT(2) 
PARAMETRIC_REPRESENTATION_CONTEXT() REPRESENTATION_CONTEXT('2D SPACE',''
  ) );
#2267 = ADVANCED_FACE('',(#2268),#1693,.T.);
#2268 = FACE_BOUND('',#2269,.T.);
#2269 = EDGE_LOOP('',(#2270,#2300,#2328,#2349,#2350));
#2270 = ORIENTED_EDGE('',*,*,#2271,.F.);
#2271 = EDGE_CURVE('',#2272,#2274,#2276,.T.);
#2272 = VERTEX_POINT('',#2273);
#2273 = CARTESIAN_POINT('',(83.25,-7.75,9.));
#2274 = VERTEX_POINT('',#2275);
#2275 = CARTESIAN_POINT('',(83.25,-7.75,14.445972973208));
#2276 = SURFACE_CURVE('',#2277,(#2281,#2288),.PCURVE_S1.);
#2277 = LINE('',#2278,#2279);
#2278 = CARTESIAN_POINT('',(83.25,-7.75,9.));
#2279 = VECTOR('',#2280,1.);
#2280 = DIRECTION('',(0.,0.,1.));
#2281 = PCURVE('',#1693,#2282);
#2282 = DEFINITIONAL_REPRESENTATION('',(#2283),#2287);
#2283 = LINE('',#2284,#2285);
#2284 = CARTESIAN_POINT('',(0.,6.5));
#2285 = VECTOR('',#2286,1.);
#2286 = DIRECTION('',(1.,0.));
#2287 = ( GEOMETRIC_REPRESENTATION_CONTEXT(2) 
PARAMETRIC_REPRESENTATION_CONTEXT() REPRESENTATION_CONTEXT('2D SPACE',''
  ) );
#2288 = PCURVE('',#2289,#2294);
#2289 = PLANE('',#2290);
#2290 = AXIS2_PLACEMENT_3D('',#2291,#2292,#2293);
#2291 = CARTESIAN_POINT('',(83.25,-7.75,9.));
#2292 = DIRECTION('',(1.,0.,0.));
#2293 = DIRECTION('',(0.,0.,1.));
#2294 = DEFINITIONAL_REPRESENTATION('',(#2295),#2299);
#2295 = LINE('',#2296,#2297);
#2296 = CARTESIAN_POINT('',(0.,0.));
#2297 = VECTOR('',#2298,1.);
#2298 = DIRECTION('',(1.,0.));
#2299 = ( GEOMETRIC_REPRESENTATION_CONTEXT(2) 
PARAMETRIC_REPRESENTATION_CONTEXT() REPRESENTATION_CONTEXT('2D SPACE',''
  ) );
#2300 = ORIENTED_EDGE('',*,*,#2301,.F.);
#2301 = EDGE_CURVE('',#2302,#2272,#2304,.T.);
#2302 = VERTEX_POINT('',#2303);
#2303 = CARTESIAN_POINT('',(76.75,-7.75,9.));
#2304 = SURFACE_CURVE('',#2305,(#2309,#2316),.PCURVE_S1.);
#2305 = LINE('',#2306,#2307);
#2306 = CARTESIAN_POINT('',(76.75,-7.75,9.));
#2307 = VECTOR('',#2308,1.);
#2308 = DIRECTION('',(1.,0.,0.));
#2309 = PCURVE('',#1693,#2310);
#2310 = DEFINITIONAL_REPRESENTATION('',(#2311),#2315);
#2311 = LINE('',#2312,#2313);
#2312 = CARTESIAN_POINT('',(0.,0.));
#2313 = VECTOR('',#2314,1.);
#2314 = DIRECTION('',(0.,1.));
#2315 = ( GEOMETRIC_REPRESENTATION_CONTEXT(2) 
PARAMETRIC_REPRESENTATION_CONTEXT() REPRESENTATION_CONTEXT('2D SPACE',''
  ) );
#2316 = PCURVE('',#2317,#2322);
#2317 = PLANE('',#2318);
#2318 = AXIS2_PLACEMENT_3D('',#2319,#2320,#2321);
#2319 = CARTESIAN_POINT('',(76.75,-7.75,9.));
#2320 = DIRECTION('',(0.,0.,1.));
#2321 = DIRECTION('',(1.,0.,-0.));
#2322 = DEFINITIONAL_REPRESENTATION('',(#2323),#2327);
#2323 = LINE('',#2324,#2325);
#2324 = CARTESIAN_POINT('',(0.,0.));
#2325 = VECTOR('',#2326,1.);
#2326 = DIRECTION('',(1.,0.));
#2327 = ( GEOMETRIC_REPRESENTATION_CONTEXT(2) 
PARAMETRIC_REPRESENTATION_CONTEXT() REPRESENTATION_CONTEXT('2D SPACE',''
  ) );
#2328 = ORIENTED_EDGE('',*,*,#2329,.T.);
#2329 = EDGE_CURVE('',#2302,#1637,#2330,.T.);
#2330 = SURFACE_CURVE('',#2331,(#2335,#2342),.PCURVE_S1.);
#2331 = LINE('',#2332,#2333);
#2332 = CARTESIAN_POINT('',(76.75,-7.75,9.));
#2333 = VECTOR('',#2334,1.);
#2334 = DIRECTION('',(0.,0.,1.));
#2335 = PCURVE('',#1693,#2336);
#2336 = DEFINITIONAL_REPRESENTATION('',(#2337),#2341);
#2337 = LINE('',#2338,#2339);
#2338 = CARTESIAN_POINT('',(0.,0.));
#2339 = VECTOR('',#2340,1.);
#2340 = DIRECTION('',(1.,0.));
#2341 = ( GEOMETRIC_REPRESENTATION_CONTEXT(2) 
PARAMETRIC_REPRESENTATION_CONTEXT() REPRESENTATION_CONTEXT('2D SPACE',''
  ) );
#2342 = PCURVE('',#1659,#2343);
#2343 = DEFINITIONAL_REPRESENTATION('',(#2344),#2348);
#2344 = LINE('',#2345,#2346);
#2345 = CARTESIAN_POINT('',(0.,0.));
#2346 = VECTOR('',#2347,1.);
#2347 = DIRECTION('',(1.,0.));
#2348 = ( GEOMETRIC_REPRESENTATION_CONTEXT(2) 
PARAMETRIC_REPRESENTATION_CONTEXT() REPRESENTATION_CONTEXT('2D SPACE',''
  ) );
#2349 = ORIENTED_EDGE('',*,*,#1671,.F.);
#2350 = ORIENTED_EDGE('',*,*,#2351,.F.);
#2351 = EDGE_CURVE('',#2274,#1672,#2352,.T.);
#2352 = SURFACE_CURVE('',#2353,(#2358,#2365),.PCURVE_S1.);
#2353 = CIRCLE('',#2354,3.602429735609);
#2354 = AXIS2_PLACEMENT_3D('',#2355,#2356,#2357);
#2355 = CARTESIAN_POINT('',(80.,-7.75,16.));
#2356 = DIRECTION('',(0.,1.,0.));
#2357 = DIRECTION('',(0.,-0.,1.));
#2358 = PCURVE('',#1693,#2359);
#2359 = DEFINITIONAL_REPRESENTATION('',(#2360),#2364);
#2360 = CIRCLE('',#2361,3.602429735609);
#2361 = AXIS2_PLACEMENT_2D('',#2362,#2363);
#2362 = CARTESIAN_POINT('',(7.,3.25));
#2363 = DIRECTION('',(1.,0.));
#2364 = ( GEOMETRIC_REPRESENTATION_CONTEXT(2) 
PARAMETRIC_REPRESENTATION_CONTEXT() REPRESENTATION_CONTEXT('2D SPACE',''
  ) );
#2365 = PCURVE('',#1611,#2366);
#2366 = DEFINITIONAL_REPRESENTATION('',(#2367),#2375);
#2367 = B_SPLINE_CURVE_WITH_KNOTS('',6,(#2368,#2369,#2370,#2371,#2372,
    #2373,#2374),.UNSPECIFIED.,.F.,.F.,(7,7),(2.016821539953,
    2.386747967157),.PIECEWISE_BEZIER_KNOTS.);
#2368 = CARTESIAN_POINT('',(-0.856705628183,-0.303488770614));
#2369 = CARTESIAN_POINT('',(-0.871296381122,-0.343868122971));
#2370 = CARTESIAN_POINT('',(-0.888587460098,-0.383431741174));
#2371 = CARTESIAN_POINT('',(-0.908750630274,-0.421975194081));
#2372 = CARTESIAN_POINT('',(-0.9319958529,-0.459265326357));
#2373 = CARTESIAN_POINT('',(-0.958569580371,-0.495023223849));
#2374 = CARTESIAN_POINT('',(-0.988669485773,-0.528920921449));
#2375 = ( GEOMETRIC_REPRESENTATION_CONTEXT(2) 
PARAMETRIC_REPRESENTATION_CONTEXT() REPRESENTATION_CONTEXT('2D SPACE',''
  ) );
#2376 = ADVANCED_FACE('',(#2377),#2317,.T.);
#2377 = FACE_BOUND('',#2378,.T.);
#2378 = EDGE_LOOP('',(#2379,#2402,#2403,#2426));
#2379 = ORIENTED_EDGE('',*,*,#2380,.F.);
#2380 = EDGE_CURVE('',#2302,#2381,#2383,.T.);
#2381 = VERTEX_POINT('',#2382);
#2382 = CARTESIAN_POINT('',(76.75,-0.25,9.));
#2383 = SURFACE_CURVE('',#2384,(#2388,#2395),.PCURVE_S1.);
#2384 = LINE('',#2385,#2386);
#2385 = CARTESIAN_POINT('',(76.75,-7.75,9.));
#2386 = VECTOR('',#2387,1.);
#2387 = DIRECTION('',(0.,1.,0.));
#2388 = PCURVE('',#2317,#2389);
#2389 = DEFINITIONAL_REPRESENTATION('',(#2390),#2394);
#2390 = LINE('',#2391,#2392);
#2391 = CARTESIAN_POINT('',(0.,0.));
#2392 = VECTOR('',#2393,1.);
#2393 = DIRECTION('',(0.,1.));
#2394 = ( GEOMETRIC_REPRESENTATION_CONTEXT(2) 
PARAMETRIC_REPRESENTATION_CONTEXT() REPRESENTATION_CONTEXT('2D SPACE',''
  ) );
#2395 = PCURVE('',#1659,#2396);
#2396 = DEFINITIONAL_REPRESENTATION('',(#2397),#2401);
#2397 = LINE('',#2398,#2399);
#2398 = CARTESIAN_POINT('',(0.,0.));
#2399 = VECTOR('',#2400,1.);
#2400 = DIRECTION('',(0.,-1.));
#2401 = ( GEOMETRIC_REPRESENTATION_CONTEXT(2) 
PARAMETRIC_REPRESENTATION_CONTEXT() REPRESENTATION_CONTEXT('2D SPACE',''
  ) );
#2402 = ORIENTED_EDGE('',*,*,#2301,.T.);
#2403 = ORIENTED_EDGE('',*,*,#2404,.T.);
#2404 = EDGE_CURVE('',#2272,#2405,#2407,.T.);
#2405 = VERTEX_POINT('',#2406);
#2406 = CARTESIAN_POINT('',(83.25,-0.25,9.));
#2407 = SURFACE_CURVE('',#2408,(#2412,#2419),.PCURVE_S1.);
#2408 = LINE('',#2409,#2410);
#2409 = CARTESIAN_POINT('',(83.25,-7.75,9.));
#2410 = VECTOR('',#2411,1.);
#2411 = DIRECTION('',(0.,1.,0.));
#2412 = PCURVE('',#2317,#2413);
#2413 = DEFINITIONAL_REPRESENTATION('',(#2414),#2418);
#2414 = LINE('',#2415,#2416);
#2415 = CARTESIAN_POINT('',(6.5,0.));
#2416 = VECTOR('',#2417,1.);
#2417 = DIRECTION('',(0.,1.));
#2418 = ( GEOMETRIC_REPRESENTATION_CONTEXT(2) 
PARAMETRIC_REPRESENTATION_CONTEXT() REPRESENTATION_CONTEXT('2D SPACE',''
  ) );
#2419 = PCURVE('',#2289,#2420);
#2420 = DEFINITIONAL_REPRESENTATION('',(#2421),#2425);
#2421 = LINE('',#2422,#2423);
#2422 = CARTESIAN_POINT('',(0.,0.));
#2423 = VECTOR('',#2424,1.);
#2424 = DIRECTION('',(0.,-1.));
#2425 = ( GEOMETRIC_REPRESENTATION_CONTEXT(2) 
PARAMETRIC_REPRESENTATION_CONTEXT() REPRESENTATION_CONTEXT('2D SPACE',''
  ) );
#2426 = ORIENTED_EDGE('',*,*,#2427,.F.);
#2427 = EDGE_CURVE('',#2381,#2405,#2428,.T.);
#2428 = SURFACE_CURVE('',#2429,(#2433,#2440),.PCURVE_S1.);
#2429 = LINE('',#2430,#2431);
#2430 = CARTESIAN_POINT('',(76.75,-0.25,9.));
#2431 = VECTOR('',#2432,1.);
#2432 = DIRECTION('',(1.,0.,0.));
#2433 = PCURVE('',#2317,#2434);
#2434 = DEFINITIONAL_REPRESENTATION('',(#2435),#2439);
#2435 = LINE('',#2436,#2437);
#2436 = CARTESIAN_POINT('',(0.,7.5));
#2437 = VECTOR('',#2438,1.);
#2438 = DIRECTION('',(1.,0.));
#2439 = ( GEOMETRIC_REPRESENTATION_CONTEXT(2) 
PARAMETRIC_REPRESENTATION_CONTEXT() REPRESENTATION_CONTEXT('2D SPACE',''
  ) );
#2440 = PCURVE('',#2441,#2446);
#2441 = PLANE('',#2442);
#2442 = AXIS2_PLACEMENT_3D('',#2443,#2444,#2445);
#2443 = CARTESIAN_POINT('',(76.75,-0.25,9.));
#2444 = DIRECTION('',(0.,1.,0.));
#2445 = DIRECTION('',(0.,-0.,1.));
#2446 = DEFINITIONAL_REPRESENTATION('',(#2447),#2451);
#2447 = LINE('',#2448,#2449);
#2448 = CARTESIAN_POINT('',(0.,0.));
#2449 = VECTOR('',#2450,1.);
#2450 = DIRECTION('',(0.,1.));
#2451 = ( GEOMETRIC_REPRESENTATION_CONTEXT(2) 
PARAMETRIC_REPRESENTATION_CONTEXT() REPRESENTATION_CONTEXT('2D SPACE',''
  ) );
#2452 = ADVANCED_FACE('',(#2453),#2441,.F.);
#2453 = FACE_BOUND('',#2454,.F.);
#2454 = EDGE_LOOP('',(#2455,#2478,#2479,#2502));
#2455 = ORIENTED_EDGE('',*,*,#2456,.F.);
#2456 = EDGE_CURVE('',#2405,#2457,#2459,.T.);
#2457 = VERTEX_POINT('',#2458);
#2458 = CARTESIAN_POINT('',(83.25,-0.25,14.445972973208));
#2459 = SURFACE_CURVE('',#2460,(#2464,#2471),.PCURVE_S1.);
#2460 = LINE('',#2461,#2462);
#2461 = CARTESIAN_POINT('',(83.25,-0.25,9.));
#2462 = VECTOR('',#2463,1.);
#2463 = DIRECTION('',(0.,0.,1.));
#2464 = PCURVE('',#2441,#2465);
#2465 = DEFINITIONAL_REPRESENTATION('',(#2466),#2470);
#2466 = LINE('',#2467,#2468);
#2467 = CARTESIAN_POINT('',(0.,6.5));
#2468 = VECTOR('',#2469,1.);
#2469 = DIRECTION('',(1.,0.));
#2470 = ( GEOMETRIC_REPRESENTATION_CONTEXT(2) 
PARAMETRIC_REPRESENTATION_CONTEXT() REPRESENTATION_CONTEXT('2D SPACE',''
  ) );
#2471 = PCURVE('',#2289,#2472);
#2472 = DEFINITIONAL_REPRESENTATION('',(#2473),#2477);
#2473 = LINE('',#2474,#2475);
#2474 = CARTESIAN_POINT('',(0.,-7.5));
#2475 = VECTOR('',#2476,1.);
#2476 = DIRECTION('',(1.,0.));
#2477 = ( GEOMETRIC_REPRESENTATION_CONTEXT(2) 
PARAMETRIC_REPRESENTATION_CONTEXT() REPRESENTATION_CONTEXT('2D SPACE',''
  ) );
#2478 = ORIENTED_EDGE('',*,*,#2427,.F.);
#2479 = ORIENTED_EDGE('',*,*,#2480,.T.);
#2480 = EDGE_CURVE('',#2381,#2481,#2483,.T.);
#2481 = VERTEX_POINT('',#2482);
#2482 = CARTESIAN_POINT('',(76.75,-0.25,14.445972973208));
#2483 = SURFACE_CURVE('',#2484,(#2488,#2495),.PCURVE_S1.);
#2484 = LINE('',#2485,#2486);
#2485 = CARTESIAN_POINT('',(76.75,-0.25,9.));
#2486 = VECTOR('',#2487,1.);
#2487 = DIRECTION('',(0.,0.,1.));
#2488 = PCURVE('',#2441,#2489);
#2489 = DEFINITIONAL_REPRESENTATION('',(#2490),#2494);
#2490 = LINE('',#2491,#2492);
#2491 = CARTESIAN_POINT('',(0.,0.));
#2492 = VECTOR('',#2493,1.);
#2493 = DIRECTION('',(1.,0.));
#2494 = ( GEOMETRIC_REPRESENTATION_CONTEXT(2) 
PARAMETRIC_REPRESENTATION_CONTEXT() REPRESENTATION_CONTEXT('2D SPACE',''
  ) );
#2495 = PCURVE('',#1659,#2496);
#2496 = DEFINITIONAL_REPRESENTATION('',(#2497),#2501);
#2497 = LINE('',#2498,#2499);
#2498 = CARTESIAN_POINT('',(0.,-7.5));
#2499 = VECTOR('',#2500,1.);
#2500 = DIRECTION('',(1.,0.));
#2501 = ( GEOMETRIC_REPRESENTATION_CONTEXT(2) 
PARAMETRIC_REPRESENTATION_CONTEXT() REPRESENTATION_CONTEXT('2D SPACE',''
  ) );
#2502 = ORIENTED_EDGE('',*,*,#2503,.F.);
#2503 = EDGE_CURVE('',#2457,#2481,#2504,.T.);
#2504 = SURFACE_CURVE('',#2505,(#2510,#2517),.PCURVE_S1.);
#2505 = CIRCLE('',#2506,3.602429735609);
#2506 = AXIS2_PLACEMENT_3D('',#2507,#2508,#2509);
#2507 = CARTESIAN_POINT('',(80.,-0.25,16.));
#2508 = DIRECTION('',(0.,1.,0.));
#2509 = DIRECTION('',(0.,-0.,1.));
#2510 = PCURVE('',#2441,#2511);
#2511 = DEFINITIONAL_REPRESENTATION('',(#2512),#2516);
#2512 = CIRCLE('',#2513,3.602429735609);
#2513 = AXIS2_PLACEMENT_2D('',#2514,#2515);
#2514 = CARTESIAN_POINT('',(7.,3.25));
#2515 = DIRECTION('',(1.,0.));
#2516 = ( GEOMETRIC_REPRESENTATION_CONTEXT(2) 
PARAMETRIC_REPRESENTATION_CONTEXT() REPRESENTATION_CONTEXT('2D SPACE',''
  ) );
#2517 = PCURVE('',#1611,#2518);
#2518 = DEFINITIONAL_REPRESENTATION('',(#2519),#2550);
#2519 = B_SPLINE_CURVE_WITH_KNOTS('',8,(#2520,#2521,#2522,#2523,#2524,
    #2525,#2526,#2527,#2528,#2529,#2530,#2531,#2532,#2533,#2534,#2535,
    #2536,#2537,#2538,#2539,#2540,#2541,#2542,#2543,#2544,#2545,#2546,
    #2547,#2548,#2549),.UNSPECIFIED.,.F.,.F.,(9,7,7,7,9),(2.016821539953
    ,2.579207096771,3.000996264385,3.633680015806,4.266363767227),
  .UNSPECIFIED.);
#2520 = CARTESIAN_POINT('',(0.856705628182,-0.303488770614));
#2521 = CARTESIAN_POINT('',(0.873341967423,-0.349529205054));
#2522 = CARTESIAN_POINT('',(0.89332173306,-0.394559552119));
#2523 = CARTESIAN_POINT('',(0.916860100342,-0.438323914277));
#2524 = CARTESIAN_POINT('',(0.944217874251,-0.480531004336));
#2525 = CARTESIAN_POINT('',(0.975693301137,-0.520846469798));
#2526 = CARTESIAN_POINT('',(1.011594046661,-0.558875890678));
#2527 = CARTESIAN_POINT('',(1.05216131916,-0.594160708776));
#2528 = CARTESIAN_POINT('',(1.131360716336,-0.650245824546));
#2529 = CARTESIAN_POINT('',(1.167941275491,-0.672462016923));
#2530 = CARTESIAN_POINT('',(1.207169830282,-0.69265041724));
#2531 = CARTESIAN_POINT('',(1.248989101196,-0.710594464908));
#2532 = CARTESIAN_POINT('',(1.293242635652,-0.726073779069));
#2533 = CARTESIAN_POINT('',(1.33963547342,-0.738883715174));
#2534 = CARTESIAN_POINT('',(1.38772525661,-0.748859279585));
#2535 = CARTESIAN_POINT('',(1.510866377805,-0.766444674869));
#2536 = CARTESIAN_POINT('',(1.587376074266,-0.770377400874));
#2537 = CARTESIAN_POINT('',(1.66471731715,-0.767331888883));
#2538 = CARTESIAN_POINT('',(1.740655653437,-0.757224878983));
#2539 = CARTESIAN_POINT('',(1.812822807887,-0.740416038944));
#2540 = CARTESIAN_POINT('',(1.879936473952,-0.717590094966));
#2541 = CARTESIAN_POINT('',(1.941345815847,-0.689473689489));
#2542 = CARTESIAN_POINT('',(2.052388700511,-0.624102241119));
#2543 = CARTESIAN_POINT('',(2.102022144866,-0.586846960889));
#2544 = CARTESIAN_POINT('',(2.145580284479,-0.545740888063));
#2545 = CARTESIAN_POINT('',(2.183333768344,-0.501486803709));
#2546 = CARTESIAN_POINT('',(2.215739402542,-0.454675439182));
#2547 = CARTESIAN_POINT('',(2.243223537169,-0.405801414539));
#2548 = CARTESIAN_POINT('',(2.266171143761,-0.355284259359));
#2549 = CARTESIAN_POINT('',(2.284887025407,-0.303488770614));
#2550 = ( GEOMETRIC_REPRESENTATION_CONTEXT(2) 
PARAMETRIC_REPRESENTATION_CONTEXT() REPRESENTATION_CONTEXT('2D SPACE',''
  ) );
#2551 = ADVANCED_FACE('',(#2552),#2289,.F.);
#2552 = FACE_BOUND('',#2553,.F.);
#2553 = EDGE_LOOP('',(#2554,#2555,#2556,#2557));
#2554 = ORIENTED_EDGE('',*,*,#2271,.F.);
#2555 = ORIENTED_EDGE('',*,*,#2404,.T.);
#2556 = ORIENTED_EDGE('',*,*,#2456,.T.);
#2557 = ORIENTED_EDGE('',*,*,#2558,.F.);
#2558 = EDGE_CURVE('',#2274,#2457,#2559,.T.);
#2559 = SURFACE_CURVE('',#2560,(#2565,#2572),.PCURVE_S1.);
#2560 = CIRCLE('',#2561,4.059248698959);
#2561 = AXIS2_PLACEMENT_3D('',#2562,#2563,#2564);
#2562 = CARTESIAN_POINT('',(83.25,-4.,16.));
#2563 = DIRECTION('',(1.,0.,0.));
#2564 = DIRECTION('',(-0.,0.,1.));
#2565 = PCURVE('',#2289,#2566);
#2566 = DEFINITIONAL_REPRESENTATION('',(#2567),#2571);
#2567 = CIRCLE('',#2568,4.059248698959);
#2568 = AXIS2_PLACEMENT_2D('',#2569,#2570);
#2569 = CARTESIAN_POINT('',(7.,-3.75));
#2570 = DIRECTION('',(1.,0.));
#2571 = ( GEOMETRIC_REPRESENTATION_CONTEXT(2) 
PARAMETRIC_REPRESENTATION_CONTEXT() REPRESENTATION_CONTEXT('2D SPACE',''
  ) );
#2572 = PCURVE('',#1611,#2573);
#2573 = DEFINITIONAL_REPRESENTATION('',(#2574),#2612);
#2574 = B_SPLINE_CURVE_WITH_KNOTS('',8,(#2575,#2576,#2577,#2578,#2579,
    #2580,#2581,#2582,#2583,#2584,#2585,#2586,#2587,#2588,#2589,#2590,
    #2591,#2592,#2593,#2594,#2595,#2596,#2597,#2598,#2599,#2600,#2601,
    #2602,#2603,#2604,#2605,#2606,#2607,#2608,#2609,#2610,#2611),
  .UNSPECIFIED.,.F.,.F.,(9,7,7,7,7,9),(1.963660683328,2.552626668459,
    2.994351157307,3.325644523943,3.822584573897,4.319524623852),
  .UNSPECIFIED.);
#2575 = CARTESIAN_POINT('',(-0.856705628183,-0.303488770614));
#2576 = CARTESIAN_POINT('',(-0.841606011732,-0.359123166251));
#2577 = CARTESIAN_POINT('',(-0.822839369323,-0.41392552606));
#2578 = CARTESIAN_POINT('',(-0.800071703282,-0.467640580779));
#2579 = CARTESIAN_POINT('',(-0.772856165543,-0.519968979951));
#2580 = CARTESIAN_POINT('',(-0.74062096787,-0.570541514812));
#2581 = CARTESIAN_POINT('',(-0.702668400228,-0.618899763341));
#2582 = CARTESIAN_POINT('',(-0.658180650195,-0.664435291102));
#2583 = CARTESIAN_POINT('',(-0.567856857987,-0.737878465665));
#2584 = CARTESIAN_POINT('',(-0.52513842862,-0.767347104617));
#2585 = CARTESIAN_POINT('',(-0.478161851773,-0.794494603925));
#2586 = CARTESIAN_POINT('',(-0.426751232034,-0.818962866368));
#2587 = CARTESIAN_POINT('',(-0.370874831245,-0.840358324012));
#2588 = CARTESIAN_POINT('',(-0.310791504418,-0.858261025228));
#2589 = CARTESIAN_POINT('',(-0.247232062463,-0.872309785755));
#2590 = CARTESIAN_POINT('',(-0.131728853641,-0.889725857799));
#2591 = CARTESIAN_POINT('',(-8.085371188359E-02,-0.894885427578));
#2592 = CARTESIAN_POINT('',(-2.904135903659E-02,-0.897638373566));
#2593 = CARTESIAN_POINT('',(2.317408011141E-02,-0.897918536421));
#2594 = CARTESIAN_POINT('',(7.519176778941E-02,-0.895713004943));
#2595 = CARTESIAN_POINT('',(0.126429031554,-0.891065317117));
#2596 = CARTESIAN_POINT('',(0.176399546257,-0.884066871357));
#2597 = CARTESIAN_POINT('',(0.297210933975,-0.860996697755));
#2598 = CARTESIAN_POINT('',(0.365994427791,-0.842138103224));
#2599 = CARTESIAN_POINT('',(0.429797530793,-0.818672290679));
#2600 = CARTESIAN_POINT('',(0.487891400099,-0.791167718888));
#2601 = CARTESIAN_POINT('',(0.540274971011,-0.760227076297));
#2602 = CARTESIAN_POINT('',(0.587213665879,-0.72637103728));
#2603 = CARTESIAN_POINT('',(0.629098445519,-0.690053780068));
#2604 = CARTESIAN_POINT('',(0.703595244916,-0.613261829465));
#2605 = CARTESIAN_POINT('',(0.736207167429,-0.572787155181));
#2606 = CARTESIAN_POINT('',(0.764601037539,-0.530617103619));
#2607 = CARTESIAN_POINT('',(0.78922052871,-0.487064876666));
#2608 = CARTESIAN_POINT('',(0.810452650864,-0.442383169375));
#2609 = CARTESIAN_POINT('',(0.828614319758,-0.396779427564));
#2610 = CARTESIAN_POINT('',(0.843965326801,-0.350430291932));
#2611 = CARTESIAN_POINT('',(0.856705628182,-0.303488770614));
#2612 = ( GEOMETRIC_REPRESENTATION_CONTEXT(2) 
PARAMETRIC_REPRESENTATION_CONTEXT() REPRESENTATION_CONTEXT('2D SPACE',''
  ) );
#2613 = ADVANCED_FACE('',(#2614),#1659,.T.);
#2614 = FACE_BOUND('',#2615,.T.);
#2615 = EDGE_LOOP('',(#2616,#2617,#2618,#2619,#2644));
#2616 = ORIENTED_EDGE('',*,*,#2329,.F.);
#2617 = ORIENTED_EDGE('',*,*,#2380,.T.);
#2618 = ORIENTED_EDGE('',*,*,#2480,.T.);
#2619 = ORIENTED_EDGE('',*,*,#2620,.F.);
#2620 = EDGE_CURVE('',#1596,#2481,#2621,.T.);
#2621 = SURFACE_CURVE('',#2622,(#2627,#2634),.PCURVE_S1.);
#2622 = CIRCLE('',#2623,4.059248698959);
#2623 = AXIS2_PLACEMENT_3D('',#2624,#2625,#2626);
#2624 = CARTESIAN_POINT('',(76.75,-4.,16.));
#2625 = DIRECTION('',(1.,0.,0.));
#2626 = DIRECTION('',(-0.,0.,1.));
#2627 = PCURVE('',#1659,#2628);
#2628 = DEFINITIONAL_REPRESENTATION('',(#2629),#2633);
#2629 = CIRCLE('',#2630,4.059248698959);
#2630 = AXIS2_PLACEMENT_2D('',#2631,#2632);
#2631 = CARTESIAN_POINT('',(7.,-3.75));
#2632 = DIRECTION('',(1.,0.));
#2633 = ( GEOMETRIC_REPRESENTATION_CONTEXT(2) 
PARAMETRIC_REPRESENTATION_CONTEXT() REPRESENTATION_CONTEXT('2D SPACE',''
  ) );
#2634 = PCURVE('',#1611,#2635);
#2635 = DEFINITIONAL_REPRESENTATION('',(#2636),#2643);
#2636 = B_SPLINE_CURVE_WITH_KNOTS('',5,(#2637,#2638,#2639,#2640,#2641,
    #2642),.UNSPECIFIED.,.F.,.F.,(6,6),(4.193456334238,4.319524623852),
  .PIECEWISE_BEZIER_KNOTS.);
#2637 = CARTESIAN_POINT('',(2.315648307016,-0.397542482435));
#2638 = CARTESIAN_POINT('',(2.30847163583,-0.379005696575));
#2639 = CARTESIAN_POINT('',(2.301830648487,-0.360315588967));
#2640 = CARTESIAN_POINT('',(2.295700128874,-0.341489407883));
#2641 = CARTESIAN_POINT('',(2.290058347252,-0.3225424576));
#2642 = CARTESIAN_POINT('',(2.284887025407,-0.303488770614));
#2643 = ( GEOMETRIC_REPRESENTATION_CONTEXT(2) 
PARAMETRIC_REPRESENTATION_CONTEXT() REPRESENTATION_CONTEXT('2D SPACE',''
  ) );
#2644 = ORIENTED_EDGE('',*,*,#1636,.F.);
#2645 = ADVANCED_FACE('',(#2646),#1611,.F.);
#2646 = FACE_BOUND('',#2647,.F.);
#2647 = EDGE_LOOP('',(#2648,#2670,#2671,#2672,#2673,#2674,#2675));
#2648 = ORIENTED_EDGE('',*,*,#2649,.F.);
#2649 = EDGE_CURVE('',#1706,#1564,#2650,.T.);
#2650 = SURFACE_CURVE('',#2651,(#2656,#2663),.PCURVE_S1.);
#2651 = CIRCLE('',#2652,5.2);
#2652 = AXIS2_PLACEMENT_3D('',#2653,#2654,#2655);
#2653 = CARTESIAN_POINT('',(80.,-4.,16.));
#2654 = DIRECTION('',(0.,0.,1.));
#2655 = DIRECTION('',(0.633237790257,-0.773957299203,0.));
#2656 = PCURVE('',#1611,#2657);
#2657 = DEFINITIONAL_REPRESENTATION('',(#2658),#2662);
#2658 = LINE('',#2659,#2660);
#2659 = CARTESIAN_POINT('',(-0.885066815889,0.));
#2660 = VECTOR('',#2661,1.);
#2661 = DIRECTION('',(1.,0.));
#2662 = ( GEOMETRIC_REPRESENTATION_CONTEXT(2) 
PARAMETRIC_REPRESENTATION_CONTEXT() REPRESENTATION_CONTEXT('2D SPACE',''
  ) );
#2663 = PCURVE('',#1583,#2664);
#2664 = DEFINITIONAL_REPRESENTATION('',(#2665),#2669);
#2665 = CIRCLE('',#2666,5.2);
#2666 = AXIS2_PLACEMENT_2D('',#2667,#2668);
#2667 = CARTESIAN_POINT('',(0.,0.));
#2668 = DIRECTION('',(0.633237790257,-0.773957299203));
#2669 = ( GEOMETRIC_REPRESENTATION_CONTEXT(2) 
PARAMETRIC_REPRESENTATION_CONTEXT() REPRESENTATION_CONTEXT('2D SPACE',''
  ) );
#2670 = ORIENTED_EDGE('',*,*,#1705,.T.);
#2671 = ORIENTED_EDGE('',*,*,#2351,.F.);
#2672 = ORIENTED_EDGE('',*,*,#2558,.T.);
#2673 = ORIENTED_EDGE('',*,*,#2503,.T.);
#2674 = ORIENTED_EDGE('',*,*,#2620,.F.);
#2675 = ORIENTED_EDGE('',*,*,#1595,.T.);
#2676 = ADVANCED_FACE('',(#2677),#1583,.T.);
#2677 = FACE_BOUND('',#2678,.T.);
#2678 = EDGE_LOOP('',(#2679,#2705,#2706,#2707));
#2679 = ORIENTED_EDGE('',*,*,#2680,.F.);
#2680 = EDGE_CURVE('',#1419,#1749,#2681,.T.);
#2681 = SURFACE_CURVE('',#2682,(#2687,#2698),.PCURVE_S1.);
#2682 = CIRCLE('',#2683,5.7);
#2683 = AXIS2_PLACEMENT_3D('',#2684,#2685,#2686);
#2684 = CARTESIAN_POINT('',(80.,-4.,16.));
#2685 = DIRECTION('',(0.,0.,-1.));
#2686 = DIRECTION('',(-0.884219240965,0.467072086414,0.));
#2687 = PCURVE('',#1583,#2688);
#2688 = DEFINITIONAL_REPRESENTATION('',(#2689),#2697);
#2689 = ( BOUNDED_CURVE() B_SPLINE_CURVE(2,(#2690,#2691,#2692,#2693,
#2694,#2695,#2696),.UNSPECIFIED.,.T.,.F.) B_SPLINE_CURVE_WITH_KNOTS((1,2
    ,2,2,2,1),(-2.094395102393,0.,2.094395102393,4.188790204786,
6.28318530718,8.377580409573),.UNSPECIFIED.) CURVE() 
GEOMETRIC_REPRESENTATION_ITEM() RATIONAL_B_SPLINE_CURVE((1.,0.5,1.,0.5,
1.,0.5,1.)) REPRESENTATION_ITEM('') );
#2690 = CARTESIAN_POINT('',(-5.040049673501,2.66231089256));
#2691 = CARTESIAN_POINT('',(-0.428791942043,11.391932999734));
#2692 = CARTESIAN_POINT('',(4.825653702479,3.033655607307));
#2693 = CARTESIAN_POINT('',(10.080099347002,-5.32462178512));
#2694 = CARTESIAN_POINT('',(0.214395971021,-5.695966499867));
#2695 = CARTESIAN_POINT('',(-9.651307404959,-6.067311214614));
#2696 = CARTESIAN_POINT('',(-5.040049673501,2.66231089256));
#2697 = ( GEOMETRIC_REPRESENTATION_CONTEXT(2) 
PARAMETRIC_REPRESENTATION_CONTEXT() REPRESENTATION_CONTEXT('2D SPACE',''
  ) );
#2698 = PCURVE('',#902,#2699);
#2699 = DEFINITIONAL_REPRESENTATION('',(#2700),#2704);
#2700 = LINE('',#2701,#2702);
#2701 = CARTESIAN_POINT('',(3.6275692263,0.));
#2702 = VECTOR('',#2703,1.);
#2703 = DIRECTION('',(1.,-0.));
#2704 = ( GEOMETRIC_REPRESENTATION_CONTEXT(2) 
PARAMETRIC_REPRESENTATION_CONTEXT() REPRESENTATION_CONTEXT('2D SPACE',''
  ) );
#2705 = ORIENTED_EDGE('',*,*,#1563,.F.);
#2706 = ORIENTED_EDGE('',*,*,#2649,.F.);
#2707 = ORIENTED_EDGE('',*,*,#1748,.F.);
#2708 = ADVANCED_FACE('',(#2709),#1018,.F.);
#2709 = FACE_BOUND('',#2710,.F.);
#2710 = EDGE_LOOP('',(#2711,#2732));
#2711 = ORIENTED_EDGE('',*,*,#2712,.F.);
#2712 = EDGE_CURVE('',#981,#780,#2713,.T.);
#2713 = SURFACE_CURVE('',#2714,(#2719,#2726),.PCURVE_S1.);
#2714 = CIRCLE('',#2715,5.7);
#2715 = AXIS2_PLACEMENT_3D('',#2716,#2717,#2718);
#2716 = CARTESIAN_POINT('',(80.,-4.,20.));
#2717 = DIRECTION('',(0.,0.,-1.));
#2718 = DIRECTION('',(1.,0.,0.));
#2719 = PCURVE('',#1018,#2720);
#2720 = DEFINITIONAL_REPRESENTATION('',(#2721),#2725);
#2721 = CIRCLE('',#2722,5.7);
#2722 = AXIS2_PLACEMENT_2D('',#2723,#2724);
#2723 = CARTESIAN_POINT('',(0.198875659287,-2.227206427825));
#2724 = DIRECTION('',(9.067122413966E-02,0.995880880986));
#2725 = ( GEOMETRIC_REPRESENTATION_CONTEXT(2) 
PARAMETRIC_REPRESENTATION_CONTEXT() REPRESENTATION_CONTEXT('2D SPACE',''
  ) );
#2726 = PCURVE('',#902,#2727);
#2727 = DEFINITIONAL_REPRESENTATION('',(#2728),#2731);
#2728 = B_SPLINE_CURVE_WITH_KNOTS('',1,(#2729,#2730),.UNSPECIFIED.,.F.,
  .F.,(2,2),(3.551401845231,6.239335048958),.PIECEWISE_BEZIER_KNOTS.);
#2729 = CARTESIAN_POINT('',(3.55140184523,-4.));
#2730 = CARTESIAN_POINT('',(6.239335048958,-4.));
#2731 = ( GEOMETRIC_REPRESENTATION_CONTEXT(2) 
PARAMETRIC_REPRESENTATION_CONTEXT() REPRESENTATION_CONTEXT('2D SPACE',''
  ) );
#2732 = ORIENTED_EDGE('',*,*,#980,.T.);
#2733 = ADVANCED_FACE('',(#2734),#902,.F.);
#2734 = FACE_BOUND('',#2735,.F.);
#2735 = EDGE_LOOP('',(#2736,#2737,#2738,#2739,#2740,#2765,#2766));
#2736 = ORIENTED_EDGE('',*,*,#1418,.T.);
#2737 = ORIENTED_EDGE('',*,*,#1052,.T.);
#2738 = ORIENTED_EDGE('',*,*,#2712,.T.);
#2739 = ORIENTED_EDGE('',*,*,#779,.T.);
#2740 = ORIENTED_EDGE('',*,*,#2741,.T.);
#2741 = EDGE_CURVE('',#740,#1776,#2742,.T.);
#2742 = SURFACE_CURVE('',#2743,(#2748,#2754),.PCURVE_S1.);
#2743 = CIRCLE('',#2744,5.7);
#2744 = AXIS2_PLACEMENT_3D('',#2745,#2746,#2747);
#2745 = CARTESIAN_POINT('',(80.,-4.,18.));
#2746 = DIRECTION('',(0.,0.,-1.));
#2747 = DIRECTION('',(1.,0.,0.));
#2748 = PCURVE('',#902,#2749);
#2749 = DEFINITIONAL_REPRESENTATION('',(#2750),#2753);
#2750 = B_SPLINE_CURVE_WITH_KNOTS('',1,(#2751,#2752),.UNSPECIFIED.,.F.,
  .F.,(2,2),(0.579062334414,1.374345190543),.PIECEWISE_BEZIER_KNOTS.);
#2751 = CARTESIAN_POINT('',(6.862247641594,-2.));
#2752 = CARTESIAN_POINT('',(7.657530497722,-2.));
#2753 = ( GEOMETRIC_REPRESENTATION_CONTEXT(2) 
PARAMETRIC_REPRESENTATION_CONTEXT() REPRESENTATION_CONTEXT('2D SPACE',''
  ) );
#2754 = PCURVE('',#763,#2755);
#2755 = DEFINITIONAL_REPRESENTATION('',(#2756),#2764);
#2756 = ( BOUNDED_CURVE() B_SPLINE_CURVE(2,(#2757,#2758,#2759,#2760,
#2761,#2762,#2763),.UNSPECIFIED.,.T.,.F.) B_SPLINE_CURVE_WITH_KNOTS((1,2
    ,2,2,2,1),(-2.094395102393,0.,2.094395102393,4.188790204786,
6.28318530718,8.377580409573),.UNSPECIFIED.) CURVE() 
GEOMETRIC_REPRESENTATION_ITEM() RATIONAL_B_SPLINE_CURVE((1.,0.5,1.,0.5,
1.,0.5,1.)) REPRESENTATION_ITEM('') );
#2757 = CARTESIAN_POINT('',(5.7,0.));
#2758 = CARTESIAN_POINT('',(5.7,-9.872689603143));
#2759 = CARTESIAN_POINT('',(-2.85,-4.936344801571));
#2760 = CARTESIAN_POINT('',(-11.4,-1.396097351028E-15));
#2761 = CARTESIAN_POINT('',(-2.85,4.936344801571));
#2762 = CARTESIAN_POINT('',(5.7,9.872689603143));
#2763 = CARTESIAN_POINT('',(5.7,0.));
#2764 = ( GEOMETRIC_REPRESENTATION_CONTEXT(2) 
PARAMETRIC_REPRESENTATION_CONTEXT() REPRESENTATION_CONTEXT('2D SPACE',''
  ) );
#2765 = ORIENTED_EDGE('',*,*,#1775,.T.);
#2766 = ORIENTED_EDGE('',*,*,#2680,.F.);
#2767 = ADVANCED_FACE('',(#2768),#763,.T.);
#2768 = FACE_BOUND('',#2769,.T.);
#2769 = EDGE_LOOP('',(#2770,#2771,#2793,#2794));
#2770 = ORIENTED_EDGE('',*,*,#1935,.F.);
#2771 = ORIENTED_EDGE('',*,*,#2772,.T.);
#2772 = EDGE_CURVE('',#1936,#489,#2773,.T.);
#2773 = SURFACE_CURVE('',#2774,(#2779,#2786),.PCURVE_S1.);
#2774 = CIRCLE('',#2775,6.3);
#2775 = AXIS2_PLACEMENT_3D('',#2776,#2777,#2778);
#2776 = CARTESIAN_POINT('',(80.,-4.,18.));
#2777 = DIRECTION('',(0.,0.,1.));
#2778 = DIRECTION('',(1.,0.,-0.));
#2779 = PCURVE('',#763,#2780);
#2780 = DEFINITIONAL_REPRESENTATION('',(#2781),#2785);
#2781 = CIRCLE('',#2782,6.3);
#2782 = AXIS2_PLACEMENT_2D('',#2783,#2784);
#2783 = CARTESIAN_POINT('',(0.,0.));
#2784 = DIRECTION('',(1.,0.));
#2785 = ( GEOMETRIC_REPRESENTATION_CONTEXT(2) 
PARAMETRIC_REPRESENTATION_CONTEXT() REPRESENTATION_CONTEXT('2D SPACE',''
  ) );
#2786 = PCURVE('',#296,#2787);
#2787 = DEFINITIONAL_REPRESENTATION('',(#2788),#2792);
#2788 = LINE('',#2789,#2790);
#2789 = CARTESIAN_POINT('',(6.28318530718,-13.));
#2790 = VECTOR('',#2791,1.);
#2791 = DIRECTION('',(-1.,0.));
#2792 = ( GEOMETRIC_REPRESENTATION_CONTEXT(2) 
PARAMETRIC_REPRESENTATION_CONTEXT() REPRESENTATION_CONTEXT('2D SPACE',''
  ) );
#2793 = ORIENTED_EDGE('',*,*,#739,.F.);
#2794 = ORIENTED_EDGE('',*,*,#2741,.T.);
#2795 = ADVANCED_FACE('',(#2796),#422,.T.);
#2796 = FACE_BOUND('',#2797,.T.);
#2797 = EDGE_LOOP('',(#2798,#2820));
#2798 = ORIENTED_EDGE('',*,*,#2799,.F.);
#2799 = EDGE_CURVE('',#22,#385,#2800,.T.);
#2800 = SURFACE_CURVE('',#2801,(#2806,#2813),.PCURVE_S1.);
#2801 = CIRCLE('',#2802,6.3);
#2802 = AXIS2_PLACEMENT_3D('',#2803,#2804,#2805);
#2803 = CARTESIAN_POINT('',(80.,-4.,6.));
#2804 = DIRECTION('',(0.,0.,-1.));
#2805 = DIRECTION('',(1.,0.,0.));
#2806 = PCURVE('',#422,#2807);
#2807 = DEFINITIONAL_REPRESENTATION('',(#2808),#2812);
#2808 = CIRCLE('',#2809,6.3);
#2809 = AXIS2_PLACEMENT_2D('',#2810,#2811);
#2810 = CARTESIAN_POINT('',(0.198875659287,-2.227206427825));
#2811 = DIRECTION('',(9.067122413966E-02,0.995880880986));
#2812 = ( GEOMETRIC_REPRESENTATION_CONTEXT(2) 
PARAMETRIC_REPRESENTATION_CONTEXT() REPRESENTATION_CONTEXT('2D SPACE',''
  ) );
#2813 = PCURVE('',#296,#2814);
#2814 = DEFINITIONAL_REPRESENTATION('',(#2815),#2819);
#2815 = LINE('',#2816,#2817);
#2816 = CARTESIAN_POINT('',(-4.138911435803E-13,-1.));
#2817 = VECTOR('',#2818,1.);
#2818 = DIRECTION('',(1.,-0.));
#2819 = ( GEOMETRIC_REPRESENTATION_CONTEXT(2) 
PARAMETRIC_REPRESENTATION_CONTEXT() REPRESENTATION_CONTEXT('2D SPACE',''
  ) );
#2820 = ORIENTED_EDGE('',*,*,#384,.T.);
#2821 = ADVANCED_FACE('',(#2822),#296,.T.);
#2822 = FACE_BOUND('',#2823,.T.);
#2823 = EDGE_LOOP('',(#2824,#2825,#2826,#2827,#2828,#2829,#2830,#2853,
    #2880));
#2824 = ORIENTED_EDGE('',*,*,#488,.T.);
#2825 = ORIENTED_EDGE('',*,*,#2772,.F.);
#2826 = ORIENTED_EDGE('',*,*,#1962,.T.);
#2827 = ORIENTED_EDGE('',*,*,#21,.F.);
#2828 = ORIENTED_EDGE('',*,*,#2799,.T.);
#2829 = ORIENTED_EDGE('',*,*,#456,.T.);
#2830 = ORIENTED_EDGE('',*,*,#2831,.F.);
#2831 = EDGE_CURVE('',#2832,#457,#2834,.T.);
#2832 = VERTEX_POINT('',#2833);
#2833 = CARTESIAN_POINT('',(86.3,-4.,5.));
#2834 = SEAM_CURVE('',#2835,(#2839,#2846),.PCURVE_S1.);
#2835 = LINE('',#2836,#2837);
#2836 = CARTESIAN_POINT('',(86.3,-4.,5.));
#2837 = VECTOR('',#2838,1.);
#2838 = DIRECTION('',(0.,0.,1.));
#2839 = PCURVE('',#296,#2840);
#2840 = DEFINITIONAL_REPRESENTATION('',(#2841),#2845);
#2841 = LINE('',#2842,#2843);
#2842 = CARTESIAN_POINT('',(6.283185307179,0.));
#2843 = VECTOR('',#2844,1.);
#2844 = DIRECTION('',(-0.,-1.));
#2845 = ( GEOMETRIC_REPRESENTATION_CONTEXT(2) 
PARAMETRIC_REPRESENTATION_CONTEXT() REPRESENTATION_CONTEXT('2D SPACE',''
  ) );
#2846 = PCURVE('',#296,#2847);
#2847 = DEFINITIONAL_REPRESENTATION('',(#2848),#2852);
#2848 = LINE('',#2849,#2850);
#2849 = CARTESIAN_POINT('',(-0.,0.));
#2850 = VECTOR('',#2851,1.);
#2851 = DIRECTION('',(-0.,-1.));
#2852 = ( GEOMETRIC_REPRESENTATION_CONTEXT(2) 
PARAMETRIC_REPRESENTATION_CONTEXT() REPRESENTATION_CONTEXT('2D SPACE',''
  ) );
#2853 = ORIENTED_EDGE('',*,*,#2854,.T.);
#2854 = EDGE_CURVE('',#2832,#2832,#2855,.T.);
#2855 = SURFACE_CURVE('',#2856,(#2861,#2868),.PCURVE_S1.);
#2856 = CIRCLE('',#2857,6.3);
#2857 = AXIS2_PLACEMENT_3D('',#2858,#2859,#2860);
#2858 = CARTESIAN_POINT('',(80.,-4.,5.));
#2859 = DIRECTION('',(0.,0.,1.));
#2860 = DIRECTION('',(1.,0.,-0.));
#2861 = PCURVE('',#296,#2862);
#2862 = DEFINITIONAL_REPRESENTATION('',(#2863),#2867);
#2863 = LINE('',#2864,#2865);
#2864 = CARTESIAN_POINT('',(6.28318530718,0.));
#2865 = VECTOR('',#2866,1.);
#2866 = DIRECTION('',(-1.,0.));
#2867 = ( GEOMETRIC_REPRESENTATION_CONTEXT(2) 
PARAMETRIC_REPRESENTATION_CONTEXT() REPRESENTATION_CONTEXT('2D SPACE',''
  ) );
#2868 = PCURVE('',#2869,#2874);
#2869 = PLANE('',#2870);
#2870 = AXIS2_PLACEMENT_3D('',#2871,#2872,#2873);
#2871 = CARTESIAN_POINT('',(80.,-4.,5.));
#2872 = DIRECTION('',(0.,0.,1.));
#2873 = DIRECTION('',(1.,0.,-0.));
#2874 = DEFINITIONAL_REPRESENTATION('',(#2875),#2879);
#2875 = CIRCLE('',#2876,6.3);
#2876 = AXIS2_PLACEMENT_2D('',#2877,#2878);
#2877 = CARTESIAN_POINT('',(0.,0.));
#2878 = DIRECTION('',(1.,0.));
#2879 = ( GEOMETRIC_REPRESENTATION_CONTEXT(2) 
PARAMETRIC_REPRESENTATION_CONTEXT() REPRESENTATION_CONTEXT('2D SPACE',''
  ) );
#2880 = ORIENTED_EDGE('',*,*,#2831,.T.);
#2881 = ADVANCED_FACE('',(#2882),#2869,.F.);
#2882 = FACE_BOUND('',#2883,.F.);
#2883 = EDGE_LOOP('',(#2884));
#2884 = ORIENTED_EDGE('',*,*,#2854,.T.);
#2885 = ( GEOMETRIC_REPRESENTATION_CONTEXT(3) 
GLOBAL_UNCERTAINTY_ASSIGNED_CONTEXT((#2889)) 
GLOBAL_UNIT_ASSIGNED_CONTEXT((#2886,#2887,#2888)) REPRESENTATION_CONTEXT
('Context #1','3D Context with UNIT and UNCERTAINTY') );
#2886 = ( LENGTH_UNIT() NAMED_UNIT(*) SI_UNIT(.MILLI.,.METRE.) );
#2887 = ( NAMED_UNIT(*) PLANE_ANGLE_UNIT() SI_UNIT($,.RADIAN.) );
#2888 = ( NAMED_UNIT(*) SI_UNIT($,.STERADIAN.) SOLID_ANGLE_UNIT() );
#2889 = UNCERTAINTY_MEASURE_WITH_UNIT(LENGTH_MEASURE(2.E-07),#2886,
  'distance_accuracy_value','confusion accuracy');
#2890 = PRODUCT_RELATED_PRODUCT_CATEGORY('part',$,(#7));
ENDSEC;
END-ISO-10303-21;
