ISO-10303-21;
HEADER;
FILE_DESCRIPTION(('Open CASCADE Model'),'2;1');
FILE_NAME('Open CASCADE Shape Model','2026-09-25T22:09:20',('Author'),(
    'Open CASCADE'),'Open CASCADE STEP processor 7.9','Open CASCADE 7.9'
  ,'Unknown');
FILE_SCHEMA(('AUTOMOTIVE_DESIGN { 1 0 10303 214 1 1 1 1 }'));
ENDSEC;
DATA;
#1 = APPLICATION_PROTOCOL_DEFINITION('international standard',
  'automotive_design',2000,#2);
#2 = APPLICATION_CONTEXT(
  'core data for automotive mechanical design processes');
#3 = SHAPE_DEFINITION_REPRESENTATION(#4,#10);
#4 = PRODUCT_DEFINITION_SHAPE('','',#5);
#5 = PRODUCT_DEFINITION('design','',#6,#9);
#6 = PRODUCT_DEFINITION_FORMATION('','',#7);
#7 = PRODUCT('Open CASCADE STEP translator 7.9 10',
  'Open CASCADE STEP translator 7.9 10','',(#8));
#8 = PRODUCT_CONTEXT('',#2,'mechanical');
#9 = PRODUCT_DEFINITION_CONTEXT('part definition',#2,'design');
#10 = ADVANCED_BREP_SHAPE_REPRESENTATION('',(#11,#15),#10376);
#11 = AXIS2_PLACEMENT_3D('',#12,#13,#14);
#12 = CARTESIAN_POINT('',(0.,0.,0.));
#13 = DIRECTION('',(0.,0.,1.));
#14 = DIRECTION('',(1.,0.,-0.));
#15 = MANIFOLD_SOLID_BREP('',#16);
#16 = CLOSED_SHELL('',(#17,#139,#596,#2529,#2584,#2623,#2908,#2984,#3264
    ,#3354,#3701,#5256,#5588,#5755,#5970,#6161,#6426,#6501,#6531,#6563,
    #6776,#6806,#6866,#6899,#7031,#7199,#7226,#7254,#7286,#7314,#7346,
    #7376,#7429,#7457,#7493,#7524,#7556,#7565,#7592,#7619,#7646,#7673,
    #7700,#7727,#7754,#7781,#7808,#7835,#7862,#7889,#7916,#7943,#7970,
    #7997,#8024,#8051,#8078,#8105,#8132,#8159,#8186,#8213,#8240,#8267,
    #8294,#8321,#8348,#8375,#8402,#8429,#8456,#8483,#8510,#8537,#8564,
    #8591,#8618,#8645,#8672,#8699,#8726,#8753,#8780,#8807,#8834,#8861,
    #9226,#9298,#9559,#9634,#9890,#10061,#10089,#10121,#10167,#10369));
#17 = ADVANCED_FACE('',(#18),#33,.T.);
#18 = FACE_BOUND('',#19,.F.);
#19 = EDGE_LOOP('',(#20,#56,#82,#115));
#20 = ORIENTED_EDGE('',*,*,#21,.F.);
#21 = EDGE_CURVE('',#22,#24,#26,.T.);
#22 = VERTEX_POINT('',#23);
#23 = CARTESIAN_POINT('',(17.271165651148,38.83241992267,26.));
#24 = VERTEX_POINT('',#25);
#25 = CARTESIAN_POINT('',(17.271165651148,-38.83241992267,26.));
#26 = SURFACE_CURVE('',#27,(#32,#44),.PCURVE_S1.);
#27 = CIRCLE('',#28,42.5);
#28 = AXIS2_PLACEMENT_3D('',#29,#30,#31);
#29 = CARTESIAN_POINT('',(0.,0.,26.));
#30 = DIRECTION('',(0.,0.,-1.));
#31 = DIRECTION('',(0.406380368262,0.91370399818,0.));
#32 = PCURVE('',#33,#38);
#33 = CYLINDRICAL_SURFACE('',#34,42.5);
#34 = AXIS2_PLACEMENT_3D('',#35,#36,#37);
#35 = CARTESIAN_POINT('',(0.,0.,6.25));
#36 = DIRECTION('',(-0.,-0.,-1.));
#37 = DIRECTION('',(1.,0.,0.));
#38 = DEFINITIONAL_REPRESENTATION('',(#39),#43);
#39 = LINE('',#40,#41);
#40 = CARTESIAN_POINT('',(-7.435492570989,-19.75));
#41 = VECTOR('',#42,1.);
#42 = DIRECTION('',(1.,-0.));
#43 = ( GEOMETRIC_REPRESENTATION_CONTEXT(2) 
PARAMETRIC_REPRESENTATION_CONTEXT() REPRESENTATION_CONTEXT('2D SPACE',''
  ) );
#44 = PCURVE('',#45,#50);
#45 = TOROIDAL_SURFACE('',#46,38.5,4.);
#46 = AXIS2_PLACEMENT_3D('',#47,#48,#49);
#47 = CARTESIAN_POINT('',(0.,0.,26.));
#48 = DIRECTION('',(0.,0.,1.));
#49 = DIRECTION('',(1.,0.,-0.));
#50 = DEFINITIONAL_REPRESENTATION('',(#51),#55);
#51 = LINE('',#52,#53);
#52 = CARTESIAN_POINT('',(7.435492570989,0.));
#53 = VECTOR('',#54,1.);
#54 = DIRECTION('',(-1.,-0.));
#55 = ( GEOMETRIC_REPRESENTATION_CONTEXT(2) 
PARAMETRIC_REPRESENTATION_CONTEXT() REPRESENTATION_CONTEXT('2D SPACE',''
  ) );
#56 = ORIENTED_EDGE('',*,*,#57,.T.);
#57 = EDGE_CURVE('',#22,#58,#60,.T.);
#58 = VERTEX_POINT('',#59);
#59 = CARTESIAN_POINT('',(17.271165651148,38.83241992267,24.));
#60 = SURFACE_CURVE('',#61,(#65,#71),.PCURVE_S1.);
#61 = LINE('',#62,#63);
#62 = CARTESIAN_POINT('',(17.271165651148,38.83241992267,6.25));
#63 = VECTOR('',#64,1.);
#64 = DIRECTION('',(-0.,-0.,-1.));
#65 = PCURVE('',#33,#66);
#66 = DEFINITIONAL_REPRESENTATION('',(#67),#70);
#67 = B_SPLINE_CURVE_WITH_KNOTS('',1,(#68,#69),.UNSPECIFIED.,.F.,.F.,(2,
    2),(-19.75,0.),.PIECEWISE_BEZIER_KNOTS.);
#68 = CARTESIAN_POINT('',(-7.435492570989,-19.75));
#69 = CARTESIAN_POINT('',(-7.435492570989,0.));
#70 = ( GEOMETRIC_REPRESENTATION_CONTEXT(2) 
PARAMETRIC_REPRESENTATION_CONTEXT() REPRESENTATION_CONTEXT('2D SPACE',''
  ) );
#71 = PCURVE('',#72,#77);
#72 = CYLINDRICAL_SURFACE('',#73,3.8);
#73 = AXIS2_PLACEMENT_3D('',#74,#75,#76);
#74 = CARTESIAN_POINT('',(13.680805733027,37.587704831436,6.));
#75 = DIRECTION('',(-0.,-0.,-1.));
#76 = DIRECTION('',(1.,0.,0.));
#77 = DEFINITIONAL_REPRESENTATION('',(#78),#81);
#78 = B_SPLINE_CURVE_WITH_KNOTS('',1,(#79,#80),.UNSPECIFIED.,.F.,.F.,(2,
    2),(-19.75,0.),.PIECEWISE_BEZIER_KNOTS.);
#79 = CARTESIAN_POINT('',(-6.61690165285,-20.));
#80 = CARTESIAN_POINT('',(-6.61690165285,-0.25));
#81 = ( GEOMETRIC_REPRESENTATION_CONTEXT(2) 
PARAMETRIC_REPRESENTATION_CONTEXT() REPRESENTATION_CONTEXT('2D SPACE',''
  ) );
#82 = ORIENTED_EDGE('',*,*,#83,.T.);
#83 = EDGE_CURVE('',#58,#84,#86,.T.);
#84 = VERTEX_POINT('',#85);
#85 = CARTESIAN_POINT('',(17.271165651148,-38.83241992267,24.));
#86 = SURFACE_CURVE('',#87,(#92,#99),.PCURVE_S1.);
#87 = CIRCLE('',#88,42.5);
#88 = AXIS2_PLACEMENT_3D('',#89,#90,#91);
#89 = CARTESIAN_POINT('',(0.,0.,24.));
#90 = DIRECTION('',(0.,0.,-1.));
#91 = DIRECTION('',(1.,0.,0.));
#92 = PCURVE('',#33,#93);
#93 = DEFINITIONAL_REPRESENTATION('',(#94),#98);
#94 = LINE('',#95,#96);
#95 = CARTESIAN_POINT('',(-12.56637061435,-17.75));
#96 = VECTOR('',#97,1.);
#97 = DIRECTION('',(1.,-0.));
#98 = ( GEOMETRIC_REPRESENTATION_CONTEXT(2) 
PARAMETRIC_REPRESENTATION_CONTEXT() REPRESENTATION_CONTEXT('2D SPACE',''
  ) );
#99 = PCURVE('',#100,#105);
#100 = PLANE('',#101);
#101 = AXIS2_PLACEMENT_3D('',#102,#103,#104);
#102 = CARTESIAN_POINT('',(-80.,-80.,24.));
#103 = DIRECTION('',(0.,0.,1.));
#104 = DIRECTION('',(1.,0.,0.));
#105 = DEFINITIONAL_REPRESENTATION('',(#106),#114);
#106 = ( BOUNDED_CURVE() B_SPLINE_CURVE(2,(#107,#108,#109,#110,#111,#112
,#113),.UNSPECIFIED.,.T.,.F.) B_SPLINE_CURVE_WITH_KNOTS((1,2,2,2,2,1),(
    -2.094395102393,0.,2.094395102393,4.188790204786,6.28318530718,
8.377580409573),.UNSPECIFIED.) CURVE() GEOMETRIC_REPRESENTATION_ITEM() 
RATIONAL_B_SPLINE_CURVE((1.,0.5,1.,0.5,1.,0.5,1.)) REPRESENTATION_ITEM(
  '') );
#107 = CARTESIAN_POINT('',(122.5,80.));
#108 = CARTESIAN_POINT('',(122.5,6.387840678323));
#109 = CARTESIAN_POINT('',(58.75,43.193920339161));
#110 = CARTESIAN_POINT('',(-5.,80.));
#111 = CARTESIAN_POINT('',(58.75,116.80607966083));
#112 = CARTESIAN_POINT('',(122.5,153.61215932167));
#113 = CARTESIAN_POINT('',(122.5,80.));
#114 = ( GEOMETRIC_REPRESENTATION_CONTEXT(2) 
PARAMETRIC_REPRESENTATION_CONTEXT() REPRESENTATION_CONTEXT('2D SPACE',''
  ) );
#115 = ORIENTED_EDGE('',*,*,#116,.F.);
#116 = EDGE_CURVE('',#24,#84,#117,.T.);
#117 = SURFACE_CURVE('',#118,(#122,#128),.PCURVE_S1.);
#118 = LINE('',#119,#120);
#119 = CARTESIAN_POINT('',(17.271165651148,-38.83241992267,6.25));
#120 = VECTOR('',#121,1.);
#121 = DIRECTION('',(-0.,-0.,-1.));
#122 = PCURVE('',#33,#123);
#123 = DEFINITIONAL_REPRESENTATION('',(#124),#127);
#124 = B_SPLINE_CURVE_WITH_KNOTS('',1,(#125,#126),.UNSPECIFIED.,.F.,.F.,
  (2,2),(-19.7500006,5.999999999062E-07),.PIECEWISE_BEZIER_KNOTS.);
#125 = CARTESIAN_POINT('',(-5.13087804337,-19.7500006));
#126 = CARTESIAN_POINT('',(-5.13087804337,5.999999999062E-07));
#127 = ( GEOMETRIC_REPRESENTATION_CONTEXT(2) 
PARAMETRIC_REPRESENTATION_CONTEXT() REPRESENTATION_CONTEXT('2D SPACE',''
  ) );
#128 = PCURVE('',#129,#134);
#129 = CYLINDRICAL_SURFACE('',#130,3.8);
#130 = AXIS2_PLACEMENT_3D('',#131,#132,#133);
#131 = CARTESIAN_POINT('',(13.680805733027,-37.58770483143,6.));
#132 = DIRECTION('',(-0.,-0.,-1.));
#133 = DIRECTION('',(1.,0.,0.));
#134 = DEFINITIONAL_REPRESENTATION('',(#135),#138);
#135 = B_SPLINE_CURVE_WITH_KNOTS('',1,(#136,#137),.UNSPECIFIED.,.F.,.F.,
  (2,2),(-19.75,-0.),.PIECEWISE_BEZIER_KNOTS.);
#136 = CARTESIAN_POINT('',(-5.949468961509,-20.));
#137 = CARTESIAN_POINT('',(-5.949468961509,-0.25));
#138 = ( GEOMETRIC_REPRESENTATION_CONTEXT(2) 
PARAMETRIC_REPRESENTATION_CONTEXT() REPRESENTATION_CONTEXT('2D SPACE',''
  ) );
#139 = ADVANCED_FACE('',(#140),#72,.T.);
#140 = FACE_BOUND('',#141,.F.);
#141 = EDGE_LOOP('',(#142,#170,#171,#367,#400,#572));
#142 = ORIENTED_EDGE('',*,*,#143,.T.);
#143 = EDGE_CURVE('',#144,#58,#146,.T.);
#144 = VERTEX_POINT('',#145);
#145 = CARTESIAN_POINT('',(11.730517907187,40.849050780026,24.));
#146 = SURFACE_CURVE('',#147,(#152,#159),.PCURVE_S1.);
#147 = CIRCLE('',#148,3.8);
#148 = AXIS2_PLACEMENT_3D('',#149,#150,#151);
#149 = CARTESIAN_POINT('',(13.680805733027,37.587704831436,24.));
#150 = DIRECTION('',(0.,0.,-1.));
#151 = DIRECTION('',(1.,0.,0.));
#152 = PCURVE('',#72,#153);
#153 = DEFINITIONAL_REPRESENTATION('',(#154),#158);
#154 = LINE('',#155,#156);
#155 = CARTESIAN_POINT('',(-12.56637061435,-18.));
#156 = VECTOR('',#157,1.);
#157 = DIRECTION('',(1.,-0.));
#158 = ( GEOMETRIC_REPRESENTATION_CONTEXT(2) 
PARAMETRIC_REPRESENTATION_CONTEXT() REPRESENTATION_CONTEXT('2D SPACE',''
  ) );
#159 = PCURVE('',#100,#160);
#160 = DEFINITIONAL_REPRESENTATION('',(#161),#169);
#161 = ( BOUNDED_CURVE() B_SPLINE_CURVE(2,(#162,#163,#164,#165,#166,#167
,#168),.UNSPECIFIED.,.T.,.F.) B_SPLINE_CURVE_WITH_KNOTS((1,2,2,2,2,1),(
    -2.094395102393,0.,2.094395102393,4.188790204786,6.28318530718,
8.377580409573),.UNSPECIFIED.) CURVE() GEOMETRIC_REPRESENTATION_ITEM() 
RATIONAL_B_SPLINE_CURVE((1.,0.5,1.,0.5,1.,0.5,1.)) REPRESENTATION_ITEM(
  '') );
#162 = CARTESIAN_POINT('',(97.480805733027,117.58770483143));
#163 = CARTESIAN_POINT('',(97.480805733027,111.00591176267));
#164 = CARTESIAN_POINT('',(91.780805733027,114.29680829705));
#165 = CARTESIAN_POINT('',(86.080805733027,117.58770483143));
#166 = CARTESIAN_POINT('',(91.780805733027,120.87860136581));
#167 = CARTESIAN_POINT('',(97.480805733027,124.16949790019));
#168 = CARTESIAN_POINT('',(97.480805733027,117.58770483143));
#169 = ( GEOMETRIC_REPRESENTATION_CONTEXT(2) 
PARAMETRIC_REPRESENTATION_CONTEXT() REPRESENTATION_CONTEXT('2D SPACE',''
  ) );
#170 = ORIENTED_EDGE('',*,*,#57,.F.);
#171 = ORIENTED_EDGE('',*,*,#172,.T.);
#172 = EDGE_CURVE('',#22,#173,#175,.T.);
#173 = VERTEX_POINT('',#174);
#174 = CARTESIAN_POINT('',(16.331229699374,34.864608652706,30.));
#175 = SURFACE_CURVE('',#176,(#221,#294),.PCURVE_S1.);
#176 = B_SPLINE_CURVE_WITH_KNOTS('',8,(#177,#178,#179,#180,#181,#182,
    #183,#184,#185,#186,#187,#188,#189,#190,#191,#192,#193,#194,#195,
    #196,#197,#198,#199,#200,#201,#202,#203,#204,#205,#206,#207,#208,
    #209,#210,#211,#212,#213,#214,#215,#216,#217,#218,#219,#220),
  .UNSPECIFIED.,.F.,.F.,(9,7,7,7,7,7,9),(0.,0.643822717107,1.,
    1.405969141337,1.550292145325,1.801175257824,1.929707217348),
  .UNSPECIFIED.);
#177 = CARTESIAN_POINT('',(17.271165651148,38.83241992267,26.));
#178 = CARTESIAN_POINT('',(17.271165651148,38.83241992267,
    26.233559611516));
#179 = CARTESIAN_POINT('',(17.278157462935,38.812252485021,26.467092818)
  );
#180 = CARTESIAN_POINT('',(17.292137174293,38.771926020648,26.6992925007
    ));
#181 = CARTESIAN_POINT('',(17.312213026449,38.711976034555,
    26.929082420654));
#182 = CARTESIAN_POINT('',(17.336638861025,38.633300748839,
    27.155585323307));
#183 = CARTESIAN_POINT('',(17.363324455877,38.536873470697,
    27.378050027389));
#184 = CARTESIAN_POINT('',(17.390068456212,38.42360300105,
    27.595821870451));
#185 = CARTESIAN_POINT('',(17.428109718765,38.222547049253,
    27.925861387356));
#186 = CARTESIAN_POINT('',(17.440970343869,38.145982503905,
    28.041801107563));
#187 = CARTESIAN_POINT('',(17.452753100651,38.064567436657,
    28.156044523652));
#188 = CARTESIAN_POINT('',(17.463054141923,37.978394291851,
    28.268484785642));
#189 = CARTESIAN_POINT('',(17.471456157717,37.887548103508,
    28.378992483381));
#190 = CARTESIAN_POINT('',(17.477525589348,37.792106945754,
    28.487415511489));
#191 = CARTESIAN_POINT('',(17.480805733027,37.692140227508,
    28.593577955388));
#192 = CARTESIAN_POINT('',(17.480805733027,37.468669872991,
    28.815474805001));
#193 = CARTESIAN_POINT('',(17.476544345788,37.343891766514,
    28.930411105857));
#194 = CARTESIAN_POINT('',(17.467301684304,37.213423074058,
    29.04183356094));
#195 = CARTESIAN_POINT('',(17.452293708902,37.077384196642,
    29.149343450352));
#196 = CARTESIAN_POINT('',(17.430671886824,36.935988234613,
    29.252411462567));
#197 = CARTESIAN_POINT('',(17.401531304907,36.78956594853,
    29.350394580732));
#198 = CARTESIAN_POINT('',(17.363927235346,36.638590820578,
    29.442555067037));
#199 = CARTESIAN_POINT('',(17.300181914469,36.428641657052,
    29.558486413358));
#200 = CARTESIAN_POINT('',(17.282276315095,36.373096534075,
    29.588046379254));
#201 = CARTESIAN_POINT('',(17.263143005279,36.317103686354,
    29.616722634208));
#202 = CARTESIAN_POINT('',(17.242742630495,36.260703149017,
    29.644474426577));
#203 = CARTESIAN_POINT('',(17.221037761515,36.203940382561,
    29.671259753487));
#204 = CARTESIAN_POINT('',(17.19799382308,36.146866501887,
    29.697036052616));
#205 = CARTESIAN_POINT('',(17.173580022577,36.089538505328,
    29.721760893979));
#206 = CARTESIAN_POINT('',(17.10290405021,35.93203165863,29.786472844582
    ));
#207 = CARTESIAN_POINT('',(17.05380562436,35.831435211279,
    29.824262921597));
#208 = CARTESIAN_POINT('',(17.000351611576,35.730600622017,
    29.85852494225));
#209 = CARTESIAN_POINT('',(16.942462342246,35.629930008305,
    29.889047254065));
#210 = CARTESIAN_POINT('',(16.880111898915,35.529855593148,
    29.915653631209));
#211 = CARTESIAN_POINT('',(16.813342449366,35.430836071609,
    29.938214521116));
#212 = CARTESIAN_POINT('',(16.74228288062,35.333350895359,
    29.956660419146));
#213 = CARTESIAN_POINT('',(16.62869093382,35.188987398846,
    29.978342451328));
#214 = CARTESIAN_POINT('',(16.589141397512,35.140607499058,
    29.984610067137));
#215 = CARTESIAN_POINT('',(16.54855197317,35.092815705774,
    29.989801051503));
#216 = CARTESIAN_POINT('',(16.506954703236,35.045671016141,
    29.993921727298));
#217 = CARTESIAN_POINT('',(16.464384643735,34.999228549242,
    29.996983551125));
#218 = CARTESIAN_POINT('',(16.420879683683,34.953539600758,
    29.999002756994));
#219 = CARTESIAN_POINT('',(16.376480364491,34.908651697626,30.));
#220 = CARTESIAN_POINT('',(16.331229699373,34.864608652706,30.));
#221 = PCURVE('',#72,#222);
#222 = DEFINITIONAL_REPRESENTATION('',(#223),#293);
#223 = B_SPLINE_CURVE_WITH_KNOTS('',3,(#224,#225,#226,#227,#228,#229,
    #230,#231,#232,#233,#234,#235,#236,#237,#238,#239,#240,#241,#242,
    #243,#244,#245,#246,#247,#248,#249,#250,#251,#252,#253,#254,#255,
    #256,#257,#258,#259,#260,#261,#262,#263,#264,#265,#266,#267,#268,
    #269,#270,#271,#272,#273,#274,#275,#276,#277,#278,#279,#280,#281,
    #282,#283,#284,#285,#286,#287,#288,#289,#290,#291,#292),
  .UNSPECIFIED.,.F.,.F.,(4,1,1,1,1,1,1,1,1,1,1,1,1,1,1,1,1,1,1,1,1,1,1,1
    ,1,1,1,1,1,1,1,1,1,1,1,1,1,1,1,1,1,1,1,1,1,1,1,1,1,1,1,1,1,1,1,1,1,1
    ,1,1,1,1,1,1,1,1,4),(0.,2.923798814164E-02,5.847597628327E-02,
    8.771396442491E-02,0.116951952567,0.146189940708,0.17542792885,
    0.204665916991,0.233903905133,0.263141893275,0.292379881416,
    0.321617869558,0.3508558577,0.380093845841,0.409331833983,
    0.438569822125,0.467807810266,0.497045798408,0.526283786549,
    0.555521774691,0.584759762833,0.613997750974,0.643235739116,
    0.672473727258,0.701711715399,0.730949703541,0.760187691683,
    0.789425679824,0.818663667966,0.847901656107,0.877139644249,
    0.906377632391,0.935615620532,0.964853608674,0.994091596816,
    1.023329584957,1.052567573099,1.081805561241,1.111043549382,
    1.140281537524,1.169519525665,1.198757513807,1.227995501949,
    1.25723349009,1.286471478232,1.315709466374,1.344947454515,
    1.374185442657,1.403423430799,1.43266141894,1.461899407082,
    1.491137395223,1.520375383365,1.549613371507,1.578851359648,
    1.60808934779,1.637327335932,1.666565324073,1.695803312215,
    1.725041300357,1.754279288498,1.78351727664,1.812755264782,
    1.841993252923,1.871231241065,1.900469229206,1.929707217348),
  .QUASI_UNIFORM_KNOTS.);
#224 = CARTESIAN_POINT('',(-6.61690165285,-20.));
#225 = CARTESIAN_POINT('',(-6.616901769691,-20.02828457815));
#226 = CARTESIAN_POINT('',(-6.61668531448,-20.08485221204));
#227 = CARTESIAN_POINT('',(-6.615712916546,-20.16966053336));
#228 = CARTESIAN_POINT('',(-6.614094623174,-20.2543865489));
#229 = CARTESIAN_POINT('',(-6.611834115654,-20.33899323118));
#230 = CARTESIAN_POINT('',(-6.608936182234,-20.42344489206));
#231 = CARTESIAN_POINT('',(-6.605406793169,-20.50770732569));
#232 = CARTESIAN_POINT('',(-6.601252942214,-20.59174769257));
#233 = CARTESIAN_POINT('',(-6.596482541959,-20.67553447064));
#234 = CARTESIAN_POINT('',(-6.591104298367,-20.75903738713));
#235 = CARTESIAN_POINT('',(-6.585127586747,-20.84222735511));
#236 = CARTESIAN_POINT('',(-6.578562325247,-20.92507640934));
#237 = CARTESIAN_POINT('',(-6.571418848741,-21.00755764339));
#238 = CARTESIAN_POINT('',(-6.563707783965,-21.08964514821));
#239 = CARTESIAN_POINT('',(-6.555439927045,-21.17131395253));
#240 = CARTESIAN_POINT('',(-6.546626124209,-21.25253996535));
#241 = CARTESIAN_POINT('',(-6.537277156366,-21.33329992042));
#242 = CARTESIAN_POINT('',(-6.527403627777,-21.41357132385));
#243 = CARTESIAN_POINT('',(-6.517015859633,-21.4933324008));
#244 = CARTESIAN_POINT('',(-6.506123786113,-21.57256205596));
#245 = CARTESIAN_POINT('',(-6.494736861513,-21.65123979237));
#246 = CARTESIAN_POINT('',(-6.482863944826,-21.72934579385));
#247 = CARTESIAN_POINT('',(-6.470513284687,-21.80686040395));
#248 = CARTESIAN_POINT('',(-6.457692142291,-21.88376586158));
#249 = CARTESIAN_POINT('',(-6.444406495368,-21.96004705897));
#250 = CARTESIAN_POINT('',(-6.430661969667,-22.03568552797));
#251 = CARTESIAN_POINT('',(-6.416463494863,-22.11066147135));
#252 = CARTESIAN_POINT('',(-6.401815367615,-22.18495322837));
#253 = CARTESIAN_POINT('',(-6.386721200961,-22.25853742039));
#254 = CARTESIAN_POINT('',(-6.371183899887,-22.33138890341));
#255 = CARTESIAN_POINT('',(-6.355205620752,-22.40348077696));
#256 = CARTESIAN_POINT('',(-6.338787740208,-22.47478432423));
#257 = CARTESIAN_POINT('',(-6.321930769567,-22.54526913467));
#258 = CARTESIAN_POINT('',(-6.304634441253,-22.61490252935));
#259 = CARTESIAN_POINT('',(-6.286897120893,-22.68365155648));
#260 = CARTESIAN_POINT('',(-6.268717700407,-22.75147536733));
#261 = CARTESIAN_POINT('',(-6.250096861494,-22.81832177261));
#262 = CARTESIAN_POINT('',(-6.231029273051,-22.88415494074));
#263 = CARTESIAN_POINT('',(-6.211511030313,-22.94892732258));
#264 = CARTESIAN_POINT('',(-6.191537840738,-23.01258683415));
#265 = CARTESIAN_POINT('',(-6.171105527496,-23.07507519938));
#266 = CARTESIAN_POINT('',(-6.150209909327,-23.13632866864));
#267 = CARTESIAN_POINT('',(-6.128846844513,-23.19627810939));
#268 = CARTESIAN_POINT('',(-6.1070122309,-23.25484926805));
#269 = CARTESIAN_POINT('',(-6.084702007989,-23.31196301015));
#270 = CARTESIAN_POINT('',(-6.061912186701,-23.36753551176));
#271 = CARTESIAN_POINT('',(-6.038638759839,-23.42147870275));
#272 = CARTESIAN_POINT('',(-6.014878056841,-23.47369978704));
#273 = CARTESIAN_POINT('',(-5.990625436666,-23.52410423828));
#274 = CARTESIAN_POINT('',(-5.965880180777,-23.57258585236));
#275 = CARTESIAN_POINT('',(-5.940649882646,-23.61902253582));
#276 = CARTESIAN_POINT('',(-5.914937534592,-23.66330250346));
#277 = CARTESIAN_POINT('',(-5.888750240816,-23.70530822186));
#278 = CARTESIAN_POINT('',(-5.862098892709,-23.74492039407));
#279 = CARTESIAN_POINT('',(-5.834992701139,-23.78202726097));
#280 = CARTESIAN_POINT('',(-5.807448640711,-23.81651285975));
#281 = CARTESIAN_POINT('',(-5.779491672176,-23.84826234326));
#282 = CARTESIAN_POINT('',(-5.751147424608,-23.87717407166));
#283 = CARTESIAN_POINT('',(-5.722444516177,-23.90315835163));
#284 = CARTESIAN_POINT('',(-5.693414302309,-23.92613990502));
#285 = CARTESIAN_POINT('',(-5.664091611977,-23.94605940063));
#286 = CARTESIAN_POINT('',(-5.634514480616,-23.96287564926));
#287 = CARTESIAN_POINT('',(-5.604727332124,-23.97656672707));
#288 = CARTESIAN_POINT('',(-5.57476839571,-23.98713675597));
#289 = CARTESIAN_POINT('',(-5.544679022546,-23.99461100127));
#290 = CARTESIAN_POINT('',(-5.514499084908,-23.99903545477));
#291 = CARTESIAN_POINT('',(-5.494343870175,-24.00000166957));
#292 = CARTESIAN_POINT('',(-5.484263833127,-24.));
#293 = ( GEOMETRIC_REPRESENTATION_CONTEXT(2) 
PARAMETRIC_REPRESENTATION_CONTEXT() REPRESENTATION_CONTEXT('2D SPACE',''
  ) );
#294 = PCURVE('',#45,#295);
#295 = DEFINITIONAL_REPRESENTATION('',(#296),#366);
#296 = B_SPLINE_CURVE_WITH_KNOTS('',3,(#297,#298,#299,#300,#301,#302,
    #303,#304,#305,#306,#307,#308,#309,#310,#311,#312,#313,#314,#315,
    #316,#317,#318,#319,#320,#321,#322,#323,#324,#325,#326,#327,#328,
    #329,#330,#331,#332,#333,#334,#335,#336,#337,#338,#339,#340,#341,
    #342,#343,#344,#345,#346,#347,#348,#349,#350,#351,#352,#353,#354,
    #355,#356,#357,#358,#359,#360,#361,#362,#363,#364,#365),
  .UNSPECIFIED.,.F.,.F.,(4,1,1,1,1,1,1,1,1,1,1,1,1,1,1,1,1,1,1,1,1,1,1,1
    ,1,1,1,1,1,1,1,1,1,1,1,1,1,1,1,1,1,1,1,1,1,1,1,1,1,1,1,1,1,1,1,1,1,1
    ,1,1,1,1,1,1,1,1,4),(0.,2.923798814164E-02,5.847597628327E-02,
    8.771396442491E-02,0.116951952567,0.146189940708,0.17542792885,
    0.204665916991,0.233903905133,0.263141893275,0.292379881416,
    0.321617869558,0.3508558577,0.380093845841,0.409331833983,
    0.438569822125,0.467807810266,0.497045798408,0.526283786549,
    0.555521774691,0.584759762833,0.613997750974,0.643235739116,
    0.672473727258,0.701711715399,0.730949703541,0.760187691683,
    0.789425679824,0.818663667966,0.847901656107,0.877139644249,
    0.906377632391,0.935615620532,0.964853608674,0.994091596816,
    1.023329584957,1.052567573099,1.081805561241,1.111043549382,
    1.140281537524,1.169519525665,1.198757513807,1.227995501949,
    1.25723349009,1.286471478232,1.315709466374,1.344947454515,
    1.374185442657,1.403423430799,1.43266141894,1.461899407082,
    1.491137395223,1.520375383365,1.549613371507,1.578851359648,
    1.60808934779,1.637327335932,1.666565324073,1.695803312215,
    1.725041300357,1.754279288498,1.78351727664,1.812755264782,
    1.841993252923,1.871231241065,1.900469229206,1.929707217348),
  .QUASI_UNIFORM_KNOTS.);
#297 = CARTESIAN_POINT('',(7.435492570989,0.));
#298 = CARTESIAN_POINT('',(7.435492584098,7.071143791986E-03));
#299 = CARTESIAN_POINT('',(7.435479349898,2.121305346629E-02));
#300 = CARTESIAN_POINT('',(7.435419976102,4.24246781115E-02));
#301 = CARTESIAN_POINT('',(7.435321278104,6.363480766086E-02));
#302 = CARTESIAN_POINT('',(7.435183665826,8.484370870793E-02));
#303 = CARTESIAN_POINT('',(7.435007679603,0.106051970475));
#304 = CARTESIAN_POINT('',(7.434794002171,0.12726054053));
#305 = CARTESIAN_POINT('',(7.43454344453,0.148470699477));
#306 = CARTESIAN_POINT('',(7.434256937939,0.169684054103));
#307 = CARTESIAN_POINT('',(7.433935523655,0.190902527815));
#308 = CARTESIAN_POINT('',(7.433580342918,0.212128354229));
#309 = CARTESIAN_POINT('',(7.433192626718,0.233364072487));
#310 = CARTESIAN_POINT('',(7.432773685697,0.254612524848));
#311 = CARTESIAN_POINT('',(7.432324900252,0.275876856597));
#312 = CARTESIAN_POINT('',(7.431847711004,0.297160518431));
#313 = CARTESIAN_POINT('',(7.431343609728,0.31846727151));
#314 = CARTESIAN_POINT('',(7.43081413086,0.339801195289));
#315 = CARTESIAN_POINT('',(7.430260843631,0.361166698621));
#316 = CARTESIAN_POINT('',(7.429685344966,0.382568533297));
#317 = CARTESIAN_POINT('',(7.429089253045,0.404011814396));
#318 = CARTESIAN_POINT('',(7.428474202047,0.425502032378));
#319 = CARTESIAN_POINT('',(7.42784183639,0.447045114758));
#320 = CARTESIAN_POINT('',(7.427193810824,0.4686473232));
#321 = CARTESIAN_POINT('',(7.426531772699,0.490315787226));
#322 = CARTESIAN_POINT('',(7.425857349744,0.512058800685));
#323 = CARTESIAN_POINT('',(7.425172202191,0.533884182801));
#324 = CARTESIAN_POINT('',(7.42447800739,0.55579987697));
#325 = CARTESIAN_POINT('',(7.423776465929,0.577813835296));
#326 = CARTESIAN_POINT('',(7.423069302567,0.599934097205));
#327 = CARTESIAN_POINT('',(7.422358269167,0.622168818345));
#328 = CARTESIAN_POINT('',(7.421645147556,0.644526321132));
#329 = CARTESIAN_POINT('',(7.420931753468,0.667015129117));
#330 = CARTESIAN_POINT('',(7.420219939037,0.689644068758));
#331 = CARTESIAN_POINT('',(7.419511602886,0.712422145614));
#332 = CARTESIAN_POINT('',(7.418808674187,0.735359286452));
#333 = CARTESIAN_POINT('',(7.418113196205,0.758463877263));
#334 = CARTESIAN_POINT('',(7.417427368235,0.781741374619));
#335 = CARTESIAN_POINT('',(7.416753265696,0.80520402803));
#336 = CARTESIAN_POINT('',(7.416093136383,0.828861410394));
#337 = CARTESIAN_POINT('',(7.415449333152,0.852722804777));
#338 = CARTESIAN_POINT('',(7.414824337416,0.876796610711));
#339 = CARTESIAN_POINT('',(7.414220757889,0.901090541823));
#340 = CARTESIAN_POINT('',(7.413641335517,0.925611604179));
#341 = CARTESIAN_POINT('',(7.413088946349,0.950366122515));
#342 = CARTESIAN_POINT('',(7.412566604384,0.975359752944));
#343 = CARTESIAN_POINT('',(7.412077464421,1.00059745768));
#344 = CARTESIAN_POINT('',(7.411624822686,1.026083598341));
#345 = CARTESIAN_POINT('',(7.411212124034,1.051821543848));
#346 = CARTESIAN_POINT('',(7.410842942609,1.07781505068));
#347 = CARTESIAN_POINT('',(7.410521059522,1.104062987376));
#348 = CARTESIAN_POINT('',(7.410250444027,1.130555012312));
#349 = CARTESIAN_POINT('',(7.410035068934,1.157285252659));
#350 = CARTESIAN_POINT('',(7.409879004416,1.184243047148));
#351 = CARTESIAN_POINT('',(7.409786345643,1.211413466784));
#352 = CARTESIAN_POINT('',(7.409761169208,1.23878286519));
#353 = CARTESIAN_POINT('',(7.409807514361,1.266329311915));
#354 = CARTESIAN_POINT('',(7.409929252026,1.294022696203));
#355 = CARTESIAN_POINT('',(7.410130021492,1.321832148858));
#356 = CARTESIAN_POINT('',(7.410413177409,1.349723725481));
#357 = CARTESIAN_POINT('',(7.410781725314,1.377660717242));
#358 = CARTESIAN_POINT('',(7.411238244375,1.405603017666));
#359 = CARTESIAN_POINT('',(7.411784823109,1.433507470769));
#360 = CARTESIAN_POINT('',(7.412422905271,1.4613250676));
#361 = CARTESIAN_POINT('',(7.413153508225,1.489012792842));
#362 = CARTESIAN_POINT('',(7.413977015262,1.516524843461));
#363 = CARTESIAN_POINT('',(7.414893322088,1.543816960487));
#364 = CARTESIAN_POINT('',(7.415565517093,1.561837054798));
#365 = CARTESIAN_POINT('',(7.415916843659,1.570796326795));
#366 = ( GEOMETRIC_REPRESENTATION_CONTEXT(2) 
PARAMETRIC_REPRESENTATION_CONTEXT() REPRESENTATION_CONTEXT('2D SPACE',''
  ) );
#367 = ORIENTED_EDGE('',*,*,#368,.F.);
#368 = EDGE_CURVE('',#369,#173,#371,.T.);
#369 = VERTEX_POINT('',#370);
#370 = CARTESIAN_POINT('',(9.900090698025,37.205351821625,30.));
#371 = SURFACE_CURVE('',#372,(#377,#384),.PCURVE_S1.);
#372 = CIRCLE('',#373,3.8);
#373 = AXIS2_PLACEMENT_3D('',#374,#375,#376);
#374 = CARTESIAN_POINT('',(13.680805733027,37.587704831436,30.));
#375 = DIRECTION('',(-0.,0.,-1.));
#376 = DIRECTION('',(-0.994925009211,-0.100619213108,0.));
#377 = PCURVE('',#72,#378);
#378 = DEFINITIONAL_REPRESENTATION('',(#379),#383);
#379 = LINE('',#380,#381);
#380 = CARTESIAN_POINT('',(-9.525567734024,-24.));
#381 = VECTOR('',#382,1.);
#382 = DIRECTION('',(1.,-0.));
#383 = ( GEOMETRIC_REPRESENTATION_CONTEXT(2) 
PARAMETRIC_REPRESENTATION_CONTEXT() REPRESENTATION_CONTEXT('2D SPACE',''
  ) );
#384 = PCURVE('',#385,#390);
#385 = PLANE('',#386);
#386 = AXIS2_PLACEMENT_3D('',#387,#388,#389);
#387 = CARTESIAN_POINT('',(-4.118407928589E-15,3.242876655026E-16,30.));
#388 = DIRECTION('',(0.,0.,1.));
#389 = DIRECTION('',(1.,0.,-0.));
#390 = DEFINITIONAL_REPRESENTATION('',(#391),#399);
#391 = ( BOUNDED_CURVE() B_SPLINE_CURVE(2,(#392,#393,#394,#395,#396,#397
,#398),.UNSPECIFIED.,.T.,.F.) B_SPLINE_CURVE_WITH_KNOTS((1,2,2,2,2,1),(
    -2.094395102393,0.,2.094395102393,4.188790204786,6.28318530718,
8.377580409573),.UNSPECIFIED.) CURVE() GEOMETRIC_REPRESENTATION_ITEM() 
RATIONAL_B_SPLINE_CURVE((1.,0.5,1.,0.5,1.,0.5,1.)) REPRESENTATION_ITEM(
  '') );
#392 = CARTESIAN_POINT('',(9.900090698025,37.205351821625));
#393 = CARTESIAN_POINT('',(9.237835858605,43.753742351188));
#394 = CARTESIAN_POINT('',(15.240035830818,41.053076601123));
#395 = CARTESIAN_POINT('',(21.24223580303,38.352410851059));
#396 = CARTESIAN_POINT('',(15.902290670238,34.504686071561));
#397 = CARTESIAN_POINT('',(10.562345537445,30.656961292062));
#398 = CARTESIAN_POINT('',(9.900090698025,37.205351821625));
#399 = ( GEOMETRIC_REPRESENTATION_CONTEXT(2) 
PARAMETRIC_REPRESENTATION_CONTEXT() REPRESENTATION_CONTEXT('2D SPACE',''
  ) );
#400 = ORIENTED_EDGE('',*,*,#401,.F.);
#401 = EDGE_CURVE('',#402,#369,#404,.T.);
#402 = VERTEX_POINT('',#403);
#403 = CARTESIAN_POINT('',(11.730517907187,40.849050780026,26.));
#404 = SURFACE_CURVE('',#405,(#457,#512),.PCURVE_S1.);
#405 = B_SPLINE_CURVE_WITH_KNOTS('',8,(#406,#407,#408,#409,#410,#411,
    #412,#413,#414,#415,#416,#417,#418,#419,#420,#421,#422,#423,#424,
    #425,#426,#427,#428,#429,#430,#431,#432,#433,#434,#435,#436,#437,
    #438,#439,#440,#441,#442,#443,#444,#445,#446,#447,#448,#449,#450,
    #451,#452,#453,#454,#455,#456),.UNSPECIFIED.,.F.,.F.,(9,7,7,7,7,7,7,
    9),(0.,0.333639499345,0.529038001393,0.604504249222,0.708414236233,
    0.793749024457,0.93338875752,1.),.UNSPECIFIED.);
#406 = CARTESIAN_POINT('',(11.730517907187,40.849050780026,26.));
#407 = CARTESIAN_POINT('',(11.730517907187,40.849050780026,
    26.233559611518));
#408 = CARTESIAN_POINT('',(11.71219848958,40.838095876469,
    26.467092818007));
#409 = CARTESIAN_POINT('',(11.675568057738,40.816189997772,
    26.699292500703));
#410 = CARTESIAN_POINT('',(11.621653954486,40.78317015308,26.92908242067
    ));
#411 = CARTESIAN_POINT('',(11.552371180797,40.738602011467,
    27.155585323314));
#412 = CARTESIAN_POINT('',(11.469946569519,40.681887600607,
    27.378050027407));
#413 = CARTESIAN_POINT('',(11.376650622242,40.612308098813,
    27.595821870468));
#414 = CARTESIAN_POINT('',(11.214965750385,40.480037124716,
    27.932753395369));
#415 = CARTESIAN_POINT('',(11.152272893883,40.426436162097,
    28.055387209349));
#416 = CARTESIAN_POINT('',(11.087035398217,40.367883803282,
    28.176114615848));
#417 = CARTESIAN_POINT('',(11.019690166519,40.304153971023,
    28.294808750848));
#418 = CARTESIAN_POINT('',(10.950681786084,40.235003166214,
    28.41131296553));
#419 = CARTESIAN_POINT('',(10.880466112753,40.160168779194,
    28.525440807596));
#420 = CARTESIAN_POINT('',(10.809516234106,40.079361353833,
    28.636974539778));
#421 = CARTESIAN_POINT('',(10.710837782183,39.958607218398,
    28.787639229532));
#422 = CARTESIAN_POINT('',(10.683311533687,39.924025688053,
    28.829188973562));
#423 = CARTESIAN_POINT('',(10.655781416002,39.888488230176,
    28.870295764781));
#424 = CARTESIAN_POINT('',(10.628278131847,39.85197690599,
    28.910942380221));
#425 = CARTESIAN_POINT('',(10.600833736666,39.814473821152,
    28.951110036782));
#426 = CARTESIAN_POINT('',(10.57348163863,39.775961125745,
    28.990778391237));
#427 = CARTESIAN_POINT('',(10.546256598632,39.736421014284,
    29.029925540225));
#428 = CARTESIAN_POINT('',(10.48193306076,39.639953567398,
    29.121680036082));
#429 = CARTESIAN_POINT('',(10.444982331068,39.582091986386,
    29.173797486106));
#430 = CARTESIAN_POINT('',(10.408436143309,39.522203823055,
    29.224820787681));
#431 = CARTESIAN_POINT('',(10.37239624607,39.46024543157,29.274681258991
    ));
#432 = CARTESIAN_POINT('',(10.336972465692,39.396178018621,
    29.323302006637));
#433 = CARTESIAN_POINT('',(10.302282637544,39.329968982167,
    29.370598813223));
#434 = CARTESIAN_POINT('',(10.268452537281,39.261593250174,
    29.416481024943));
#435 = CARTESIAN_POINT('',(10.208649058786,39.133089218815,
    29.497291912834));
#436 = CARTESIAN_POINT('',(10.182353225442,39.073673572477,
    29.532711183522));
#437 = CARTESIAN_POINT('',(10.156802627745,39.012780564187,
    29.567056391789));
#438 = CARTESIAN_POINT('',(10.132076369103,38.950409558049,
    29.600269667878));
#439 = CARTESIAN_POINT('',(10.108257469158,38.886567762066,
    29.632290286718));
#440 = CARTESIAN_POINT('',(10.085431992278,38.821271591789,
    29.663055822922));
#441 = CARTESIAN_POINT('',(10.063688176041,38.754548033961,
    29.692503305784));
#442 = CARTESIAN_POINT('',(10.009451040133,38.574979182048,
    29.766498629734));
#443 = CARTESIAN_POINT('',(9.978908992278,38.459760308343,
    29.808748910155));
#444 = CARTESIAN_POINT('',(9.95190292457,38.341002853518,29.847019862758
    ));
#445 = CARTESIAN_POINT('',(9.928834163298,38.218998912122,
    29.881039355733));
#446 = CARTESIAN_POINT('',(9.910080332919,38.094116837241,
    29.910577319105));
#447 = CARTESIAN_POINT('',(9.895976663305,37.966810789596,
    29.935461994662));
#448 = CARTESIAN_POINT('',(9.886790123982,37.837632207296,29.95559959495
    ));
#449 = CARTESIAN_POINT('',(9.88072881119,37.645044752816,29.978342451391
    ));
#450 = CARTESIAN_POINT('',(9.879927513577,37.582561647604,
    29.984610067181));
#451 = CARTESIAN_POINT('',(9.880300843983,37.519860630968,
    29.989801051532));
#452 = CARTESIAN_POINT('',(9.881862179111,37.45700749383,29.993921727316
    ));
#453 = CARTESIAN_POINT('',(9.88462009435,37.394066993436,29.996983551134
    ));
#454 = CARTESIAN_POINT('',(9.888578537259,37.331102779146,
    29.999002756997));
#455 = CARTESIAN_POINT('',(9.893737001041,37.268177318222,30.));
#456 = CARTESIAN_POINT('',(9.900090698025,37.205351821625,30.));
#457 = PCURVE('',#72,#458);
#458 = DEFINITIONAL_REPRESENTATION('',(#459),#511);
#459 = B_SPLINE_CURVE_WITH_KNOTS('',8,(#460,#461,#462,#463,#464,#465,
    #466,#467,#468,#469,#470,#471,#472,#473,#474,#475,#476,#477,#478,
    #479,#480,#481,#482,#483,#484,#485,#486,#487,#488,#489,#490,#491,
    #492,#493,#494,#495,#496,#497,#498,#499,#500,#501,#502,#503,#504,
    #505,#506,#507,#508,#509,#510),.UNSPECIFIED.,.F.,.F.,(9,7,7,7,7,7,7,
    9),(0.,0.333639499345,0.529038001393,0.604504249222,0.708414236233,
    0.793749024457,0.93338875752,1.),.UNSPECIFIED.);
#460 = CARTESIAN_POINT('',(-8.392929914301,-20.));
#461 = CARTESIAN_POINT('',(-8.392929914301,-20.23355961151));
#462 = CARTESIAN_POINT('',(-8.39854705232,-20.467092818));
#463 = CARTESIAN_POINT('',(-8.409778726722,-20.6992925007));
#464 = CARTESIAN_POINT('',(-8.426415650857,-20.92908242067));
#465 = CARTESIAN_POINT('',(-8.44808178192,-21.15558532331));
#466 = CARTESIAN_POINT('',(-8.474383973638,-21.3780500274));
#467 = CARTESIAN_POINT('',(-8.504980770354,-21.59582187046));
#468 = CARTESIAN_POINT('',(-8.559953445747,-21.93275339536));
#469 = CARTESIAN_POINT('',(-8.581654429805,-22.05538720934));
#470 = CARTESIAN_POINT('',(-8.604711423886,-22.17611461584));
#471 = CARTESIAN_POINT('',(-8.629093419287,-22.29480875084));
#472 = CARTESIAN_POINT('',(-8.654779535602,-22.41131296553));
#473 = CARTESIAN_POINT('',(-8.681760492709,-22.52544080759));
#474 = CARTESIAN_POINT('',(-8.710041409054,-22.63697453977));
#475 = CARTESIAN_POINT('',(-8.751079697792,-22.78763922953));
#476 = CARTESIAN_POINT('',(-8.762710160517,-22.82918897356));
#477 = CARTESIAN_POINT('',(-8.774538305738,-22.87029576478));
#478 = CARTESIAN_POINT('',(-8.786565281165,-22.91094238022));
#479 = CARTESIAN_POINT('',(-8.79879239091,-22.95111003678));
#480 = CARTESIAN_POINT('',(-8.811221095481,-22.99077839123));
#481 = CARTESIAN_POINT('',(-8.823853011791,-23.02992554022));
#482 = CARTESIAN_POINT('',(-8.854365129443,-23.12168003608));
#483 = CARTESIAN_POINT('',(-8.872428343609,-23.1737974861));
#484 = CARTESIAN_POINT('',(-8.890884625255,-23.22482078768));
#485 = CARTESIAN_POINT('',(-8.909738643841,-23.27468125899));
#486 = CARTESIAN_POINT('',(-8.928994573629,-23.32330200663));
#487 = CARTESIAN_POINT('',(-8.948655998635,-23.37059881322));
#488 = CARTESIAN_POINT('',(-8.968725817579,-23.41648102494));
#489 = CARTESIAN_POINT('',(-9.006025366895,-23.49729191283));
#490 = CARTESIAN_POINT('',(-9.023120881729,-23.53271118352));
#491 = CARTESIAN_POINT('',(-9.040493356535,-23.56705639178));
#492 = CARTESIAN_POINT('',(-9.058142432767,-23.60026966787));
#493 = CARTESIAN_POINT('',(-9.076066516262,-23.63229028671));
#494 = CARTESIAN_POINT('',(-9.094262563369,-23.66305582292));
#495 = CARTESIAN_POINT('',(-9.112725867082,-23.69250330578));
#496 = CARTESIAN_POINT('',(-9.162089293696,-23.76649862973));
#497 = CARTESIAN_POINT('',(-9.193438850423,-23.80874891015));
#498 = CARTESIAN_POINT('',(-9.225454732008,-23.84701986275));
#499 = CARTESIAN_POINT('',(-9.258084942925,-23.88103935573));
#500 = CARTESIAN_POINT('',(-9.291268362913,-23.9105773191));
#501 = CARTESIAN_POINT('',(-9.324931858697,-23.93546199466));
#502 = CARTESIAN_POINT('',(-9.358985417998,-23.95559959495));
#503 = CARTESIAN_POINT('',(-9.409691421904,-23.97834245139));
#504 = CARTESIAN_POINT('',(-9.426132838845,-23.98461006718));
#505 = CARTESIAN_POINT('',(-9.442628543188,-23.98980105153));
#506 = CARTESIAN_POINT('',(-9.459168032832,-23.99392172731));
#507 = CARTESIAN_POINT('',(-9.475741246202,-23.99698355113));
#508 = CARTESIAN_POINT('',(-9.492338491454,-23.99900275699));
#509 = CARTESIAN_POINT('',(-9.508950375663,-24.));
#510 = CARTESIAN_POINT('',(-9.525567734024,-24.));
#511 = ( GEOMETRIC_REPRESENTATION_CONTEXT(2) 
PARAMETRIC_REPRESENTATION_CONTEXT() REPRESENTATION_CONTEXT('2D SPACE',''
  ) );
#512 = PCURVE('',#513,#518);
#513 = TOROIDAL_SURFACE('',#514,38.5,4.);
#514 = AXIS2_PLACEMENT_3D('',#515,#516,#517);
#515 = CARTESIAN_POINT('',(0.,0.,26.));
#516 = DIRECTION('',(0.,0.,1.));
#517 = DIRECTION('',(1.,0.,-0.));
#518 = DEFINITIONAL_REPRESENTATION('',(#519),#571);
#519 = B_SPLINE_CURVE_WITH_KNOTS('',8,(#520,#521,#522,#523,#524,#525,
    #526,#527,#528,#529,#530,#531,#532,#533,#534,#535,#536,#537,#538,
    #539,#540,#541,#542,#543,#544,#545,#546,#547,#548,#549,#550,#551,
    #552,#553,#554,#555,#556,#557,#558,#559,#560,#561,#562,#563,#564,
    #565,#566,#567,#568,#569,#570),.UNSPECIFIED.,.F.,.F.,(9,7,7,7,7,7,7,
    9),(0.,0.333639499345,0.529038001393,0.604504249222,0.708414236233,
    0.793749024457,0.93338875752,1.),.UNSPECIFIED.);
#520 = CARTESIAN_POINT('',(1.291153688982,0.));
#521 = CARTESIAN_POINT('',(1.291153688982,5.838990287958E-02));
#522 = CARTESIAN_POINT('',(1.291496844009,0.116773211101));
#523 = CARTESIAN_POINT('',(1.292182991228,0.175126443138));
#524 = CARTESIAN_POINT('',(1.293189240397,0.233483799808));
#525 = CARTESIAN_POINT('',(1.294472301577,0.291922359659));
#526 = CARTESIAN_POINT('',(1.295981418029,0.350556031702));
#527 = CARTESIAN_POINT('',(1.297664189039,0.409537797157));
#528 = CARTESIAN_POINT('',(1.300524316754,0.503971521342));
#529 = CARTESIAN_POINT('',(1.301622205516,0.539047488081));
#530 = CARTESIAN_POINT('',(1.302751231095,0.574372251853));
#531 = CARTESIAN_POINT('',(1.303900702119,0.609996319856));
#532 = CARTESIAN_POINT('',(1.305059580447,0.645970256949));
#533 = CARTESIAN_POINT('',(1.306216346466,0.682346789269));
#534 = CARTESIAN_POINT('',(1.307358757945,0.719183835242));
#535 = CARTESIAN_POINT('',(1.308904035896,0.770979323485));
#536 = CARTESIAN_POINT('',(1.309330410799,0.785487946551));
#537 = CARTESIAN_POINT('',(1.30975185388,0.800077747356));
#538 = CARTESIAN_POINT('',(1.310167553533,0.814752059631));
#539 = CARTESIAN_POINT('',(1.310576659842,0.82951413665));
#540 = CARTESIAN_POINT('',(1.310978284583,0.844367151233));
#541 = CARTESIAN_POINT('',(1.31137150122,0.859314195745));
#542 = CARTESIAN_POINT('',(1.312283861886,0.89507258633));
#543 = CARTESIAN_POINT('',(1.31279458283,0.915970153083));
#544 = CARTESIAN_POINT('',(1.313284993671,0.9370593843));
#545 = CARTESIAN_POINT('',(1.313752379386,0.958347302322));
#546 = CARTESIAN_POINT('',(1.314193825768,0.979839500573));
#547 = CARTESIAN_POINT('',(1.31460622119,1.001540094255));
#548 = CARTESIAN_POINT('',(1.314986258372,1.023451671044));
#549 = CARTESIAN_POINT('',(1.315613087866,1.063743949887));
#550 = CARTESIAN_POINT('',(1.315871543974,1.08205501484));
#551 = CARTESIAN_POINT('',(1.316103870417,1.100508451442));
#552 = CARTESIAN_POINT('',(1.316308029715,1.119102832357));
#553 = CARTESIAN_POINT('',(1.316481908158,1.13783511319));
#554 = CARTESIAN_POINT('',(1.316623343008,1.156700457563));
#555 = CARTESIAN_POINT('',(1.316730149704,1.17569206219));
#556 = CARTESIAN_POINT('',(1.316914694259,1.226070344797));
#557 = CARTESIAN_POINT('',(1.31693073504,1.25766622319));
#558 = CARTESIAN_POINT('',(1.316838544563,1.289533526724));
#559 = CARTESIAN_POINT('',(1.316628866774,1.321608691585));
#560 = CARTESIAN_POINT('',(1.316293237088,1.353818023481));
#561 = CARTESIAN_POINT('',(1.31582455775,1.386075137739));
#562 = CARTESIAN_POINT('',(1.315217927897,1.418277496575));
#563 = CARTESIAN_POINT('',(1.314115774581,1.465578461033));
#564 = CARTESIAN_POINT('',(1.313728009772,1.48081668149));
#565 = CARTESIAN_POINT('',(1.313308215218,1.49600456357));
#566 = CARTESIAN_POINT('',(1.312856291875,1.511130485712));
#567 = CARTESIAN_POINT('',(1.31237225853,1.526183274535));
#568 = CARTESIAN_POINT('',(1.311856250013,1.541152133258));
#569 = CARTESIAN_POINT('',(1.311308515417,1.55602657012));
#570 = CARTESIAN_POINT('',(1.310729416313,1.570796326795));
#571 = ( GEOMETRIC_REPRESENTATION_CONTEXT(2) 
PARAMETRIC_REPRESENTATION_CONTEXT() REPRESENTATION_CONTEXT('2D SPACE',''
  ) );
#572 = ORIENTED_EDGE('',*,*,#573,.T.);
#573 = EDGE_CURVE('',#402,#144,#574,.T.);
#574 = SURFACE_CURVE('',#575,(#579,#585),.PCURVE_S1.);
#575 = LINE('',#576,#577);
#576 = CARTESIAN_POINT('',(11.730517907187,40.849050780026,6.25));
#577 = VECTOR('',#578,1.);
#578 = DIRECTION('',(-0.,-0.,-1.));
#579 = PCURVE('',#72,#580);
#580 = DEFINITIONAL_REPRESENTATION('',(#581),#584);
#581 = B_SPLINE_CURVE_WITH_KNOTS('',1,(#582,#583),.UNSPECIFIED.,.F.,.F.,
  (2,2),(-19.75,0.),.PIECEWISE_BEZIER_KNOTS.);
#582 = CARTESIAN_POINT('',(-8.392929914301,-20.));
#583 = CARTESIAN_POINT('',(-8.392929914301,-0.25));
#584 = ( GEOMETRIC_REPRESENTATION_CONTEXT(2) 
PARAMETRIC_REPRESENTATION_CONTEXT() REPRESENTATION_CONTEXT('2D SPACE',''
  ) );
#585 = PCURVE('',#586,#591);
#586 = CYLINDRICAL_SURFACE('',#587,42.5);
#587 = AXIS2_PLACEMENT_3D('',#588,#589,#590);
#588 = CARTESIAN_POINT('',(0.,0.,6.25));
#589 = DIRECTION('',(-0.,-0.,-1.));
#590 = DIRECTION('',(1.,0.,0.));
#591 = DEFINITIONAL_REPRESENTATION('',(#592),#595);
#592 = B_SPLINE_CURVE_WITH_KNOTS('',1,(#593,#594),.UNSPECIFIED.,.F.,.F.,
  (2,2),(-19.75,0.),.PIECEWISE_BEZIER_KNOTS.);
#593 = CARTESIAN_POINT('',(-1.291153688982,-19.75));
#594 = CARTESIAN_POINT('',(-1.291153688982,0.));
#595 = ( GEOMETRIC_REPRESENTATION_CONTEXT(2) 
PARAMETRIC_REPRESENTATION_CONTEXT() REPRESENTATION_CONTEXT('2D SPACE',''
  ) );
#596 = ADVANCED_FACE('',(#597,#814,#849,#884,#919,#954,#989,#1024,#1059,
    #1094,#1129,#1164,#1199,#1234,#1269,#1304,#1339,#1374,#1409,#1444,
    #1479,#1514,#1549,#1584,#1619,#1654,#1689,#1724,#1759,#1794,#1829,
    #1864,#1899,#1934,#1969,#2004,#2039,#2074,#2109,#2144,#2179,#2214,
    #2249,#2284,#2319,#2354,#2389,#2424,#2459,#2494),#385,.T.);
#597 = FACE_BOUND('',#598,.T.);
#598 = EDGE_LOOP('',(#599,#627,#628,#656,#689,#722,#755,#788));
#599 = ORIENTED_EDGE('',*,*,#600,.F.);
#600 = EDGE_CURVE('',#173,#601,#603,.T.);
#601 = VERTEX_POINT('',#602);
#602 = CARTESIAN_POINT('',(16.331229699373,-34.8646086527,30.));
#603 = SURFACE_CURVE('',#604,(#609,#620),.PCURVE_S1.);
#604 = CIRCLE('',#605,38.5);
#605 = AXIS2_PLACEMENT_3D('',#606,#607,#608);
#606 = CARTESIAN_POINT('',(0.,0.,30.));
#607 = DIRECTION('',(0.,0.,-1.));
#608 = DIRECTION('',(0.424187784399,0.90557425072,0.));
#609 = PCURVE('',#385,#610);
#610 = DEFINITIONAL_REPRESENTATION('',(#611),#619);
#611 = ( BOUNDED_CURVE() B_SPLINE_CURVE(2,(#612,#613,#614,#615,#616,#617
,#618),.UNSPECIFIED.,.T.,.F.) B_SPLINE_CURVE_WITH_KNOTS((1,2,2,2,2,1),(
    -2.094395102393,0.,2.094395102393,4.188790204786,6.28318530718,
8.377580409573),.UNSPECIFIED.) CURVE() GEOMETRIC_REPRESENTATION_ITEM() 
RATIONAL_B_SPLINE_CURVE((1.,0.5,1.,0.5,1.,0.5,1.)) REPRESENTATION_ITEM(
  '') );
#612 = CARTESIAN_POINT('',(16.331229699374,34.864608652705));
#613 = CARTESIAN_POINT('',(76.718503271865,6.578089063313));
#614 = CARTESIAN_POINT('',(22.028021936559,-31.57556412104));
#615 = CARTESIAN_POINT('',(-32.66245939874,-69.72921730541));
#616 = CARTESIAN_POINT('',(-38.35925163593,-3.289044531656));
#617 = CARTESIAN_POINT('',(-44.05604387311,63.151128242098));
#618 = CARTESIAN_POINT('',(16.331229699374,34.864608652705));
#619 = ( GEOMETRIC_REPRESENTATION_CONTEXT(2) 
PARAMETRIC_REPRESENTATION_CONTEXT() REPRESENTATION_CONTEXT('2D SPACE',''
  ) );
#620 = PCURVE('',#45,#621);
#621 = DEFINITIONAL_REPRESENTATION('',(#622),#626);
#622 = LINE('',#623,#624);
#623 = CARTESIAN_POINT('',(7.415916843659,1.570796326795));
#624 = VECTOR('',#625,1.);
#625 = DIRECTION('',(-1.,-0.));
#626 = ( GEOMETRIC_REPRESENTATION_CONTEXT(2) 
PARAMETRIC_REPRESENTATION_CONTEXT() REPRESENTATION_CONTEXT('2D SPACE',''
  ) );
#627 = ORIENTED_EDGE('',*,*,#368,.F.);
#628 = ORIENTED_EDGE('',*,*,#629,.F.);
#629 = EDGE_CURVE('',#630,#369,#632,.T.);
#630 = VERTEX_POINT('',#631);
#631 = CARTESIAN_POINT('',(-9.900090698025,37.205351821625,30.));
#632 = SURFACE_CURVE('',#633,(#638,#649),.PCURVE_S1.);
#633 = CIRCLE('',#634,38.5);
#634 = AXIS2_PLACEMENT_3D('',#635,#636,#637);
#635 = CARTESIAN_POINT('',(0.,0.,30.));
#636 = DIRECTION('',(0.,0.,-1.));
#637 = DIRECTION('',(0.424187784399,0.90557425072,0.));
#638 = PCURVE('',#385,#639);
#639 = DEFINITIONAL_REPRESENTATION('',(#640),#648);
#640 = ( BOUNDED_CURVE() B_SPLINE_CURVE(2,(#641,#642,#643,#644,#645,#646
,#647),.UNSPECIFIED.,.T.,.F.) B_SPLINE_CURVE_WITH_KNOTS((1,2,2,2,2,1),(
    -2.094395102393,0.,2.094395102393,4.188790204786,6.28318530718,
8.377580409573),.UNSPECIFIED.) CURVE() GEOMETRIC_REPRESENTATION_ITEM() 
RATIONAL_B_SPLINE_CURVE((1.,0.5,1.,0.5,1.,0.5,1.)) REPRESENTATION_ITEM(
  '') );
#641 = CARTESIAN_POINT('',(16.331229699374,34.864608652705));
#642 = CARTESIAN_POINT('',(76.718503271865,6.578089063313));
#643 = CARTESIAN_POINT('',(22.028021936559,-31.57556412104));
#644 = CARTESIAN_POINT('',(-32.66245939874,-69.72921730541));
#645 = CARTESIAN_POINT('',(-38.35925163593,-3.289044531656));
#646 = CARTESIAN_POINT('',(-44.05604387311,63.151128242098));
#647 = CARTESIAN_POINT('',(16.331229699374,34.864608652705));
#648 = ( GEOMETRIC_REPRESENTATION_CONTEXT(2) 
PARAMETRIC_REPRESENTATION_CONTEXT() REPRESENTATION_CONTEXT('2D SPACE',''
  ) );
#649 = PCURVE('',#513,#650);
#650 = DEFINITIONAL_REPRESENTATION('',(#651),#655);
#651 = LINE('',#652,#653);
#652 = CARTESIAN_POINT('',(7.415916843659,1.570796326795));
#653 = VECTOR('',#654,1.);
#654 = DIRECTION('',(-1.,-0.));
#655 = ( GEOMETRIC_REPRESENTATION_CONTEXT(2) 
PARAMETRIC_REPRESENTATION_CONTEXT() REPRESENTATION_CONTEXT('2D SPACE',''
  ) );
#656 = ORIENTED_EDGE('',*,*,#657,.F.);
#657 = EDGE_CURVE('',#658,#630,#660,.T.);
#658 = VERTEX_POINT('',#659);
#659 = CARTESIAN_POINT('',(-16.33122969937,34.864608652706,30.));
#660 = SURFACE_CURVE('',#661,(#666,#677),.PCURVE_S1.);
#661 = CIRCLE('',#662,3.8);
#662 = AXIS2_PLACEMENT_3D('',#663,#664,#665);
#663 = CARTESIAN_POINT('',(-13.68080573302,37.587704831436,30.));
#664 = DIRECTION('',(-0.,0.,-1.));
#665 = DIRECTION('',(-0.697479991144,-0.716604257561,0.));
#666 = PCURVE('',#385,#667);
#667 = DEFINITIONAL_REPRESENTATION('',(#668),#676);
#668 = ( BOUNDED_CURVE() B_SPLINE_CURVE(2,(#669,#670,#671,#672,#673,#674
,#675),.UNSPECIFIED.,.T.,.F.) B_SPLINE_CURVE_WITH_KNOTS((1,2,2,2,2,1),(
    -2.094395102393,0.,2.094395102393,4.188790204786,6.28318530718,
8.377580409573),.UNSPECIFIED.) CURVE() GEOMETRIC_REPRESENTATION_ITEM() 
RATIONAL_B_SPLINE_CURVE((1.,0.5,1.,0.5,1.,0.5,1.)) REPRESENTATION_ITEM(
  '') );
#669 = CARTESIAN_POINT('',(-16.33122969937,34.864608652706));
#670 = CARTESIAN_POINT('',(-21.04777063483,39.455277624015));
#671 = CARTESIAN_POINT('',(-14.71386421758,41.244587406457));
#672 = CARTESIAN_POINT('',(-8.379957800334,43.033897188898));
#673 = CARTESIAN_POINT('',(-9.997323282125,36.653918435147));
#674 = CARTESIAN_POINT('',(-11.61468876391,30.273939681396));
#675 = CARTESIAN_POINT('',(-16.33122969937,34.864608652706));
#676 = ( GEOMETRIC_REPRESENTATION_CONTEXT(2) 
PARAMETRIC_REPRESENTATION_CONTEXT() REPRESENTATION_CONTEXT('2D SPACE',''
  ) );
#677 = PCURVE('',#678,#683);
#678 = CYLINDRICAL_SURFACE('',#679,3.8);
#679 = AXIS2_PLACEMENT_3D('',#680,#681,#682);
#680 = CARTESIAN_POINT('',(-13.68080573302,37.587704831436,6.));
#681 = DIRECTION('',(-0.,-0.,-1.));
#682 = DIRECTION('',(1.,0.,0.));
#683 = DEFINITIONAL_REPRESENTATION('',(#684),#688);
#684 = LINE('',#685,#686);
#685 = CARTESIAN_POINT('',(-10.22369943482,-24.));
#686 = VECTOR('',#687,1.);
#687 = DIRECTION('',(1.,-0.));
#688 = ( GEOMETRIC_REPRESENTATION_CONTEXT(2) 
PARAMETRIC_REPRESENTATION_CONTEXT() REPRESENTATION_CONTEXT('2D SPACE',''
  ) );
#689 = ORIENTED_EDGE('',*,*,#690,.F.);
#690 = EDGE_CURVE('',#691,#658,#693,.T.);
#691 = VERTEX_POINT('',#692);
#692 = CARTESIAN_POINT('',(-16.33122969937,-34.8646086527,30.));
#693 = SURFACE_CURVE('',#694,(#699,#710),.PCURVE_S1.);
#694 = CIRCLE('',#695,38.5);
#695 = AXIS2_PLACEMENT_3D('',#696,#697,#698);
#696 = CARTESIAN_POINT('',(0.,0.,30.));
#697 = DIRECTION('',(0.,0.,-1.));
#698 = DIRECTION('',(0.424187784399,0.90557425072,0.));
#699 = PCURVE('',#385,#700);
#700 = DEFINITIONAL_REPRESENTATION('',(#701),#709);
#701 = ( BOUNDED_CURVE() B_SPLINE_CURVE(2,(#702,#703,#704,#705,#706,#707
,#708),.UNSPECIFIED.,.T.,.F.) B_SPLINE_CURVE_WITH_KNOTS((1,2,2,2,2,1),(
    -2.094395102393,0.,2.094395102393,4.188790204786,6.28318530718,
8.377580409573),.UNSPECIFIED.) CURVE() GEOMETRIC_REPRESENTATION_ITEM() 
RATIONAL_B_SPLINE_CURVE((1.,0.5,1.,0.5,1.,0.5,1.)) REPRESENTATION_ITEM(
  '') );
#702 = CARTESIAN_POINT('',(16.331229699374,34.864608652705));
#703 = CARTESIAN_POINT('',(76.718503271865,6.578089063313));
#704 = CARTESIAN_POINT('',(22.028021936559,-31.57556412104));
#705 = CARTESIAN_POINT('',(-32.66245939874,-69.72921730541));
#706 = CARTESIAN_POINT('',(-38.35925163593,-3.289044531656));
#707 = CARTESIAN_POINT('',(-44.05604387311,63.151128242098));
#708 = CARTESIAN_POINT('',(16.331229699374,34.864608652705));
#709 = ( GEOMETRIC_REPRESENTATION_CONTEXT(2) 
PARAMETRIC_REPRESENTATION_CONTEXT() REPRESENTATION_CONTEXT('2D SPACE',''
  ) );
#710 = PCURVE('',#711,#716);
#711 = TOROIDAL_SURFACE('',#712,38.5,4.);
#712 = AXIS2_PLACEMENT_3D('',#713,#714,#715);
#713 = CARTESIAN_POINT('',(0.,0.,26.));
#714 = DIRECTION('',(0.,0.,1.));
#715 = DIRECTION('',(1.,0.,-0.));
#716 = DEFINITIONAL_REPRESENTATION('',(#717),#721);
#717 = LINE('',#718,#719);
#718 = CARTESIAN_POINT('',(7.415916843659,1.570796326795));
#719 = VECTOR('',#720,1.);
#720 = DIRECTION('',(-1.,-0.));
#721 = ( GEOMETRIC_REPRESENTATION_CONTEXT(2) 
PARAMETRIC_REPRESENTATION_CONTEXT() REPRESENTATION_CONTEXT('2D SPACE',''
  ) );
#722 = ORIENTED_EDGE('',*,*,#723,.F.);
#723 = EDGE_CURVE('',#724,#691,#726,.T.);
#724 = VERTEX_POINT('',#725);
#725 = CARTESIAN_POINT('',(-9.900090698025,-37.20535182162,30.));
#726 = SURFACE_CURVE('',#727,(#732,#743),.PCURVE_S1.);
#727 = CIRCLE('',#728,3.8);
#728 = AXIS2_PLACEMENT_3D('',#729,#730,#731);
#729 = CARTESIAN_POINT('',(-13.68080573302,-37.58770483143,30.));
#730 = DIRECTION('',(0.,0.,-1.));
#731 = DIRECTION('',(0.994925009211,0.100619213108,0.));
#732 = PCURVE('',#385,#733);
#733 = DEFINITIONAL_REPRESENTATION('',(#734),#742);
#734 = ( BOUNDED_CURVE() B_SPLINE_CURVE(2,(#735,#736,#737,#738,#739,#740
,#741),.UNSPECIFIED.,.T.,.F.) B_SPLINE_CURVE_WITH_KNOTS((1,2,2,2,2,1),(
    -2.094395102393,0.,2.094395102393,4.188790204786,6.28318530718,
8.377580409573),.UNSPECIFIED.) CURVE() GEOMETRIC_REPRESENTATION_ITEM() 
RATIONAL_B_SPLINE_CURVE((1.,0.5,1.,0.5,1.,0.5,1.)) REPRESENTATION_ITEM(
  '') );
#735 = CARTESIAN_POINT('',(-9.900090698025,-37.20535182162));
#736 = CARTESIAN_POINT('',(-9.237835858605,-43.75374235118));
#737 = CARTESIAN_POINT('',(-15.24003583081,-41.05307660112));
#738 = CARTESIAN_POINT('',(-21.24223580303,-38.35241085105));
#739 = CARTESIAN_POINT('',(-15.90229067023,-34.50468607156));
#740 = CARTESIAN_POINT('',(-10.56234553744,-30.65696129206));
#741 = CARTESIAN_POINT('',(-9.900090698025,-37.20535182162));
#742 = ( GEOMETRIC_REPRESENTATION_CONTEXT(2) 
PARAMETRIC_REPRESENTATION_CONTEXT() REPRESENTATION_CONTEXT('2D SPACE',''
  ) );
#743 = PCURVE('',#744,#749);
#744 = CYLINDRICAL_SURFACE('',#745,3.8);
#745 = AXIS2_PLACEMENT_3D('',#746,#747,#748);
#746 = CARTESIAN_POINT('',(-13.68080573302,-37.58770483143,6.));
#747 = DIRECTION('',(-0.,-0.,-1.));
#748 = DIRECTION('',(1.,0.,0.));
#749 = DEFINITIONAL_REPRESENTATION('',(#750),#754);
#750 = LINE('',#751,#752);
#751 = CARTESIAN_POINT('',(-6.383975080435,-24.));
#752 = VECTOR('',#753,1.);
#753 = DIRECTION('',(1.,-0.));
#754 = ( GEOMETRIC_REPRESENTATION_CONTEXT(2) 
PARAMETRIC_REPRESENTATION_CONTEXT() REPRESENTATION_CONTEXT('2D SPACE',''
  ) );
#755 = ORIENTED_EDGE('',*,*,#756,.F.);
#756 = EDGE_CURVE('',#757,#724,#759,.T.);
#757 = VERTEX_POINT('',#758);
#758 = CARTESIAN_POINT('',(9.900090698025,-37.20535182162,30.));
#759 = SURFACE_CURVE('',#760,(#765,#776),.PCURVE_S1.);
#760 = CIRCLE('',#761,38.5);
#761 = AXIS2_PLACEMENT_3D('',#762,#763,#764);
#762 = CARTESIAN_POINT('',(0.,0.,30.));
#763 = DIRECTION('',(0.,0.,-1.));
#764 = DIRECTION('',(0.424187784399,0.90557425072,0.));
#765 = PCURVE('',#385,#766);
#766 = DEFINITIONAL_REPRESENTATION('',(#767),#775);
#767 = ( BOUNDED_CURVE() B_SPLINE_CURVE(2,(#768,#769,#770,#771,#772,#773
,#774),.UNSPECIFIED.,.T.,.F.) B_SPLINE_CURVE_WITH_KNOTS((1,2,2,2,2,1),(
    -2.094395102393,0.,2.094395102393,4.188790204786,6.28318530718,
8.377580409573),.UNSPECIFIED.) CURVE() GEOMETRIC_REPRESENTATION_ITEM() 
RATIONAL_B_SPLINE_CURVE((1.,0.5,1.,0.5,1.,0.5,1.)) REPRESENTATION_ITEM(
  '') );
#768 = CARTESIAN_POINT('',(16.331229699374,34.864608652705));
#769 = CARTESIAN_POINT('',(76.718503271865,6.578089063313));
#770 = CARTESIAN_POINT('',(22.028021936559,-31.57556412104));
#771 = CARTESIAN_POINT('',(-32.66245939874,-69.72921730541));
#772 = CARTESIAN_POINT('',(-38.35925163593,-3.289044531656));
#773 = CARTESIAN_POINT('',(-44.05604387311,63.151128242098));
#774 = CARTESIAN_POINT('',(16.331229699374,34.864608652705));
#775 = ( GEOMETRIC_REPRESENTATION_CONTEXT(2) 
PARAMETRIC_REPRESENTATION_CONTEXT() REPRESENTATION_CONTEXT('2D SPACE',''
  ) );
#776 = PCURVE('',#777,#782);
#777 = TOROIDAL_SURFACE('',#778,38.5,4.);
#778 = AXIS2_PLACEMENT_3D('',#779,#780,#781);
#779 = CARTESIAN_POINT('',(0.,0.,26.));
#780 = DIRECTION('',(0.,0.,1.));
#781 = DIRECTION('',(1.,0.,-0.));
#782 = DEFINITIONAL_REPRESENTATION('',(#783),#787);
#783 = LINE('',#784,#785);
#784 = CARTESIAN_POINT('',(7.415916843659,1.570796326795));
#785 = VECTOR('',#786,1.);
#786 = DIRECTION('',(-1.,-0.));
#787 = ( GEOMETRIC_REPRESENTATION_CONTEXT(2) 
PARAMETRIC_REPRESENTATION_CONTEXT() REPRESENTATION_CONTEXT('2D SPACE',''
  ) );
#788 = ORIENTED_EDGE('',*,*,#789,.F.);
#789 = EDGE_CURVE('',#601,#757,#790,.T.);
#790 = SURFACE_CURVE('',#791,(#796,#807),.PCURVE_S1.);
#791 = CIRCLE('',#792,3.8);
#792 = AXIS2_PLACEMENT_3D('',#793,#794,#795);
#793 = CARTESIAN_POINT('',(13.680805733027,-37.58770483143,30.));
#794 = DIRECTION('',(0.,0.,-1.));
#795 = DIRECTION('',(0.697479991144,0.716604257561,0.));
#796 = PCURVE('',#385,#797);
#797 = DEFINITIONAL_REPRESENTATION('',(#798),#806);
#798 = ( BOUNDED_CURVE() B_SPLINE_CURVE(2,(#799,#800,#801,#802,#803,#804
,#805),.UNSPECIFIED.,.T.,.F.) B_SPLINE_CURVE_WITH_KNOTS((1,2,2,2,2,1),(
    -2.094395102393,0.,2.094395102393,4.188790204786,6.28318530718,
8.377580409573),.UNSPECIFIED.) CURVE() GEOMETRIC_REPRESENTATION_ITEM() 
RATIONAL_B_SPLINE_CURVE((1.,0.5,1.,0.5,1.,0.5,1.)) REPRESENTATION_ITEM(
  '') );
#799 = CARTESIAN_POINT('',(16.331229699373,-34.8646086527));
#800 = CARTESIAN_POINT('',(21.047770634831,-39.45527762401));
#801 = CARTESIAN_POINT('',(14.713864217583,-41.24458740645));
#802 = CARTESIAN_POINT('',(8.379957800334,-43.03389718889));
#803 = CARTESIAN_POINT('',(9.997323282125,-36.65391843514));
#804 = CARTESIAN_POINT('',(11.614688763915,-30.27393968139));
#805 = CARTESIAN_POINT('',(16.331229699373,-34.8646086527));
#806 = ( GEOMETRIC_REPRESENTATION_CONTEXT(2) 
PARAMETRIC_REPRESENTATION_CONTEXT() REPRESENTATION_CONTEXT('2D SPACE',''
  ) );
#807 = PCURVE('',#129,#808);
#808 = DEFINITIONAL_REPRESENTATION('',(#809),#813);
#809 = LINE('',#810,#811);
#810 = CARTESIAN_POINT('',(-7.082106781232,-24.));
#811 = VECTOR('',#812,1.);
#812 = DIRECTION('',(1.,-0.));
#813 = ( GEOMETRIC_REPRESENTATION_CONTEXT(2) 
PARAMETRIC_REPRESENTATION_CONTEXT() REPRESENTATION_CONTEXT('2D SPACE',''
  ) );
#814 = FACE_BOUND('',#815,.T.);
#815 = EDGE_LOOP('',(#816));
#816 = ORIENTED_EDGE('',*,*,#817,.T.);
#817 = EDGE_CURVE('',#818,#818,#820,.T.);
#818 = VERTEX_POINT('',#819);
#819 = CARTESIAN_POINT('',(-10.98080573302,-37.58770483143,30.));
#820 = SURFACE_CURVE('',#821,(#826,#837),.PCURVE_S1.);
#821 = CIRCLE('',#822,2.7);
#822 = AXIS2_PLACEMENT_3D('',#823,#824,#825);
#823 = CARTESIAN_POINT('',(-13.68080573302,-37.58770483143,30.));
#824 = DIRECTION('',(0.,0.,-1.));
#825 = DIRECTION('',(1.,0.,0.));
#826 = PCURVE('',#385,#827);
#827 = DEFINITIONAL_REPRESENTATION('',(#828),#836);
#828 = ( BOUNDED_CURVE() B_SPLINE_CURVE(2,(#829,#830,#831,#832,#833,#834
,#835),.UNSPECIFIED.,.T.,.F.) B_SPLINE_CURVE_WITH_KNOTS((1,2,2,2,2,1),(
    -2.094395102393,0.,2.094395102393,4.188790204786,6.28318530718,
8.377580409573),.UNSPECIFIED.) CURVE() GEOMETRIC_REPRESENTATION_ITEM() 
RATIONAL_B_SPLINE_CURVE((1.,0.5,1.,0.5,1.,0.5,1.)) REPRESENTATION_ITEM(
  '') );
#829 = CARTESIAN_POINT('',(-10.98080573302,-37.58770483143));
#830 = CARTESIAN_POINT('',(-10.98080573302,-42.26424201187));
#831 = CARTESIAN_POINT('',(-15.03080573302,-39.92597342165));
#832 = CARTESIAN_POINT('',(-19.08080573302,-37.58770483143));
#833 = CARTESIAN_POINT('',(-15.03080573302,-35.24943624121));
#834 = CARTESIAN_POINT('',(-10.98080573302,-32.911167651));
#835 = CARTESIAN_POINT('',(-10.98080573302,-37.58770483143));
#836 = ( GEOMETRIC_REPRESENTATION_CONTEXT(2) 
PARAMETRIC_REPRESENTATION_CONTEXT() REPRESENTATION_CONTEXT('2D SPACE',''
  ) );
#837 = PCURVE('',#838,#843);
#838 = CYLINDRICAL_SURFACE('',#839,2.7);
#839 = AXIS2_PLACEMENT_3D('',#840,#841,#842);
#840 = CARTESIAN_POINT('',(-13.68080573302,-37.58770483143,27.8));
#841 = DIRECTION('',(-0.,-0.,-1.));
#842 = DIRECTION('',(1.,0.,0.));
#843 = DEFINITIONAL_REPRESENTATION('',(#844),#848);
#844 = LINE('',#845,#846);
#845 = CARTESIAN_POINT('',(-6.28318530718,-2.2));
#846 = VECTOR('',#847,1.);
#847 = DIRECTION('',(1.,-0.));
#848 = ( GEOMETRIC_REPRESENTATION_CONTEXT(2) 
PARAMETRIC_REPRESENTATION_CONTEXT() REPRESENTATION_CONTEXT('2D SPACE',''
  ) );
#849 = FACE_BOUND('',#850,.T.);
#850 = EDGE_LOOP('',(#851));
#851 = ORIENTED_EDGE('',*,*,#852,.T.);
#852 = EDGE_CURVE('',#853,#853,#855,.T.);
#853 = VERTEX_POINT('',#854);
#854 = CARTESIAN_POINT('',(-10.85,-3.,30.));
#855 = SURFACE_CURVE('',#856,(#861,#872),.PCURVE_S1.);
#856 = CIRCLE('',#857,1.15);
#857 = AXIS2_PLACEMENT_3D('',#858,#859,#860);
#858 = CARTESIAN_POINT('',(-12.,-3.,30.));
#859 = DIRECTION('',(0.,0.,-1.));
#860 = DIRECTION('',(1.,0.,0.));
#861 = PCURVE('',#385,#862);
#862 = DEFINITIONAL_REPRESENTATION('',(#863),#871);
#863 = ( BOUNDED_CURVE() B_SPLINE_CURVE(2,(#864,#865,#866,#867,#868,#869
,#870),.UNSPECIFIED.,.T.,.F.) B_SPLINE_CURVE_WITH_KNOTS((1,2,2,2,2,1),(
    -2.094395102393,0.,2.094395102393,4.188790204786,6.28318530718,
8.377580409573),.UNSPECIFIED.) CURVE() GEOMETRIC_REPRESENTATION_ITEM() 
RATIONAL_B_SPLINE_CURVE((1.,0.5,1.,0.5,1.,0.5,1.)) REPRESENTATION_ITEM(
  '') );
#864 = CARTESIAN_POINT('',(-10.85,-3.));
#865 = CARTESIAN_POINT('',(-10.85,-4.991858428704));
#866 = CARTESIAN_POINT('',(-12.575,-3.995929214352));
#867 = CARTESIAN_POINT('',(-14.3,-3.));
#868 = CARTESIAN_POINT('',(-12.575,-2.004070785648));
#869 = CARTESIAN_POINT('',(-10.85,-1.008141571296));
#870 = CARTESIAN_POINT('',(-10.85,-3.));
#871 = ( GEOMETRIC_REPRESENTATION_CONTEXT(2) 
PARAMETRIC_REPRESENTATION_CONTEXT() REPRESENTATION_CONTEXT('2D SPACE',''
  ) );
#872 = PCURVE('',#873,#878);
#873 = CYLINDRICAL_SURFACE('',#874,1.15);
#874 = AXIS2_PLACEMENT_3D('',#875,#876,#877);
#875 = CARTESIAN_POINT('',(-12.,-3.,26.));
#876 = DIRECTION('',(-0.,-0.,-1.));
#877 = DIRECTION('',(1.,0.,0.));
#878 = DEFINITIONAL_REPRESENTATION('',(#879),#883);
#879 = LINE('',#880,#881);
#880 = CARTESIAN_POINT('',(-6.28318530718,-4.));
#881 = VECTOR('',#882,1.);
#882 = DIRECTION('',(1.,-0.));
#883 = ( GEOMETRIC_REPRESENTATION_CONTEXT(2) 
PARAMETRIC_REPRESENTATION_CONTEXT() REPRESENTATION_CONTEXT('2D SPACE',''
  ) );
#884 = FACE_BOUND('',#885,.T.);
#885 = EDGE_LOOP('',(#886));
#886 = ORIENTED_EDGE('',*,*,#887,.T.);
#887 = EDGE_CURVE('',#888,#888,#890,.T.);
#888 = VERTEX_POINT('',#889);
#889 = CARTESIAN_POINT('',(-6.85,-7.,30.));
#890 = SURFACE_CURVE('',#891,(#896,#907),.PCURVE_S1.);
#891 = CIRCLE('',#892,1.15);
#892 = AXIS2_PLACEMENT_3D('',#893,#894,#895);
#893 = CARTESIAN_POINT('',(-8.,-7.,30.));
#894 = DIRECTION('',(0.,0.,-1.));
#895 = DIRECTION('',(1.,0.,0.));
#896 = PCURVE('',#385,#897);
#897 = DEFINITIONAL_REPRESENTATION('',(#898),#906);
#898 = ( BOUNDED_CURVE() B_SPLINE_CURVE(2,(#899,#900,#901,#902,#903,#904
,#905),.UNSPECIFIED.,.T.,.F.) B_SPLINE_CURVE_WITH_KNOTS((1,2,2,2,2,1),(
    -2.094395102393,0.,2.094395102393,4.188790204786,6.28318530718,
8.377580409573),.UNSPECIFIED.) CURVE() GEOMETRIC_REPRESENTATION_ITEM() 
RATIONAL_B_SPLINE_CURVE((1.,0.5,1.,0.5,1.,0.5,1.)) REPRESENTATION_ITEM(
  '') );
#899 = CARTESIAN_POINT('',(-6.85,-7.));
#900 = CARTESIAN_POINT('',(-6.85,-8.991858428704));
#901 = CARTESIAN_POINT('',(-8.575,-7.995929214352));
#902 = CARTESIAN_POINT('',(-10.3,-7.));
#903 = CARTESIAN_POINT('',(-8.575,-6.004070785648));
#904 = CARTESIAN_POINT('',(-6.85,-5.008141571296));
#905 = CARTESIAN_POINT('',(-6.85,-7.));
#906 = ( GEOMETRIC_REPRESENTATION_CONTEXT(2) 
PARAMETRIC_REPRESENTATION_CONTEXT() REPRESENTATION_CONTEXT('2D SPACE',''
  ) );
#907 = PCURVE('',#908,#913);
#908 = CYLINDRICAL_SURFACE('',#909,1.15);
#909 = AXIS2_PLACEMENT_3D('',#910,#911,#912);
#910 = CARTESIAN_POINT('',(-8.,-7.,26.));
#911 = DIRECTION('',(-0.,-0.,-1.));
#912 = DIRECTION('',(1.,0.,0.));
#913 = DEFINITIONAL_REPRESENTATION('',(#914),#918);
#914 = LINE('',#915,#916);
#915 = CARTESIAN_POINT('',(-6.28318530718,-4.));
#916 = VECTOR('',#917,1.);
#917 = DIRECTION('',(1.,-0.));
#918 = ( GEOMETRIC_REPRESENTATION_CONTEXT(2) 
PARAMETRIC_REPRESENTATION_CONTEXT() REPRESENTATION_CONTEXT('2D SPACE',''
  ) );
#919 = FACE_BOUND('',#920,.T.);
#920 = EDGE_LOOP('',(#921));
#921 = ORIENTED_EDGE('',*,*,#922,.T.);
#922 = EDGE_CURVE('',#923,#923,#925,.T.);
#923 = VERTEX_POINT('',#924);
#924 = CARTESIAN_POINT('',(-6.85,-3.,30.));
#925 = SURFACE_CURVE('',#926,(#931,#942),.PCURVE_S1.);
#926 = CIRCLE('',#927,1.15);
#927 = AXIS2_PLACEMENT_3D('',#928,#929,#930);
#928 = CARTESIAN_POINT('',(-8.,-3.,30.));
#929 = DIRECTION('',(0.,0.,-1.));
#930 = DIRECTION('',(1.,0.,0.));
#931 = PCURVE('',#385,#932);
#932 = DEFINITIONAL_REPRESENTATION('',(#933),#941);
#933 = ( BOUNDED_CURVE() B_SPLINE_CURVE(2,(#934,#935,#936,#937,#938,#939
,#940),.UNSPECIFIED.,.T.,.F.) B_SPLINE_CURVE_WITH_KNOTS((1,2,2,2,2,1),(
    -2.094395102393,0.,2.094395102393,4.188790204786,6.28318530718,
8.377580409573),.UNSPECIFIED.) CURVE() GEOMETRIC_REPRESENTATION_ITEM() 
RATIONAL_B_SPLINE_CURVE((1.,0.5,1.,0.5,1.,0.5,1.)) REPRESENTATION_ITEM(
  '') );
#934 = CARTESIAN_POINT('',(-6.85,-3.));
#935 = CARTESIAN_POINT('',(-6.85,-4.991858428704));
#936 = CARTESIAN_POINT('',(-8.575,-3.995929214352));
#937 = CARTESIAN_POINT('',(-10.3,-3.));
#938 = CARTESIAN_POINT('',(-8.575,-2.004070785648));
#939 = CARTESIAN_POINT('',(-6.85,-1.008141571296));
#940 = CARTESIAN_POINT('',(-6.85,-3.));
#941 = ( GEOMETRIC_REPRESENTATION_CONTEXT(2) 
PARAMETRIC_REPRESENTATION_CONTEXT() REPRESENTATION_CONTEXT('2D SPACE',''
  ) );
#942 = PCURVE('',#943,#948);
#943 = CYLINDRICAL_SURFACE('',#944,1.15);
#944 = AXIS2_PLACEMENT_3D('',#945,#946,#947);
#945 = CARTESIAN_POINT('',(-8.,-3.,26.));
#946 = DIRECTION('',(-0.,-0.,-1.));
#947 = DIRECTION('',(1.,0.,0.));
#948 = DEFINITIONAL_REPRESENTATION('',(#949),#953);
#949 = LINE('',#950,#951);
#950 = CARTESIAN_POINT('',(-6.28318530718,-4.));
#951 = VECTOR('',#952,1.);
#952 = DIRECTION('',(1.,-0.));
#953 = ( GEOMETRIC_REPRESENTATION_CONTEXT(2) 
PARAMETRIC_REPRESENTATION_CONTEXT() REPRESENTATION_CONTEXT('2D SPACE',''
  ) );
#954 = FACE_BOUND('',#955,.T.);
#955 = EDGE_LOOP('',(#956));
#956 = ORIENTED_EDGE('',*,*,#957,.T.);
#957 = EDGE_CURVE('',#958,#958,#960,.T.);
#958 = VERTEX_POINT('',#959);
#959 = CARTESIAN_POINT('',(-2.85,-7.,30.));
#960 = SURFACE_CURVE('',#961,(#966,#977),.PCURVE_S1.);
#961 = CIRCLE('',#962,1.15);
#962 = AXIS2_PLACEMENT_3D('',#963,#964,#965);
#963 = CARTESIAN_POINT('',(-4.,-7.,30.));
#964 = DIRECTION('',(0.,0.,-1.));
#965 = DIRECTION('',(1.,0.,0.));
#966 = PCURVE('',#385,#967);
#967 = DEFINITIONAL_REPRESENTATION('',(#968),#976);
#968 = ( BOUNDED_CURVE() B_SPLINE_CURVE(2,(#969,#970,#971,#972,#973,#974
,#975),.UNSPECIFIED.,.T.,.F.) B_SPLINE_CURVE_WITH_KNOTS((1,2,2,2,2,1),(
    -2.094395102393,0.,2.094395102393,4.188790204786,6.28318530718,
8.377580409573),.UNSPECIFIED.) CURVE() GEOMETRIC_REPRESENTATION_ITEM() 
RATIONAL_B_SPLINE_CURVE((1.,0.5,1.,0.5,1.,0.5,1.)) REPRESENTATION_ITEM(
  '') );
#969 = CARTESIAN_POINT('',(-2.85,-7.));
#970 = CARTESIAN_POINT('',(-2.85,-8.991858428704));
#971 = CARTESIAN_POINT('',(-4.575,-7.995929214352));
#972 = CARTESIAN_POINT('',(-6.3,-7.));
#973 = CARTESIAN_POINT('',(-4.575,-6.004070785648));
#974 = CARTESIAN_POINT('',(-2.85,-5.008141571296));
#975 = CARTESIAN_POINT('',(-2.85,-7.));
#976 = ( GEOMETRIC_REPRESENTATION_CONTEXT(2) 
PARAMETRIC_REPRESENTATION_CONTEXT() REPRESENTATION_CONTEXT('2D SPACE',''
  ) );
#977 = PCURVE('',#978,#983);
#978 = CYLINDRICAL_SURFACE('',#979,1.15);
#979 = AXIS2_PLACEMENT_3D('',#980,#981,#982);
#980 = CARTESIAN_POINT('',(-4.,-7.,26.));
#981 = DIRECTION('',(-0.,-0.,-1.));
#982 = DIRECTION('',(1.,0.,0.));
#983 = DEFINITIONAL_REPRESENTATION('',(#984),#988);
#984 = LINE('',#985,#986);
#985 = CARTESIAN_POINT('',(-6.28318530718,-4.));
#986 = VECTOR('',#987,1.);
#987 = DIRECTION('',(1.,-0.));
#988 = ( GEOMETRIC_REPRESENTATION_CONTEXT(2) 
PARAMETRIC_REPRESENTATION_CONTEXT() REPRESENTATION_CONTEXT('2D SPACE',''
  ) );
#989 = FACE_BOUND('',#990,.T.);
#990 = EDGE_LOOP('',(#991));
#991 = ORIENTED_EDGE('',*,*,#992,.T.);
#992 = EDGE_CURVE('',#993,#993,#995,.T.);
#993 = VERTEX_POINT('',#994);
#994 = CARTESIAN_POINT('',(1.15,-7.,30.));
#995 = SURFACE_CURVE('',#996,(#1001,#1012),.PCURVE_S1.);
#996 = CIRCLE('',#997,1.15);
#997 = AXIS2_PLACEMENT_3D('',#998,#999,#1000);
#998 = CARTESIAN_POINT('',(0.,-7.,30.));
#999 = DIRECTION('',(0.,0.,-1.));
#1000 = DIRECTION('',(1.,0.,0.));
#1001 = PCURVE('',#385,#1002);
#1002 = DEFINITIONAL_REPRESENTATION('',(#1003),#1011);
#1003 = ( BOUNDED_CURVE() B_SPLINE_CURVE(2,(#1004,#1005,#1006,#1007,
#1008,#1009,#1010),.UNSPECIFIED.,.T.,.F.) B_SPLINE_CURVE_WITH_KNOTS((1,2
    ,2,2,2,1),(-2.094395102393,0.,2.094395102393,4.188790204786,
6.28318530718,8.377580409573),.UNSPECIFIED.) CURVE() 
GEOMETRIC_REPRESENTATION_ITEM() RATIONAL_B_SPLINE_CURVE((1.,0.5,1.,0.5,
1.,0.5,1.)) REPRESENTATION_ITEM('') );
#1004 = CARTESIAN_POINT('',(1.15,-7.));
#1005 = CARTESIAN_POINT('',(1.15,-8.991858428704));
#1006 = CARTESIAN_POINT('',(-0.575,-7.995929214352));
#1007 = CARTESIAN_POINT('',(-2.3,-7.));
#1008 = CARTESIAN_POINT('',(-0.575,-6.004070785648));
#1009 = CARTESIAN_POINT('',(1.15,-5.008141571296));
#1010 = CARTESIAN_POINT('',(1.15,-7.));
#1011 = ( GEOMETRIC_REPRESENTATION_CONTEXT(2) 
PARAMETRIC_REPRESENTATION_CONTEXT() REPRESENTATION_CONTEXT('2D SPACE',''
  ) );
#1012 = PCURVE('',#1013,#1018);
#1013 = CYLINDRICAL_SURFACE('',#1014,1.15);
#1014 = AXIS2_PLACEMENT_3D('',#1015,#1016,#1017);
#1015 = CARTESIAN_POINT('',(0.,-7.,26.));
#1016 = DIRECTION('',(-0.,-0.,-1.));
#1017 = DIRECTION('',(1.,0.,0.));
#1018 = DEFINITIONAL_REPRESENTATION('',(#1019),#1023);
#1019 = LINE('',#1020,#1021);
#1020 = CARTESIAN_POINT('',(-6.28318530718,-4.));
#1021 = VECTOR('',#1022,1.);
#1022 = DIRECTION('',(1.,-0.));
#1023 = ( GEOMETRIC_REPRESENTATION_CONTEXT(2) 
PARAMETRIC_REPRESENTATION_CONTEXT() REPRESENTATION_CONTEXT('2D SPACE',''
  ) );
#1024 = FACE_BOUND('',#1025,.T.);
#1025 = EDGE_LOOP('',(#1026));
#1026 = ORIENTED_EDGE('',*,*,#1027,.T.);
#1027 = EDGE_CURVE('',#1028,#1028,#1030,.T.);
#1028 = VERTEX_POINT('',#1029);
#1029 = CARTESIAN_POINT('',(-2.85,-3.,30.));
#1030 = SURFACE_CURVE('',#1031,(#1036,#1047),.PCURVE_S1.);
#1031 = CIRCLE('',#1032,1.15);
#1032 = AXIS2_PLACEMENT_3D('',#1033,#1034,#1035);
#1033 = CARTESIAN_POINT('',(-4.,-3.,30.));
#1034 = DIRECTION('',(0.,0.,-1.));
#1035 = DIRECTION('',(1.,0.,0.));
#1036 = PCURVE('',#385,#1037);
#1037 = DEFINITIONAL_REPRESENTATION('',(#1038),#1046);
#1038 = ( BOUNDED_CURVE() B_SPLINE_CURVE(2,(#1039,#1040,#1041,#1042,
#1043,#1044,#1045),.UNSPECIFIED.,.T.,.F.) B_SPLINE_CURVE_WITH_KNOTS((1,2
    ,2,2,2,1),(-2.094395102393,0.,2.094395102393,4.188790204786,
6.28318530718,8.377580409573),.UNSPECIFIED.) CURVE() 
GEOMETRIC_REPRESENTATION_ITEM() RATIONAL_B_SPLINE_CURVE((1.,0.5,1.,0.5,
1.,0.5,1.)) REPRESENTATION_ITEM('') );
#1039 = CARTESIAN_POINT('',(-2.85,-3.));
#1040 = CARTESIAN_POINT('',(-2.85,-4.991858428704));
#1041 = CARTESIAN_POINT('',(-4.575,-3.995929214352));
#1042 = CARTESIAN_POINT('',(-6.3,-3.));
#1043 = CARTESIAN_POINT('',(-4.575,-2.004070785648));
#1044 = CARTESIAN_POINT('',(-2.85,-1.008141571296));
#1045 = CARTESIAN_POINT('',(-2.85,-3.));
#1046 = ( GEOMETRIC_REPRESENTATION_CONTEXT(2) 
PARAMETRIC_REPRESENTATION_CONTEXT() REPRESENTATION_CONTEXT('2D SPACE',''
  ) );
#1047 = PCURVE('',#1048,#1053);
#1048 = CYLINDRICAL_SURFACE('',#1049,1.15);
#1049 = AXIS2_PLACEMENT_3D('',#1050,#1051,#1052);
#1050 = CARTESIAN_POINT('',(-4.,-3.,26.));
#1051 = DIRECTION('',(-0.,-0.,-1.));
#1052 = DIRECTION('',(1.,0.,0.));
#1053 = DEFINITIONAL_REPRESENTATION('',(#1054),#1058);
#1054 = LINE('',#1055,#1056);
#1055 = CARTESIAN_POINT('',(-6.28318530718,-4.));
#1056 = VECTOR('',#1057,1.);
#1057 = DIRECTION('',(1.,-0.));
#1058 = ( GEOMETRIC_REPRESENTATION_CONTEXT(2) 
PARAMETRIC_REPRESENTATION_CONTEXT() REPRESENTATION_CONTEXT('2D SPACE',''
  ) );
#1059 = FACE_BOUND('',#1060,.T.);
#1060 = EDGE_LOOP('',(#1061));
#1061 = ORIENTED_EDGE('',*,*,#1062,.T.);
#1062 = EDGE_CURVE('',#1063,#1063,#1065,.T.);
#1063 = VERTEX_POINT('',#1064);
#1064 = CARTESIAN_POINT('',(1.15,-3.,30.));
#1065 = SURFACE_CURVE('',#1066,(#1071,#1082),.PCURVE_S1.);
#1066 = CIRCLE('',#1067,1.15);
#1067 = AXIS2_PLACEMENT_3D('',#1068,#1069,#1070);
#1068 = CARTESIAN_POINT('',(0.,-3.,30.));
#1069 = DIRECTION('',(0.,0.,-1.));
#1070 = DIRECTION('',(1.,0.,0.));
#1071 = PCURVE('',#385,#1072);
#1072 = DEFINITIONAL_REPRESENTATION('',(#1073),#1081);
#1073 = ( BOUNDED_CURVE() B_SPLINE_CURVE(2,(#1074,#1075,#1076,#1077,
#1078,#1079,#1080),.UNSPECIFIED.,.T.,.F.) B_SPLINE_CURVE_WITH_KNOTS((1,2
    ,2,2,2,1),(-2.094395102393,0.,2.094395102393,4.188790204786,
6.28318530718,8.377580409573),.UNSPECIFIED.) CURVE() 
GEOMETRIC_REPRESENTATION_ITEM() RATIONAL_B_SPLINE_CURVE((1.,0.5,1.,0.5,
1.,0.5,1.)) REPRESENTATION_ITEM('') );
#1074 = CARTESIAN_POINT('',(1.15,-3.));
#1075 = CARTESIAN_POINT('',(1.15,-4.991858428704));
#1076 = CARTESIAN_POINT('',(-0.575,-3.995929214352));
#1077 = CARTESIAN_POINT('',(-2.3,-3.));
#1078 = CARTESIAN_POINT('',(-0.575,-2.004070785648));
#1079 = CARTESIAN_POINT('',(1.15,-1.008141571296));
#1080 = CARTESIAN_POINT('',(1.15,-3.));
#1081 = ( GEOMETRIC_REPRESENTATION_CONTEXT(2) 
PARAMETRIC_REPRESENTATION_CONTEXT() REPRESENTATION_CONTEXT('2D SPACE',''
  ) );
#1082 = PCURVE('',#1083,#1088);
#1083 = CYLINDRICAL_SURFACE('',#1084,1.15);
#1084 = AXIS2_PLACEMENT_3D('',#1085,#1086,#1087);
#1085 = CARTESIAN_POINT('',(0.,-3.,26.));
#1086 = DIRECTION('',(-0.,-0.,-1.));
#1087 = DIRECTION('',(1.,0.,0.));
#1088 = DEFINITIONAL_REPRESENTATION('',(#1089),#1093);
#1089 = LINE('',#1090,#1091);
#1090 = CARTESIAN_POINT('',(-6.28318530718,-4.));
#1091 = VECTOR('',#1092,1.);
#1092 = DIRECTION('',(1.,-0.));
#1093 = ( GEOMETRIC_REPRESENTATION_CONTEXT(2) 
PARAMETRIC_REPRESENTATION_CONTEXT() REPRESENTATION_CONTEXT('2D SPACE',''
  ) );
#1094 = FACE_BOUND('',#1095,.T.);
#1095 = EDGE_LOOP('',(#1096));
#1096 = ORIENTED_EDGE('',*,*,#1097,.T.);
#1097 = EDGE_CURVE('',#1098,#1098,#1100,.T.);
#1098 = VERTEX_POINT('',#1099);
#1099 = CARTESIAN_POINT('',(16.380805733027,-37.58770483143,30.));
#1100 = SURFACE_CURVE('',#1101,(#1106,#1117),.PCURVE_S1.);
#1101 = CIRCLE('',#1102,2.7);
#1102 = AXIS2_PLACEMENT_3D('',#1103,#1104,#1105);
#1103 = CARTESIAN_POINT('',(13.680805733027,-37.58770483143,30.));
#1104 = DIRECTION('',(0.,0.,-1.));
#1105 = DIRECTION('',(1.,0.,0.));
#1106 = PCURVE('',#385,#1107);
#1107 = DEFINITIONAL_REPRESENTATION('',(#1108),#1116);
#1108 = ( BOUNDED_CURVE() B_SPLINE_CURVE(2,(#1109,#1110,#1111,#1112,
#1113,#1114,#1115),.UNSPECIFIED.,.T.,.F.) B_SPLINE_CURVE_WITH_KNOTS((1,2
    ,2,2,2,1),(-2.094395102393,0.,2.094395102393,4.188790204786,
6.28318530718,8.377580409573),.UNSPECIFIED.) CURVE() 
GEOMETRIC_REPRESENTATION_ITEM() RATIONAL_B_SPLINE_CURVE((1.,0.5,1.,0.5,
1.,0.5,1.)) REPRESENTATION_ITEM('') );
#1109 = CARTESIAN_POINT('',(16.380805733027,-37.58770483143));
#1110 = CARTESIAN_POINT('',(16.380805733027,-42.26424201187));
#1111 = CARTESIAN_POINT('',(12.330805733027,-39.92597342165));
#1112 = CARTESIAN_POINT('',(8.280805733027,-37.58770483143));
#1113 = CARTESIAN_POINT('',(12.330805733027,-35.24943624121));
#1114 = CARTESIAN_POINT('',(16.380805733027,-32.911167651));
#1115 = CARTESIAN_POINT('',(16.380805733027,-37.58770483143));
#1116 = ( GEOMETRIC_REPRESENTATION_CONTEXT(2) 
PARAMETRIC_REPRESENTATION_CONTEXT() REPRESENTATION_CONTEXT('2D SPACE',''
  ) );
#1117 = PCURVE('',#1118,#1123);
#1118 = CYLINDRICAL_SURFACE('',#1119,2.7);
#1119 = AXIS2_PLACEMENT_3D('',#1120,#1121,#1122);
#1120 = CARTESIAN_POINT('',(13.680805733027,-37.58770483143,27.8));
#1121 = DIRECTION('',(-0.,-0.,-1.));
#1122 = DIRECTION('',(1.,0.,0.));
#1123 = DEFINITIONAL_REPRESENTATION('',(#1124),#1128);
#1124 = LINE('',#1125,#1126);
#1125 = CARTESIAN_POINT('',(-6.28318530718,-2.2));
#1126 = VECTOR('',#1127,1.);
#1127 = DIRECTION('',(1.,-0.));
#1128 = ( GEOMETRIC_REPRESENTATION_CONTEXT(2) 
PARAMETRIC_REPRESENTATION_CONTEXT() REPRESENTATION_CONTEXT('2D SPACE',''
  ) );
#1129 = FACE_BOUND('',#1130,.T.);
#1130 = EDGE_LOOP('',(#1131));
#1131 = ORIENTED_EDGE('',*,*,#1132,.T.);
#1132 = EDGE_CURVE('',#1133,#1133,#1135,.T.);
#1133 = VERTEX_POINT('',#1134);
#1134 = CARTESIAN_POINT('',(5.15,-7.,30.));
#1135 = SURFACE_CURVE('',#1136,(#1141,#1152),.PCURVE_S1.);
#1136 = CIRCLE('',#1137,1.15);
#1137 = AXIS2_PLACEMENT_3D('',#1138,#1139,#1140);
#1138 = CARTESIAN_POINT('',(4.,-7.,30.));
#1139 = DIRECTION('',(0.,0.,-1.));
#1140 = DIRECTION('',(1.,0.,0.));
#1141 = PCURVE('',#385,#1142);
#1142 = DEFINITIONAL_REPRESENTATION('',(#1143),#1151);
#1143 = ( BOUNDED_CURVE() B_SPLINE_CURVE(2,(#1144,#1145,#1146,#1147,
#1148,#1149,#1150),.UNSPECIFIED.,.T.,.F.) B_SPLINE_CURVE_WITH_KNOTS((1,2
    ,2,2,2,1),(-2.094395102393,0.,2.094395102393,4.188790204786,
6.28318530718,8.377580409573),.UNSPECIFIED.) CURVE() 
GEOMETRIC_REPRESENTATION_ITEM() RATIONAL_B_SPLINE_CURVE((1.,0.5,1.,0.5,
1.,0.5,1.)) REPRESENTATION_ITEM('') );
#1144 = CARTESIAN_POINT('',(5.15,-7.));
#1145 = CARTESIAN_POINT('',(5.15,-8.991858428704));
#1146 = CARTESIAN_POINT('',(3.425,-7.995929214352));
#1147 = CARTESIAN_POINT('',(1.7,-7.));
#1148 = CARTESIAN_POINT('',(3.425,-6.004070785648));
#1149 = CARTESIAN_POINT('',(5.15,-5.008141571296));
#1150 = CARTESIAN_POINT('',(5.15,-7.));
#1151 = ( GEOMETRIC_REPRESENTATION_CONTEXT(2) 
PARAMETRIC_REPRESENTATION_CONTEXT() REPRESENTATION_CONTEXT('2D SPACE',''
  ) );
#1152 = PCURVE('',#1153,#1158);
#1153 = CYLINDRICAL_SURFACE('',#1154,1.15);
#1154 = AXIS2_PLACEMENT_3D('',#1155,#1156,#1157);
#1155 = CARTESIAN_POINT('',(4.,-7.,26.));
#1156 = DIRECTION('',(-0.,-0.,-1.));
#1157 = DIRECTION('',(1.,0.,0.));
#1158 = DEFINITIONAL_REPRESENTATION('',(#1159),#1163);
#1159 = LINE('',#1160,#1161);
#1160 = CARTESIAN_POINT('',(-6.28318530718,-4.));
#1161 = VECTOR('',#1162,1.);
#1162 = DIRECTION('',(1.,-0.));
#1163 = ( GEOMETRIC_REPRESENTATION_CONTEXT(2) 
PARAMETRIC_REPRESENTATION_CONTEXT() REPRESENTATION_CONTEXT('2D SPACE',''
  ) );
#1164 = FACE_BOUND('',#1165,.T.);
#1165 = EDGE_LOOP('',(#1166));
#1166 = ORIENTED_EDGE('',*,*,#1167,.T.);
#1167 = EDGE_CURVE('',#1168,#1168,#1170,.T.);
#1168 = VERTEX_POINT('',#1169);
#1169 = CARTESIAN_POINT('',(5.15,-3.,30.));
#1170 = SURFACE_CURVE('',#1171,(#1176,#1187),.PCURVE_S1.);
#1171 = CIRCLE('',#1172,1.15);
#1172 = AXIS2_PLACEMENT_3D('',#1173,#1174,#1175);
#1173 = CARTESIAN_POINT('',(4.,-3.,30.));
#1174 = DIRECTION('',(0.,0.,-1.));
#1175 = DIRECTION('',(1.,0.,0.));
#1176 = PCURVE('',#385,#1177);
#1177 = DEFINITIONAL_REPRESENTATION('',(#1178),#1186);
#1178 = ( BOUNDED_CURVE() B_SPLINE_CURVE(2,(#1179,#1180,#1181,#1182,
#1183,#1184,#1185),.UNSPECIFIED.,.T.,.F.) B_SPLINE_CURVE_WITH_KNOTS((1,2
    ,2,2,2,1),(-2.094395102393,0.,2.094395102393,4.188790204786,
6.28318530718,8.377580409573),.UNSPECIFIED.) CURVE() 
GEOMETRIC_REPRESENTATION_ITEM() RATIONAL_B_SPLINE_CURVE((1.,0.5,1.,0.5,
1.,0.5,1.)) REPRESENTATION_ITEM('') );
#1179 = CARTESIAN_POINT('',(5.15,-3.));
#1180 = CARTESIAN_POINT('',(5.15,-4.991858428704));
#1181 = CARTESIAN_POINT('',(3.425,-3.995929214352));
#1182 = CARTESIAN_POINT('',(1.7,-3.));
#1183 = CARTESIAN_POINT('',(3.425,-2.004070785648));
#1184 = CARTESIAN_POINT('',(5.15,-1.008141571296));
#1185 = CARTESIAN_POINT('',(5.15,-3.));
#1186 = ( GEOMETRIC_REPRESENTATION_CONTEXT(2) 
PARAMETRIC_REPRESENTATION_CONTEXT() REPRESENTATION_CONTEXT('2D SPACE',''
  ) );
#1187 = PCURVE('',#1188,#1193);
#1188 = CYLINDRICAL_SURFACE('',#1189,1.15);
#1189 = AXIS2_PLACEMENT_3D('',#1190,#1191,#1192);
#1190 = CARTESIAN_POINT('',(4.,-3.,26.));
#1191 = DIRECTION('',(-0.,-0.,-1.));
#1192 = DIRECTION('',(1.,0.,0.));
#1193 = DEFINITIONAL_REPRESENTATION('',(#1194),#1198);
#1194 = LINE('',#1195,#1196);
#1195 = CARTESIAN_POINT('',(-6.28318530718,-4.));
#1196 = VECTOR('',#1197,1.);
#1197 = DIRECTION('',(1.,-0.));
#1198 = ( GEOMETRIC_REPRESENTATION_CONTEXT(2) 
PARAMETRIC_REPRESENTATION_CONTEXT() REPRESENTATION_CONTEXT('2D SPACE',''
  ) );
#1199 = FACE_BOUND('',#1200,.T.);
#1200 = EDGE_LOOP('',(#1201));
#1201 = ORIENTED_EDGE('',*,*,#1202,.T.);
#1202 = EDGE_CURVE('',#1203,#1203,#1205,.T.);
#1203 = VERTEX_POINT('',#1204);
#1204 = CARTESIAN_POINT('',(9.15,-7.,30.));
#1205 = SURFACE_CURVE('',#1206,(#1211,#1222),.PCURVE_S1.);
#1206 = CIRCLE('',#1207,1.15);
#1207 = AXIS2_PLACEMENT_3D('',#1208,#1209,#1210);
#1208 = CARTESIAN_POINT('',(8.,-7.,30.));
#1209 = DIRECTION('',(0.,0.,-1.));
#1210 = DIRECTION('',(1.,0.,0.));
#1211 = PCURVE('',#385,#1212);
#1212 = DEFINITIONAL_REPRESENTATION('',(#1213),#1221);
#1213 = ( BOUNDED_CURVE() B_SPLINE_CURVE(2,(#1214,#1215,#1216,#1217,
#1218,#1219,#1220),.UNSPECIFIED.,.T.,.F.) B_SPLINE_CURVE_WITH_KNOTS((1,2
    ,2,2,2,1),(-2.094395102393,0.,2.094395102393,4.188790204786,
6.28318530718,8.377580409573),.UNSPECIFIED.) CURVE() 
GEOMETRIC_REPRESENTATION_ITEM() RATIONAL_B_SPLINE_CURVE((1.,0.5,1.,0.5,
1.,0.5,1.)) REPRESENTATION_ITEM('') );
#1214 = CARTESIAN_POINT('',(9.15,-7.));
#1215 = CARTESIAN_POINT('',(9.15,-8.991858428704));
#1216 = CARTESIAN_POINT('',(7.425,-7.995929214352));
#1217 = CARTESIAN_POINT('',(5.7,-7.));
#1218 = CARTESIAN_POINT('',(7.425,-6.004070785648));
#1219 = CARTESIAN_POINT('',(9.15,-5.008141571296));
#1220 = CARTESIAN_POINT('',(9.15,-7.));
#1221 = ( GEOMETRIC_REPRESENTATION_CONTEXT(2) 
PARAMETRIC_REPRESENTATION_CONTEXT() REPRESENTATION_CONTEXT('2D SPACE',''
  ) );
#1222 = PCURVE('',#1223,#1228);
#1223 = CYLINDRICAL_SURFACE('',#1224,1.15);
#1224 = AXIS2_PLACEMENT_3D('',#1225,#1226,#1227);
#1225 = CARTESIAN_POINT('',(8.,-7.,26.));
#1226 = DIRECTION('',(-0.,-0.,-1.));
#1227 = DIRECTION('',(1.,0.,0.));
#1228 = DEFINITIONAL_REPRESENTATION('',(#1229),#1233);
#1229 = LINE('',#1230,#1231);
#1230 = CARTESIAN_POINT('',(-6.28318530718,-4.));
#1231 = VECTOR('',#1232,1.);
#1232 = DIRECTION('',(1.,-0.));
#1233 = ( GEOMETRIC_REPRESENTATION_CONTEXT(2) 
PARAMETRIC_REPRESENTATION_CONTEXT() REPRESENTATION_CONTEXT('2D SPACE',''
  ) );
#1234 = FACE_BOUND('',#1235,.T.);
#1235 = EDGE_LOOP('',(#1236));
#1236 = ORIENTED_EDGE('',*,*,#1237,.T.);
#1237 = EDGE_CURVE('',#1238,#1238,#1240,.T.);
#1238 = VERTEX_POINT('',#1239);
#1239 = CARTESIAN_POINT('',(9.15,-3.,30.));
#1240 = SURFACE_CURVE('',#1241,(#1246,#1257),.PCURVE_S1.);
#1241 = CIRCLE('',#1242,1.15);
#1242 = AXIS2_PLACEMENT_3D('',#1243,#1244,#1245);
#1243 = CARTESIAN_POINT('',(8.,-3.,30.));
#1244 = DIRECTION('',(0.,0.,-1.));
#1245 = DIRECTION('',(1.,0.,0.));
#1246 = PCURVE('',#385,#1247);
#1247 = DEFINITIONAL_REPRESENTATION('',(#1248),#1256);
#1248 = ( BOUNDED_CURVE() B_SPLINE_CURVE(2,(#1249,#1250,#1251,#1252,
#1253,#1254,#1255),.UNSPECIFIED.,.T.,.F.) B_SPLINE_CURVE_WITH_KNOTS((1,2
    ,2,2,2,1),(-2.094395102393,0.,2.094395102393,4.188790204786,
6.28318530718,8.377580409573),.UNSPECIFIED.) CURVE() 
GEOMETRIC_REPRESENTATION_ITEM() RATIONAL_B_SPLINE_CURVE((1.,0.5,1.,0.5,
1.,0.5,1.)) REPRESENTATION_ITEM('') );
#1249 = CARTESIAN_POINT('',(9.15,-3.));
#1250 = CARTESIAN_POINT('',(9.15,-4.991858428704));
#1251 = CARTESIAN_POINT('',(7.425,-3.995929214352));
#1252 = CARTESIAN_POINT('',(5.7,-3.));
#1253 = CARTESIAN_POINT('',(7.425,-2.004070785648));
#1254 = CARTESIAN_POINT('',(9.15,-1.008141571296));
#1255 = CARTESIAN_POINT('',(9.15,-3.));
#1256 = ( GEOMETRIC_REPRESENTATION_CONTEXT(2) 
PARAMETRIC_REPRESENTATION_CONTEXT() REPRESENTATION_CONTEXT('2D SPACE',''
  ) );
#1257 = PCURVE('',#1258,#1263);
#1258 = CYLINDRICAL_SURFACE('',#1259,1.15);
#1259 = AXIS2_PLACEMENT_3D('',#1260,#1261,#1262);
#1260 = CARTESIAN_POINT('',(8.,-3.,26.));
#1261 = DIRECTION('',(-0.,-0.,-1.));
#1262 = DIRECTION('',(1.,0.,0.));
#1263 = DEFINITIONAL_REPRESENTATION('',(#1264),#1268);
#1264 = LINE('',#1265,#1266);
#1265 = CARTESIAN_POINT('',(-6.28318530718,-4.));
#1266 = VECTOR('',#1267,1.);
#1267 = DIRECTION('',(1.,-0.));
#1268 = ( GEOMETRIC_REPRESENTATION_CONTEXT(2) 
PARAMETRIC_REPRESENTATION_CONTEXT() REPRESENTATION_CONTEXT('2D SPACE',''
  ) );
#1269 = FACE_BOUND('',#1270,.T.);
#1270 = EDGE_LOOP('',(#1271));
#1271 = ORIENTED_EDGE('',*,*,#1272,.T.);
#1272 = EDGE_CURVE('',#1273,#1273,#1275,.T.);
#1273 = VERTEX_POINT('',#1274);
#1274 = CARTESIAN_POINT('',(13.15,-3.,30.));
#1275 = SURFACE_CURVE('',#1276,(#1281,#1292),.PCURVE_S1.);
#1276 = CIRCLE('',#1277,1.15);
#1277 = AXIS2_PLACEMENT_3D('',#1278,#1279,#1280);
#1278 = CARTESIAN_POINT('',(12.,-3.,30.));
#1279 = DIRECTION('',(0.,0.,-1.));
#1280 = DIRECTION('',(1.,0.,0.));
#1281 = PCURVE('',#385,#1282);
#1282 = DEFINITIONAL_REPRESENTATION('',(#1283),#1291);
#1283 = ( BOUNDED_CURVE() B_SPLINE_CURVE(2,(#1284,#1285,#1286,#1287,
#1288,#1289,#1290),.UNSPECIFIED.,.T.,.F.) B_SPLINE_CURVE_WITH_KNOTS((1,2
    ,2,2,2,1),(-2.094395102393,0.,2.094395102393,4.188790204786,
6.28318530718,8.377580409573),.UNSPECIFIED.) CURVE() 
GEOMETRIC_REPRESENTATION_ITEM() RATIONAL_B_SPLINE_CURVE((1.,0.5,1.,0.5,
1.,0.5,1.)) REPRESENTATION_ITEM('') );
#1284 = CARTESIAN_POINT('',(13.15,-3.));
#1285 = CARTESIAN_POINT('',(13.15,-4.991858428704));
#1286 = CARTESIAN_POINT('',(11.425,-3.995929214352));
#1287 = CARTESIAN_POINT('',(9.7,-3.));
#1288 = CARTESIAN_POINT('',(11.425,-2.004070785648));
#1289 = CARTESIAN_POINT('',(13.15,-1.008141571296));
#1290 = CARTESIAN_POINT('',(13.15,-3.));
#1291 = ( GEOMETRIC_REPRESENTATION_CONTEXT(2) 
PARAMETRIC_REPRESENTATION_CONTEXT() REPRESENTATION_CONTEXT('2D SPACE',''
  ) );
#1292 = PCURVE('',#1293,#1298);
#1293 = CYLINDRICAL_SURFACE('',#1294,1.15);
#1294 = AXIS2_PLACEMENT_3D('',#1295,#1296,#1297);
#1295 = CARTESIAN_POINT('',(12.,-3.,26.));
#1296 = DIRECTION('',(-0.,-0.,-1.));
#1297 = DIRECTION('',(1.,0.,0.));
#1298 = DEFINITIONAL_REPRESENTATION('',(#1299),#1303);
#1299 = LINE('',#1300,#1301);
#1300 = CARTESIAN_POINT('',(-6.28318530718,-4.));
#1301 = VECTOR('',#1302,1.);
#1302 = DIRECTION('',(1.,-0.));
#1303 = ( GEOMETRIC_REPRESENTATION_CONTEXT(2) 
PARAMETRIC_REPRESENTATION_CONTEXT() REPRESENTATION_CONTEXT('2D SPACE',''
  ) );
#1304 = FACE_BOUND('',#1305,.T.);
#1305 = EDGE_LOOP('',(#1306));
#1306 = ORIENTED_EDGE('',*,*,#1307,.T.);
#1307 = EDGE_CURVE('',#1308,#1308,#1310,.T.);
#1308 = VERTEX_POINT('',#1309);
#1309 = CARTESIAN_POINT('',(-10.85,1.,30.));
#1310 = SURFACE_CURVE('',#1311,(#1316,#1327),.PCURVE_S1.);
#1311 = CIRCLE('',#1312,1.15);
#1312 = AXIS2_PLACEMENT_3D('',#1313,#1314,#1315);
#1313 = CARTESIAN_POINT('',(-12.,1.,30.));
#1314 = DIRECTION('',(0.,0.,-1.));
#1315 = DIRECTION('',(1.,0.,0.));
#1316 = PCURVE('',#385,#1317);
#1317 = DEFINITIONAL_REPRESENTATION('',(#1318),#1326);
#1318 = ( BOUNDED_CURVE() B_SPLINE_CURVE(2,(#1319,#1320,#1321,#1322,
#1323,#1324,#1325),.UNSPECIFIED.,.T.,.F.) B_SPLINE_CURVE_WITH_KNOTS((1,2
    ,2,2,2,1),(-2.094395102393,0.,2.094395102393,4.188790204786,
6.28318530718,8.377580409573),.UNSPECIFIED.) CURVE() 
GEOMETRIC_REPRESENTATION_ITEM() RATIONAL_B_SPLINE_CURVE((1.,0.5,1.,0.5,
1.,0.5,1.)) REPRESENTATION_ITEM('') );
#1319 = CARTESIAN_POINT('',(-10.85,1.));
#1320 = CARTESIAN_POINT('',(-10.85,-0.991858428704));
#1321 = CARTESIAN_POINT('',(-12.575,4.070785647895E-03));
#1322 = CARTESIAN_POINT('',(-14.3,1.));
#1323 = CARTESIAN_POINT('',(-12.575,1.995929214352));
#1324 = CARTESIAN_POINT('',(-10.85,2.991858428704));
#1325 = CARTESIAN_POINT('',(-10.85,1.));
#1326 = ( GEOMETRIC_REPRESENTATION_CONTEXT(2) 
PARAMETRIC_REPRESENTATION_CONTEXT() REPRESENTATION_CONTEXT('2D SPACE',''
  ) );
#1327 = PCURVE('',#1328,#1333);
#1328 = CYLINDRICAL_SURFACE('',#1329,1.15);
#1329 = AXIS2_PLACEMENT_3D('',#1330,#1331,#1332);
#1330 = CARTESIAN_POINT('',(-12.,1.,26.));
#1331 = DIRECTION('',(-0.,-0.,-1.));
#1332 = DIRECTION('',(1.,0.,0.));
#1333 = DEFINITIONAL_REPRESENTATION('',(#1334),#1338);
#1334 = LINE('',#1335,#1336);
#1335 = CARTESIAN_POINT('',(-6.28318530718,-4.));
#1336 = VECTOR('',#1337,1.);
#1337 = DIRECTION('',(1.,-0.));
#1338 = ( GEOMETRIC_REPRESENTATION_CONTEXT(2) 
PARAMETRIC_REPRESENTATION_CONTEXT() REPRESENTATION_CONTEXT('2D SPACE',''
  ) );
#1339 = FACE_BOUND('',#1340,.T.);
#1340 = EDGE_LOOP('',(#1341));
#1341 = ORIENTED_EDGE('',*,*,#1342,.T.);
#1342 = EDGE_CURVE('',#1343,#1343,#1345,.T.);
#1343 = VERTEX_POINT('',#1344);
#1344 = CARTESIAN_POINT('',(-10.85,5.,30.));
#1345 = SURFACE_CURVE('',#1346,(#1351,#1362),.PCURVE_S1.);
#1346 = CIRCLE('',#1347,1.15);
#1347 = AXIS2_PLACEMENT_3D('',#1348,#1349,#1350);
#1348 = CARTESIAN_POINT('',(-12.,5.,30.));
#1349 = DIRECTION('',(0.,0.,-1.));
#1350 = DIRECTION('',(1.,0.,0.));
#1351 = PCURVE('',#385,#1352);
#1352 = DEFINITIONAL_REPRESENTATION('',(#1353),#1361);
#1353 = ( BOUNDED_CURVE() B_SPLINE_CURVE(2,(#1354,#1355,#1356,#1357,
#1358,#1359,#1360),.UNSPECIFIED.,.T.,.F.) B_SPLINE_CURVE_WITH_KNOTS((1,2
    ,2,2,2,1),(-2.094395102393,0.,2.094395102393,4.188790204786,
6.28318530718,8.377580409573),.UNSPECIFIED.) CURVE() 
GEOMETRIC_REPRESENTATION_ITEM() RATIONAL_B_SPLINE_CURVE((1.,0.5,1.,0.5,
1.,0.5,1.)) REPRESENTATION_ITEM('') );
#1354 = CARTESIAN_POINT('',(-10.85,5.));
#1355 = CARTESIAN_POINT('',(-10.85,3.008141571296));
#1356 = CARTESIAN_POINT('',(-12.575,4.004070785648));
#1357 = CARTESIAN_POINT('',(-14.3,5.));
#1358 = CARTESIAN_POINT('',(-12.575,5.995929214352));
#1359 = CARTESIAN_POINT('',(-10.85,6.991858428704));
#1360 = CARTESIAN_POINT('',(-10.85,5.));
#1361 = ( GEOMETRIC_REPRESENTATION_CONTEXT(2) 
PARAMETRIC_REPRESENTATION_CONTEXT() REPRESENTATION_CONTEXT('2D SPACE',''
  ) );
#1362 = PCURVE('',#1363,#1368);
#1363 = CYLINDRICAL_SURFACE('',#1364,1.15);
#1364 = AXIS2_PLACEMENT_3D('',#1365,#1366,#1367);
#1365 = CARTESIAN_POINT('',(-12.,5.,26.));
#1366 = DIRECTION('',(-0.,-0.,-1.));
#1367 = DIRECTION('',(1.,0.,0.));
#1368 = DEFINITIONAL_REPRESENTATION('',(#1369),#1373);
#1369 = LINE('',#1370,#1371);
#1370 = CARTESIAN_POINT('',(-6.28318530718,-4.));
#1371 = VECTOR('',#1372,1.);
#1372 = DIRECTION('',(1.,-0.));
#1373 = ( GEOMETRIC_REPRESENTATION_CONTEXT(2) 
PARAMETRIC_REPRESENTATION_CONTEXT() REPRESENTATION_CONTEXT('2D SPACE',''
  ) );
#1374 = FACE_BOUND('',#1375,.T.);
#1375 = EDGE_LOOP('',(#1376));
#1376 = ORIENTED_EDGE('',*,*,#1377,.T.);
#1377 = EDGE_CURVE('',#1378,#1378,#1380,.T.);
#1378 = VERTEX_POINT('',#1379);
#1379 = CARTESIAN_POINT('',(-10.85,9.,30.));
#1380 = SURFACE_CURVE('',#1381,(#1386,#1397),.PCURVE_S1.);
#1381 = CIRCLE('',#1382,1.15);
#1382 = AXIS2_PLACEMENT_3D('',#1383,#1384,#1385);
#1383 = CARTESIAN_POINT('',(-12.,9.,30.));
#1384 = DIRECTION('',(0.,0.,-1.));
#1385 = DIRECTION('',(1.,0.,0.));
#1386 = PCURVE('',#385,#1387);
#1387 = DEFINITIONAL_REPRESENTATION('',(#1388),#1396);
#1388 = ( BOUNDED_CURVE() B_SPLINE_CURVE(2,(#1389,#1390,#1391,#1392,
#1393,#1394,#1395),.UNSPECIFIED.,.T.,.F.) B_SPLINE_CURVE_WITH_KNOTS((1,2
    ,2,2,2,1),(-2.094395102393,0.,2.094395102393,4.188790204786,
6.28318530718,8.377580409573),.UNSPECIFIED.) CURVE() 
GEOMETRIC_REPRESENTATION_ITEM() RATIONAL_B_SPLINE_CURVE((1.,0.5,1.,0.5,
1.,0.5,1.)) REPRESENTATION_ITEM('') );
#1389 = CARTESIAN_POINT('',(-10.85,9.));
#1390 = CARTESIAN_POINT('',(-10.85,7.008141571296));
#1391 = CARTESIAN_POINT('',(-12.575,8.004070785648));
#1392 = CARTESIAN_POINT('',(-14.3,9.));
#1393 = CARTESIAN_POINT('',(-12.575,9.995929214352));
#1394 = CARTESIAN_POINT('',(-10.85,10.991858428704));
#1395 = CARTESIAN_POINT('',(-10.85,9.));
#1396 = ( GEOMETRIC_REPRESENTATION_CONTEXT(2) 
PARAMETRIC_REPRESENTATION_CONTEXT() REPRESENTATION_CONTEXT('2D SPACE',''
  ) );
#1397 = PCURVE('',#1398,#1403);
#1398 = CYLINDRICAL_SURFACE('',#1399,1.15);
#1399 = AXIS2_PLACEMENT_3D('',#1400,#1401,#1402);
#1400 = CARTESIAN_POINT('',(-12.,9.,26.));
#1401 = DIRECTION('',(-0.,-0.,-1.));
#1402 = DIRECTION('',(1.,0.,0.));
#1403 = DEFINITIONAL_REPRESENTATION('',(#1404),#1408);
#1404 = LINE('',#1405,#1406);
#1405 = CARTESIAN_POINT('',(-6.28318530718,-4.));
#1406 = VECTOR('',#1407,1.);
#1407 = DIRECTION('',(1.,-0.));
#1408 = ( GEOMETRIC_REPRESENTATION_CONTEXT(2) 
PARAMETRIC_REPRESENTATION_CONTEXT() REPRESENTATION_CONTEXT('2D SPACE',''
  ) );
#1409 = FACE_BOUND('',#1410,.T.);
#1410 = EDGE_LOOP('',(#1411));
#1411 = ORIENTED_EDGE('',*,*,#1412,.T.);
#1412 = EDGE_CURVE('',#1413,#1413,#1415,.T.);
#1413 = VERTEX_POINT('',#1414);
#1414 = CARTESIAN_POINT('',(-10.85,13.,30.));
#1415 = SURFACE_CURVE('',#1416,(#1421,#1432),.PCURVE_S1.);
#1416 = CIRCLE('',#1417,1.15);
#1417 = AXIS2_PLACEMENT_3D('',#1418,#1419,#1420);
#1418 = CARTESIAN_POINT('',(-12.,13.,30.));
#1419 = DIRECTION('',(0.,0.,-1.));
#1420 = DIRECTION('',(1.,0.,0.));
#1421 = PCURVE('',#385,#1422);
#1422 = DEFINITIONAL_REPRESENTATION('',(#1423),#1431);
#1423 = ( BOUNDED_CURVE() B_SPLINE_CURVE(2,(#1424,#1425,#1426,#1427,
#1428,#1429,#1430),.UNSPECIFIED.,.T.,.F.) B_SPLINE_CURVE_WITH_KNOTS((1,2
    ,2,2,2,1),(-2.094395102393,0.,2.094395102393,4.188790204786,
6.28318530718,8.377580409573),.UNSPECIFIED.) CURVE() 
GEOMETRIC_REPRESENTATION_ITEM() RATIONAL_B_SPLINE_CURVE((1.,0.5,1.,0.5,
1.,0.5,1.)) REPRESENTATION_ITEM('') );
#1424 = CARTESIAN_POINT('',(-10.85,13.));
#1425 = CARTESIAN_POINT('',(-10.85,11.008141571296));
#1426 = CARTESIAN_POINT('',(-12.575,12.004070785648));
#1427 = CARTESIAN_POINT('',(-14.3,13.));
#1428 = CARTESIAN_POINT('',(-12.575,13.995929214352));
#1429 = CARTESIAN_POINT('',(-10.85,14.991858428704));
#1430 = CARTESIAN_POINT('',(-10.85,13.));
#1431 = ( GEOMETRIC_REPRESENTATION_CONTEXT(2) 
PARAMETRIC_REPRESENTATION_CONTEXT() REPRESENTATION_CONTEXT('2D SPACE',''
  ) );
#1432 = PCURVE('',#1433,#1438);
#1433 = CYLINDRICAL_SURFACE('',#1434,1.15);
#1434 = AXIS2_PLACEMENT_3D('',#1435,#1436,#1437);
#1435 = CARTESIAN_POINT('',(-12.,13.,26.));
#1436 = DIRECTION('',(-0.,-0.,-1.));
#1437 = DIRECTION('',(1.,0.,0.));
#1438 = DEFINITIONAL_REPRESENTATION('',(#1439),#1443);
#1439 = LINE('',#1440,#1441);
#1440 = CARTESIAN_POINT('',(-6.28318530718,-4.));
#1441 = VECTOR('',#1442,1.);
#1442 = DIRECTION('',(1.,-0.));
#1443 = ( GEOMETRIC_REPRESENTATION_CONTEXT(2) 
PARAMETRIC_REPRESENTATION_CONTEXT() REPRESENTATION_CONTEXT('2D SPACE',''
  ) );
#1444 = FACE_BOUND('',#1445,.T.);
#1445 = EDGE_LOOP('',(#1446));
#1446 = ORIENTED_EDGE('',*,*,#1447,.T.);
#1447 = EDGE_CURVE('',#1448,#1448,#1450,.T.);
#1448 = VERTEX_POINT('',#1449);
#1449 = CARTESIAN_POINT('',(-6.85,1.,30.));
#1450 = SURFACE_CURVE('',#1451,(#1456,#1467),.PCURVE_S1.);
#1451 = CIRCLE('',#1452,1.15);
#1452 = AXIS2_PLACEMENT_3D('',#1453,#1454,#1455);
#1453 = CARTESIAN_POINT('',(-8.,1.,30.));
#1454 = DIRECTION('',(0.,0.,-1.));
#1455 = DIRECTION('',(1.,0.,0.));
#1456 = PCURVE('',#385,#1457);
#1457 = DEFINITIONAL_REPRESENTATION('',(#1458),#1466);
#1458 = ( BOUNDED_CURVE() B_SPLINE_CURVE(2,(#1459,#1460,#1461,#1462,
#1463,#1464,#1465),.UNSPECIFIED.,.T.,.F.) B_SPLINE_CURVE_WITH_KNOTS((1,2
    ,2,2,2,1),(-2.094395102393,0.,2.094395102393,4.188790204786,
6.28318530718,8.377580409573),.UNSPECIFIED.) CURVE() 
GEOMETRIC_REPRESENTATION_ITEM() RATIONAL_B_SPLINE_CURVE((1.,0.5,1.,0.5,
1.,0.5,1.)) REPRESENTATION_ITEM('') );
#1459 = CARTESIAN_POINT('',(-6.85,1.));
#1460 = CARTESIAN_POINT('',(-6.85,-0.991858428704));
#1461 = CARTESIAN_POINT('',(-8.575,4.070785647895E-03));
#1462 = CARTESIAN_POINT('',(-10.3,1.));
#1463 = CARTESIAN_POINT('',(-8.575,1.995929214352));
#1464 = CARTESIAN_POINT('',(-6.85,2.991858428704));
#1465 = CARTESIAN_POINT('',(-6.85,1.));
#1466 = ( GEOMETRIC_REPRESENTATION_CONTEXT(2) 
PARAMETRIC_REPRESENTATION_CONTEXT() REPRESENTATION_CONTEXT('2D SPACE',''
  ) );
#1467 = PCURVE('',#1468,#1473);
#1468 = CYLINDRICAL_SURFACE('',#1469,1.15);
#1469 = AXIS2_PLACEMENT_3D('',#1470,#1471,#1472);
#1470 = CARTESIAN_POINT('',(-8.,1.,26.));
#1471 = DIRECTION('',(-0.,-0.,-1.));
#1472 = DIRECTION('',(1.,0.,0.));
#1473 = DEFINITIONAL_REPRESENTATION('',(#1474),#1478);
#1474 = LINE('',#1475,#1476);
#1475 = CARTESIAN_POINT('',(-6.28318530718,-4.));
#1476 = VECTOR('',#1477,1.);
#1477 = DIRECTION('',(1.,-0.));
#1478 = ( GEOMETRIC_REPRESENTATION_CONTEXT(2) 
PARAMETRIC_REPRESENTATION_CONTEXT() REPRESENTATION_CONTEXT('2D SPACE',''
  ) );
#1479 = FACE_BOUND('',#1480,.T.);
#1480 = EDGE_LOOP('',(#1481));
#1481 = ORIENTED_EDGE('',*,*,#1482,.T.);
#1482 = EDGE_CURVE('',#1483,#1483,#1485,.T.);
#1483 = VERTEX_POINT('',#1484);
#1484 = CARTESIAN_POINT('',(-6.85,5.,30.));
#1485 = SURFACE_CURVE('',#1486,(#1491,#1502),.PCURVE_S1.);
#1486 = CIRCLE('',#1487,1.15);
#1487 = AXIS2_PLACEMENT_3D('',#1488,#1489,#1490);
#1488 = CARTESIAN_POINT('',(-8.,5.,30.));
#1489 = DIRECTION('',(0.,0.,-1.));
#1490 = DIRECTION('',(1.,0.,0.));
#1491 = PCURVE('',#385,#1492);
#1492 = DEFINITIONAL_REPRESENTATION('',(#1493),#1501);
#1493 = ( BOUNDED_CURVE() B_SPLINE_CURVE(2,(#1494,#1495,#1496,#1497,
#1498,#1499,#1500),.UNSPECIFIED.,.T.,.F.) B_SPLINE_CURVE_WITH_KNOTS((1,2
    ,2,2,2,1),(-2.094395102393,0.,2.094395102393,4.188790204786,
6.28318530718,8.377580409573),.UNSPECIFIED.) CURVE() 
GEOMETRIC_REPRESENTATION_ITEM() RATIONAL_B_SPLINE_CURVE((1.,0.5,1.,0.5,
1.,0.5,1.)) REPRESENTATION_ITEM('') );
#1494 = CARTESIAN_POINT('',(-6.85,5.));
#1495 = CARTESIAN_POINT('',(-6.85,3.008141571296));
#1496 = CARTESIAN_POINT('',(-8.575,4.004070785648));
#1497 = CARTESIAN_POINT('',(-10.3,5.));
#1498 = CARTESIAN_POINT('',(-8.575,5.995929214352));
#1499 = CARTESIAN_POINT('',(-6.85,6.991858428704));
#1500 = CARTESIAN_POINT('',(-6.85,5.));
#1501 = ( GEOMETRIC_REPRESENTATION_CONTEXT(2) 
PARAMETRIC_REPRESENTATION_CONTEXT() REPRESENTATION_CONTEXT('2D SPACE',''
  ) );
#1502 = PCURVE('',#1503,#1508);
#1503 = CYLINDRICAL_SURFACE('',#1504,1.15);
#1504 = AXIS2_PLACEMENT_3D('',#1505,#1506,#1507);
#1505 = CARTESIAN_POINT('',(-8.,5.,26.));
#1506 = DIRECTION('',(-0.,-0.,-1.));
#1507 = DIRECTION('',(1.,0.,0.));
#1508 = DEFINITIONAL_REPRESENTATION('',(#1509),#1513);
#1509 = LINE('',#1510,#1511);
#1510 = CARTESIAN_POINT('',(-6.28318530718,-4.));
#1511 = VECTOR('',#1512,1.);
#1512 = DIRECTION('',(1.,-0.));
#1513 = ( GEOMETRIC_REPRESENTATION_CONTEXT(2) 
PARAMETRIC_REPRESENTATION_CONTEXT() REPRESENTATION_CONTEXT('2D SPACE',''
  ) );
#1514 = FACE_BOUND('',#1515,.T.);
#1515 = EDGE_LOOP('',(#1516));
#1516 = ORIENTED_EDGE('',*,*,#1517,.T.);
#1517 = EDGE_CURVE('',#1518,#1518,#1520,.T.);
#1518 = VERTEX_POINT('',#1519);
#1519 = CARTESIAN_POINT('',(-6.85,9.,30.));
#1520 = SURFACE_CURVE('',#1521,(#1526,#1537),.PCURVE_S1.);
#1521 = CIRCLE('',#1522,1.15);
#1522 = AXIS2_PLACEMENT_3D('',#1523,#1524,#1525);
#1523 = CARTESIAN_POINT('',(-8.,9.,30.));
#1524 = DIRECTION('',(0.,0.,-1.));
#1525 = DIRECTION('',(1.,0.,0.));
#1526 = PCURVE('',#385,#1527);
#1527 = DEFINITIONAL_REPRESENTATION('',(#1528),#1536);
#1528 = ( BOUNDED_CURVE() B_SPLINE_CURVE(2,(#1529,#1530,#1531,#1532,
#1533,#1534,#1535),.UNSPECIFIED.,.T.,.F.) B_SPLINE_CURVE_WITH_KNOTS((1,2
    ,2,2,2,1),(-2.094395102393,0.,2.094395102393,4.188790204786,
6.28318530718,8.377580409573),.UNSPECIFIED.) CURVE() 
GEOMETRIC_REPRESENTATION_ITEM() RATIONAL_B_SPLINE_CURVE((1.,0.5,1.,0.5,
1.,0.5,1.)) REPRESENTATION_ITEM('') );
#1529 = CARTESIAN_POINT('',(-6.85,9.));
#1530 = CARTESIAN_POINT('',(-6.85,7.008141571296));
#1531 = CARTESIAN_POINT('',(-8.575,8.004070785648));
#1532 = CARTESIAN_POINT('',(-10.3,9.));
#1533 = CARTESIAN_POINT('',(-8.575,9.995929214352));
#1534 = CARTESIAN_POINT('',(-6.85,10.991858428704));
#1535 = CARTESIAN_POINT('',(-6.85,9.));
#1536 = ( GEOMETRIC_REPRESENTATION_CONTEXT(2) 
PARAMETRIC_REPRESENTATION_CONTEXT() REPRESENTATION_CONTEXT('2D SPACE',''
  ) );
#1537 = PCURVE('',#1538,#1543);
#1538 = CYLINDRICAL_SURFACE('',#1539,1.15);
#1539 = AXIS2_PLACEMENT_3D('',#1540,#1541,#1542);
#1540 = CARTESIAN_POINT('',(-8.,9.,26.));
#1541 = DIRECTION('',(-0.,-0.,-1.));
#1542 = DIRECTION('',(1.,0.,0.));
#1543 = DEFINITIONAL_REPRESENTATION('',(#1544),#1548);
#1544 = LINE('',#1545,#1546);
#1545 = CARTESIAN_POINT('',(-6.28318530718,-4.));
#1546 = VECTOR('',#1547,1.);
#1547 = DIRECTION('',(1.,-0.));
#1548 = ( GEOMETRIC_REPRESENTATION_CONTEXT(2) 
PARAMETRIC_REPRESENTATION_CONTEXT() REPRESENTATION_CONTEXT('2D SPACE',''
  ) );
#1549 = FACE_BOUND('',#1550,.T.);
#1550 = EDGE_LOOP('',(#1551));
#1551 = ORIENTED_EDGE('',*,*,#1552,.T.);
#1552 = EDGE_CURVE('',#1553,#1553,#1555,.T.);
#1553 = VERTEX_POINT('',#1554);
#1554 = CARTESIAN_POINT('',(-2.85,1.,30.));
#1555 = SURFACE_CURVE('',#1556,(#1561,#1572),.PCURVE_S1.);
#1556 = CIRCLE('',#1557,1.15);
#1557 = AXIS2_PLACEMENT_3D('',#1558,#1559,#1560);
#1558 = CARTESIAN_POINT('',(-4.,1.,30.));
#1559 = DIRECTION('',(0.,0.,-1.));
#1560 = DIRECTION('',(1.,0.,0.));
#1561 = PCURVE('',#385,#1562);
#1562 = DEFINITIONAL_REPRESENTATION('',(#1563),#1571);
#1563 = ( BOUNDED_CURVE() B_SPLINE_CURVE(2,(#1564,#1565,#1566,#1567,
#1568,#1569,#1570),.UNSPECIFIED.,.T.,.F.) B_SPLINE_CURVE_WITH_KNOTS((1,2
    ,2,2,2,1),(-2.094395102393,0.,2.094395102393,4.188790204786,
6.28318530718,8.377580409573),.UNSPECIFIED.) CURVE() 
GEOMETRIC_REPRESENTATION_ITEM() RATIONAL_B_SPLINE_CURVE((1.,0.5,1.,0.5,
1.,0.5,1.)) REPRESENTATION_ITEM('') );
#1564 = CARTESIAN_POINT('',(-2.85,1.));
#1565 = CARTESIAN_POINT('',(-2.85,-0.991858428704));
#1566 = CARTESIAN_POINT('',(-4.575,4.070785647895E-03));
#1567 = CARTESIAN_POINT('',(-6.3,1.));
#1568 = CARTESIAN_POINT('',(-4.575,1.995929214352));
#1569 = CARTESIAN_POINT('',(-2.85,2.991858428704));
#1570 = CARTESIAN_POINT('',(-2.85,1.));
#1571 = ( GEOMETRIC_REPRESENTATION_CONTEXT(2) 
PARAMETRIC_REPRESENTATION_CONTEXT() REPRESENTATION_CONTEXT('2D SPACE',''
  ) );
#1572 = PCURVE('',#1573,#1578);
#1573 = CYLINDRICAL_SURFACE('',#1574,1.15);
#1574 = AXIS2_PLACEMENT_3D('',#1575,#1576,#1577);
#1575 = CARTESIAN_POINT('',(-4.,1.,26.));
#1576 = DIRECTION('',(-0.,-0.,-1.));
#1577 = DIRECTION('',(1.,0.,0.));
#1578 = DEFINITIONAL_REPRESENTATION('',(#1579),#1583);
#1579 = LINE('',#1580,#1581);
#1580 = CARTESIAN_POINT('',(-6.28318530718,-4.));
#1581 = VECTOR('',#1582,1.);
#1582 = DIRECTION('',(1.,-0.));
#1583 = ( GEOMETRIC_REPRESENTATION_CONTEXT(2) 
PARAMETRIC_REPRESENTATION_CONTEXT() REPRESENTATION_CONTEXT('2D SPACE',''
  ) );
#1584 = FACE_BOUND('',#1585,.T.);
#1585 = EDGE_LOOP('',(#1586));
#1586 = ORIENTED_EDGE('',*,*,#1587,.T.);
#1587 = EDGE_CURVE('',#1588,#1588,#1590,.T.);
#1588 = VERTEX_POINT('',#1589);
#1589 = CARTESIAN_POINT('',(-2.85,5.,30.));
#1590 = SURFACE_CURVE('',#1591,(#1596,#1607),.PCURVE_S1.);
#1591 = CIRCLE('',#1592,1.15);
#1592 = AXIS2_PLACEMENT_3D('',#1593,#1594,#1595);
#1593 = CARTESIAN_POINT('',(-4.,5.,30.));
#1594 = DIRECTION('',(0.,0.,-1.));
#1595 = DIRECTION('',(1.,0.,0.));
#1596 = PCURVE('',#385,#1597);
#1597 = DEFINITIONAL_REPRESENTATION('',(#1598),#1606);
#1598 = ( BOUNDED_CURVE() B_SPLINE_CURVE(2,(#1599,#1600,#1601,#1602,
#1603,#1604,#1605),.UNSPECIFIED.,.T.,.F.) B_SPLINE_CURVE_WITH_KNOTS((1,2
    ,2,2,2,1),(-2.094395102393,0.,2.094395102393,4.188790204786,
6.28318530718,8.377580409573),.UNSPECIFIED.) CURVE() 
GEOMETRIC_REPRESENTATION_ITEM() RATIONAL_B_SPLINE_CURVE((1.,0.5,1.,0.5,
1.,0.5,1.)) REPRESENTATION_ITEM('') );
#1599 = CARTESIAN_POINT('',(-2.85,5.));
#1600 = CARTESIAN_POINT('',(-2.85,3.008141571296));
#1601 = CARTESIAN_POINT('',(-4.575,4.004070785648));
#1602 = CARTESIAN_POINT('',(-6.3,5.));
#1603 = CARTESIAN_POINT('',(-4.575,5.995929214352));
#1604 = CARTESIAN_POINT('',(-2.85,6.991858428704));
#1605 = CARTESIAN_POINT('',(-2.85,5.));
#1606 = ( GEOMETRIC_REPRESENTATION_CONTEXT(2) 
PARAMETRIC_REPRESENTATION_CONTEXT() REPRESENTATION_CONTEXT('2D SPACE',''
  ) );
#1607 = PCURVE('',#1608,#1613);
#1608 = CYLINDRICAL_SURFACE('',#1609,1.15);
#1609 = AXIS2_PLACEMENT_3D('',#1610,#1611,#1612);
#1610 = CARTESIAN_POINT('',(-4.,5.,26.));
#1611 = DIRECTION('',(-0.,-0.,-1.));
#1612 = DIRECTION('',(1.,0.,0.));
#1613 = DEFINITIONAL_REPRESENTATION('',(#1614),#1618);
#1614 = LINE('',#1615,#1616);
#1615 = CARTESIAN_POINT('',(-6.28318530718,-4.));
#1616 = VECTOR('',#1617,1.);
#1617 = DIRECTION('',(1.,-0.));
#1618 = ( GEOMETRIC_REPRESENTATION_CONTEXT(2) 
PARAMETRIC_REPRESENTATION_CONTEXT() REPRESENTATION_CONTEXT('2D SPACE',''
  ) );
#1619 = FACE_BOUND('',#1620,.T.);
#1620 = EDGE_LOOP('',(#1621));
#1621 = ORIENTED_EDGE('',*,*,#1622,.T.);
#1622 = EDGE_CURVE('',#1623,#1623,#1625,.T.);
#1623 = VERTEX_POINT('',#1624);
#1624 = CARTESIAN_POINT('',(1.15,1.,30.));
#1625 = SURFACE_CURVE('',#1626,(#1631,#1642),.PCURVE_S1.);
#1626 = CIRCLE('',#1627,1.15);
#1627 = AXIS2_PLACEMENT_3D('',#1628,#1629,#1630);
#1628 = CARTESIAN_POINT('',(0.,1.,30.));
#1629 = DIRECTION('',(0.,0.,-1.));
#1630 = DIRECTION('',(1.,0.,0.));
#1631 = PCURVE('',#385,#1632);
#1632 = DEFINITIONAL_REPRESENTATION('',(#1633),#1641);
#1633 = ( BOUNDED_CURVE() B_SPLINE_CURVE(2,(#1634,#1635,#1636,#1637,
#1638,#1639,#1640),.UNSPECIFIED.,.T.,.F.) B_SPLINE_CURVE_WITH_KNOTS((1,2
    ,2,2,2,1),(-2.094395102393,0.,2.094395102393,4.188790204786,
6.28318530718,8.377580409573),.UNSPECIFIED.) CURVE() 
GEOMETRIC_REPRESENTATION_ITEM() RATIONAL_B_SPLINE_CURVE((1.,0.5,1.,0.5,
1.,0.5,1.)) REPRESENTATION_ITEM('') );
#1634 = CARTESIAN_POINT('',(1.15,1.));
#1635 = CARTESIAN_POINT('',(1.15,-0.991858428704));
#1636 = CARTESIAN_POINT('',(-0.575,4.070785647895E-03));
#1637 = CARTESIAN_POINT('',(-2.3,1.));
#1638 = CARTESIAN_POINT('',(-0.575,1.995929214352));
#1639 = CARTESIAN_POINT('',(1.15,2.991858428704));
#1640 = CARTESIAN_POINT('',(1.15,1.));
#1641 = ( GEOMETRIC_REPRESENTATION_CONTEXT(2) 
PARAMETRIC_REPRESENTATION_CONTEXT() REPRESENTATION_CONTEXT('2D SPACE',''
  ) );
#1642 = PCURVE('',#1643,#1648);
#1643 = CYLINDRICAL_SURFACE('',#1644,1.15);
#1644 = AXIS2_PLACEMENT_3D('',#1645,#1646,#1647);
#1645 = CARTESIAN_POINT('',(0.,1.,26.));
#1646 = DIRECTION('',(-0.,-0.,-1.));
#1647 = DIRECTION('',(1.,0.,0.));
#1648 = DEFINITIONAL_REPRESENTATION('',(#1649),#1653);
#1649 = LINE('',#1650,#1651);
#1650 = CARTESIAN_POINT('',(-6.28318530718,-4.));
#1651 = VECTOR('',#1652,1.);
#1652 = DIRECTION('',(1.,-0.));
#1653 = ( GEOMETRIC_REPRESENTATION_CONTEXT(2) 
PARAMETRIC_REPRESENTATION_CONTEXT() REPRESENTATION_CONTEXT('2D SPACE',''
  ) );
#1654 = FACE_BOUND('',#1655,.T.);
#1655 = EDGE_LOOP('',(#1656));
#1656 = ORIENTED_EDGE('',*,*,#1657,.T.);
#1657 = EDGE_CURVE('',#1658,#1658,#1660,.T.);
#1658 = VERTEX_POINT('',#1659);
#1659 = CARTESIAN_POINT('',(1.15,5.,30.));
#1660 = SURFACE_CURVE('',#1661,(#1666,#1677),.PCURVE_S1.);
#1661 = CIRCLE('',#1662,1.15);
#1662 = AXIS2_PLACEMENT_3D('',#1663,#1664,#1665);
#1663 = CARTESIAN_POINT('',(0.,5.,30.));
#1664 = DIRECTION('',(0.,0.,-1.));
#1665 = DIRECTION('',(1.,0.,0.));
#1666 = PCURVE('',#385,#1667);
#1667 = DEFINITIONAL_REPRESENTATION('',(#1668),#1676);
#1668 = ( BOUNDED_CURVE() B_SPLINE_CURVE(2,(#1669,#1670,#1671,#1672,
#1673,#1674,#1675),.UNSPECIFIED.,.T.,.F.) B_SPLINE_CURVE_WITH_KNOTS((1,2
    ,2,2,2,1),(-2.094395102393,0.,2.094395102393,4.188790204786,
6.28318530718,8.377580409573),.UNSPECIFIED.) CURVE() 
GEOMETRIC_REPRESENTATION_ITEM() RATIONAL_B_SPLINE_CURVE((1.,0.5,1.,0.5,
1.,0.5,1.)) REPRESENTATION_ITEM('') );
#1669 = CARTESIAN_POINT('',(1.15,5.));
#1670 = CARTESIAN_POINT('',(1.15,3.008141571296));
#1671 = CARTESIAN_POINT('',(-0.575,4.004070785648));
#1672 = CARTESIAN_POINT('',(-2.3,5.));
#1673 = CARTESIAN_POINT('',(-0.575,5.995929214352));
#1674 = CARTESIAN_POINT('',(1.15,6.991858428704));
#1675 = CARTESIAN_POINT('',(1.15,5.));
#1676 = ( GEOMETRIC_REPRESENTATION_CONTEXT(2) 
PARAMETRIC_REPRESENTATION_CONTEXT() REPRESENTATION_CONTEXT('2D SPACE',''
  ) );
#1677 = PCURVE('',#1678,#1683);
#1678 = CYLINDRICAL_SURFACE('',#1679,1.15);
#1679 = AXIS2_PLACEMENT_3D('',#1680,#1681,#1682);
#1680 = CARTESIAN_POINT('',(0.,5.,26.));
#1681 = DIRECTION('',(-0.,-0.,-1.));
#1682 = DIRECTION('',(1.,0.,0.));
#1683 = DEFINITIONAL_REPRESENTATION('',(#1684),#1688);
#1684 = LINE('',#1685,#1686);
#1685 = CARTESIAN_POINT('',(-6.28318530718,-4.));
#1686 = VECTOR('',#1687,1.);
#1687 = DIRECTION('',(1.,-0.));
#1688 = ( GEOMETRIC_REPRESENTATION_CONTEXT(2) 
PARAMETRIC_REPRESENTATION_CONTEXT() REPRESENTATION_CONTEXT('2D SPACE',''
  ) );
#1689 = FACE_BOUND('',#1690,.T.);
#1690 = EDGE_LOOP('',(#1691));
#1691 = ORIENTED_EDGE('',*,*,#1692,.T.);
#1692 = EDGE_CURVE('',#1693,#1693,#1695,.T.);
#1693 = VERTEX_POINT('',#1694);
#1694 = CARTESIAN_POINT('',(-2.85,9.,30.));
#1695 = SURFACE_CURVE('',#1696,(#1701,#1712),.PCURVE_S1.);
#1696 = CIRCLE('',#1697,1.15);
#1697 = AXIS2_PLACEMENT_3D('',#1698,#1699,#1700);
#1698 = CARTESIAN_POINT('',(-4.,9.,30.));
#1699 = DIRECTION('',(0.,0.,-1.));
#1700 = DIRECTION('',(1.,0.,0.));
#1701 = PCURVE('',#385,#1702);
#1702 = DEFINITIONAL_REPRESENTATION('',(#1703),#1711);
#1703 = ( BOUNDED_CURVE() B_SPLINE_CURVE(2,(#1704,#1705,#1706,#1707,
#1708,#1709,#1710),.UNSPECIFIED.,.T.,.F.) B_SPLINE_CURVE_WITH_KNOTS((1,2
    ,2,2,2,1),(-2.094395102393,0.,2.094395102393,4.188790204786,
6.28318530718,8.377580409573),.UNSPECIFIED.) CURVE() 
GEOMETRIC_REPRESENTATION_ITEM() RATIONAL_B_SPLINE_CURVE((1.,0.5,1.,0.5,
1.,0.5,1.)) REPRESENTATION_ITEM('') );
#1704 = CARTESIAN_POINT('',(-2.85,9.));
#1705 = CARTESIAN_POINT('',(-2.85,7.008141571296));
#1706 = CARTESIAN_POINT('',(-4.575,8.004070785648));
#1707 = CARTESIAN_POINT('',(-6.3,9.));
#1708 = CARTESIAN_POINT('',(-4.575,9.995929214352));
#1709 = CARTESIAN_POINT('',(-2.85,10.991858428704));
#1710 = CARTESIAN_POINT('',(-2.85,9.));
#1711 = ( GEOMETRIC_REPRESENTATION_CONTEXT(2) 
PARAMETRIC_REPRESENTATION_CONTEXT() REPRESENTATION_CONTEXT('2D SPACE',''
  ) );
#1712 = PCURVE('',#1713,#1718);
#1713 = CYLINDRICAL_SURFACE('',#1714,1.15);
#1714 = AXIS2_PLACEMENT_3D('',#1715,#1716,#1717);
#1715 = CARTESIAN_POINT('',(-4.,9.,26.));
#1716 = DIRECTION('',(-0.,-0.,-1.));
#1717 = DIRECTION('',(1.,0.,0.));
#1718 = DEFINITIONAL_REPRESENTATION('',(#1719),#1723);
#1719 = LINE('',#1720,#1721);
#1720 = CARTESIAN_POINT('',(-6.28318530718,-4.));
#1721 = VECTOR('',#1722,1.);
#1722 = DIRECTION('',(1.,-0.));
#1723 = ( GEOMETRIC_REPRESENTATION_CONTEXT(2) 
PARAMETRIC_REPRESENTATION_CONTEXT() REPRESENTATION_CONTEXT('2D SPACE',''
  ) );
#1724 = FACE_BOUND('',#1725,.T.);
#1725 = EDGE_LOOP('',(#1726));
#1726 = ORIENTED_EDGE('',*,*,#1727,.T.);
#1727 = EDGE_CURVE('',#1728,#1728,#1730,.T.);
#1728 = VERTEX_POINT('',#1729);
#1729 = CARTESIAN_POINT('',(1.15,9.,30.));
#1730 = SURFACE_CURVE('',#1731,(#1736,#1747),.PCURVE_S1.);
#1731 = CIRCLE('',#1732,1.15);
#1732 = AXIS2_PLACEMENT_3D('',#1733,#1734,#1735);
#1733 = CARTESIAN_POINT('',(0.,9.,30.));
#1734 = DIRECTION('',(0.,0.,-1.));
#1735 = DIRECTION('',(1.,0.,0.));
#1736 = PCURVE('',#385,#1737);
#1737 = DEFINITIONAL_REPRESENTATION('',(#1738),#1746);
#1738 = ( BOUNDED_CURVE() B_SPLINE_CURVE(2,(#1739,#1740,#1741,#1742,
#1743,#1744,#1745),.UNSPECIFIED.,.T.,.F.) B_SPLINE_CURVE_WITH_KNOTS((1,2
    ,2,2,2,1),(-2.094395102393,0.,2.094395102393,4.188790204786,
6.28318530718,8.377580409573),.UNSPECIFIED.) CURVE() 
GEOMETRIC_REPRESENTATION_ITEM() RATIONAL_B_SPLINE_CURVE((1.,0.5,1.,0.5,
1.,0.5,1.)) REPRESENTATION_ITEM('') );
#1739 = CARTESIAN_POINT('',(1.15,9.));
#1740 = CARTESIAN_POINT('',(1.15,7.008141571296));
#1741 = CARTESIAN_POINT('',(-0.575,8.004070785648));
#1742 = CARTESIAN_POINT('',(-2.3,9.));
#1743 = CARTESIAN_POINT('',(-0.575,9.995929214352));
#1744 = CARTESIAN_POINT('',(1.15,10.991858428704));
#1745 = CARTESIAN_POINT('',(1.15,9.));
#1746 = ( GEOMETRIC_REPRESENTATION_CONTEXT(2) 
PARAMETRIC_REPRESENTATION_CONTEXT() REPRESENTATION_CONTEXT('2D SPACE',''
  ) );
#1747 = PCURVE('',#1748,#1753);
#1748 = CYLINDRICAL_SURFACE('',#1749,1.15);
#1749 = AXIS2_PLACEMENT_3D('',#1750,#1751,#1752);
#1750 = CARTESIAN_POINT('',(0.,9.,26.));
#1751 = DIRECTION('',(-0.,-0.,-1.));
#1752 = DIRECTION('',(1.,0.,0.));
#1753 = DEFINITIONAL_REPRESENTATION('',(#1754),#1758);
#1754 = LINE('',#1755,#1756);
#1755 = CARTESIAN_POINT('',(-6.28318530718,-4.));
#1756 = VECTOR('',#1757,1.);
#1757 = DIRECTION('',(1.,-0.));
#1758 = ( GEOMETRIC_REPRESENTATION_CONTEXT(2) 
PARAMETRIC_REPRESENTATION_CONTEXT() REPRESENTATION_CONTEXT('2D SPACE',''
  ) );
#1759 = FACE_BOUND('',#1760,.T.);
#1760 = EDGE_LOOP('',(#1761));
#1761 = ORIENTED_EDGE('',*,*,#1762,.T.);
#1762 = EDGE_CURVE('',#1763,#1763,#1765,.T.);
#1763 = VERTEX_POINT('',#1764);
#1764 = CARTESIAN_POINT('',(-6.85,13.,30.));
#1765 = SURFACE_CURVE('',#1766,(#1771,#1782),.PCURVE_S1.);
#1766 = CIRCLE('',#1767,1.15);
#1767 = AXIS2_PLACEMENT_3D('',#1768,#1769,#1770);
#1768 = CARTESIAN_POINT('',(-8.,13.,30.));
#1769 = DIRECTION('',(0.,0.,-1.));
#1770 = DIRECTION('',(1.,0.,0.));
#1771 = PCURVE('',#385,#1772);
#1772 = DEFINITIONAL_REPRESENTATION('',(#1773),#1781);
#1773 = ( BOUNDED_CURVE() B_SPLINE_CURVE(2,(#1774,#1775,#1776,#1777,
#1778,#1779,#1780),.UNSPECIFIED.,.T.,.F.) B_SPLINE_CURVE_WITH_KNOTS((1,2
    ,2,2,2,1),(-2.094395102393,0.,2.094395102393,4.188790204786,
6.28318530718,8.377580409573),.UNSPECIFIED.) CURVE() 
GEOMETRIC_REPRESENTATION_ITEM() RATIONAL_B_SPLINE_CURVE((1.,0.5,1.,0.5,
1.,0.5,1.)) REPRESENTATION_ITEM('') );
#1774 = CARTESIAN_POINT('',(-6.85,13.));
#1775 = CARTESIAN_POINT('',(-6.85,11.008141571296));
#1776 = CARTESIAN_POINT('',(-8.575,12.004070785648));
#1777 = CARTESIAN_POINT('',(-10.3,13.));
#1778 = CARTESIAN_POINT('',(-8.575,13.995929214352));
#1779 = CARTESIAN_POINT('',(-6.85,14.991858428704));
#1780 = CARTESIAN_POINT('',(-6.85,13.));
#1781 = ( GEOMETRIC_REPRESENTATION_CONTEXT(2) 
PARAMETRIC_REPRESENTATION_CONTEXT() REPRESENTATION_CONTEXT('2D SPACE',''
  ) );
#1782 = PCURVE('',#1783,#1788);
#1783 = CYLINDRICAL_SURFACE('',#1784,1.15);
#1784 = AXIS2_PLACEMENT_3D('',#1785,#1786,#1787);
#1785 = CARTESIAN_POINT('',(-8.,13.,26.));
#1786 = DIRECTION('',(-0.,-0.,-1.));
#1787 = DIRECTION('',(1.,0.,0.));
#1788 = DEFINITIONAL_REPRESENTATION('',(#1789),#1793);
#1789 = LINE('',#1790,#1791);
#1790 = CARTESIAN_POINT('',(-6.28318530718,-4.));
#1791 = VECTOR('',#1792,1.);
#1792 = DIRECTION('',(1.,-0.));
#1793 = ( GEOMETRIC_REPRESENTATION_CONTEXT(2) 
PARAMETRIC_REPRESENTATION_CONTEXT() REPRESENTATION_CONTEXT('2D SPACE',''
  ) );
#1794 = FACE_BOUND('',#1795,.T.);
#1795 = EDGE_LOOP('',(#1796));
#1796 = ORIENTED_EDGE('',*,*,#1797,.T.);
#1797 = EDGE_CURVE('',#1798,#1798,#1800,.T.);
#1798 = VERTEX_POINT('',#1799);
#1799 = CARTESIAN_POINT('',(-6.85,17.,30.));
#1800 = SURFACE_CURVE('',#1801,(#1806,#1817),.PCURVE_S1.);
#1801 = CIRCLE('',#1802,1.15);
#1802 = AXIS2_PLACEMENT_3D('',#1803,#1804,#1805);
#1803 = CARTESIAN_POINT('',(-8.,17.,30.));
#1804 = DIRECTION('',(0.,0.,-1.));
#1805 = DIRECTION('',(1.,0.,0.));
#1806 = PCURVE('',#385,#1807);
#1807 = DEFINITIONAL_REPRESENTATION('',(#1808),#1816);
#1808 = ( BOUNDED_CURVE() B_SPLINE_CURVE(2,(#1809,#1810,#1811,#1812,
#1813,#1814,#1815),.UNSPECIFIED.,.T.,.F.) B_SPLINE_CURVE_WITH_KNOTS((1,2
    ,2,2,2,1),(-2.094395102393,0.,2.094395102393,4.188790204786,
6.28318530718,8.377580409573),.UNSPECIFIED.) CURVE() 
GEOMETRIC_REPRESENTATION_ITEM() RATIONAL_B_SPLINE_CURVE((1.,0.5,1.,0.5,
1.,0.5,1.)) REPRESENTATION_ITEM('') );
#1809 = CARTESIAN_POINT('',(-6.85,17.));
#1810 = CARTESIAN_POINT('',(-6.85,15.008141571296));
#1811 = CARTESIAN_POINT('',(-8.575,16.004070785648));
#1812 = CARTESIAN_POINT('',(-10.3,17.));
#1813 = CARTESIAN_POINT('',(-8.575,17.995929214352));
#1814 = CARTESIAN_POINT('',(-6.85,18.991858428704));
#1815 = CARTESIAN_POINT('',(-6.85,17.));
#1816 = ( GEOMETRIC_REPRESENTATION_CONTEXT(2) 
PARAMETRIC_REPRESENTATION_CONTEXT() REPRESENTATION_CONTEXT('2D SPACE',''
  ) );
#1817 = PCURVE('',#1818,#1823);
#1818 = CYLINDRICAL_SURFACE('',#1819,1.15);
#1819 = AXIS2_PLACEMENT_3D('',#1820,#1821,#1822);
#1820 = CARTESIAN_POINT('',(-8.,17.,26.));
#1821 = DIRECTION('',(-0.,-0.,-1.));
#1822 = DIRECTION('',(1.,0.,0.));
#1823 = DEFINITIONAL_REPRESENTATION('',(#1824),#1828);
#1824 = LINE('',#1825,#1826);
#1825 = CARTESIAN_POINT('',(-6.28318530718,-4.));
#1826 = VECTOR('',#1827,1.);
#1827 = DIRECTION('',(1.,-0.));
#1828 = ( GEOMETRIC_REPRESENTATION_CONTEXT(2) 
PARAMETRIC_REPRESENTATION_CONTEXT() REPRESENTATION_CONTEXT('2D SPACE',''
  ) );
#1829 = FACE_BOUND('',#1830,.T.);
#1830 = EDGE_LOOP('',(#1831));
#1831 = ORIENTED_EDGE('',*,*,#1832,.T.);
#1832 = EDGE_CURVE('',#1833,#1833,#1835,.T.);
#1833 = VERTEX_POINT('',#1834);
#1834 = CARTESIAN_POINT('',(-2.85,13.,30.));
#1835 = SURFACE_CURVE('',#1836,(#1841,#1852),.PCURVE_S1.);
#1836 = CIRCLE('',#1837,1.15);
#1837 = AXIS2_PLACEMENT_3D('',#1838,#1839,#1840);
#1838 = CARTESIAN_POINT('',(-4.,13.,30.));
#1839 = DIRECTION('',(0.,0.,-1.));
#1840 = DIRECTION('',(1.,0.,0.));
#1841 = PCURVE('',#385,#1842);
#1842 = DEFINITIONAL_REPRESENTATION('',(#1843),#1851);
#1843 = ( BOUNDED_CURVE() B_SPLINE_CURVE(2,(#1844,#1845,#1846,#1847,
#1848,#1849,#1850),.UNSPECIFIED.,.T.,.F.) B_SPLINE_CURVE_WITH_KNOTS((1,2
    ,2,2,2,1),(-2.094395102393,0.,2.094395102393,4.188790204786,
6.28318530718,8.377580409573),.UNSPECIFIED.) CURVE() 
GEOMETRIC_REPRESENTATION_ITEM() RATIONAL_B_SPLINE_CURVE((1.,0.5,1.,0.5,
1.,0.5,1.)) REPRESENTATION_ITEM('') );
#1844 = CARTESIAN_POINT('',(-2.85,13.));
#1845 = CARTESIAN_POINT('',(-2.85,11.008141571296));
#1846 = CARTESIAN_POINT('',(-4.575,12.004070785648));
#1847 = CARTESIAN_POINT('',(-6.3,13.));
#1848 = CARTESIAN_POINT('',(-4.575,13.995929214352));
#1849 = CARTESIAN_POINT('',(-2.85,14.991858428704));
#1850 = CARTESIAN_POINT('',(-2.85,13.));
#1851 = ( GEOMETRIC_REPRESENTATION_CONTEXT(2) 
PARAMETRIC_REPRESENTATION_CONTEXT() REPRESENTATION_CONTEXT('2D SPACE',''
  ) );
#1852 = PCURVE('',#1853,#1858);
#1853 = CYLINDRICAL_SURFACE('',#1854,1.15);
#1854 = AXIS2_PLACEMENT_3D('',#1855,#1856,#1857);
#1855 = CARTESIAN_POINT('',(-4.,13.,26.));
#1856 = DIRECTION('',(-0.,-0.,-1.));
#1857 = DIRECTION('',(1.,0.,0.));
#1858 = DEFINITIONAL_REPRESENTATION('',(#1859),#1863);
#1859 = LINE('',#1860,#1861);
#1860 = CARTESIAN_POINT('',(-6.28318530718,-4.));
#1861 = VECTOR('',#1862,1.);
#1862 = DIRECTION('',(1.,-0.));
#1863 = ( GEOMETRIC_REPRESENTATION_CONTEXT(2) 
PARAMETRIC_REPRESENTATION_CONTEXT() REPRESENTATION_CONTEXT('2D SPACE',''
  ) );
#1864 = FACE_BOUND('',#1865,.T.);
#1865 = EDGE_LOOP('',(#1866));
#1866 = ORIENTED_EDGE('',*,*,#1867,.T.);
#1867 = EDGE_CURVE('',#1868,#1868,#1870,.T.);
#1868 = VERTEX_POINT('',#1869);
#1869 = CARTESIAN_POINT('',(1.15,13.,30.));
#1870 = SURFACE_CURVE('',#1871,(#1876,#1887),.PCURVE_S1.);
#1871 = CIRCLE('',#1872,1.15);
#1872 = AXIS2_PLACEMENT_3D('',#1873,#1874,#1875);
#1873 = CARTESIAN_POINT('',(0.,13.,30.));
#1874 = DIRECTION('',(0.,0.,-1.));
#1875 = DIRECTION('',(1.,0.,0.));
#1876 = PCURVE('',#385,#1877);
#1877 = DEFINITIONAL_REPRESENTATION('',(#1878),#1886);
#1878 = ( BOUNDED_CURVE() B_SPLINE_CURVE(2,(#1879,#1880,#1881,#1882,
#1883,#1884,#1885),.UNSPECIFIED.,.T.,.F.) B_SPLINE_CURVE_WITH_KNOTS((1,2
    ,2,2,2,1),(-2.094395102393,0.,2.094395102393,4.188790204786,
6.28318530718,8.377580409573),.UNSPECIFIED.) CURVE() 
GEOMETRIC_REPRESENTATION_ITEM() RATIONAL_B_SPLINE_CURVE((1.,0.5,1.,0.5,
1.,0.5,1.)) REPRESENTATION_ITEM('') );
#1879 = CARTESIAN_POINT('',(1.15,13.));
#1880 = CARTESIAN_POINT('',(1.15,11.008141571296));
#1881 = CARTESIAN_POINT('',(-0.575,12.004070785648));
#1882 = CARTESIAN_POINT('',(-2.3,13.));
#1883 = CARTESIAN_POINT('',(-0.575,13.995929214352));
#1884 = CARTESIAN_POINT('',(1.15,14.991858428704));
#1885 = CARTESIAN_POINT('',(1.15,13.));
#1886 = ( GEOMETRIC_REPRESENTATION_CONTEXT(2) 
PARAMETRIC_REPRESENTATION_CONTEXT() REPRESENTATION_CONTEXT('2D SPACE',''
  ) );
#1887 = PCURVE('',#1888,#1893);
#1888 = CYLINDRICAL_SURFACE('',#1889,1.15);
#1889 = AXIS2_PLACEMENT_3D('',#1890,#1891,#1892);
#1890 = CARTESIAN_POINT('',(0.,13.,26.));
#1891 = DIRECTION('',(-0.,-0.,-1.));
#1892 = DIRECTION('',(1.,0.,0.));
#1893 = DEFINITIONAL_REPRESENTATION('',(#1894),#1898);
#1894 = LINE('',#1895,#1896);
#1895 = CARTESIAN_POINT('',(-6.28318530718,-4.));
#1896 = VECTOR('',#1897,1.);
#1897 = DIRECTION('',(1.,-0.));
#1898 = ( GEOMETRIC_REPRESENTATION_CONTEXT(2) 
PARAMETRIC_REPRESENTATION_CONTEXT() REPRESENTATION_CONTEXT('2D SPACE',''
  ) );
#1899 = FACE_BOUND('',#1900,.T.);
#1900 = EDGE_LOOP('',(#1901));
#1901 = ORIENTED_EDGE('',*,*,#1902,.T.);
#1902 = EDGE_CURVE('',#1903,#1903,#1905,.T.);
#1903 = VERTEX_POINT('',#1904);
#1904 = CARTESIAN_POINT('',(-2.85,17.,30.));
#1905 = SURFACE_CURVE('',#1906,(#1911,#1922),.PCURVE_S1.);
#1906 = CIRCLE('',#1907,1.15);
#1907 = AXIS2_PLACEMENT_3D('',#1908,#1909,#1910);
#1908 = CARTESIAN_POINT('',(-4.,17.,30.));
#1909 = DIRECTION('',(0.,0.,-1.));
#1910 = DIRECTION('',(1.,0.,0.));
#1911 = PCURVE('',#385,#1912);
#1912 = DEFINITIONAL_REPRESENTATION('',(#1913),#1921);
#1913 = ( BOUNDED_CURVE() B_SPLINE_CURVE(2,(#1914,#1915,#1916,#1917,
#1918,#1919,#1920),.UNSPECIFIED.,.T.,.F.) B_SPLINE_CURVE_WITH_KNOTS((1,2
    ,2,2,2,1),(-2.094395102393,0.,2.094395102393,4.188790204786,
6.28318530718,8.377580409573),.UNSPECIFIED.) CURVE() 
GEOMETRIC_REPRESENTATION_ITEM() RATIONAL_B_SPLINE_CURVE((1.,0.5,1.,0.5,
1.,0.5,1.)) REPRESENTATION_ITEM('') );
#1914 = CARTESIAN_POINT('',(-2.85,17.));
#1915 = CARTESIAN_POINT('',(-2.85,15.008141571296));
#1916 = CARTESIAN_POINT('',(-4.575,16.004070785648));
#1917 = CARTESIAN_POINT('',(-6.3,17.));
#1918 = CARTESIAN_POINT('',(-4.575,17.995929214352));
#1919 = CARTESIAN_POINT('',(-2.85,18.991858428704));
#1920 = CARTESIAN_POINT('',(-2.85,17.));
#1921 = ( GEOMETRIC_REPRESENTATION_CONTEXT(2) 
PARAMETRIC_REPRESENTATION_CONTEXT() REPRESENTATION_CONTEXT('2D SPACE',''
  ) );
#1922 = PCURVE('',#1923,#1928);
#1923 = CYLINDRICAL_SURFACE('',#1924,1.15);
#1924 = AXIS2_PLACEMENT_3D('',#1925,#1926,#1927);
#1925 = CARTESIAN_POINT('',(-4.,17.,26.));
#1926 = DIRECTION('',(-0.,-0.,-1.));
#1927 = DIRECTION('',(1.,0.,0.));
#1928 = DEFINITIONAL_REPRESENTATION('',(#1929),#1933);
#1929 = LINE('',#1930,#1931);
#1930 = CARTESIAN_POINT('',(-6.28318530718,-4.));
#1931 = VECTOR('',#1932,1.);
#1932 = DIRECTION('',(1.,-0.));
#1933 = ( GEOMETRIC_REPRESENTATION_CONTEXT(2) 
PARAMETRIC_REPRESENTATION_CONTEXT() REPRESENTATION_CONTEXT('2D SPACE',''
  ) );
#1934 = FACE_BOUND('',#1935,.T.);
#1935 = EDGE_LOOP('',(#1936));
#1936 = ORIENTED_EDGE('',*,*,#1937,.T.);
#1937 = EDGE_CURVE('',#1938,#1938,#1940,.T.);
#1938 = VERTEX_POINT('',#1939);
#1939 = CARTESIAN_POINT('',(1.15,17.,30.));
#1940 = SURFACE_CURVE('',#1941,(#1946,#1957),.PCURVE_S1.);
#1941 = CIRCLE('',#1942,1.15);
#1942 = AXIS2_PLACEMENT_3D('',#1943,#1944,#1945);
#1943 = CARTESIAN_POINT('',(0.,17.,30.));
#1944 = DIRECTION('',(0.,0.,-1.));
#1945 = DIRECTION('',(1.,0.,0.));
#1946 = PCURVE('',#385,#1947);
#1947 = DEFINITIONAL_REPRESENTATION('',(#1948),#1956);
#1948 = ( BOUNDED_CURVE() B_SPLINE_CURVE(2,(#1949,#1950,#1951,#1952,
#1953,#1954,#1955),.UNSPECIFIED.,.T.,.F.) B_SPLINE_CURVE_WITH_KNOTS((1,2
    ,2,2,2,1),(-2.094395102393,0.,2.094395102393,4.188790204786,
6.28318530718,8.377580409573),.UNSPECIFIED.) CURVE() 
GEOMETRIC_REPRESENTATION_ITEM() RATIONAL_B_SPLINE_CURVE((1.,0.5,1.,0.5,
1.,0.5,1.)) REPRESENTATION_ITEM('') );
#1949 = CARTESIAN_POINT('',(1.15,17.));
#1950 = CARTESIAN_POINT('',(1.15,15.008141571296));
#1951 = CARTESIAN_POINT('',(-0.575,16.004070785648));
#1952 = CARTESIAN_POINT('',(-2.3,17.));
#1953 = CARTESIAN_POINT('',(-0.575,17.995929214352));
#1954 = CARTESIAN_POINT('',(1.15,18.991858428704));
#1955 = CARTESIAN_POINT('',(1.15,17.));
#1956 = ( GEOMETRIC_REPRESENTATION_CONTEXT(2) 
PARAMETRIC_REPRESENTATION_CONTEXT() REPRESENTATION_CONTEXT('2D SPACE',''
  ) );
#1957 = PCURVE('',#1958,#1963);
#1958 = CYLINDRICAL_SURFACE('',#1959,1.15);
#1959 = AXIS2_PLACEMENT_3D('',#1960,#1961,#1962);
#1960 = CARTESIAN_POINT('',(0.,17.,26.));
#1961 = DIRECTION('',(-0.,-0.,-1.));
#1962 = DIRECTION('',(1.,0.,0.));
#1963 = DEFINITIONAL_REPRESENTATION('',(#1964),#1968);
#1964 = LINE('',#1965,#1966);
#1965 = CARTESIAN_POINT('',(-6.28318530718,-4.));
#1966 = VECTOR('',#1967,1.);
#1967 = DIRECTION('',(1.,-0.));
#1968 = ( GEOMETRIC_REPRESENTATION_CONTEXT(2) 
PARAMETRIC_REPRESENTATION_CONTEXT() REPRESENTATION_CONTEXT('2D SPACE',''
  ) );
#1969 = FACE_BOUND('',#1970,.T.);
#1970 = EDGE_LOOP('',(#1971));
#1971 = ORIENTED_EDGE('',*,*,#1972,.T.);
#1972 = EDGE_CURVE('',#1973,#1973,#1975,.T.);
#1973 = VERTEX_POINT('',#1974);
#1974 = CARTESIAN_POINT('',(-10.98080573302,37.587704831436,30.));
#1975 = SURFACE_CURVE('',#1976,(#1981,#1992),.PCURVE_S1.);
#1976 = CIRCLE('',#1977,2.7);
#1977 = AXIS2_PLACEMENT_3D('',#1978,#1979,#1980);
#1978 = CARTESIAN_POINT('',(-13.68080573302,37.587704831436,30.));
#1979 = DIRECTION('',(0.,0.,-1.));
#1980 = DIRECTION('',(1.,0.,0.));
#1981 = PCURVE('',#385,#1982);
#1982 = DEFINITIONAL_REPRESENTATION('',(#1983),#1991);
#1983 = ( BOUNDED_CURVE() B_SPLINE_CURVE(2,(#1984,#1985,#1986,#1987,
#1988,#1989,#1990),.UNSPECIFIED.,.T.,.F.) B_SPLINE_CURVE_WITH_KNOTS((1,2
    ,2,2,2,1),(-2.094395102393,0.,2.094395102393,4.188790204786,
6.28318530718,8.377580409573),.UNSPECIFIED.) CURVE() 
GEOMETRIC_REPRESENTATION_ITEM() RATIONAL_B_SPLINE_CURVE((1.,0.5,1.,0.5,
1.,0.5,1.)) REPRESENTATION_ITEM('') );
#1984 = CARTESIAN_POINT('',(-10.98080573302,37.587704831436));
#1985 = CARTESIAN_POINT('',(-10.98080573302,32.911167651));
#1986 = CARTESIAN_POINT('',(-15.03080573302,35.249436241218));
#1987 = CARTESIAN_POINT('',(-19.08080573302,37.587704831436));
#1988 = CARTESIAN_POINT('',(-15.03080573302,39.925973421654));
#1989 = CARTESIAN_POINT('',(-10.98080573302,42.264242011872));
#1990 = CARTESIAN_POINT('',(-10.98080573302,37.587704831436));
#1991 = ( GEOMETRIC_REPRESENTATION_CONTEXT(2) 
PARAMETRIC_REPRESENTATION_CONTEXT() REPRESENTATION_CONTEXT('2D SPACE',''
  ) );
#1992 = PCURVE('',#1993,#1998);
#1993 = CYLINDRICAL_SURFACE('',#1994,2.7);
#1994 = AXIS2_PLACEMENT_3D('',#1995,#1996,#1997);
#1995 = CARTESIAN_POINT('',(-13.68080573302,37.587704831436,27.8));
#1996 = DIRECTION('',(-0.,-0.,-1.));
#1997 = DIRECTION('',(1.,0.,0.));
#1998 = DEFINITIONAL_REPRESENTATION('',(#1999),#2003);
#1999 = LINE('',#2000,#2001);
#2000 = CARTESIAN_POINT('',(-6.28318530718,-2.2));
#2001 = VECTOR('',#2002,1.);
#2002 = DIRECTION('',(1.,-0.));
#2003 = ( GEOMETRIC_REPRESENTATION_CONTEXT(2) 
PARAMETRIC_REPRESENTATION_CONTEXT() REPRESENTATION_CONTEXT('2D SPACE',''
  ) );
#2004 = FACE_BOUND('',#2005,.T.);
#2005 = EDGE_LOOP('',(#2006));
#2006 = ORIENTED_EDGE('',*,*,#2007,.T.);
#2007 = EDGE_CURVE('',#2008,#2008,#2010,.T.);
#2008 = VERTEX_POINT('',#2009);
#2009 = CARTESIAN_POINT('',(5.15,1.,30.));
#2010 = SURFACE_CURVE('',#2011,(#2016,#2027),.PCURVE_S1.);
#2011 = CIRCLE('',#2012,1.15);
#2012 = AXIS2_PLACEMENT_3D('',#2013,#2014,#2015);
#2013 = CARTESIAN_POINT('',(4.,1.,30.));
#2014 = DIRECTION('',(0.,0.,-1.));
#2015 = DIRECTION('',(1.,0.,0.));
#2016 = PCURVE('',#385,#2017);
#2017 = DEFINITIONAL_REPRESENTATION('',(#2018),#2026);
#2018 = ( BOUNDED_CURVE() B_SPLINE_CURVE(2,(#2019,#2020,#2021,#2022,
#2023,#2024,#2025),.UNSPECIFIED.,.T.,.F.) B_SPLINE_CURVE_WITH_KNOTS((1,2
    ,2,2,2,1),(-2.094395102393,0.,2.094395102393,4.188790204786,
6.28318530718,8.377580409573),.UNSPECIFIED.) CURVE() 
GEOMETRIC_REPRESENTATION_ITEM() RATIONAL_B_SPLINE_CURVE((1.,0.5,1.,0.5,
1.,0.5,1.)) REPRESENTATION_ITEM('') );
#2019 = CARTESIAN_POINT('',(5.15,1.));
#2020 = CARTESIAN_POINT('',(5.15,-0.991858428704));
#2021 = CARTESIAN_POINT('',(3.425,4.070785647895E-03));
#2022 = CARTESIAN_POINT('',(1.7,1.));
#2023 = CARTESIAN_POINT('',(3.425,1.995929214352));
#2024 = CARTESIAN_POINT('',(5.15,2.991858428704));
#2025 = CARTESIAN_POINT('',(5.15,1.));
#2026 = ( GEOMETRIC_REPRESENTATION_CONTEXT(2) 
PARAMETRIC_REPRESENTATION_CONTEXT() REPRESENTATION_CONTEXT('2D SPACE',''
  ) );
#2027 = PCURVE('',#2028,#2033);
#2028 = CYLINDRICAL_SURFACE('',#2029,1.15);
#2029 = AXIS2_PLACEMENT_3D('',#2030,#2031,#2032);
#2030 = CARTESIAN_POINT('',(4.,1.,26.));
#2031 = DIRECTION('',(-0.,-0.,-1.));
#2032 = DIRECTION('',(1.,0.,0.));
#2033 = DEFINITIONAL_REPRESENTATION('',(#2034),#2038);
#2034 = LINE('',#2035,#2036);
#2035 = CARTESIAN_POINT('',(-6.28318530718,-4.));
#2036 = VECTOR('',#2037,1.);
#2037 = DIRECTION('',(1.,-0.));
#2038 = ( GEOMETRIC_REPRESENTATION_CONTEXT(2) 
PARAMETRIC_REPRESENTATION_CONTEXT() REPRESENTATION_CONTEXT('2D SPACE',''
  ) );
#2039 = FACE_BOUND('',#2040,.T.);
#2040 = EDGE_LOOP('',(#2041));
#2041 = ORIENTED_EDGE('',*,*,#2042,.T.);
#2042 = EDGE_CURVE('',#2043,#2043,#2045,.T.);
#2043 = VERTEX_POINT('',#2044);
#2044 = CARTESIAN_POINT('',(5.15,5.,30.));
#2045 = SURFACE_CURVE('',#2046,(#2051,#2062),.PCURVE_S1.);
#2046 = CIRCLE('',#2047,1.15);
#2047 = AXIS2_PLACEMENT_3D('',#2048,#2049,#2050);
#2048 = CARTESIAN_POINT('',(4.,5.,30.));
#2049 = DIRECTION('',(0.,0.,-1.));
#2050 = DIRECTION('',(1.,0.,0.));
#2051 = PCURVE('',#385,#2052);
#2052 = DEFINITIONAL_REPRESENTATION('',(#2053),#2061);
#2053 = ( BOUNDED_CURVE() B_SPLINE_CURVE(2,(#2054,#2055,#2056,#2057,
#2058,#2059,#2060),.UNSPECIFIED.,.T.,.F.) B_SPLINE_CURVE_WITH_KNOTS((1,2
    ,2,2,2,1),(-2.094395102393,0.,2.094395102393,4.188790204786,
6.28318530718,8.377580409573),.UNSPECIFIED.) CURVE() 
GEOMETRIC_REPRESENTATION_ITEM() RATIONAL_B_SPLINE_CURVE((1.,0.5,1.,0.5,
1.,0.5,1.)) REPRESENTATION_ITEM('') );
#2054 = CARTESIAN_POINT('',(5.15,5.));
#2055 = CARTESIAN_POINT('',(5.15,3.008141571296));
#2056 = CARTESIAN_POINT('',(3.425,4.004070785648));
#2057 = CARTESIAN_POINT('',(1.7,5.));
#2058 = CARTESIAN_POINT('',(3.425,5.995929214352));
#2059 = CARTESIAN_POINT('',(5.15,6.991858428704));
#2060 = CARTESIAN_POINT('',(5.15,5.));
#2061 = ( GEOMETRIC_REPRESENTATION_CONTEXT(2) 
PARAMETRIC_REPRESENTATION_CONTEXT() REPRESENTATION_CONTEXT('2D SPACE',''
  ) );
#2062 = PCURVE('',#2063,#2068);
#2063 = CYLINDRICAL_SURFACE('',#2064,1.15);
#2064 = AXIS2_PLACEMENT_3D('',#2065,#2066,#2067);
#2065 = CARTESIAN_POINT('',(4.,5.,26.));
#2066 = DIRECTION('',(-0.,-0.,-1.));
#2067 = DIRECTION('',(1.,0.,0.));
#2068 = DEFINITIONAL_REPRESENTATION('',(#2069),#2073);
#2069 = LINE('',#2070,#2071);
#2070 = CARTESIAN_POINT('',(-6.28318530718,-4.));
#2071 = VECTOR('',#2072,1.);
#2072 = DIRECTION('',(1.,-0.));
#2073 = ( GEOMETRIC_REPRESENTATION_CONTEXT(2) 
PARAMETRIC_REPRESENTATION_CONTEXT() REPRESENTATION_CONTEXT('2D SPACE',''
  ) );
#2074 = FACE_BOUND('',#2075,.T.);
#2075 = EDGE_LOOP('',(#2076));
#2076 = ORIENTED_EDGE('',*,*,#2077,.T.);
#2077 = EDGE_CURVE('',#2078,#2078,#2080,.T.);
#2078 = VERTEX_POINT('',#2079);
#2079 = CARTESIAN_POINT('',(5.15,9.,30.));
#2080 = SURFACE_CURVE('',#2081,(#2086,#2097),.PCURVE_S1.);
#2081 = CIRCLE('',#2082,1.15);
#2082 = AXIS2_PLACEMENT_3D('',#2083,#2084,#2085);
#2083 = CARTESIAN_POINT('',(4.,9.,30.));
#2084 = DIRECTION('',(0.,0.,-1.));
#2085 = DIRECTION('',(1.,0.,0.));
#2086 = PCURVE('',#385,#2087);
#2087 = DEFINITIONAL_REPRESENTATION('',(#2088),#2096);
#2088 = ( BOUNDED_CURVE() B_SPLINE_CURVE(2,(#2089,#2090,#2091,#2092,
#2093,#2094,#2095),.UNSPECIFIED.,.T.,.F.) B_SPLINE_CURVE_WITH_KNOTS((1,2
    ,2,2,2,1),(-2.094395102393,0.,2.094395102393,4.188790204786,
6.28318530718,8.377580409573),.UNSPECIFIED.) CURVE() 
GEOMETRIC_REPRESENTATION_ITEM() RATIONAL_B_SPLINE_CURVE((1.,0.5,1.,0.5,
1.,0.5,1.)) REPRESENTATION_ITEM('') );
#2089 = CARTESIAN_POINT('',(5.15,9.));
#2090 = CARTESIAN_POINT('',(5.15,7.008141571296));
#2091 = CARTESIAN_POINT('',(3.425,8.004070785648));
#2092 = CARTESIAN_POINT('',(1.7,9.));
#2093 = CARTESIAN_POINT('',(3.425,9.995929214352));
#2094 = CARTESIAN_POINT('',(5.15,10.991858428704));
#2095 = CARTESIAN_POINT('',(5.15,9.));
#2096 = ( GEOMETRIC_REPRESENTATION_CONTEXT(2) 
PARAMETRIC_REPRESENTATION_CONTEXT() REPRESENTATION_CONTEXT('2D SPACE',''
  ) );
#2097 = PCURVE('',#2098,#2103);
#2098 = CYLINDRICAL_SURFACE('',#2099,1.15);
#2099 = AXIS2_PLACEMENT_3D('',#2100,#2101,#2102);
#2100 = CARTESIAN_POINT('',(4.,9.,26.));
#2101 = DIRECTION('',(-0.,-0.,-1.));
#2102 = DIRECTION('',(1.,0.,0.));
#2103 = DEFINITIONAL_REPRESENTATION('',(#2104),#2108);
#2104 = LINE('',#2105,#2106);
#2105 = CARTESIAN_POINT('',(-6.28318530718,-4.));
#2106 = VECTOR('',#2107,1.);
#2107 = DIRECTION('',(1.,-0.));
#2108 = ( GEOMETRIC_REPRESENTATION_CONTEXT(2) 
PARAMETRIC_REPRESENTATION_CONTEXT() REPRESENTATION_CONTEXT('2D SPACE',''
  ) );
#2109 = FACE_BOUND('',#2110,.T.);
#2110 = EDGE_LOOP('',(#2111));
#2111 = ORIENTED_EDGE('',*,*,#2112,.T.);
#2112 = EDGE_CURVE('',#2113,#2113,#2115,.T.);
#2113 = VERTEX_POINT('',#2114);
#2114 = CARTESIAN_POINT('',(9.15,1.,30.));
#2115 = SURFACE_CURVE('',#2116,(#2121,#2132),.PCURVE_S1.);
#2116 = CIRCLE('',#2117,1.15);
#2117 = AXIS2_PLACEMENT_3D('',#2118,#2119,#2120);
#2118 = CARTESIAN_POINT('',(8.,1.,30.));
#2119 = DIRECTION('',(0.,0.,-1.));
#2120 = DIRECTION('',(1.,0.,0.));
#2121 = PCURVE('',#385,#2122);
#2122 = DEFINITIONAL_REPRESENTATION('',(#2123),#2131);
#2123 = ( BOUNDED_CURVE() B_SPLINE_CURVE(2,(#2124,#2125,#2126,#2127,
#2128,#2129,#2130),.UNSPECIFIED.,.T.,.F.) B_SPLINE_CURVE_WITH_KNOTS((1,2
    ,2,2,2,1),(-2.094395102393,0.,2.094395102393,4.188790204786,
6.28318530718,8.377580409573),.UNSPECIFIED.) CURVE() 
GEOMETRIC_REPRESENTATION_ITEM() RATIONAL_B_SPLINE_CURVE((1.,0.5,1.,0.5,
1.,0.5,1.)) REPRESENTATION_ITEM('') );
#2124 = CARTESIAN_POINT('',(9.15,1.));
#2125 = CARTESIAN_POINT('',(9.15,-0.991858428704));
#2126 = CARTESIAN_POINT('',(7.425,4.070785647895E-03));
#2127 = CARTESIAN_POINT('',(5.7,1.));
#2128 = CARTESIAN_POINT('',(7.425,1.995929214352));
#2129 = CARTESIAN_POINT('',(9.15,2.991858428704));
#2130 = CARTESIAN_POINT('',(9.15,1.));
#2131 = ( GEOMETRIC_REPRESENTATION_CONTEXT(2) 
PARAMETRIC_REPRESENTATION_CONTEXT() REPRESENTATION_CONTEXT('2D SPACE',''
  ) );
#2132 = PCURVE('',#2133,#2138);
#2133 = CYLINDRICAL_SURFACE('',#2134,1.15);
#2134 = AXIS2_PLACEMENT_3D('',#2135,#2136,#2137);
#2135 = CARTESIAN_POINT('',(8.,1.,26.));
#2136 = DIRECTION('',(-0.,-0.,-1.));
#2137 = DIRECTION('',(1.,0.,0.));
#2138 = DEFINITIONAL_REPRESENTATION('',(#2139),#2143);
#2139 = LINE('',#2140,#2141);
#2140 = CARTESIAN_POINT('',(-6.28318530718,-4.));
#2141 = VECTOR('',#2142,1.);
#2142 = DIRECTION('',(1.,-0.));
#2143 = ( GEOMETRIC_REPRESENTATION_CONTEXT(2) 
PARAMETRIC_REPRESENTATION_CONTEXT() REPRESENTATION_CONTEXT('2D SPACE',''
  ) );
#2144 = FACE_BOUND('',#2145,.T.);
#2145 = EDGE_LOOP('',(#2146));
#2146 = ORIENTED_EDGE('',*,*,#2147,.T.);
#2147 = EDGE_CURVE('',#2148,#2148,#2150,.T.);
#2148 = VERTEX_POINT('',#2149);
#2149 = CARTESIAN_POINT('',(9.15,5.,30.));
#2150 = SURFACE_CURVE('',#2151,(#2156,#2167),.PCURVE_S1.);
#2151 = CIRCLE('',#2152,1.15);
#2152 = AXIS2_PLACEMENT_3D('',#2153,#2154,#2155);
#2153 = CARTESIAN_POINT('',(8.,5.,30.));
#2154 = DIRECTION('',(0.,0.,-1.));
#2155 = DIRECTION('',(1.,0.,0.));
#2156 = PCURVE('',#385,#2157);
#2157 = DEFINITIONAL_REPRESENTATION('',(#2158),#2166);
#2158 = ( BOUNDED_CURVE() B_SPLINE_CURVE(2,(#2159,#2160,#2161,#2162,
#2163,#2164,#2165),.UNSPECIFIED.,.T.,.F.) B_SPLINE_CURVE_WITH_KNOTS((1,2
    ,2,2,2,1),(-2.094395102393,0.,2.094395102393,4.188790204786,
6.28318530718,8.377580409573),.UNSPECIFIED.) CURVE() 
GEOMETRIC_REPRESENTATION_ITEM() RATIONAL_B_SPLINE_CURVE((1.,0.5,1.,0.5,
1.,0.5,1.)) REPRESENTATION_ITEM('') );
#2159 = CARTESIAN_POINT('',(9.15,5.));
#2160 = CARTESIAN_POINT('',(9.15,3.008141571296));
#2161 = CARTESIAN_POINT('',(7.425,4.004070785648));
#2162 = CARTESIAN_POINT('',(5.7,5.));
#2163 = CARTESIAN_POINT('',(7.425,5.995929214352));
#2164 = CARTESIAN_POINT('',(9.15,6.991858428704));
#2165 = CARTESIAN_POINT('',(9.15,5.));
#2166 = ( GEOMETRIC_REPRESENTATION_CONTEXT(2) 
PARAMETRIC_REPRESENTATION_CONTEXT() REPRESENTATION_CONTEXT('2D SPACE',''
  ) );
#2167 = PCURVE('',#2168,#2173);
#2168 = CYLINDRICAL_SURFACE('',#2169,1.15);
#2169 = AXIS2_PLACEMENT_3D('',#2170,#2171,#2172);
#2170 = CARTESIAN_POINT('',(8.,5.,26.));
#2171 = DIRECTION('',(-0.,-0.,-1.));
#2172 = DIRECTION('',(1.,0.,0.));
#2173 = DEFINITIONAL_REPRESENTATION('',(#2174),#2178);
#2174 = LINE('',#2175,#2176);
#2175 = CARTESIAN_POINT('',(-6.28318530718,-4.));
#2176 = VECTOR('',#2177,1.);
#2177 = DIRECTION('',(1.,-0.));
#2178 = ( GEOMETRIC_REPRESENTATION_CONTEXT(2) 
PARAMETRIC_REPRESENTATION_CONTEXT() REPRESENTATION_CONTEXT('2D SPACE',''
  ) );
#2179 = FACE_BOUND('',#2180,.T.);
#2180 = EDGE_LOOP('',(#2181));
#2181 = ORIENTED_EDGE('',*,*,#2182,.T.);
#2182 = EDGE_CURVE('',#2183,#2183,#2185,.T.);
#2183 = VERTEX_POINT('',#2184);
#2184 = CARTESIAN_POINT('',(9.15,9.,30.));
#2185 = SURFACE_CURVE('',#2186,(#2191,#2202),.PCURVE_S1.);
#2186 = CIRCLE('',#2187,1.15);
#2187 = AXIS2_PLACEMENT_3D('',#2188,#2189,#2190);
#2188 = CARTESIAN_POINT('',(8.,9.,30.));
#2189 = DIRECTION('',(0.,0.,-1.));
#2190 = DIRECTION('',(1.,0.,0.));
#2191 = PCURVE('',#385,#2192);
#2192 = DEFINITIONAL_REPRESENTATION('',(#2193),#2201);
#2193 = ( BOUNDED_CURVE() B_SPLINE_CURVE(2,(#2194,#2195,#2196,#2197,
#2198,#2199,#2200),.UNSPECIFIED.,.T.,.F.) B_SPLINE_CURVE_WITH_KNOTS((1,2
    ,2,2,2,1),(-2.094395102393,0.,2.094395102393,4.188790204786,
6.28318530718,8.377580409573),.UNSPECIFIED.) CURVE() 
GEOMETRIC_REPRESENTATION_ITEM() RATIONAL_B_SPLINE_CURVE((1.,0.5,1.,0.5,
1.,0.5,1.)) REPRESENTATION_ITEM('') );
#2194 = CARTESIAN_POINT('',(9.15,9.));
#2195 = CARTESIAN_POINT('',(9.15,7.008141571296));
#2196 = CARTESIAN_POINT('',(7.425,8.004070785648));
#2197 = CARTESIAN_POINT('',(5.7,9.));
#2198 = CARTESIAN_POINT('',(7.425,9.995929214352));
#2199 = CARTESIAN_POINT('',(9.15,10.991858428704));
#2200 = CARTESIAN_POINT('',(9.15,9.));
#2201 = ( GEOMETRIC_REPRESENTATION_CONTEXT(2) 
PARAMETRIC_REPRESENTATION_CONTEXT() REPRESENTATION_CONTEXT('2D SPACE',''
  ) );
#2202 = PCURVE('',#2203,#2208);
#2203 = CYLINDRICAL_SURFACE('',#2204,1.15);
#2204 = AXIS2_PLACEMENT_3D('',#2205,#2206,#2207);
#2205 = CARTESIAN_POINT('',(8.,9.,26.));
#2206 = DIRECTION('',(-0.,-0.,-1.));
#2207 = DIRECTION('',(1.,0.,0.));
#2208 = DEFINITIONAL_REPRESENTATION('',(#2209),#2213);
#2209 = LINE('',#2210,#2211);
#2210 = CARTESIAN_POINT('',(-6.28318530718,-4.));
#2211 = VECTOR('',#2212,1.);
#2212 = DIRECTION('',(1.,-0.));
#2213 = ( GEOMETRIC_REPRESENTATION_CONTEXT(2) 
PARAMETRIC_REPRESENTATION_CONTEXT() REPRESENTATION_CONTEXT('2D SPACE',''
  ) );
#2214 = FACE_BOUND('',#2215,.T.);
#2215 = EDGE_LOOP('',(#2216));
#2216 = ORIENTED_EDGE('',*,*,#2217,.T.);
#2217 = EDGE_CURVE('',#2218,#2218,#2220,.T.);
#2218 = VERTEX_POINT('',#2219);
#2219 = CARTESIAN_POINT('',(5.15,13.,30.));
#2220 = SURFACE_CURVE('',#2221,(#2226,#2237),.PCURVE_S1.);
#2221 = CIRCLE('',#2222,1.15);
#2222 = AXIS2_PLACEMENT_3D('',#2223,#2224,#2225);
#2223 = CARTESIAN_POINT('',(4.,13.,30.));
#2224 = DIRECTION('',(0.,0.,-1.));
#2225 = DIRECTION('',(1.,0.,0.));
#2226 = PCURVE('',#385,#2227);
#2227 = DEFINITIONAL_REPRESENTATION('',(#2228),#2236);
#2228 = ( BOUNDED_CURVE() B_SPLINE_CURVE(2,(#2229,#2230,#2231,#2232,
#2233,#2234,#2235),.UNSPECIFIED.,.T.,.F.) B_SPLINE_CURVE_WITH_KNOTS((1,2
    ,2,2,2,1),(-2.094395102393,0.,2.094395102393,4.188790204786,
6.28318530718,8.377580409573),.UNSPECIFIED.) CURVE() 
GEOMETRIC_REPRESENTATION_ITEM() RATIONAL_B_SPLINE_CURVE((1.,0.5,1.,0.5,
1.,0.5,1.)) REPRESENTATION_ITEM('') );
#2229 = CARTESIAN_POINT('',(5.15,13.));
#2230 = CARTESIAN_POINT('',(5.15,11.008141571296));
#2231 = CARTESIAN_POINT('',(3.425,12.004070785648));
#2232 = CARTESIAN_POINT('',(1.7,13.));
#2233 = CARTESIAN_POINT('',(3.425,13.995929214352));
#2234 = CARTESIAN_POINT('',(5.15,14.991858428704));
#2235 = CARTESIAN_POINT('',(5.15,13.));
#2236 = ( GEOMETRIC_REPRESENTATION_CONTEXT(2) 
PARAMETRIC_REPRESENTATION_CONTEXT() REPRESENTATION_CONTEXT('2D SPACE',''
  ) );
#2237 = PCURVE('',#2238,#2243);
#2238 = CYLINDRICAL_SURFACE('',#2239,1.15);
#2239 = AXIS2_PLACEMENT_3D('',#2240,#2241,#2242);
#2240 = CARTESIAN_POINT('',(4.,13.,26.));
#2241 = DIRECTION('',(-0.,-0.,-1.));
#2242 = DIRECTION('',(1.,0.,0.));
#2243 = DEFINITIONAL_REPRESENTATION('',(#2244),#2248);
#2244 = LINE('',#2245,#2246);
#2245 = CARTESIAN_POINT('',(-6.28318530718,-4.));
#2246 = VECTOR('',#2247,1.);
#2247 = DIRECTION('',(1.,-0.));
#2248 = ( GEOMETRIC_REPRESENTATION_CONTEXT(2) 
PARAMETRIC_REPRESENTATION_CONTEXT() REPRESENTATION_CONTEXT('2D SPACE',''
  ) );
#2249 = FACE_BOUND('',#2250,.T.);
#2250 = EDGE_LOOP('',(#2251));
#2251 = ORIENTED_EDGE('',*,*,#2252,.T.);
#2252 = EDGE_CURVE('',#2253,#2253,#2255,.T.);
#2253 = VERTEX_POINT('',#2254);
#2254 = CARTESIAN_POINT('',(5.15,17.,30.));
#2255 = SURFACE_CURVE('',#2256,(#2261,#2272),.PCURVE_S1.);
#2256 = CIRCLE('',#2257,1.15);
#2257 = AXIS2_PLACEMENT_3D('',#2258,#2259,#2260);
#2258 = CARTESIAN_POINT('',(4.,17.,30.));
#2259 = DIRECTION('',(0.,0.,-1.));
#2260 = DIRECTION('',(1.,0.,0.));
#2261 = PCURVE('',#385,#2262);
#2262 = DEFINITIONAL_REPRESENTATION('',(#2263),#2271);
#2263 = ( BOUNDED_CURVE() B_SPLINE_CURVE(2,(#2264,#2265,#2266,#2267,
#2268,#2269,#2270),.UNSPECIFIED.,.T.,.F.) B_SPLINE_CURVE_WITH_KNOTS((1,2
    ,2,2,2,1),(-2.094395102393,0.,2.094395102393,4.188790204786,
6.28318530718,8.377580409573),.UNSPECIFIED.) CURVE() 
GEOMETRIC_REPRESENTATION_ITEM() RATIONAL_B_SPLINE_CURVE((1.,0.5,1.,0.5,
1.,0.5,1.)) REPRESENTATION_ITEM('') );
#2264 = CARTESIAN_POINT('',(5.15,17.));
#2265 = CARTESIAN_POINT('',(5.15,15.008141571296));
#2266 = CARTESIAN_POINT('',(3.425,16.004070785648));
#2267 = CARTESIAN_POINT('',(1.7,17.));
#2268 = CARTESIAN_POINT('',(3.425,17.995929214352));
#2269 = CARTESIAN_POINT('',(5.15,18.991858428704));
#2270 = CARTESIAN_POINT('',(5.15,17.));
#2271 = ( GEOMETRIC_REPRESENTATION_CONTEXT(2) 
PARAMETRIC_REPRESENTATION_CONTEXT() REPRESENTATION_CONTEXT('2D SPACE',''
  ) );
#2272 = PCURVE('',#2273,#2278);
#2273 = CYLINDRICAL_SURFACE('',#2274,1.15);
#2274 = AXIS2_PLACEMENT_3D('',#2275,#2276,#2277);
#2275 = CARTESIAN_POINT('',(4.,17.,26.));
#2276 = DIRECTION('',(-0.,-0.,-1.));
#2277 = DIRECTION('',(1.,0.,0.));
#2278 = DEFINITIONAL_REPRESENTATION('',(#2279),#2283);
#2279 = LINE('',#2280,#2281);
#2280 = CARTESIAN_POINT('',(-6.28318530718,-4.));
#2281 = VECTOR('',#2282,1.);
#2282 = DIRECTION('',(1.,-0.));
#2283 = ( GEOMETRIC_REPRESENTATION_CONTEXT(2) 
PARAMETRIC_REPRESENTATION_CONTEXT() REPRESENTATION_CONTEXT('2D SPACE',''
  ) );
#2284 = FACE_BOUND('',#2285,.T.);
#2285 = EDGE_LOOP('',(#2286));
#2286 = ORIENTED_EDGE('',*,*,#2287,.T.);
#2287 = EDGE_CURVE('',#2288,#2288,#2290,.T.);
#2288 = VERTEX_POINT('',#2289);
#2289 = CARTESIAN_POINT('',(9.15,13.,30.));
#2290 = SURFACE_CURVE('',#2291,(#2296,#2307),.PCURVE_S1.);
#2291 = CIRCLE('',#2292,1.15);
#2292 = AXIS2_PLACEMENT_3D('',#2293,#2294,#2295);
#2293 = CARTESIAN_POINT('',(8.,13.,30.));
#2294 = DIRECTION('',(0.,0.,-1.));
#2295 = DIRECTION('',(1.,0.,0.));
#2296 = PCURVE('',#385,#2297);
#2297 = DEFINITIONAL_REPRESENTATION('',(#2298),#2306);
#2298 = ( BOUNDED_CURVE() B_SPLINE_CURVE(2,(#2299,#2300,#2301,#2302,
#2303,#2304,#2305),.UNSPECIFIED.,.T.,.F.) B_SPLINE_CURVE_WITH_KNOTS((1,2
    ,2,2,2,1),(-2.094395102393,0.,2.094395102393,4.188790204786,
6.28318530718,8.377580409573),.UNSPECIFIED.) CURVE() 
GEOMETRIC_REPRESENTATION_ITEM() RATIONAL_B_SPLINE_CURVE((1.,0.5,1.,0.5,
1.,0.5,1.)) REPRESENTATION_ITEM('') );
#2299 = CARTESIAN_POINT('',(9.15,13.));
#2300 = CARTESIAN_POINT('',(9.15,11.008141571296));
#2301 = CARTESIAN_POINT('',(7.425,12.004070785648));
#2302 = CARTESIAN_POINT('',(5.7,13.));
#2303 = CARTESIAN_POINT('',(7.425,13.995929214352));
#2304 = CARTESIAN_POINT('',(9.15,14.991858428704));
#2305 = CARTESIAN_POINT('',(9.15,13.));
#2306 = ( GEOMETRIC_REPRESENTATION_CONTEXT(2) 
PARAMETRIC_REPRESENTATION_CONTEXT() REPRESENTATION_CONTEXT('2D SPACE',''
  ) );
#2307 = PCURVE('',#2308,#2313);
#2308 = CYLINDRICAL_SURFACE('',#2309,1.15);
#2309 = AXIS2_PLACEMENT_3D('',#2310,#2311,#2312);
#2310 = CARTESIAN_POINT('',(8.,13.,26.));
#2311 = DIRECTION('',(-0.,-0.,-1.));
#2312 = DIRECTION('',(1.,0.,0.));
#2313 = DEFINITIONAL_REPRESENTATION('',(#2314),#2318);
#2314 = LINE('',#2315,#2316);
#2315 = CARTESIAN_POINT('',(-6.28318530718,-4.));
#2316 = VECTOR('',#2317,1.);
#2317 = DIRECTION('',(1.,-0.));
#2318 = ( GEOMETRIC_REPRESENTATION_CONTEXT(2) 
PARAMETRIC_REPRESENTATION_CONTEXT() REPRESENTATION_CONTEXT('2D SPACE',''
  ) );
#2319 = FACE_BOUND('',#2320,.T.);
#2320 = EDGE_LOOP('',(#2321));
#2321 = ORIENTED_EDGE('',*,*,#2322,.T.);
#2322 = EDGE_CURVE('',#2323,#2323,#2325,.T.);
#2323 = VERTEX_POINT('',#2324);
#2324 = CARTESIAN_POINT('',(9.15,17.,30.));
#2325 = SURFACE_CURVE('',#2326,(#2331,#2342),.PCURVE_S1.);
#2326 = CIRCLE('',#2327,1.15);
#2327 = AXIS2_PLACEMENT_3D('',#2328,#2329,#2330);
#2328 = CARTESIAN_POINT('',(8.,17.,30.));
#2329 = DIRECTION('',(0.,0.,-1.));
#2330 = DIRECTION('',(1.,0.,0.));
#2331 = PCURVE('',#385,#2332);
#2332 = DEFINITIONAL_REPRESENTATION('',(#2333),#2341);
#2333 = ( BOUNDED_CURVE() B_SPLINE_CURVE(2,(#2334,#2335,#2336,#2337,
#2338,#2339,#2340),.UNSPECIFIED.,.T.,.F.) B_SPLINE_CURVE_WITH_KNOTS((1,2
    ,2,2,2,1),(-2.094395102393,0.,2.094395102393,4.188790204786,
6.28318530718,8.377580409573),.UNSPECIFIED.) CURVE() 
GEOMETRIC_REPRESENTATION_ITEM() RATIONAL_B_SPLINE_CURVE((1.,0.5,1.,0.5,
1.,0.5,1.)) REPRESENTATION_ITEM('') );
#2334 = CARTESIAN_POINT('',(9.15,17.));
#2335 = CARTESIAN_POINT('',(9.15,15.008141571296));
#2336 = CARTESIAN_POINT('',(7.425,16.004070785648));
#2337 = CARTESIAN_POINT('',(5.7,17.));
#2338 = CARTESIAN_POINT('',(7.425,17.995929214352));
#2339 = CARTESIAN_POINT('',(9.15,18.991858428704));
#2340 = CARTESIAN_POINT('',(9.15,17.));
#2341 = ( GEOMETRIC_REPRESENTATION_CONTEXT(2) 
PARAMETRIC_REPRESENTATION_CONTEXT() REPRESENTATION_CONTEXT('2D SPACE',''
  ) );
#2342 = PCURVE('',#2343,#2348);
#2343 = CYLINDRICAL_SURFACE('',#2344,1.15);
#2344 = AXIS2_PLACEMENT_3D('',#2345,#2346,#2347);
#2345 = CARTESIAN_POINT('',(8.,17.,26.));
#2346 = DIRECTION('',(-0.,-0.,-1.));
#2347 = DIRECTION('',(1.,0.,0.));
#2348 = DEFINITIONAL_REPRESENTATION('',(#2349),#2353);
#2349 = LINE('',#2350,#2351);
#2350 = CARTESIAN_POINT('',(-6.28318530718,-4.));
#2351 = VECTOR('',#2352,1.);
#2352 = DIRECTION('',(1.,-0.));
#2353 = ( GEOMETRIC_REPRESENTATION_CONTEXT(2) 
PARAMETRIC_REPRESENTATION_CONTEXT() REPRESENTATION_CONTEXT('2D SPACE',''
  ) );
#2354 = FACE_BOUND('',#2355,.T.);
#2355 = EDGE_LOOP('',(#2356));
#2356 = ORIENTED_EDGE('',*,*,#2357,.T.);
#2357 = EDGE_CURVE('',#2358,#2358,#2360,.T.);
#2358 = VERTEX_POINT('',#2359);
#2359 = CARTESIAN_POINT('',(13.15,1.,30.));
#2360 = SURFACE_CURVE('',#2361,(#2366,#2377),.PCURVE_S1.);
#2361 = CIRCLE('',#2362,1.15);
#2362 = AXIS2_PLACEMENT_3D('',#2363,#2364,#2365);
#2363 = CARTESIAN_POINT('',(12.,1.,30.));
#2364 = DIRECTION('',(0.,0.,-1.));
#2365 = DIRECTION('',(1.,0.,0.));
#2366 = PCURVE('',#385,#2367);
#2367 = DEFINITIONAL_REPRESENTATION('',(#2368),#2376);
#2368 = ( BOUNDED_CURVE() B_SPLINE_CURVE(2,(#2369,#2370,#2371,#2372,
#2373,#2374,#2375),.UNSPECIFIED.,.T.,.F.) B_SPLINE_CURVE_WITH_KNOTS((1,2
    ,2,2,2,1),(-2.094395102393,0.,2.094395102393,4.188790204786,
6.28318530718,8.377580409573),.UNSPECIFIED.) CURVE() 
GEOMETRIC_REPRESENTATION_ITEM() RATIONAL_B_SPLINE_CURVE((1.,0.5,1.,0.5,
1.,0.5,1.)) REPRESENTATION_ITEM('') );
#2369 = CARTESIAN_POINT('',(13.15,1.));
#2370 = CARTESIAN_POINT('',(13.15,-0.991858428704));
#2371 = CARTESIAN_POINT('',(11.425,4.070785647895E-03));
#2372 = CARTESIAN_POINT('',(9.7,1.));
#2373 = CARTESIAN_POINT('',(11.425,1.995929214352));
#2374 = CARTESIAN_POINT('',(13.15,2.991858428704));
#2375 = CARTESIAN_POINT('',(13.15,1.));
#2376 = ( GEOMETRIC_REPRESENTATION_CONTEXT(2) 
PARAMETRIC_REPRESENTATION_CONTEXT() REPRESENTATION_CONTEXT('2D SPACE',''
  ) );
#2377 = PCURVE('',#2378,#2383);
#2378 = CYLINDRICAL_SURFACE('',#2379,1.15);
#2379 = AXIS2_PLACEMENT_3D('',#2380,#2381,#2382);
#2380 = CARTESIAN_POINT('',(12.,1.,26.));
#2381 = DIRECTION('',(-0.,-0.,-1.));
#2382 = DIRECTION('',(1.,0.,0.));
#2383 = DEFINITIONAL_REPRESENTATION('',(#2384),#2388);
#2384 = LINE('',#2385,#2386);
#2385 = CARTESIAN_POINT('',(-6.28318530718,-4.));
#2386 = VECTOR('',#2387,1.);
#2387 = DIRECTION('',(1.,-0.));
#2388 = ( GEOMETRIC_REPRESENTATION_CONTEXT(2) 
PARAMETRIC_REPRESENTATION_CONTEXT() REPRESENTATION_CONTEXT('2D SPACE',''
  ) );
#2389 = FACE_BOUND('',#2390,.T.);
#2390 = EDGE_LOOP('',(#2391));
#2391 = ORIENTED_EDGE('',*,*,#2392,.T.);
#2392 = EDGE_CURVE('',#2393,#2393,#2395,.T.);
#2393 = VERTEX_POINT('',#2394);
#2394 = CARTESIAN_POINT('',(13.15,5.,30.));
#2395 = SURFACE_CURVE('',#2396,(#2401,#2412),.PCURVE_S1.);
#2396 = CIRCLE('',#2397,1.15);
#2397 = AXIS2_PLACEMENT_3D('',#2398,#2399,#2400);
#2398 = CARTESIAN_POINT('',(12.,5.,30.));
#2399 = DIRECTION('',(0.,0.,-1.));
#2400 = DIRECTION('',(1.,0.,0.));
#2401 = PCURVE('',#385,#2402);
#2402 = DEFINITIONAL_REPRESENTATION('',(#2403),#2411);
#2403 = ( BOUNDED_CURVE() B_SPLINE_CURVE(2,(#2404,#2405,#2406,#2407,
#2408,#2409,#2410),.UNSPECIFIED.,.T.,.F.) B_SPLINE_CURVE_WITH_KNOTS((1,2
    ,2,2,2,1),(-2.094395102393,0.,2.094395102393,4.188790204786,
6.28318530718,8.377580409573),.UNSPECIFIED.) CURVE() 
GEOMETRIC_REPRESENTATION_ITEM() RATIONAL_B_SPLINE_CURVE((1.,0.5,1.,0.5,
1.,0.5,1.)) REPRESENTATION_ITEM('') );
#2404 = CARTESIAN_POINT('',(13.15,5.));
#2405 = CARTESIAN_POINT('',(13.15,3.008141571296));
#2406 = CARTESIAN_POINT('',(11.425,4.004070785648));
#2407 = CARTESIAN_POINT('',(9.7,5.));
#2408 = CARTESIAN_POINT('',(11.425,5.995929214352));
#2409 = CARTESIAN_POINT('',(13.15,6.991858428704));
#2410 = CARTESIAN_POINT('',(13.15,5.));
#2411 = ( GEOMETRIC_REPRESENTATION_CONTEXT(2) 
PARAMETRIC_REPRESENTATION_CONTEXT() REPRESENTATION_CONTEXT('2D SPACE',''
  ) );
#2412 = PCURVE('',#2413,#2418);
#2413 = CYLINDRICAL_SURFACE('',#2414,1.15);
#2414 = AXIS2_PLACEMENT_3D('',#2415,#2416,#2417);
#2415 = CARTESIAN_POINT('',(12.,5.,26.));
#2416 = DIRECTION('',(-0.,-0.,-1.));
#2417 = DIRECTION('',(1.,0.,0.));
#2418 = DEFINITIONAL_REPRESENTATION('',(#2419),#2423);
#2419 = LINE('',#2420,#2421);
#2420 = CARTESIAN_POINT('',(-6.28318530718,-4.));
#2421 = VECTOR('',#2422,1.);
#2422 = DIRECTION('',(1.,-0.));
#2423 = ( GEOMETRIC_REPRESENTATION_CONTEXT(2) 
PARAMETRIC_REPRESENTATION_CONTEXT() REPRESENTATION_CONTEXT('2D SPACE',''
  ) );
#2424 = FACE_BOUND('',#2425,.T.);
#2425 = EDGE_LOOP('',(#2426));
#2426 = ORIENTED_EDGE('',*,*,#2427,.T.);
#2427 = EDGE_CURVE('',#2428,#2428,#2430,.T.);
#2428 = VERTEX_POINT('',#2429);
#2429 = CARTESIAN_POINT('',(13.15,9.,30.));
#2430 = SURFACE_CURVE('',#2431,(#2436,#2447),.PCURVE_S1.);
#2431 = CIRCLE('',#2432,1.15);
#2432 = AXIS2_PLACEMENT_3D('',#2433,#2434,#2435);
#2433 = CARTESIAN_POINT('',(12.,9.,30.));
#2434 = DIRECTION('',(0.,0.,-1.));
#2435 = DIRECTION('',(1.,0.,0.));
#2436 = PCURVE('',#385,#2437);
#2437 = DEFINITIONAL_REPRESENTATION('',(#2438),#2446);
#2438 = ( BOUNDED_CURVE() B_SPLINE_CURVE(2,(#2439,#2440,#2441,#2442,
#2443,#2444,#2445),.UNSPECIFIED.,.T.,.F.) B_SPLINE_CURVE_WITH_KNOTS((1,2
    ,2,2,2,1),(-2.094395102393,0.,2.094395102393,4.188790204786,
6.28318530718,8.377580409573),.UNSPECIFIED.) CURVE() 
GEOMETRIC_REPRESENTATION_ITEM() RATIONAL_B_SPLINE_CURVE((1.,0.5,1.,0.5,
1.,0.5,1.)) REPRESENTATION_ITEM('') );
#2439 = CARTESIAN_POINT('',(13.15,9.));
#2440 = CARTESIAN_POINT('',(13.15,7.008141571296));
#2441 = CARTESIAN_POINT('',(11.425,8.004070785648));
#2442 = CARTESIAN_POINT('',(9.7,9.));
#2443 = CARTESIAN_POINT('',(11.425,9.995929214352));
#2444 = CARTESIAN_POINT('',(13.15,10.991858428704));
#2445 = CARTESIAN_POINT('',(13.15,9.));
#2446 = ( GEOMETRIC_REPRESENTATION_CONTEXT(2) 
PARAMETRIC_REPRESENTATION_CONTEXT() REPRESENTATION_CONTEXT('2D SPACE',''
  ) );
#2447 = PCURVE('',#2448,#2453);
#2448 = CYLINDRICAL_SURFACE('',#2449,1.15);
#2449 = AXIS2_PLACEMENT_3D('',#2450,#2451,#2452);
#2450 = CARTESIAN_POINT('',(12.,9.,26.));
#2451 = DIRECTION('',(-0.,-0.,-1.));
#2452 = DIRECTION('',(1.,0.,0.));
#2453 = DEFINITIONAL_REPRESENTATION('',(#2454),#2458);
#2454 = LINE('',#2455,#2456);
#2455 = CARTESIAN_POINT('',(-6.28318530718,-4.));
#2456 = VECTOR('',#2457,1.);
#2457 = DIRECTION('',(1.,-0.));
#2458 = ( GEOMETRIC_REPRESENTATION_CONTEXT(2) 
PARAMETRIC_REPRESENTATION_CONTEXT() REPRESENTATION_CONTEXT('2D SPACE',''
  ) );
#2459 = FACE_BOUND('',#2460,.T.);
#2460 = EDGE_LOOP('',(#2461));
#2461 = ORIENTED_EDGE('',*,*,#2462,.T.);
#2462 = EDGE_CURVE('',#2463,#2463,#2465,.T.);
#2463 = VERTEX_POINT('',#2464);
#2464 = CARTESIAN_POINT('',(13.15,13.,30.));
#2465 = SURFACE_CURVE('',#2466,(#2471,#2482),.PCURVE_S1.);
#2466 = CIRCLE('',#2467,1.15);
#2467 = AXIS2_PLACEMENT_3D('',#2468,#2469,#2470);
#2468 = CARTESIAN_POINT('',(12.,13.,30.));
#2469 = DIRECTION('',(0.,0.,-1.));
#2470 = DIRECTION('',(1.,0.,0.));
#2471 = PCURVE('',#385,#2472);
#2472 = DEFINITIONAL_REPRESENTATION('',(#2473),#2481);
#2473 = ( BOUNDED_CURVE() B_SPLINE_CURVE(2,(#2474,#2475,#2476,#2477,
#2478,#2479,#2480),.UNSPECIFIED.,.T.,.F.) B_SPLINE_CURVE_WITH_KNOTS((1,2
    ,2,2,2,1),(-2.094395102393,0.,2.094395102393,4.188790204786,
6.28318530718,8.377580409573),.UNSPECIFIED.) CURVE() 
GEOMETRIC_REPRESENTATION_ITEM() RATIONAL_B_SPLINE_CURVE((1.,0.5,1.,0.5,
1.,0.5,1.)) REPRESENTATION_ITEM('') );
#2474 = CARTESIAN_POINT('',(13.15,13.));
#2475 = CARTESIAN_POINT('',(13.15,11.008141571296));
#2476 = CARTESIAN_POINT('',(11.425,12.004070785648));
#2477 = CARTESIAN_POINT('',(9.7,13.));
#2478 = CARTESIAN_POINT('',(11.425,13.995929214352));
#2479 = CARTESIAN_POINT('',(13.15,14.991858428704));
#2480 = CARTESIAN_POINT('',(13.15,13.));
#2481 = ( GEOMETRIC_REPRESENTATION_CONTEXT(2) 
PARAMETRIC_REPRESENTATION_CONTEXT() REPRESENTATION_CONTEXT('2D SPACE',''
  ) );
#2482 = PCURVE('',#2483,#2488);
#2483 = CYLINDRICAL_SURFACE('',#2484,1.15);
#2484 = AXIS2_PLACEMENT_3D('',#2485,#2486,#2487);
#2485 = CARTESIAN_POINT('',(12.,13.,26.));
#2486 = DIRECTION('',(-0.,-0.,-1.));
#2487 = DIRECTION('',(1.,0.,0.));
#2488 = DEFINITIONAL_REPRESENTATION('',(#2489),#2493);
#2489 = LINE('',#2490,#2491);
#2490 = CARTESIAN_POINT('',(-6.28318530718,-4.));
#2491 = VECTOR('',#2492,1.);
#2492 = DIRECTION('',(1.,-0.));
#2493 = ( GEOMETRIC_REPRESENTATION_CONTEXT(2) 
PARAMETRIC_REPRESENTATION_CONTEXT() REPRESENTATION_CONTEXT('2D SPACE',''
  ) );
#2494 = FACE_BOUND('',#2495,.T.);
#2495 = EDGE_LOOP('',(#2496));
#2496 = ORIENTED_EDGE('',*,*,#2497,.T.);
#2497 = EDGE_CURVE('',#2498,#2498,#2500,.T.);
#2498 = VERTEX_POINT('',#2499);
#2499 = CARTESIAN_POINT('',(16.380805733027,37.587704831436,30.));
#2500 = SURFACE_CURVE('',#2501,(#2506,#2517),.PCURVE_S1.);
#2501 = CIRCLE('',#2502,2.7);
#2502 = AXIS2_PLACEMENT_3D('',#2503,#2504,#2505);
#2503 = CARTESIAN_POINT('',(13.680805733027,37.587704831436,30.));
#2504 = DIRECTION('',(0.,0.,-1.));
#2505 = DIRECTION('',(1.,0.,0.));
#2506 = PCURVE('',#385,#2507);
#2507 = DEFINITIONAL_REPRESENTATION('',(#2508),#2516);
#2508 = ( BOUNDED_CURVE() B_SPLINE_CURVE(2,(#2509,#2510,#2511,#2512,
#2513,#2514,#2515),.UNSPECIFIED.,.T.,.F.) B_SPLINE_CURVE_WITH_KNOTS((1,2
    ,2,2,2,1),(-2.094395102393,0.,2.094395102393,4.188790204786,
6.28318530718,8.377580409573),.UNSPECIFIED.) CURVE() 
GEOMETRIC_REPRESENTATION_ITEM() RATIONAL_B_SPLINE_CURVE((1.,0.5,1.,0.5,
1.,0.5,1.)) REPRESENTATION_ITEM('') );
#2509 = CARTESIAN_POINT('',(16.380805733027,37.587704831436));
#2510 = CARTESIAN_POINT('',(16.380805733027,32.911167651));
#2511 = CARTESIAN_POINT('',(12.330805733027,35.249436241218));
#2512 = CARTESIAN_POINT('',(8.280805733027,37.587704831436));
#2513 = CARTESIAN_POINT('',(12.330805733027,39.925973421654));
#2514 = CARTESIAN_POINT('',(16.380805733027,42.264242011872));
#2515 = CARTESIAN_POINT('',(16.380805733027,37.587704831436));
#2516 = ( GEOMETRIC_REPRESENTATION_CONTEXT(2) 
PARAMETRIC_REPRESENTATION_CONTEXT() REPRESENTATION_CONTEXT('2D SPACE',''
  ) );
#2517 = PCURVE('',#2518,#2523);
#2518 = CYLINDRICAL_SURFACE('',#2519,2.7);
#2519 = AXIS2_PLACEMENT_3D('',#2520,#2521,#2522);
#2520 = CARTESIAN_POINT('',(13.680805733027,37.587704831436,27.8));
#2521 = DIRECTION('',(-0.,-0.,-1.));
#2522 = DIRECTION('',(1.,0.,0.));
#2523 = DEFINITIONAL_REPRESENTATION('',(#2524),#2528);
#2524 = LINE('',#2525,#2526);
#2525 = CARTESIAN_POINT('',(-6.28318530718,-2.2));
#2526 = VECTOR('',#2527,1.);
#2527 = DIRECTION('',(1.,-0.));
#2528 = ( GEOMETRIC_REPRESENTATION_CONTEXT(2) 
PARAMETRIC_REPRESENTATION_CONTEXT() REPRESENTATION_CONTEXT('2D SPACE',''
  ) );
#2529 = ADVANCED_FACE('',(#2530),#2518,.F.);
#2530 = FACE_BOUND('',#2531,.T.);
#2531 = EDGE_LOOP('',(#2532,#2561,#2582,#2583));
#2532 = ORIENTED_EDGE('',*,*,#2533,.F.);
#2533 = EDGE_CURVE('',#2534,#2534,#2536,.T.);
#2534 = VERTEX_POINT('',#2535);
#2535 = CARTESIAN_POINT('',(16.380805733027,37.587704831436,27.8));
#2536 = SURFACE_CURVE('',#2537,(#2542,#2549),.PCURVE_S1.);
#2537 = CIRCLE('',#2538,2.7);
#2538 = AXIS2_PLACEMENT_3D('',#2539,#2540,#2541);
#2539 = CARTESIAN_POINT('',(13.680805733027,37.587704831436,27.8));
#2540 = DIRECTION('',(0.,0.,1.));
#2541 = DIRECTION('',(1.,0.,0.));
#2542 = PCURVE('',#2518,#2543);
#2543 = DEFINITIONAL_REPRESENTATION('',(#2544),#2548);
#2544 = LINE('',#2545,#2546);
#2545 = CARTESIAN_POINT('',(-0.,0.));
#2546 = VECTOR('',#2547,1.);
#2547 = DIRECTION('',(-1.,0.));
#2548 = ( GEOMETRIC_REPRESENTATION_CONTEXT(2) 
PARAMETRIC_REPRESENTATION_CONTEXT() REPRESENTATION_CONTEXT('2D SPACE',''
  ) );
#2549 = PCURVE('',#2550,#2555);
#2550 = PLANE('',#2551);
#2551 = AXIS2_PLACEMENT_3D('',#2552,#2553,#2554);
#2552 = CARTESIAN_POINT('',(13.680805733027,37.587704831436,27.8));
#2553 = DIRECTION('',(0.,0.,1.));
#2554 = DIRECTION('',(1.,0.,-0.));
#2555 = DEFINITIONAL_REPRESENTATION('',(#2556),#2560);
#2556 = CIRCLE('',#2557,2.7);
#2557 = AXIS2_PLACEMENT_2D('',#2558,#2559);
#2558 = CARTESIAN_POINT('',(0.,0.));
#2559 = DIRECTION('',(1.,0.));
#2560 = ( GEOMETRIC_REPRESENTATION_CONTEXT(2) 
PARAMETRIC_REPRESENTATION_CONTEXT() REPRESENTATION_CONTEXT('2D SPACE',''
  ) );
#2561 = ORIENTED_EDGE('',*,*,#2562,.T.);
#2562 = EDGE_CURVE('',#2534,#2498,#2563,.T.);
#2563 = SEAM_CURVE('',#2564,(#2568,#2575),.PCURVE_S1.);
#2564 = LINE('',#2565,#2566);
#2565 = CARTESIAN_POINT('',(16.380805733027,37.587704831436,27.8));
#2566 = VECTOR('',#2567,1.);
#2567 = DIRECTION('',(0.,0.,1.));
#2568 = PCURVE('',#2518,#2569);
#2569 = DEFINITIONAL_REPRESENTATION('',(#2570),#2574);
#2570 = LINE('',#2571,#2572);
#2571 = CARTESIAN_POINT('',(-6.28318530718,0.));
#2572 = VECTOR('',#2573,1.);
#2573 = DIRECTION('',(-0.,-1.));
#2574 = ( GEOMETRIC_REPRESENTATION_CONTEXT(2) 
PARAMETRIC_REPRESENTATION_CONTEXT() REPRESENTATION_CONTEXT('2D SPACE',''
  ) );
#2575 = PCURVE('',#2518,#2576);
#2576 = DEFINITIONAL_REPRESENTATION('',(#2577),#2581);
#2577 = LINE('',#2578,#2579);
#2578 = CARTESIAN_POINT('',(-0.,0.));
#2579 = VECTOR('',#2580,1.);
#2580 = DIRECTION('',(-0.,-1.));
#2581 = ( GEOMETRIC_REPRESENTATION_CONTEXT(2) 
PARAMETRIC_REPRESENTATION_CONTEXT() REPRESENTATION_CONTEXT('2D SPACE',''
  ) );
#2582 = ORIENTED_EDGE('',*,*,#2497,.F.);
#2583 = ORIENTED_EDGE('',*,*,#2562,.F.);
#2584 = ADVANCED_FACE('',(#2585,#2588),#2550,.T.);
#2585 = FACE_BOUND('',#2586,.T.);
#2586 = EDGE_LOOP('',(#2587));
#2587 = ORIENTED_EDGE('',*,*,#2533,.T.);
#2588 = FACE_BOUND('',#2589,.T.);
#2589 = EDGE_LOOP('',(#2590));
#2590 = ORIENTED_EDGE('',*,*,#2591,.T.);
#2591 = EDGE_CURVE('',#2592,#2592,#2594,.T.);
#2592 = VERTEX_POINT('',#2593);
#2593 = CARTESIAN_POINT('',(15.080805733027,37.587704831436,27.8));
#2594 = SURFACE_CURVE('',#2595,(#2600,#2611),.PCURVE_S1.);
#2595 = CIRCLE('',#2596,1.4);
#2596 = AXIS2_PLACEMENT_3D('',#2597,#2598,#2599);
#2597 = CARTESIAN_POINT('',(13.680805733027,37.587704831436,27.8));
#2598 = DIRECTION('',(0.,0.,-1.));
#2599 = DIRECTION('',(1.,0.,0.));
#2600 = PCURVE('',#2550,#2601);
#2601 = DEFINITIONAL_REPRESENTATION('',(#2602),#2610);
#2602 = ( BOUNDED_CURVE() B_SPLINE_CURVE(2,(#2603,#2604,#2605,#2606,
#2607,#2608,#2609),.UNSPECIFIED.,.T.,.F.) B_SPLINE_CURVE_WITH_KNOTS((1,2
    ,2,2,2,1),(-2.094395102393,0.,2.094395102393,4.188790204786,
6.28318530718,8.377580409573),.UNSPECIFIED.) CURVE() 
GEOMETRIC_REPRESENTATION_ITEM() RATIONAL_B_SPLINE_CURVE((1.,0.5,1.,0.5,
1.,0.5,1.)) REPRESENTATION_ITEM('') );
#2603 = CARTESIAN_POINT('',(1.4,0.));
#2604 = CARTESIAN_POINT('',(1.4,-2.424871130596));
#2605 = CARTESIAN_POINT('',(-0.7,-1.212435565298));
#2606 = CARTESIAN_POINT('',(-2.8,-3.429011037613E-16));
#2607 = CARTESIAN_POINT('',(-0.7,1.212435565298));
#2608 = CARTESIAN_POINT('',(1.4,2.424871130596));
#2609 = CARTESIAN_POINT('',(1.4,0.));
#2610 = ( GEOMETRIC_REPRESENTATION_CONTEXT(2) 
PARAMETRIC_REPRESENTATION_CONTEXT() REPRESENTATION_CONTEXT('2D SPACE',''
  ) );
#2611 = PCURVE('',#2612,#2617);
#2612 = CYLINDRICAL_SURFACE('',#2613,1.4);
#2613 = AXIS2_PLACEMENT_3D('',#2614,#2615,#2616);
#2614 = CARTESIAN_POINT('',(13.680805733027,37.587704831436,5.9));
#2615 = DIRECTION('',(-0.,-0.,-1.));
#2616 = DIRECTION('',(1.,0.,0.));
#2617 = DEFINITIONAL_REPRESENTATION('',(#2618),#2622);
#2618 = LINE('',#2619,#2620);
#2619 = CARTESIAN_POINT('',(-6.28318530718,-21.9));
#2620 = VECTOR('',#2621,1.);
#2621 = DIRECTION('',(1.,-0.));
#2622 = ( GEOMETRIC_REPRESENTATION_CONTEXT(2) 
PARAMETRIC_REPRESENTATION_CONTEXT() REPRESENTATION_CONTEXT('2D SPACE',''
  ) );
#2623 = ADVANCED_FACE('',(#2624),#2612,.F.);
#2624 = FACE_BOUND('',#2625,.T.);
#2625 = EDGE_LOOP('',(#2626,#2627,#2650,#2683,#2709,#2742,#2768,#2801,
    #2827,#2855,#2881,#2907));
#2626 = ORIENTED_EDGE('',*,*,#2591,.F.);
#2627 = ORIENTED_EDGE('',*,*,#2628,.T.);
#2628 = EDGE_CURVE('',#2592,#2629,#2631,.T.);
#2629 = VERTEX_POINT('',#2630);
#2630 = CARTESIAN_POINT('',(15.080805733027,37.587704831436,22.15));
#2631 = SEAM_CURVE('',#2632,(#2636,#2643),.PCURVE_S1.);
#2632 = LINE('',#2633,#2634);
#2633 = CARTESIAN_POINT('',(15.080805733027,37.587704831436,27.8));
#2634 = VECTOR('',#2635,1.);
#2635 = DIRECTION('',(0.,0.,-1.));
#2636 = PCURVE('',#2612,#2637);
#2637 = DEFINITIONAL_REPRESENTATION('',(#2638),#2642);
#2638 = LINE('',#2639,#2640);
#2639 = CARTESIAN_POINT('',(-6.28318530718,-21.9));
#2640 = VECTOR('',#2641,1.);
#2641 = DIRECTION('',(0.,1.));
#2642 = ( GEOMETRIC_REPRESENTATION_CONTEXT(2) 
PARAMETRIC_REPRESENTATION_CONTEXT() REPRESENTATION_CONTEXT('2D SPACE',''
  ) );
#2643 = PCURVE('',#2612,#2644);
#2644 = DEFINITIONAL_REPRESENTATION('',(#2645),#2649);
#2645 = LINE('',#2646,#2647);
#2646 = CARTESIAN_POINT('',(-0.,-21.9));
#2647 = VECTOR('',#2648,1.);
#2648 = DIRECTION('',(0.,1.));
#2649 = ( GEOMETRIC_REPRESENTATION_CONTEXT(2) 
PARAMETRIC_REPRESENTATION_CONTEXT() REPRESENTATION_CONTEXT('2D SPACE',''
  ) );
#2650 = ORIENTED_EDGE('',*,*,#2651,.T.);
#2651 = EDGE_CURVE('',#2629,#2652,#2654,.T.);
#2652 = VERTEX_POINT('',#2653);
#2653 = CARTESIAN_POINT('',(15.020319903901,37.180639988904,22.15));
#2654 = SURFACE_CURVE('',#2655,(#2660,#2667),.PCURVE_S1.);
#2655 = CIRCLE('',#2656,1.4);
#2656 = AXIS2_PLACEMENT_3D('',#2657,#2658,#2659);
#2657 = CARTESIAN_POINT('',(13.680805733027,37.587704831436,22.15));
#2658 = DIRECTION('',(0.,0.,-1.));
#2659 = DIRECTION('',(1.,0.,0.));
#2660 = PCURVE('',#2612,#2661);
#2661 = DEFINITIONAL_REPRESENTATION('',(#2662),#2666);
#2662 = LINE('',#2663,#2664);
#2663 = CARTESIAN_POINT('',(-6.28318530718,-16.25));
#2664 = VECTOR('',#2665,1.);
#2665 = DIRECTION('',(1.,-0.));
#2666 = ( GEOMETRIC_REPRESENTATION_CONTEXT(2) 
PARAMETRIC_REPRESENTATION_CONTEXT() REPRESENTATION_CONTEXT('2D SPACE',''
  ) );
#2667 = PCURVE('',#2668,#2673);
#2668 = PLANE('',#2669);
#2669 = AXIS2_PLACEMENT_3D('',#2670,#2671,#2672);
#2670 = CARTESIAN_POINT('',(-1.063379932959E-15,4.700472404923E-15,22.15
    ));
#2671 = DIRECTION('',(0.,0.,1.));
#2672 = DIRECTION('',(1.,0.,-0.));
#2673 = DEFINITIONAL_REPRESENTATION('',(#2674),#2682);
#2674 = ( BOUNDED_CURVE() B_SPLINE_CURVE(2,(#2675,#2676,#2677,#2678,
#2679,#2680,#2681),.UNSPECIFIED.,.T.,.F.) B_SPLINE_CURVE_WITH_KNOTS((1,2
    ,2,2,2,1),(-2.094395102393,0.,2.094395102393,4.188790204786,
6.28318530718,8.377580409573),.UNSPECIFIED.) CURVE() 
GEOMETRIC_REPRESENTATION_ITEM() RATIONAL_B_SPLINE_CURVE((1.,0.5,1.,0.5,
1.,0.5,1.)) REPRESENTATION_ITEM('') );
#2675 = CARTESIAN_POINT('',(15.080805733027,37.587704831436));
#2676 = CARTESIAN_POINT('',(15.080805733027,35.16283370084));
#2677 = CARTESIAN_POINT('',(12.980805733027,36.375269266138));
#2678 = CARTESIAN_POINT('',(10.880805733027,37.587704831436));
#2679 = CARTESIAN_POINT('',(12.980805733027,38.800140396735));
#2680 = CARTESIAN_POINT('',(15.080805733027,40.012575962033));
#2681 = CARTESIAN_POINT('',(15.080805733027,37.587704831436));
#2682 = ( GEOMETRIC_REPRESENTATION_CONTEXT(2) 
PARAMETRIC_REPRESENTATION_CONTEXT() REPRESENTATION_CONTEXT('2D SPACE',''
  ) );
#2683 = ORIENTED_EDGE('',*,*,#2684,.F.);
#2684 = EDGE_CURVE('',#2685,#2652,#2687,.T.);
#2685 = VERTEX_POINT('',#2686);
#2686 = CARTESIAN_POINT('',(15.020319903901,37.180639988904,24.));
#2687 = SURFACE_CURVE('',#2688,(#2692,#2698),.PCURVE_S1.);
#2688 = LINE('',#2689,#2690);
#2689 = CARTESIAN_POINT('',(15.020319903901,37.180639988904,22.));
#2690 = VECTOR('',#2691,1.);
#2691 = DIRECTION('',(-0.,-0.,-1.));
#2692 = PCURVE('',#2612,#2693);
#2693 = DEFINITIONAL_REPRESENTATION('',(#2694),#2697);
#2694 = B_SPLINE_CURVE_WITH_KNOTS('',1,(#2695,#2696),.UNSPECIFIED.,.F.,
  .F.,(2,2),(-2.2000006,-0.1499994),.PIECEWISE_BEZIER_KNOTS.);
#2695 = CARTESIAN_POINT('',(-5.988163618522,-18.3000006));
#2696 = CARTESIAN_POINT('',(-5.988163618522,-16.2499994));
#2697 = ( GEOMETRIC_REPRESENTATION_CONTEXT(2) 
PARAMETRIC_REPRESENTATION_CONTEXT() REPRESENTATION_CONTEXT('2D SPACE',''
  ) );
#2698 = PCURVE('',#2699,#2704);
#2699 = CYLINDRICAL_SURFACE('',#2700,40.1);
#2700 = AXIS2_PLACEMENT_3D('',#2701,#2702,#2703);
#2701 = CARTESIAN_POINT('',(0.,0.,22.));
#2702 = DIRECTION('',(-0.,-0.,-1.));
#2703 = DIRECTION('',(1.,0.,0.));
#2704 = DEFINITIONAL_REPRESENTATION('',(#2705),#2708);
#2705 = B_SPLINE_CURVE_WITH_KNOTS('',1,(#2706,#2707),.UNSPECIFIED.,.F.,
  .F.,(2,2),(-2.,-0.15),.PIECEWISE_BEZIER_KNOTS.);
#2706 = CARTESIAN_POINT('',(-7.470046973646,-2.));
#2707 = CARTESIAN_POINT('',(-7.470046973646,-0.15));
#2708 = ( GEOMETRIC_REPRESENTATION_CONTEXT(2) 
PARAMETRIC_REPRESENTATION_CONTEXT() REPRESENTATION_CONTEXT('2D SPACE',''
  ) );
#2709 = ORIENTED_EDGE('',*,*,#2710,.T.);
#2710 = EDGE_CURVE('',#2685,#2711,#2713,.T.);
#2711 = VERTEX_POINT('',#2712);
#2712 = CARTESIAN_POINT('',(12.39302210883,38.136898182863,24.));
#2713 = SURFACE_CURVE('',#2714,(#2719,#2726),.PCURVE_S1.);
#2714 = CIRCLE('',#2715,1.4);
#2715 = AXIS2_PLACEMENT_3D('',#2716,#2717,#2718);
#2716 = CARTESIAN_POINT('',(13.680805733027,37.587704831436,24.));
#2717 = DIRECTION('',(0.,0.,-1.));
#2718 = DIRECTION('',(1.,0.,0.));
#2719 = PCURVE('',#2612,#2720);
#2720 = DEFINITIONAL_REPRESENTATION('',(#2721),#2725);
#2721 = LINE('',#2722,#2723);
#2722 = CARTESIAN_POINT('',(-6.28318530718,-18.1));
#2723 = VECTOR('',#2724,1.);
#2724 = DIRECTION('',(1.,-0.));
#2725 = ( GEOMETRIC_REPRESENTATION_CONTEXT(2) 
PARAMETRIC_REPRESENTATION_CONTEXT() REPRESENTATION_CONTEXT('2D SPACE',''
  ) );
#2726 = PCURVE('',#2727,#2732);
#2727 = PLANE('',#2728);
#2728 = AXIS2_PLACEMENT_3D('',#2729,#2730,#2731);
#2729 = CARTESIAN_POINT('',(-80.,-80.,24.));
#2730 = DIRECTION('',(0.,0.,1.));
#2731 = DIRECTION('',(1.,0.,0.));
#2732 = DEFINITIONAL_REPRESENTATION('',(#2733),#2741);
#2733 = ( BOUNDED_CURVE() B_SPLINE_CURVE(2,(#2734,#2735,#2736,#2737,
#2738,#2739,#2740),.UNSPECIFIED.,.T.,.F.) B_SPLINE_CURVE_WITH_KNOTS((1,2
    ,2,2,2,1),(-2.094395102393,0.,2.094395102393,4.188790204786,
6.28318530718,8.377580409573),.UNSPECIFIED.) CURVE() 
GEOMETRIC_REPRESENTATION_ITEM() RATIONAL_B_SPLINE_CURVE((1.,0.5,1.,0.5,
1.,0.5,1.)) REPRESENTATION_ITEM('') );
#2734 = CARTESIAN_POINT('',(95.080805733027,117.58770483143));
#2735 = CARTESIAN_POINT('',(95.080805733027,115.16283370084));
#2736 = CARTESIAN_POINT('',(92.980805733027,116.37526926613));
#2737 = CARTESIAN_POINT('',(90.880805733027,117.58770483143));
#2738 = CARTESIAN_POINT('',(92.980805733027,118.80014039673));
#2739 = CARTESIAN_POINT('',(95.080805733027,120.01257596203));
#2740 = CARTESIAN_POINT('',(95.080805733027,117.58770483143));
#2741 = ( GEOMETRIC_REPRESENTATION_CONTEXT(2) 
PARAMETRIC_REPRESENTATION_CONTEXT() REPRESENTATION_CONTEXT('2D SPACE',''
  ) );
#2742 = ORIENTED_EDGE('',*,*,#2743,.T.);
#2743 = EDGE_CURVE('',#2711,#2744,#2746,.T.);
#2744 = VERTEX_POINT('',#2745);
#2745 = CARTESIAN_POINT('',(12.39302210883,38.136898182863,22.15));
#2746 = SURFACE_CURVE('',#2747,(#2751,#2757),.PCURVE_S1.);
#2747 = LINE('',#2748,#2749);
#2748 = CARTESIAN_POINT('',(12.39302210883,38.136898182863,22.));
#2749 = VECTOR('',#2750,1.);
#2750 = DIRECTION('',(-0.,-0.,-1.));
#2751 = PCURVE('',#2612,#2752);
#2752 = DEFINITIONAL_REPRESENTATION('',(#2753),#2756);
#2753 = B_SPLINE_CURVE_WITH_KNOTS('',1,(#2754,#2755),.UNSPECIFIED.,.F.,
  .F.,(2,2),(-2.2000006,-0.1499994),.PIECEWISE_BEZIER_KNOTS.);
#2754 = CARTESIAN_POINT('',(-2.738482641449,-18.3000006));
#2755 = CARTESIAN_POINT('',(-2.738482641449,-16.2499994));
#2756 = ( GEOMETRIC_REPRESENTATION_CONTEXT(2) 
PARAMETRIC_REPRESENTATION_CONTEXT() REPRESENTATION_CONTEXT('2D SPACE',''
  ) );
#2757 = PCURVE('',#2758,#2763);
#2758 = CYLINDRICAL_SURFACE('',#2759,40.1);
#2759 = AXIS2_PLACEMENT_3D('',#2760,#2761,#2762);
#2760 = CARTESIAN_POINT('',(0.,0.,22.));
#2761 = DIRECTION('',(-0.,-0.,-1.));
#2762 = DIRECTION('',(1.,0.,0.));
#2763 = DEFINITIONAL_REPRESENTATION('',(#2764),#2767);
#2764 = B_SPLINE_CURVE_WITH_KNOTS('',1,(#2765,#2766),.UNSPECIFIED.,.F.,
  .F.,(2,2),(-2.2000006,-0.1499994),.PIECEWISE_BEZIER_KNOTS.);
#2765 = CARTESIAN_POINT('',(-1.256599286325,-2.2000006));
#2766 = CARTESIAN_POINT('',(-1.256599286325,-0.1499994));
#2767 = ( GEOMETRIC_REPRESENTATION_CONTEXT(2) 
PARAMETRIC_REPRESENTATION_CONTEXT() REPRESENTATION_CONTEXT('2D SPACE',''
  ) );
#2768 = ORIENTED_EDGE('',*,*,#2769,.T.);
#2769 = EDGE_CURVE('',#2744,#2770,#2772,.T.);
#2770 = VERTEX_POINT('',#2771);
#2771 = CARTESIAN_POINT('',(13.310446964105,38.937828671046,22.15));
#2772 = SURFACE_CURVE('',#2773,(#2778,#2785),.PCURVE_S1.);
#2773 = CIRCLE('',#2774,1.4);
#2774 = AXIS2_PLACEMENT_3D('',#2775,#2776,#2777);
#2775 = CARTESIAN_POINT('',(13.680805733027,37.587704831436,22.15));
#2776 = DIRECTION('',(0.,0.,-1.));
#2777 = DIRECTION('',(1.,0.,0.));
#2778 = PCURVE('',#2612,#2779);
#2779 = DEFINITIONAL_REPRESENTATION('',(#2780),#2784);
#2780 = LINE('',#2781,#2782);
#2781 = CARTESIAN_POINT('',(-6.28318530718,-16.25));
#2782 = VECTOR('',#2783,1.);
#2783 = DIRECTION('',(1.,-0.));
#2784 = ( GEOMETRIC_REPRESENTATION_CONTEXT(2) 
PARAMETRIC_REPRESENTATION_CONTEXT() REPRESENTATION_CONTEXT('2D SPACE',''
  ) );
#2785 = PCURVE('',#2786,#2791);
#2786 = PLANE('',#2787);
#2787 = AXIS2_PLACEMENT_3D('',#2788,#2789,#2790);
#2788 = CARTESIAN_POINT('',(-1.063379932959E-15,4.700472404923E-15,22.15
    ));
#2789 = DIRECTION('',(0.,0.,1.));
#2790 = DIRECTION('',(1.,0.,-0.));
#2791 = DEFINITIONAL_REPRESENTATION('',(#2792),#2800);
#2792 = ( BOUNDED_CURVE() B_SPLINE_CURVE(2,(#2793,#2794,#2795,#2796,
#2797,#2798,#2799),.UNSPECIFIED.,.T.,.F.) B_SPLINE_CURVE_WITH_KNOTS((1,2
    ,2,2,2,1),(-2.094395102393,0.,2.094395102393,4.188790204786,
6.28318530718,8.377580409573),.UNSPECIFIED.) CURVE() 
GEOMETRIC_REPRESENTATION_ITEM() RATIONAL_B_SPLINE_CURVE((1.,0.5,1.,0.5,
1.,0.5,1.)) REPRESENTATION_ITEM('') );
#2793 = CARTESIAN_POINT('',(15.080805733027,37.587704831436));
#2794 = CARTESIAN_POINT('',(15.080805733027,35.16283370084));
#2795 = CARTESIAN_POINT('',(12.980805733027,36.375269266138));
#2796 = CARTESIAN_POINT('',(10.880805733027,37.587704831436));
#2797 = CARTESIAN_POINT('',(12.980805733027,38.800140396735));
#2798 = CARTESIAN_POINT('',(15.080805733027,40.012575962033));
#2799 = CARTESIAN_POINT('',(15.080805733027,37.587704831436));
#2800 = ( GEOMETRIC_REPRESENTATION_CONTEXT(2) 
PARAMETRIC_REPRESENTATION_CONTEXT() REPRESENTATION_CONTEXT('2D SPACE',''
  ) );
#2801 = ORIENTED_EDGE('',*,*,#2802,.F.);
#2802 = EDGE_CURVE('',#2803,#2770,#2805,.T.);
#2803 = VERTEX_POINT('',#2804);
#2804 = CARTESIAN_POINT('',(13.310446964105,38.937828671046,24.));
#2805 = SURFACE_CURVE('',#2806,(#2810,#2816),.PCURVE_S1.);
#2806 = LINE('',#2807,#2808);
#2807 = CARTESIAN_POINT('',(13.310446964105,38.937828671046,22.15));
#2808 = VECTOR('',#2809,1.);
#2809 = DIRECTION('',(-0.,-0.,-1.));
#2810 = PCURVE('',#2612,#2811);
#2811 = DEFINITIONAL_REPRESENTATION('',(#2812),#2815);
#2812 = B_SPLINE_CURVE_WITH_KNOTS('',1,(#2813,#2814),.UNSPECIFIED.,.F.,
  .F.,(2,2),(-2.0500006,5.999999999062E-07),.PIECEWISE_BEZIER_KNOTS.);
#2813 = CARTESIAN_POINT('',(-1.838525275738,-18.3000006));
#2814 = CARTESIAN_POINT('',(-1.838525275738,-16.2499994));
#2815 = ( GEOMETRIC_REPRESENTATION_CONTEXT(2) 
PARAMETRIC_REPRESENTATION_CONTEXT() REPRESENTATION_CONTEXT('2D SPACE',''
  ) );
#2816 = PCURVE('',#2817,#2822);
#2817 = CYLINDRICAL_SURFACE('',#2818,41.15);
#2818 = AXIS2_PLACEMENT_3D('',#2819,#2820,#2821);
#2819 = CARTESIAN_POINT('',(0.,0.,22.15));
#2820 = DIRECTION('',(-0.,-0.,-1.));
#2821 = DIRECTION('',(1.,0.,0.));
#2822 = DEFINITIONAL_REPRESENTATION('',(#2823),#2826);
#2823 = B_SPLINE_CURVE_WITH_KNOTS('',1,(#2824,#2825),.UNSPECIFIED.,.F.,
  .F.,(2,2),(-2.0500006,5.999999999062E-07),.PIECEWISE_BEZIER_KNOTS.);
#2824 = CARTESIAN_POINT('',(-1.241410797851,-2.0500006));
#2825 = CARTESIAN_POINT('',(-1.241410797851,5.999999999062E-07));
#2826 = ( GEOMETRIC_REPRESENTATION_CONTEXT(2) 
PARAMETRIC_REPRESENTATION_CONTEXT() REPRESENTATION_CONTEXT('2D SPACE',''
  ) );
#2827 = ORIENTED_EDGE('',*,*,#2828,.T.);
#2828 = EDGE_CURVE('',#2803,#2829,#2831,.T.);
#2829 = VERTEX_POINT('',#2830);
#2830 = CARTESIAN_POINT('',(14.832359885563,38.38389766849,24.));
#2831 = SURFACE_CURVE('',#2832,(#2837,#2844),.PCURVE_S1.);
#2832 = CIRCLE('',#2833,1.4);
#2833 = AXIS2_PLACEMENT_3D('',#2834,#2835,#2836);
#2834 = CARTESIAN_POINT('',(13.680805733027,37.587704831436,24.));
#2835 = DIRECTION('',(0.,0.,-1.));
#2836 = DIRECTION('',(1.,0.,0.));
#2837 = PCURVE('',#2612,#2838);
#2838 = DEFINITIONAL_REPRESENTATION('',(#2839),#2843);
#2839 = LINE('',#2840,#2841);
#2840 = CARTESIAN_POINT('',(-6.28318530718,-18.1));
#2841 = VECTOR('',#2842,1.);
#2842 = DIRECTION('',(1.,-0.));
#2843 = ( GEOMETRIC_REPRESENTATION_CONTEXT(2) 
PARAMETRIC_REPRESENTATION_CONTEXT() REPRESENTATION_CONTEXT('2D SPACE',''
  ) );
#2844 = PCURVE('',#100,#2845);
#2845 = DEFINITIONAL_REPRESENTATION('',(#2846),#2854);
#2846 = ( BOUNDED_CURVE() B_SPLINE_CURVE(2,(#2847,#2848,#2849,#2850,
#2851,#2852,#2853),.UNSPECIFIED.,.T.,.F.) B_SPLINE_CURVE_WITH_KNOTS((1,2
    ,2,2,2,1),(-2.094395102393,0.,2.094395102393,4.188790204786,
6.28318530718,8.377580409573),.UNSPECIFIED.) CURVE() 
GEOMETRIC_REPRESENTATION_ITEM() RATIONAL_B_SPLINE_CURVE((1.,0.5,1.,0.5,
1.,0.5,1.)) REPRESENTATION_ITEM('') );
#2847 = CARTESIAN_POINT('',(95.080805733027,117.58770483143));
#2848 = CARTESIAN_POINT('',(95.080805733027,115.16283370084));
#2849 = CARTESIAN_POINT('',(92.980805733027,116.37526926613));
#2850 = CARTESIAN_POINT('',(90.880805733027,117.58770483143));
#2851 = CARTESIAN_POINT('',(92.980805733027,118.80014039673));
#2852 = CARTESIAN_POINT('',(95.080805733027,120.01257596203));
#2853 = CARTESIAN_POINT('',(95.080805733027,117.58770483143));
#2854 = ( GEOMETRIC_REPRESENTATION_CONTEXT(2) 
PARAMETRIC_REPRESENTATION_CONTEXT() REPRESENTATION_CONTEXT('2D SPACE',''
  ) );
#2855 = ORIENTED_EDGE('',*,*,#2856,.T.);
#2856 = EDGE_CURVE('',#2829,#2857,#2859,.T.);
#2857 = VERTEX_POINT('',#2858);
#2858 = CARTESIAN_POINT('',(14.832359885563,38.38389766849,22.15));
#2859 = SURFACE_CURVE('',#2860,(#2864,#2870),.PCURVE_S1.);
#2860 = LINE('',#2861,#2862);
#2861 = CARTESIAN_POINT('',(14.832359885563,38.38389766849,22.15));
#2862 = VECTOR('',#2863,1.);
#2863 = DIRECTION('',(-0.,-0.,-1.));
#2864 = PCURVE('',#2612,#2865);
#2865 = DEFINITIONAL_REPRESENTATION('',(#2866),#2869);
#2866 = B_SPLINE_CURVE_WITH_KNOTS('',1,(#2867,#2868),.UNSPECIFIED.,.F.,
  .F.,(2,2),(-2.0500006,5.999999999062E-07),.PIECEWISE_BEZIER_KNOTS.);
#2867 = CARTESIAN_POINT('',(-0.604935677054,-18.3000006));
#2868 = CARTESIAN_POINT('',(-0.604935677054,-16.2499994));
#2869 = ( GEOMETRIC_REPRESENTATION_CONTEXT(2) 
PARAMETRIC_REPRESENTATION_CONTEXT() REPRESENTATION_CONTEXT('2D SPACE',''
  ) );
#2870 = PCURVE('',#2871,#2876);
#2871 = CYLINDRICAL_SURFACE('',#2872,41.15);
#2872 = AXIS2_PLACEMENT_3D('',#2873,#2874,#2875);
#2873 = CARTESIAN_POINT('',(0.,0.,22.15));
#2874 = DIRECTION('',(-0.,-0.,-1.));
#2875 = DIRECTION('',(1.,0.,0.));
#2876 = DEFINITIONAL_REPRESENTATION('',(#2877),#2880);
#2877 = B_SPLINE_CURVE_WITH_KNOTS('',1,(#2878,#2879),.UNSPECIFIED.,.F.,
  .F.,(2,2),(-1.85,0.),.PIECEWISE_BEZIER_KNOTS.);
#2878 = CARTESIAN_POINT('',(-7.485235462121,-1.85));
#2879 = CARTESIAN_POINT('',(-7.485235462121,0.));
#2880 = ( GEOMETRIC_REPRESENTATION_CONTEXT(2) 
PARAMETRIC_REPRESENTATION_CONTEXT() REPRESENTATION_CONTEXT('2D SPACE',''
  ) );
#2881 = ORIENTED_EDGE('',*,*,#2882,.T.);
#2882 = EDGE_CURVE('',#2857,#2629,#2883,.T.);
#2883 = SURFACE_CURVE('',#2884,(#2889,#2896),.PCURVE_S1.);
#2884 = CIRCLE('',#2885,1.4);
#2885 = AXIS2_PLACEMENT_3D('',#2886,#2887,#2888);
#2886 = CARTESIAN_POINT('',(13.680805733027,37.587704831436,22.15));
#2887 = DIRECTION('',(0.,0.,-1.));
#2888 = DIRECTION('',(1.,0.,0.));
#2889 = PCURVE('',#2612,#2890);
#2890 = DEFINITIONAL_REPRESENTATION('',(#2891),#2895);
#2891 = LINE('',#2892,#2893);
#2892 = CARTESIAN_POINT('',(-6.28318530718,-16.25));
#2893 = VECTOR('',#2894,1.);
#2894 = DIRECTION('',(1.,-0.));
#2895 = ( GEOMETRIC_REPRESENTATION_CONTEXT(2) 
PARAMETRIC_REPRESENTATION_CONTEXT() REPRESENTATION_CONTEXT('2D SPACE',''
  ) );
#2896 = PCURVE('',#2668,#2897);
#2897 = DEFINITIONAL_REPRESENTATION('',(#2898),#2906);
#2898 = ( BOUNDED_CURVE() B_SPLINE_CURVE(2,(#2899,#2900,#2901,#2902,
#2903,#2904,#2905),.UNSPECIFIED.,.T.,.F.) B_SPLINE_CURVE_WITH_KNOTS((1,2
    ,2,2,2,1),(-2.094395102393,0.,2.094395102393,4.188790204786,
6.28318530718,8.377580409573),.UNSPECIFIED.) CURVE() 
GEOMETRIC_REPRESENTATION_ITEM() RATIONAL_B_SPLINE_CURVE((1.,0.5,1.,0.5,
1.,0.5,1.)) REPRESENTATION_ITEM('') );
#2899 = CARTESIAN_POINT('',(15.080805733027,37.587704831436));
#2900 = CARTESIAN_POINT('',(15.080805733027,35.16283370084));
#2901 = CARTESIAN_POINT('',(12.980805733027,36.375269266138));
#2902 = CARTESIAN_POINT('',(10.880805733027,37.587704831436));
#2903 = CARTESIAN_POINT('',(12.980805733027,38.800140396735));
#2904 = CARTESIAN_POINT('',(15.080805733027,40.012575962033));
#2905 = CARTESIAN_POINT('',(15.080805733027,37.587704831436));
#2906 = ( GEOMETRIC_REPRESENTATION_CONTEXT(2) 
PARAMETRIC_REPRESENTATION_CONTEXT() REPRESENTATION_CONTEXT('2D SPACE',''
  ) );
#2907 = ORIENTED_EDGE('',*,*,#2628,.F.);
#2908 = ADVANCED_FACE('',(#2909),#2871,.T.);
#2909 = FACE_BOUND('',#2910,.F.);
#2910 = EDGE_LOOP('',(#2911,#2935,#2936,#2960));
#2911 = ORIENTED_EDGE('',*,*,#2912,.T.);
#2912 = EDGE_CURVE('',#2913,#2829,#2915,.T.);
#2913 = VERTEX_POINT('',#2914);
#2914 = CARTESIAN_POINT('',(14.832359885563,-38.38389766849,24.));
#2915 = SURFACE_CURVE('',#2916,(#2921,#2928),.PCURVE_S1.);
#2916 = CIRCLE('',#2917,41.15);
#2917 = AXIS2_PLACEMENT_3D('',#2918,#2919,#2920);
#2918 = CARTESIAN_POINT('',(0.,0.,24.));
#2919 = DIRECTION('',(0.,0.,1.));
#2920 = DIRECTION('',(0.360446169759,-0.932780016245,0.));
#2921 = PCURVE('',#2871,#2922);
#2922 = DEFINITIONAL_REPRESENTATION('',(#2923),#2927);
#2923 = LINE('',#2924,#2925);
#2924 = CARTESIAN_POINT('',(-5.081135152238,-1.85));
#2925 = VECTOR('',#2926,1.);
#2926 = DIRECTION('',(-1.,-0.));
#2927 = ( GEOMETRIC_REPRESENTATION_CONTEXT(2) 
PARAMETRIC_REPRESENTATION_CONTEXT() REPRESENTATION_CONTEXT('2D SPACE',''
  ) );
#2928 = PCURVE('',#100,#2929);
#2929 = DEFINITIONAL_REPRESENTATION('',(#2930),#2934);
#2930 = CIRCLE('',#2931,41.15);
#2931 = AXIS2_PLACEMENT_2D('',#2932,#2933);
#2932 = CARTESIAN_POINT('',(80.,80.));
#2933 = DIRECTION('',(0.360446169759,-0.932780016245));
#2934 = ( GEOMETRIC_REPRESENTATION_CONTEXT(2) 
PARAMETRIC_REPRESENTATION_CONTEXT() REPRESENTATION_CONTEXT('2D SPACE',''
  ) );
#2935 = ORIENTED_EDGE('',*,*,#2856,.T.);
#2936 = ORIENTED_EDGE('',*,*,#2937,.F.);
#2937 = EDGE_CURVE('',#2938,#2857,#2940,.T.);
#2938 = VERTEX_POINT('',#2939);
#2939 = CARTESIAN_POINT('',(14.832359885563,-38.38389766849,22.15));
#2940 = SURFACE_CURVE('',#2941,(#2946,#2953),.PCURVE_S1.);
#2941 = CIRCLE('',#2942,41.15);
#2942 = AXIS2_PLACEMENT_3D('',#2943,#2944,#2945);
#2943 = CARTESIAN_POINT('',(0.,0.,22.15));
#2944 = DIRECTION('',(0.,0.,1.));
#2945 = DIRECTION('',(0.360446169759,-0.932780016245,0.));
#2946 = PCURVE('',#2871,#2947);
#2947 = DEFINITIONAL_REPRESENTATION('',(#2948),#2952);
#2948 = LINE('',#2949,#2950);
#2949 = CARTESIAN_POINT('',(-5.081135152238,0.));
#2950 = VECTOR('',#2951,1.);
#2951 = DIRECTION('',(-1.,0.));
#2952 = ( GEOMETRIC_REPRESENTATION_CONTEXT(2) 
PARAMETRIC_REPRESENTATION_CONTEXT() REPRESENTATION_CONTEXT('2D SPACE',''
  ) );
#2953 = PCURVE('',#2668,#2954);
#2954 = DEFINITIONAL_REPRESENTATION('',(#2955),#2959);
#2955 = CIRCLE('',#2956,41.15);
#2956 = AXIS2_PLACEMENT_2D('',#2957,#2958);
#2957 = CARTESIAN_POINT('',(1.063379932959E-15,-4.700472404923E-15));
#2958 = DIRECTION('',(0.360446169759,-0.932780016245));
#2959 = ( GEOMETRIC_REPRESENTATION_CONTEXT(2) 
PARAMETRIC_REPRESENTATION_CONTEXT() REPRESENTATION_CONTEXT('2D SPACE',''
  ) );
#2960 = ORIENTED_EDGE('',*,*,#2961,.F.);
#2961 = EDGE_CURVE('',#2913,#2938,#2962,.T.);
#2962 = SURFACE_CURVE('',#2963,(#2967,#2973),.PCURVE_S1.);
#2963 = LINE('',#2964,#2965);
#2964 = CARTESIAN_POINT('',(14.832359885563,-38.38389766849,22.15));
#2965 = VECTOR('',#2966,1.);
#2966 = DIRECTION('',(-0.,-0.,-1.));
#2967 = PCURVE('',#2871,#2968);
#2968 = DEFINITIONAL_REPRESENTATION('',(#2969),#2972);
#2969 = B_SPLINE_CURVE_WITH_KNOTS('',1,(#2970,#2971),.UNSPECIFIED.,.F.,
  .F.,(2,2),(-1.85,0.),.PIECEWISE_BEZIER_KNOTS.);
#2970 = CARTESIAN_POINT('',(-5.081135152238,-1.85));
#2971 = CARTESIAN_POINT('',(-5.081135152238,0.));
#2972 = ( GEOMETRIC_REPRESENTATION_CONTEXT(2) 
PARAMETRIC_REPRESENTATION_CONTEXT() REPRESENTATION_CONTEXT('2D SPACE',''
  ) );
#2973 = PCURVE('',#2974,#2979);
#2974 = CYLINDRICAL_SURFACE('',#2975,1.4);
#2975 = AXIS2_PLACEMENT_3D('',#2976,#2977,#2978);
#2976 = CARTESIAN_POINT('',(13.680805733027,-37.58770483143,5.9));
#2977 = DIRECTION('',(-0.,-0.,-1.));
#2978 = DIRECTION('',(1.,0.,0.));
#2979 = DEFINITIONAL_REPRESENTATION('',(#2980),#2983);
#2980 = B_SPLINE_CURVE_WITH_KNOTS('',1,(#2981,#2982),.UNSPECIFIED.,.F.,
  .F.,(2,2),(-2.0500006,5.999999999062E-07),.PIECEWISE_BEZIER_KNOTS.);
#2981 = CARTESIAN_POINT('',(-5.678249630126,-18.3000006));
#2982 = CARTESIAN_POINT('',(-5.678249630126,-16.2499994));
#2983 = ( GEOMETRIC_REPRESENTATION_CONTEXT(2) 
PARAMETRIC_REPRESENTATION_CONTEXT() REPRESENTATION_CONTEXT('2D SPACE',''
  ) );
#2984 = ADVANCED_FACE('',(#2985),#2974,.F.);
#2985 = FACE_BOUND('',#2986,.T.);
#2986 = EDGE_LOOP('',(#2987,#3020,#3043,#3069,#3070,#3098,#3124,#3157,
    #3183,#3216,#3237,#3263));
#2987 = ORIENTED_EDGE('',*,*,#2988,.F.);
#2988 = EDGE_CURVE('',#2989,#2989,#2991,.T.);
#2989 = VERTEX_POINT('',#2990);
#2990 = CARTESIAN_POINT('',(15.080805733027,-37.58770483143,27.8));
#2991 = SURFACE_CURVE('',#2992,(#2997,#3004),.PCURVE_S1.);
#2992 = CIRCLE('',#2993,1.4);
#2993 = AXIS2_PLACEMENT_3D('',#2994,#2995,#2996);
#2994 = CARTESIAN_POINT('',(13.680805733027,-37.58770483143,27.8));
#2995 = DIRECTION('',(0.,0.,-1.));
#2996 = DIRECTION('',(1.,0.,0.));
#2997 = PCURVE('',#2974,#2998);
#2998 = DEFINITIONAL_REPRESENTATION('',(#2999),#3003);
#2999 = LINE('',#3000,#3001);
#3000 = CARTESIAN_POINT('',(-6.28318530718,-21.9));
#3001 = VECTOR('',#3002,1.);
#3002 = DIRECTION('',(1.,-0.));
#3003 = ( GEOMETRIC_REPRESENTATION_CONTEXT(2) 
PARAMETRIC_REPRESENTATION_CONTEXT() REPRESENTATION_CONTEXT('2D SPACE',''
  ) );
#3004 = PCURVE('',#3005,#3010);
#3005 = PLANE('',#3006);
#3006 = AXIS2_PLACEMENT_3D('',#3007,#3008,#3009);
#3007 = CARTESIAN_POINT('',(13.680805733027,-37.58770483143,27.8));
#3008 = DIRECTION('',(0.,0.,1.));
#3009 = DIRECTION('',(1.,0.,-0.));
#3010 = DEFINITIONAL_REPRESENTATION('',(#3011),#3019);
#3011 = ( BOUNDED_CURVE() B_SPLINE_CURVE(2,(#3012,#3013,#3014,#3015,
#3016,#3017,#3018),.UNSPECIFIED.,.T.,.F.) B_SPLINE_CURVE_WITH_KNOTS((1,2
    ,2,2,2,1),(-2.094395102393,0.,2.094395102393,4.188790204786,
6.28318530718,8.377580409573),.UNSPECIFIED.) CURVE() 
GEOMETRIC_REPRESENTATION_ITEM() RATIONAL_B_SPLINE_CURVE((1.,0.5,1.,0.5,
1.,0.5,1.)) REPRESENTATION_ITEM('') );
#3012 = CARTESIAN_POINT('',(1.4,0.));
#3013 = CARTESIAN_POINT('',(1.4,-2.424871130596));
#3014 = CARTESIAN_POINT('',(-0.7,-1.212435565298));
#3015 = CARTESIAN_POINT('',(-2.8,-3.429011037613E-16));
#3016 = CARTESIAN_POINT('',(-0.7,1.212435565298));
#3017 = CARTESIAN_POINT('',(1.4,2.424871130596));
#3018 = CARTESIAN_POINT('',(1.4,0.));
#3019 = ( GEOMETRIC_REPRESENTATION_CONTEXT(2) 
PARAMETRIC_REPRESENTATION_CONTEXT() REPRESENTATION_CONTEXT('2D SPACE',''
  ) );
#3020 = ORIENTED_EDGE('',*,*,#3021,.T.);
#3021 = EDGE_CURVE('',#2989,#3022,#3024,.T.);
#3022 = VERTEX_POINT('',#3023);
#3023 = CARTESIAN_POINT('',(15.080805733027,-37.58770483143,22.15));
#3024 = SEAM_CURVE('',#3025,(#3029,#3036),.PCURVE_S1.);
#3025 = LINE('',#3026,#3027);
#3026 = CARTESIAN_POINT('',(15.080805733027,-37.58770483143,27.8));
#3027 = VECTOR('',#3028,1.);
#3028 = DIRECTION('',(0.,0.,-1.));
#3029 = PCURVE('',#2974,#3030);
#3030 = DEFINITIONAL_REPRESENTATION('',(#3031),#3035);
#3031 = LINE('',#3032,#3033);
#3032 = CARTESIAN_POINT('',(-6.28318530718,-21.9));
#3033 = VECTOR('',#3034,1.);
#3034 = DIRECTION('',(0.,1.));
#3035 = ( GEOMETRIC_REPRESENTATION_CONTEXT(2) 
PARAMETRIC_REPRESENTATION_CONTEXT() REPRESENTATION_CONTEXT('2D SPACE',''
  ) );
#3036 = PCURVE('',#2974,#3037);
#3037 = DEFINITIONAL_REPRESENTATION('',(#3038),#3042);
#3038 = LINE('',#3039,#3040);
#3039 = CARTESIAN_POINT('',(-0.,-21.9));
#3040 = VECTOR('',#3041,1.);
#3041 = DIRECTION('',(0.,1.));
#3042 = ( GEOMETRIC_REPRESENTATION_CONTEXT(2) 
PARAMETRIC_REPRESENTATION_CONTEXT() REPRESENTATION_CONTEXT('2D SPACE',''
  ) );
#3043 = ORIENTED_EDGE('',*,*,#3044,.T.);
#3044 = EDGE_CURVE('',#3022,#2938,#3045,.T.);
#3045 = SURFACE_CURVE('',#3046,(#3051,#3058),.PCURVE_S1.);
#3046 = CIRCLE('',#3047,1.4);
#3047 = AXIS2_PLACEMENT_3D('',#3048,#3049,#3050);
#3048 = CARTESIAN_POINT('',(13.680805733027,-37.58770483143,22.15));
#3049 = DIRECTION('',(0.,0.,-1.));
#3050 = DIRECTION('',(1.,0.,0.));
#3051 = PCURVE('',#2974,#3052);
#3052 = DEFINITIONAL_REPRESENTATION('',(#3053),#3057);
#3053 = LINE('',#3054,#3055);
#3054 = CARTESIAN_POINT('',(-6.28318530718,-16.25));
#3055 = VECTOR('',#3056,1.);
#3056 = DIRECTION('',(1.,-0.));
#3057 = ( GEOMETRIC_REPRESENTATION_CONTEXT(2) 
PARAMETRIC_REPRESENTATION_CONTEXT() REPRESENTATION_CONTEXT('2D SPACE',''
  ) );
#3058 = PCURVE('',#2668,#3059);
#3059 = DEFINITIONAL_REPRESENTATION('',(#3060),#3068);
#3060 = ( BOUNDED_CURVE() B_SPLINE_CURVE(2,(#3061,#3062,#3063,#3064,
#3065,#3066,#3067),.UNSPECIFIED.,.T.,.F.) B_SPLINE_CURVE_WITH_KNOTS((1,2
    ,2,2,2,1),(-2.094395102393,0.,2.094395102393,4.188790204786,
6.28318530718,8.377580409573),.UNSPECIFIED.) CURVE() 
GEOMETRIC_REPRESENTATION_ITEM() RATIONAL_B_SPLINE_CURVE((1.,0.5,1.,0.5,
1.,0.5,1.)) REPRESENTATION_ITEM('') );
#3061 = CARTESIAN_POINT('',(15.080805733027,-37.58770483143));
#3062 = CARTESIAN_POINT('',(15.080805733027,-40.01257596203));
#3063 = CARTESIAN_POINT('',(12.980805733027,-38.80014039673));
#3064 = CARTESIAN_POINT('',(10.880805733027,-37.58770483143));
#3065 = CARTESIAN_POINT('',(12.980805733027,-36.37526926613));
#3066 = CARTESIAN_POINT('',(15.080805733027,-35.16283370084));
#3067 = CARTESIAN_POINT('',(15.080805733027,-37.58770483143));
#3068 = ( GEOMETRIC_REPRESENTATION_CONTEXT(2) 
PARAMETRIC_REPRESENTATION_CONTEXT() REPRESENTATION_CONTEXT('2D SPACE',''
  ) );
#3069 = ORIENTED_EDGE('',*,*,#2961,.F.);
#3070 = ORIENTED_EDGE('',*,*,#3071,.T.);
#3071 = EDGE_CURVE('',#2913,#3072,#3074,.T.);
#3072 = VERTEX_POINT('',#3073);
#3073 = CARTESIAN_POINT('',(13.310446964105,-38.93782867104,24.));
#3074 = SURFACE_CURVE('',#3075,(#3080,#3087),.PCURVE_S1.);
#3075 = CIRCLE('',#3076,1.4);
#3076 = AXIS2_PLACEMENT_3D('',#3077,#3078,#3079);
#3077 = CARTESIAN_POINT('',(13.680805733027,-37.58770483143,24.));
#3078 = DIRECTION('',(0.,0.,-1.));
#3079 = DIRECTION('',(1.,0.,0.));
#3080 = PCURVE('',#2974,#3081);
#3081 = DEFINITIONAL_REPRESENTATION('',(#3082),#3086);
#3082 = LINE('',#3083,#3084);
#3083 = CARTESIAN_POINT('',(-6.28318530718,-18.1));
#3084 = VECTOR('',#3085,1.);
#3085 = DIRECTION('',(1.,-0.));
#3086 = ( GEOMETRIC_REPRESENTATION_CONTEXT(2) 
PARAMETRIC_REPRESENTATION_CONTEXT() REPRESENTATION_CONTEXT('2D SPACE',''
  ) );
#3087 = PCURVE('',#100,#3088);
#3088 = DEFINITIONAL_REPRESENTATION('',(#3089),#3097);
#3089 = ( BOUNDED_CURVE() B_SPLINE_CURVE(2,(#3090,#3091,#3092,#3093,
#3094,#3095,#3096),.UNSPECIFIED.,.T.,.F.) B_SPLINE_CURVE_WITH_KNOTS((1,2
    ,2,2,2,1),(-2.094395102393,0.,2.094395102393,4.188790204786,
6.28318530718,8.377580409573),.UNSPECIFIED.) CURVE() 
GEOMETRIC_REPRESENTATION_ITEM() RATIONAL_B_SPLINE_CURVE((1.,0.5,1.,0.5,
1.,0.5,1.)) REPRESENTATION_ITEM('') );
#3090 = CARTESIAN_POINT('',(95.080805733027,42.412295168564));
#3091 = CARTESIAN_POINT('',(95.080805733027,39.987424037967));
#3092 = CARTESIAN_POINT('',(92.980805733027,41.199859603265));
#3093 = CARTESIAN_POINT('',(90.880805733027,42.412295168564));
#3094 = CARTESIAN_POINT('',(92.980805733027,43.624730733862));
#3095 = CARTESIAN_POINT('',(95.080805733027,44.83716629916));
#3096 = CARTESIAN_POINT('',(95.080805733027,42.412295168564));
#3097 = ( GEOMETRIC_REPRESENTATION_CONTEXT(2) 
PARAMETRIC_REPRESENTATION_CONTEXT() REPRESENTATION_CONTEXT('2D SPACE',''
  ) );
#3098 = ORIENTED_EDGE('',*,*,#3099,.T.);
#3099 = EDGE_CURVE('',#3072,#3100,#3102,.T.);
#3100 = VERTEX_POINT('',#3101);
#3101 = CARTESIAN_POINT('',(13.310446964105,-38.93782867104,22.15));
#3102 = SURFACE_CURVE('',#3103,(#3107,#3113),.PCURVE_S1.);
#3103 = LINE('',#3104,#3105);
#3104 = CARTESIAN_POINT('',(13.310446964105,-38.93782867104,22.15));
#3105 = VECTOR('',#3106,1.);
#3106 = DIRECTION('',(-0.,-0.,-1.));
#3107 = PCURVE('',#2974,#3108);
#3108 = DEFINITIONAL_REPRESENTATION('',(#3109),#3112);
#3109 = B_SPLINE_CURVE_WITH_KNOTS('',1,(#3110,#3111),.UNSPECIFIED.,.F.,
  .F.,(2,2),(-2.0500006,5.999999999062E-07),.PIECEWISE_BEZIER_KNOTS.);
#3110 = CARTESIAN_POINT('',(-4.444660031441,-18.3000006));
#3111 = CARTESIAN_POINT('',(-4.444660031441,-16.2499994));
#3112 = ( GEOMETRIC_REPRESENTATION_CONTEXT(2) 
PARAMETRIC_REPRESENTATION_CONTEXT() REPRESENTATION_CONTEXT('2D SPACE',''
  ) );
#3113 = PCURVE('',#3114,#3119);
#3114 = CYLINDRICAL_SURFACE('',#3115,41.15);
#3115 = AXIS2_PLACEMENT_3D('',#3116,#3117,#3118);
#3116 = CARTESIAN_POINT('',(0.,0.,22.15));
#3117 = DIRECTION('',(-0.,-0.,-1.));
#3118 = DIRECTION('',(1.,0.,0.));
#3119 = DEFINITIONAL_REPRESENTATION('',(#3120),#3123);
#3120 = B_SPLINE_CURVE_WITH_KNOTS('',1,(#3121,#3122),.UNSPECIFIED.,.F.,
  .F.,(2,2),(-2.0500006,5.999999999062E-07),.PIECEWISE_BEZIER_KNOTS.);
#3121 = CARTESIAN_POINT('',(-5.041774509329,-2.0500006));
#3122 = CARTESIAN_POINT('',(-5.041774509329,5.999999999062E-07));
#3123 = ( GEOMETRIC_REPRESENTATION_CONTEXT(2) 
PARAMETRIC_REPRESENTATION_CONTEXT() REPRESENTATION_CONTEXT('2D SPACE',''
  ) );
#3124 = ORIENTED_EDGE('',*,*,#3125,.T.);
#3125 = EDGE_CURVE('',#3100,#3126,#3128,.T.);
#3126 = VERTEX_POINT('',#3127);
#3127 = CARTESIAN_POINT('',(12.39302210883,-38.13689818286,22.15));
#3128 = SURFACE_CURVE('',#3129,(#3134,#3141),.PCURVE_S1.);
#3129 = CIRCLE('',#3130,1.4);
#3130 = AXIS2_PLACEMENT_3D('',#3131,#3132,#3133);
#3131 = CARTESIAN_POINT('',(13.680805733027,-37.58770483143,22.15));
#3132 = DIRECTION('',(0.,0.,-1.));
#3133 = DIRECTION('',(1.,0.,0.));
#3134 = PCURVE('',#2974,#3135);
#3135 = DEFINITIONAL_REPRESENTATION('',(#3136),#3140);
#3136 = LINE('',#3137,#3138);
#3137 = CARTESIAN_POINT('',(-6.28318530718,-16.25));
#3138 = VECTOR('',#3139,1.);
#3139 = DIRECTION('',(1.,-0.));
#3140 = ( GEOMETRIC_REPRESENTATION_CONTEXT(2) 
PARAMETRIC_REPRESENTATION_CONTEXT() REPRESENTATION_CONTEXT('2D SPACE',''
  ) );
#3141 = PCURVE('',#3142,#3147);
#3142 = PLANE('',#3143);
#3143 = AXIS2_PLACEMENT_3D('',#3144,#3145,#3146);
#3144 = CARTESIAN_POINT('',(-1.063379932959E-15,4.700472404923E-15,22.15
    ));
#3145 = DIRECTION('',(0.,0.,1.));
#3146 = DIRECTION('',(1.,0.,-0.));
#3147 = DEFINITIONAL_REPRESENTATION('',(#3148),#3156);
#3148 = ( BOUNDED_CURVE() B_SPLINE_CURVE(2,(#3149,#3150,#3151,#3152,
#3153,#3154,#3155),.UNSPECIFIED.,.T.,.F.) B_SPLINE_CURVE_WITH_KNOTS((1,2
    ,2,2,2,1),(-2.094395102393,0.,2.094395102393,4.188790204786,
6.28318530718,8.377580409573),.UNSPECIFIED.) CURVE() 
GEOMETRIC_REPRESENTATION_ITEM() RATIONAL_B_SPLINE_CURVE((1.,0.5,1.,0.5,
1.,0.5,1.)) REPRESENTATION_ITEM('') );
#3149 = CARTESIAN_POINT('',(15.080805733027,-37.58770483143));
#3150 = CARTESIAN_POINT('',(15.080805733027,-40.01257596203));
#3151 = CARTESIAN_POINT('',(12.980805733027,-38.80014039673));
#3152 = CARTESIAN_POINT('',(10.880805733027,-37.58770483143));
#3153 = CARTESIAN_POINT('',(12.980805733027,-36.37526926613));
#3154 = CARTESIAN_POINT('',(15.080805733027,-35.16283370084));
#3155 = CARTESIAN_POINT('',(15.080805733027,-37.58770483143));
#3156 = ( GEOMETRIC_REPRESENTATION_CONTEXT(2) 
PARAMETRIC_REPRESENTATION_CONTEXT() REPRESENTATION_CONTEXT('2D SPACE',''
  ) );
#3157 = ORIENTED_EDGE('',*,*,#3158,.F.);
#3158 = EDGE_CURVE('',#3159,#3126,#3161,.T.);
#3159 = VERTEX_POINT('',#3160);
#3160 = CARTESIAN_POINT('',(12.39302210883,-38.13689818286,24.));
#3161 = SURFACE_CURVE('',#3162,(#3166,#3172),.PCURVE_S1.);
#3162 = LINE('',#3163,#3164);
#3163 = CARTESIAN_POINT('',(12.39302210883,-38.13689818286,22.));
#3164 = VECTOR('',#3165,1.);
#3165 = DIRECTION('',(-0.,-0.,-1.));
#3166 = PCURVE('',#2974,#3167);
#3167 = DEFINITIONAL_REPRESENTATION('',(#3168),#3171);
#3168 = B_SPLINE_CURVE_WITH_KNOTS('',1,(#3169,#3170),.UNSPECIFIED.,.F.,
  .F.,(2,2),(-2.2000006,-0.1499994),.PIECEWISE_BEZIER_KNOTS.);
#3169 = CARTESIAN_POINT('',(-3.54470266573,-18.3000006));
#3170 = CARTESIAN_POINT('',(-3.54470266573,-16.2499994));
#3171 = ( GEOMETRIC_REPRESENTATION_CONTEXT(2) 
PARAMETRIC_REPRESENTATION_CONTEXT() REPRESENTATION_CONTEXT('2D SPACE',''
  ) );
#3172 = PCURVE('',#3173,#3178);
#3173 = CYLINDRICAL_SURFACE('',#3174,40.1);
#3174 = AXIS2_PLACEMENT_3D('',#3175,#3176,#3177);
#3175 = CARTESIAN_POINT('',(0.,0.,22.));
#3176 = DIRECTION('',(-0.,-0.,-1.));
#3177 = DIRECTION('',(1.,0.,0.));
#3178 = DEFINITIONAL_REPRESENTATION('',(#3179),#3182);
#3179 = B_SPLINE_CURVE_WITH_KNOTS('',1,(#3180,#3181),.UNSPECIFIED.,.F.,
  .F.,(2,2),(-2.2000006,-0.1499994),.PIECEWISE_BEZIER_KNOTS.);
#3180 = CARTESIAN_POINT('',(-5.026586020854,-2.2000006));
#3181 = CARTESIAN_POINT('',(-5.026586020854,-0.1499994));
#3182 = ( GEOMETRIC_REPRESENTATION_CONTEXT(2) 
PARAMETRIC_REPRESENTATION_CONTEXT() REPRESENTATION_CONTEXT('2D SPACE',''
  ) );
#3183 = ORIENTED_EDGE('',*,*,#3184,.T.);
#3184 = EDGE_CURVE('',#3159,#3185,#3187,.T.);
#3185 = VERTEX_POINT('',#3186);
#3186 = CARTESIAN_POINT('',(15.020319903901,-37.1806399889,24.));
#3187 = SURFACE_CURVE('',#3188,(#3193,#3200),.PCURVE_S1.);
#3188 = CIRCLE('',#3189,1.4);
#3189 = AXIS2_PLACEMENT_3D('',#3190,#3191,#3192);
#3190 = CARTESIAN_POINT('',(13.680805733027,-37.58770483143,24.));
#3191 = DIRECTION('',(0.,0.,-1.));
#3192 = DIRECTION('',(1.,0.,0.));
#3193 = PCURVE('',#2974,#3194);
#3194 = DEFINITIONAL_REPRESENTATION('',(#3195),#3199);
#3195 = LINE('',#3196,#3197);
#3196 = CARTESIAN_POINT('',(-6.28318530718,-18.1));
#3197 = VECTOR('',#3198,1.);
#3198 = DIRECTION('',(1.,-0.));
#3199 = ( GEOMETRIC_REPRESENTATION_CONTEXT(2) 
PARAMETRIC_REPRESENTATION_CONTEXT() REPRESENTATION_CONTEXT('2D SPACE',''
  ) );
#3200 = PCURVE('',#3201,#3206);
#3201 = PLANE('',#3202);
#3202 = AXIS2_PLACEMENT_3D('',#3203,#3204,#3205);
#3203 = CARTESIAN_POINT('',(-80.,-80.,24.));
#3204 = DIRECTION('',(0.,0.,1.));
#3205 = DIRECTION('',(1.,0.,0.));
#3206 = DEFINITIONAL_REPRESENTATION('',(#3207),#3215);
#3207 = ( BOUNDED_CURVE() B_SPLINE_CURVE(2,(#3208,#3209,#3210,#3211,
#3212,#3213,#3214),.UNSPECIFIED.,.T.,.F.) B_SPLINE_CURVE_WITH_KNOTS((1,2
    ,2,2,2,1),(-2.094395102393,0.,2.094395102393,4.188790204786,
6.28318530718,8.377580409573),.UNSPECIFIED.) CURVE() 
GEOMETRIC_REPRESENTATION_ITEM() RATIONAL_B_SPLINE_CURVE((1.,0.5,1.,0.5,
1.,0.5,1.)) REPRESENTATION_ITEM('') );
#3208 = CARTESIAN_POINT('',(95.080805733027,42.412295168564));
#3209 = CARTESIAN_POINT('',(95.080805733027,39.987424037967));
#3210 = CARTESIAN_POINT('',(92.980805733027,41.199859603265));
#3211 = CARTESIAN_POINT('',(90.880805733027,42.412295168564));
#3212 = CARTESIAN_POINT('',(92.980805733027,43.624730733862));
#3213 = CARTESIAN_POINT('',(95.080805733027,44.83716629916));
#3214 = CARTESIAN_POINT('',(95.080805733027,42.412295168564));
#3215 = ( GEOMETRIC_REPRESENTATION_CONTEXT(2) 
PARAMETRIC_REPRESENTATION_CONTEXT() REPRESENTATION_CONTEXT('2D SPACE',''
  ) );
#3216 = ORIENTED_EDGE('',*,*,#3217,.T.);
#3217 = EDGE_CURVE('',#3185,#3218,#3220,.T.);
#3218 = VERTEX_POINT('',#3219);
#3219 = CARTESIAN_POINT('',(15.020319903901,-37.1806399889,22.15));
#3220 = SURFACE_CURVE('',#3221,(#3225,#3231),.PCURVE_S1.);
#3221 = LINE('',#3222,#3223);
#3222 = CARTESIAN_POINT('',(15.020319903901,-37.1806399889,22.));
#3223 = VECTOR('',#3224,1.);
#3224 = DIRECTION('',(-0.,-0.,-1.));
#3225 = PCURVE('',#2974,#3226);
#3226 = DEFINITIONAL_REPRESENTATION('',(#3227),#3230);
#3227 = B_SPLINE_CURVE_WITH_KNOTS('',1,(#3228,#3229),.UNSPECIFIED.,.F.,
  .F.,(2,2),(-2.2000006,-0.1499994),.PIECEWISE_BEZIER_KNOTS.);
#3228 = CARTESIAN_POINT('',(-0.295021688657,-18.3000006));
#3229 = CARTESIAN_POINT('',(-0.295021688657,-16.2499994));
#3230 = ( GEOMETRIC_REPRESENTATION_CONTEXT(2) 
PARAMETRIC_REPRESENTATION_CONTEXT() REPRESENTATION_CONTEXT('2D SPACE',''
  ) );
#3231 = PCURVE('',#2699,#3232);
#3232 = DEFINITIONAL_REPRESENTATION('',(#3233),#3236);
#3233 = B_SPLINE_CURVE_WITH_KNOTS('',1,(#3234,#3235),.UNSPECIFIED.,.F.,
  .F.,(2,2),(-2.,-0.15),.PIECEWISE_BEZIER_KNOTS.);
#3234 = CARTESIAN_POINT('',(-5.096323640713,-2.));
#3235 = CARTESIAN_POINT('',(-5.096323640713,-0.15));
#3236 = ( GEOMETRIC_REPRESENTATION_CONTEXT(2) 
PARAMETRIC_REPRESENTATION_CONTEXT() REPRESENTATION_CONTEXT('2D SPACE',''
  ) );
#3237 = ORIENTED_EDGE('',*,*,#3238,.T.);
#3238 = EDGE_CURVE('',#3218,#3022,#3239,.T.);
#3239 = SURFACE_CURVE('',#3240,(#3245,#3252),.PCURVE_S1.);
#3240 = CIRCLE('',#3241,1.4);
#3241 = AXIS2_PLACEMENT_3D('',#3242,#3243,#3244);
#3242 = CARTESIAN_POINT('',(13.680805733027,-37.58770483143,22.15));
#3243 = DIRECTION('',(0.,0.,-1.));
#3244 = DIRECTION('',(1.,0.,0.));
#3245 = PCURVE('',#2974,#3246);
#3246 = DEFINITIONAL_REPRESENTATION('',(#3247),#3251);
#3247 = LINE('',#3248,#3249);
#3248 = CARTESIAN_POINT('',(-6.28318530718,-16.25));
#3249 = VECTOR('',#3250,1.);
#3250 = DIRECTION('',(1.,-0.));
#3251 = ( GEOMETRIC_REPRESENTATION_CONTEXT(2) 
PARAMETRIC_REPRESENTATION_CONTEXT() REPRESENTATION_CONTEXT('2D SPACE',''
  ) );
#3252 = PCURVE('',#2668,#3253);
#3253 = DEFINITIONAL_REPRESENTATION('',(#3254),#3262);
#3254 = ( BOUNDED_CURVE() B_SPLINE_CURVE(2,(#3255,#3256,#3257,#3258,
#3259,#3260,#3261),.UNSPECIFIED.,.T.,.F.) B_SPLINE_CURVE_WITH_KNOTS((1,2
    ,2,2,2,1),(-2.094395102393,0.,2.094395102393,4.188790204786,
6.28318530718,8.377580409573),.UNSPECIFIED.) CURVE() 
GEOMETRIC_REPRESENTATION_ITEM() RATIONAL_B_SPLINE_CURVE((1.,0.5,1.,0.5,
1.,0.5,1.)) REPRESENTATION_ITEM('') );
#3255 = CARTESIAN_POINT('',(15.080805733027,-37.58770483143));
#3256 = CARTESIAN_POINT('',(15.080805733027,-40.01257596203));
#3257 = CARTESIAN_POINT('',(12.980805733027,-38.80014039673));
#3258 = CARTESIAN_POINT('',(10.880805733027,-37.58770483143));
#3259 = CARTESIAN_POINT('',(12.980805733027,-36.37526926613));
#3260 = CARTESIAN_POINT('',(15.080805733027,-35.16283370084));
#3261 = CARTESIAN_POINT('',(15.080805733027,-37.58770483143));
#3262 = ( GEOMETRIC_REPRESENTATION_CONTEXT(2) 
PARAMETRIC_REPRESENTATION_CONTEXT() REPRESENTATION_CONTEXT('2D SPACE',''
  ) );
#3263 = ORIENTED_EDGE('',*,*,#3021,.F.);
#3264 = ADVANCED_FACE('',(#3265),#3201,.F.);
#3265 = FACE_BOUND('',#3266,.F.);
#3266 = EDGE_LOOP('',(#3267,#3302,#3328,#3329));
#3267 = ORIENTED_EDGE('',*,*,#3268,.F.);
#3268 = EDGE_CURVE('',#3269,#3271,#3273,.T.);
#3269 = VERTEX_POINT('',#3270);
#3270 = CARTESIAN_POINT('',(10.083282750492,-38.8115628257,24.));
#3271 = VERTEX_POINT('',#3272);
#3272 = CARTESIAN_POINT('',(17.223348977522,-36.21279124837,24.));
#3273 = SURFACE_CURVE('',#3274,(#3279,#3290),.PCURVE_S1.);
#3274 = CIRCLE('',#3275,3.8);
#3275 = AXIS2_PLACEMENT_3D('',#3276,#3277,#3278);
#3276 = CARTESIAN_POINT('',(13.680805733027,-37.58770483143,24.));
#3277 = DIRECTION('',(0.,0.,-1.));
#3278 = DIRECTION('',(1.,0.,0.));
#3279 = PCURVE('',#3201,#3280);
#3280 = DEFINITIONAL_REPRESENTATION('',(#3281),#3289);
#3281 = ( BOUNDED_CURVE() B_SPLINE_CURVE(2,(#3282,#3283,#3284,#3285,
#3286,#3287,#3288),.UNSPECIFIED.,.T.,.F.) B_SPLINE_CURVE_WITH_KNOTS((1,2
    ,2,2,2,1),(-2.094395102393,0.,2.094395102393,4.188790204786,
6.28318530718,8.377580409573),.UNSPECIFIED.) CURVE() 
GEOMETRIC_REPRESENTATION_ITEM() RATIONAL_B_SPLINE_CURVE((1.,0.5,1.,0.5,
1.,0.5,1.)) REPRESENTATION_ITEM('') );
#3282 = CARTESIAN_POINT('',(97.480805733027,42.412295168564));
#3283 = CARTESIAN_POINT('',(97.480805733027,35.830502099802));
#3284 = CARTESIAN_POINT('',(91.780805733027,39.121398634183));
#3285 = CARTESIAN_POINT('',(86.080805733027,42.412295168564));
#3286 = CARTESIAN_POINT('',(91.780805733027,45.703191702945));
#3287 = CARTESIAN_POINT('',(97.480805733027,48.994088237325));
#3288 = CARTESIAN_POINT('',(97.480805733027,42.412295168564));
#3289 = ( GEOMETRIC_REPRESENTATION_CONTEXT(2) 
PARAMETRIC_REPRESENTATION_CONTEXT() REPRESENTATION_CONTEXT('2D SPACE',''
  ) );
#3290 = PCURVE('',#3291,#3296);
#3291 = CYLINDRICAL_SURFACE('',#3292,3.8);
#3292 = AXIS2_PLACEMENT_3D('',#3293,#3294,#3295);
#3293 = CARTESIAN_POINT('',(13.680805733027,-37.58770483143,6.));
#3294 = DIRECTION('',(-0.,-0.,-1.));
#3295 = DIRECTION('',(1.,0.,0.));
#3296 = DEFINITIONAL_REPRESENTATION('',(#3297),#3301);
#3297 = LINE('',#3298,#3299);
#3298 = CARTESIAN_POINT('',(-6.28318530718,-18.));
#3299 = VECTOR('',#3300,1.);
#3300 = DIRECTION('',(1.,-0.));
#3301 = ( GEOMETRIC_REPRESENTATION_CONTEXT(2) 
PARAMETRIC_REPRESENTATION_CONTEXT() REPRESENTATION_CONTEXT('2D SPACE',''
  ) );
#3302 = ORIENTED_EDGE('',*,*,#3303,.F.);
#3303 = EDGE_CURVE('',#3159,#3269,#3304,.T.);
#3304 = SURFACE_CURVE('',#3305,(#3310,#3321),.PCURVE_S1.);
#3305 = CIRCLE('',#3306,40.1);
#3306 = AXIS2_PLACEMENT_3D('',#3307,#3308,#3309);
#3307 = CARTESIAN_POINT('',(0.,0.,24.));
#3308 = DIRECTION('',(0.,0.,-1.));
#3309 = DIRECTION('',(1.,0.,0.));
#3310 = PCURVE('',#3201,#3311);
#3311 = DEFINITIONAL_REPRESENTATION('',(#3312),#3320);
#3312 = ( BOUNDED_CURVE() B_SPLINE_CURVE(2,(#3313,#3314,#3315,#3316,
#3317,#3318,#3319),.UNSPECIFIED.,.T.,.F.) B_SPLINE_CURVE_WITH_KNOTS((1,2
    ,2,2,2,1),(-2.094395102393,0.,2.094395102393,4.188790204786,
6.28318530718,8.377580409573),.UNSPECIFIED.) CURVE() 
GEOMETRIC_REPRESENTATION_ITEM() RATIONAL_B_SPLINE_CURVE((1.,0.5,1.,0.5,
1.,0.5,1.)) REPRESENTATION_ITEM('') );
#3313 = CARTESIAN_POINT('',(120.1,80.));
#3314 = CARTESIAN_POINT('',(120.1,10.544762616488));
#3315 = CARTESIAN_POINT('',(59.95,45.272381308244));
#3316 = CARTESIAN_POINT('',(-0.2,80.));
#3317 = CARTESIAN_POINT('',(59.95,114.72761869175));
#3318 = CARTESIAN_POINT('',(120.1,149.45523738351));
#3319 = CARTESIAN_POINT('',(120.1,80.));
#3320 = ( GEOMETRIC_REPRESENTATION_CONTEXT(2) 
PARAMETRIC_REPRESENTATION_CONTEXT() REPRESENTATION_CONTEXT('2D SPACE',''
  ) );
#3321 = PCURVE('',#3173,#3322);
#3322 = DEFINITIONAL_REPRESENTATION('',(#3323),#3327);
#3323 = LINE('',#3324,#3325);
#3324 = CARTESIAN_POINT('',(-6.28318530718,-2.));
#3325 = VECTOR('',#3326,1.);
#3326 = DIRECTION('',(1.,-0.));
#3327 = ( GEOMETRIC_REPRESENTATION_CONTEXT(2) 
PARAMETRIC_REPRESENTATION_CONTEXT() REPRESENTATION_CONTEXT('2D SPACE',''
  ) );
#3328 = ORIENTED_EDGE('',*,*,#3184,.T.);
#3329 = ORIENTED_EDGE('',*,*,#3330,.F.);
#3330 = EDGE_CURVE('',#3271,#3185,#3331,.T.);
#3331 = SURFACE_CURVE('',#3332,(#3337,#3348),.PCURVE_S1.);
#3332 = CIRCLE('',#3333,40.1);
#3333 = AXIS2_PLACEMENT_3D('',#3334,#3335,#3336);
#3334 = CARTESIAN_POINT('',(0.,0.,24.));
#3335 = DIRECTION('',(0.,0.,-1.));
#3336 = DIRECTION('',(1.,0.,0.));
#3337 = PCURVE('',#3201,#3338);
#3338 = DEFINITIONAL_REPRESENTATION('',(#3339),#3347);
#3339 = ( BOUNDED_CURVE() B_SPLINE_CURVE(2,(#3340,#3341,#3342,#3343,
#3344,#3345,#3346),.UNSPECIFIED.,.T.,.F.) B_SPLINE_CURVE_WITH_KNOTS((1,2
    ,2,2,2,1),(-2.094395102393,0.,2.094395102393,4.188790204786,
6.28318530718,8.377580409573),.UNSPECIFIED.) CURVE() 
GEOMETRIC_REPRESENTATION_ITEM() RATIONAL_B_SPLINE_CURVE((1.,0.5,1.,0.5,
1.,0.5,1.)) REPRESENTATION_ITEM('') );
#3340 = CARTESIAN_POINT('',(120.1,80.));
#3341 = CARTESIAN_POINT('',(120.1,10.544762616488));
#3342 = CARTESIAN_POINT('',(59.95,45.272381308244));
#3343 = CARTESIAN_POINT('',(-0.2,80.));
#3344 = CARTESIAN_POINT('',(59.95,114.72761869175));
#3345 = CARTESIAN_POINT('',(120.1,149.45523738351));
#3346 = CARTESIAN_POINT('',(120.1,80.));
#3347 = ( GEOMETRIC_REPRESENTATION_CONTEXT(2) 
PARAMETRIC_REPRESENTATION_CONTEXT() REPRESENTATION_CONTEXT('2D SPACE',''
  ) );
#3348 = PCURVE('',#2699,#3349);
#3349 = DEFINITIONAL_REPRESENTATION('',(#3350),#3353);
#3350 = B_SPLINE_CURVE_WITH_KNOTS('',1,(#3351,#3352),.UNSPECIFIED.,.F.,
  .F.,(2,2),(1.12684627411,1.186861666467),.PIECEWISE_BEZIER_KNOTS.);
#3351 = CARTESIAN_POINT('',(-5.15633903307,-2.));
#3352 = CARTESIAN_POINT('',(-5.096323640713,-2.));
#3353 = ( GEOMETRIC_REPRESENTATION_CONTEXT(2) 
PARAMETRIC_REPRESENTATION_CONTEXT() REPRESENTATION_CONTEXT('2D SPACE',''
  ) );
#3354 = ADVANCED_FACE('',(#3355),#3291,.T.);
#3355 = FACE_BOUND('',#3356,.F.);
#3356 = EDGE_LOOP('',(#3357,#3492,#3513,#3514,#3537,#3670));
#3357 = ORIENTED_EDGE('',*,*,#3358,.F.);
#3358 = EDGE_CURVE('',#3359,#3361,#3363,.T.);
#3359 = VERTEX_POINT('',#3360);
#3360 = CARTESIAN_POINT('',(10.083282750492,-38.8115628257,25.6));
#3361 = VERTEX_POINT('',#3362);
#3362 = CARTESIAN_POINT('',(9.969256172919,-36.77259756066,27.6));
#3363 = SURFACE_CURVE('',#3364,(#3403,#3445),.PCURVE_S1.);
#3364 = B_SPLINE_CURVE_WITH_KNOTS('',7,(#3365,#3366,#3367,#3368,#3369,
    #3370,#3371,#3372,#3373,#3374,#3375,#3376,#3377,#3378,#3379,#3380,
    #3381,#3382,#3383,#3384,#3385,#3386,#3387,#3388,#3389,#3390,#3391,
    #3392,#3393,#3394,#3395,#3396,#3397,#3398,#3399,#3400,#3401,#3402),
  .UNSPECIFIED.,.F.,.F.,(8,6,6,6,6,6,8),(0.,0.443139372734,
    0.586875100313,0.700805150032,0.761665105714,0.885244364873,1.),
  .UNSPECIFIED.);
#3365 = CARTESIAN_POINT('',(10.083282750492,-38.8115628257,25.6));
#3366 = CARTESIAN_POINT('',(10.083282750492,-38.8115628257,
    25.778893701375));
#3367 = CARTESIAN_POINT('',(10.077253500042,-38.79384182043,
    25.957608453312));
#3368 = CARTESIAN_POINT('',(10.065219487472,-38.75845771432,
    26.135063647689));
#3369 = CARTESIAN_POINT('',(10.047620122371,-38.70494843872,
    26.309870869583));
#3370 = CARTESIAN_POINT('',(10.025456125747,-38.63255858762,
    26.480306896642));
#3371 = CARTESIAN_POINT('',(10.000321650841,-38.54037131089,
    26.644348806043));
#3372 = CARTESIAN_POINT('',(9.966293637401,-38.3900912967,
    26.849827209264));
#3373 = CARTESIAN_POINT('',(9.95790479259,-38.35106289402,
    26.899193358232));
#3374 = CARTESIAN_POINT('',(9.94954524616,-38.30977330346,
    26.947505805373));
#3375 = CARTESIAN_POINT('',(9.941310324752,-38.26618718686,
    26.994655669588));
#3376 = CARTESIAN_POINT('',(9.933306491909,-38.2202761798,
    27.040521582702));
#3377 = CARTESIAN_POINT('',(9.925651260305,-38.17202227815,
    27.084971400295));
#3378 = CARTESIAN_POINT('',(9.912783441988,-38.08131303007,
    27.161862043236));
#3379 = CARTESIAN_POINT('',(9.907393736327,-38.03973166235,
    27.194880493819));
#3380 = CARTESIAN_POINT('',(9.902367757414,-37.99667686472,
    27.226848094755));
#3381 = CARTESIAN_POINT('',(9.897774085168,-37.95215643439,
    27.257688108131));
#3382 = CARTESIAN_POINT('',(9.89368474937,-37.90618865418,
    27.287320257564));
#3383 = CARTESIAN_POINT('',(9.890173870029,-37.85880472403,
    27.315662758108));
#3384 = CARTESIAN_POINT('',(9.88578981966,-37.78400768815,
    27.357042218876));
#3385 = CARTESIAN_POINT('',(9.884449694487,-37.75757354319,
    27.371058911107));
#3386 = CARTESIAN_POINT('',(9.883307444268,-37.73075595402,
    27.38467179452));
#3387 = CARTESIAN_POINT('',(9.882374420024,-37.70356351837,
    27.397868566634));
#3388 = CARTESIAN_POINT('',(9.881661801746,-37.6760062354,
    27.410637250831));
#3389 = CARTESIAN_POINT('',(9.881180598396,-37.64809550569,
    27.422966196353));
#3390 = CARTESIAN_POINT('',(9.880456446683,-37.56247826763,
    27.458962726366));
#3391 = CARTESIAN_POINT('',(9.880969831668,-37.50370250279,
    27.481224184049));
#3392 = CARTESIAN_POINT('',(9.8825714293,-37.44363274575,27.501531216911
    ));
#3393 = CARTESIAN_POINT('',(9.885344109656,-37.38240265647,
    27.51980134934));
#3394 = CARTESIAN_POINT('',(9.889359478322,-37.32016458182,
    27.535970173314));
#3395 = CARTESIAN_POINT('',(9.894673368285,-37.25709049154,
    27.549994657153));
#3396 = CARTESIAN_POINT('',(9.907494627245,-37.13420480534,
    27.572871312842));
#3397 = CARTESIAN_POINT('',(9.914819057983,-37.07447369125,
    27.582022805186));
#3398 = CARTESIAN_POINT('',(9.923323654566,-37.01433297251,
    27.589295704305));
#3399 = CARTESIAN_POINT('',(9.933023809719,-36.95393244756,
    27.594696487509));
#3400 = CARTESIAN_POINT('',(9.943921715796,-36.89341743524,
    27.598250646925));
#3401 = CARTESIAN_POINT('',(9.956006802218,-36.83292789725,27.6));
#3402 = CARTESIAN_POINT('',(9.969256172919,-36.77259756066,27.6));
#3403 = PCURVE('',#3291,#3404);
#3404 = DEFINITIONAL_REPRESENTATION('',(#3405),#3444);
#3405 = B_SPLINE_CURVE_WITH_KNOTS('',7,(#3406,#3407,#3408,#3409,#3410,
    #3411,#3412,#3413,#3414,#3415,#3416,#3417,#3418,#3419,#3420,#3421,
    #3422,#3423,#3424,#3425,#3426,#3427,#3428,#3429,#3430,#3431,#3432,
    #3433,#3434,#3435,#3436,#3437,#3438,#3439,#3440,#3441,#3442,#3443),
  .UNSPECIFIED.,.F.,.F.,(8,6,6,6,6,6,8),(0.,0.443139372734,
    0.586875100313,0.700805150032,0.761665105714,0.885244364873,1.),
  .UNSPECIFIED.);
#3406 = CARTESIAN_POINT('',(-3.469505610775,-19.6));
#3407 = CARTESIAN_POINT('',(-3.469505610775,-19.77889370137));
#3408 = CARTESIAN_POINT('',(-3.464579701919,-19.95760845331));
#3409 = CARTESIAN_POINT('',(-3.454744117919,-20.13506364768));
#3410 = CARTESIAN_POINT('',(-3.439921894685,-20.30987086958));
#3411 = CARTESIAN_POINT('',(-3.420007541874,-20.48030689664));
#3412 = CARTESIAN_POINT('',(-3.394885959381,-20.64434880604));
#3413 = CARTESIAN_POINT('',(-3.354337444986,-20.84982720926));
#3414 = CARTESIAN_POINT('',(-3.343832872087,-20.89919335823));
#3415 = CARTESIAN_POINT('',(-3.332748037247,-20.94750580537));
#3416 = CARTESIAN_POINT('',(-3.321076993084,-20.99465566958));
#3417 = CARTESIAN_POINT('',(-3.308815112036,-21.0405215827));
#3418 = CARTESIAN_POINT('',(-3.295959641357,-21.08497140029));
#3419 = CARTESIAN_POINT('',(-3.271849798603,-21.16186204323));
#3420 = CARTESIAN_POINT('',(-3.260816587711,-21.19488049381));
#3421 = CARTESIAN_POINT('',(-3.249410950488,-21.22684809475));
#3422 = CARTESIAN_POINT('',(-3.237634837614,-21.25768810813));
#3423 = CARTESIAN_POINT('',(-3.225492337633,-21.28732025756));
#3424 = CARTESIAN_POINT('',(-3.212990189189,-21.3156627581));
#3425 = CARTESIAN_POINT('',(-3.193272977066,-21.35704221887));
#3426 = CARTESIAN_POINT('',(-3.186307906444,-21.3710589111));
#3427 = CARTESIAN_POINT('',(-3.179244620814,-21.38467179452));
#3428 = CARTESIAN_POINT('',(-3.172084955257,-21.39786856663));
#3429 = CARTESIAN_POINT('',(-3.164831040527,-21.41063725083));
#3430 = CARTESIAN_POINT('',(-3.157485303048,-21.42296619635));
#3431 = CARTESIAN_POINT('',(-3.134953645037,-21.45896272636));
#3432 = CARTESIAN_POINT('',(-3.119488015652,-21.48122418404));
#3433 = CARTESIAN_POINT('',(-3.103678728494,-21.50153121691));
#3434 = CARTESIAN_POINT('',(-3.087554202081,-21.51980134934));
#3435 = CARTESIAN_POINT('',(-3.071146672631,-21.53597017331));
#3436 = CARTESIAN_POINT('',(-3.054492744971,-21.54999465715));
#3437 = CARTESIAN_POINT('',(-3.021978869226,-21.57287131284));
#3438 = CARTESIAN_POINT('',(-3.006144999965,-21.58202280518));
#3439 = CARTESIAN_POINT('',(-2.990165427699,-21.5892957043));
#3440 = CARTESIAN_POINT('',(-2.974072025903,-21.5946964875));
#3441 = CARTESIAN_POINT('',(-2.957895521365,-21.59825064692));
#3442 = CARTESIAN_POINT('',(-2.941665566044,-21.6));
#3443 = CARTESIAN_POINT('',(-2.925410808939,-21.6));
#3444 = ( GEOMETRIC_REPRESENTATION_CONTEXT(2) 
PARAMETRIC_REPRESENTATION_CONTEXT() REPRESENTATION_CONTEXT('2D SPACE',''
  ) );
#3445 = PCURVE('',#3446,#3451);
#3446 = TOROIDAL_SURFACE('',#3447,38.1,2.);
#3447 = AXIS2_PLACEMENT_3D('',#3448,#3449,#3450);
#3448 = CARTESIAN_POINT('',(0.,0.,25.6));
#3449 = DIRECTION('',(0.,0.,1.));
#3450 = DIRECTION('',(1.,0.,-0.));
#3451 = DEFINITIONAL_REPRESENTATION('',(#3452),#3491);
#3452 = B_SPLINE_CURVE_WITH_KNOTS('',7,(#3453,#3454,#3455,#3456,#3457,
    #3458,#3459,#3460,#3461,#3462,#3463,#3464,#3465,#3466,#3467,#3468,
    #3469,#3470,#3471,#3472,#3473,#3474,#3475,#3476,#3477,#3478,#3479,
    #3480,#3481,#3482,#3483,#3484,#3485,#3486,#3487,#3488,#3489,#3490),
  .UNSPECIFIED.,.F.,.F.,(8,6,6,6,6,6,8),(0.,0.443139372734,
    0.586875100313,0.700805150032,0.761665105714,0.885244364873,1.),
  .UNSPECIFIED.);
#3453 = CARTESIAN_POINT('',(4.966570628498,0.));
#3454 = CARTESIAN_POINT('',(4.966570628498,8.944685068758E-02));
#3455 = CARTESIAN_POINT('',(4.966536225696,0.17880398891));
#3456 = CARTESIAN_POINT('',(4.966467653904,0.268701603404));
#3457 = CARTESIAN_POINT('',(4.966378194585,0.359598866309));
#3458 = CARTESIAN_POINT('',(4.96629638613,0.45195779515));
#3459 = CARTESIAN_POINT('',(4.966266380633,0.546241770985));
#3460 = CARTESIAN_POINT('',(4.966387815707,0.674635813235));
#3461 = CARTESIAN_POINT('',(4.966430350785,0.706347189019));
#3462 = CARTESIAN_POINT('',(4.966488034239,0.738341754081));
#3463 = CARTESIAN_POINT('',(4.966563496003,0.770633798674));
#3464 = CARTESIAN_POINT('',(4.966659625984,0.803234107368));
#3465 = CARTESIAN_POINT('',(4.966779558926,0.8361498687));
#3466 = CARTESIAN_POINT('',(4.967043256232,0.895727602836));
#3467 = CARTESIAN_POINT('',(4.967176917936,0.922270042467));
#3468 = CARTESIAN_POINT('',(4.96732930218,0.949012523061));
#3469 = CARTESIAN_POINT('',(4.967502153651,0.97595265916));
#3470 = CARTESIAN_POINT('',(4.967697255574,1.003084586536));
#3471 = CARTESIAN_POINT('',(4.967916381363,1.030398488215));
#3472 = CARTESIAN_POINT('',(4.968292049942,1.072560452224));
#3473 = CARTESIAN_POINT('',(4.968430195307,1.087288557292));
#3474 = CARTESIAN_POINT('',(4.968575946048,1.102062172416));
#3475 = CARTESIAN_POINT('',(4.968729554051,1.116878639599));
#3476 = CARTESIAN_POINT('',(4.968891259417,1.131734906142));
#3477 = CARTESIAN_POINT('',(4.969061290459,1.14662752464));
#3478 = CARTESIAN_POINT('',(4.969602465823,1.191858891024));
#3479 = CARTESIAN_POINT('',(4.970000317548,1.222302081127));
#3480 = CARTESIAN_POINT('',(4.970435143325,1.252845399369));
#3481 = CARTESIAN_POINT('',(4.970908409466,1.283449801137));
#3482 = CARTESIAN_POINT('',(4.971421189864,1.314072835901));
#3483 = CARTESIAN_POINT('',(4.971974031712,1.344667461982));
#3484 = CARTESIAN_POINT('',(4.973117285251,1.403515587913));
#3485 = CARTESIAN_POINT('',(4.973702269016,1.43178411476));
#3486 = CARTESIAN_POINT('',(4.974321700339,1.459944412293));
#3487 = CARTESIAN_POINT('',(4.974975173819,1.487958795219));
#3488 = CARTESIAN_POINT('',(4.97566195974,1.51579304439));
#3489 = CARTESIAN_POINT('',(4.976381012971,1.543415528668));
#3490 = CARTESIAN_POINT('',(4.977130981872,1.570796326795));
#3491 = ( GEOMETRIC_REPRESENTATION_CONTEXT(2) 
PARAMETRIC_REPRESENTATION_CONTEXT() REPRESENTATION_CONTEXT('2D SPACE',''
  ) );
#3492 = ORIENTED_EDGE('',*,*,#3493,.T.);
#3493 = EDGE_CURVE('',#3359,#3269,#3494,.T.);
#3494 = SURFACE_CURVE('',#3495,(#3499,#3506),.PCURVE_S1.);
#3495 = LINE('',#3496,#3497);
#3496 = CARTESIAN_POINT('',(10.083282750492,-38.8115628257,25.6));
#3497 = VECTOR('',#3498,1.);
#3498 = DIRECTION('',(2.22044604925E-15,-4.440892098501E-15,-1.));
#3499 = PCURVE('',#3291,#3500);
#3500 = DEFINITIONAL_REPRESENTATION('',(#3501),#3505);
#3501 = LINE('',#3502,#3503);
#3502 = CARTESIAN_POINT('',(-3.469505610775,-19.6));
#3503 = VECTOR('',#3504,1.);
#3504 = DIRECTION('',(-0.,1.));
#3505 = ( GEOMETRIC_REPRESENTATION_CONTEXT(2) 
PARAMETRIC_REPRESENTATION_CONTEXT() REPRESENTATION_CONTEXT('2D SPACE',''
  ) );
#3506 = PCURVE('',#3173,#3507);
#3507 = DEFINITIONAL_REPRESENTATION('',(#3508),#3512);
#3508 = LINE('',#3509,#3510);
#3509 = CARTESIAN_POINT('',(-4.966570628498,-3.6));
#3510 = VECTOR('',#3511,1.);
#3511 = DIRECTION('',(-0.,1.));
#3512 = ( GEOMETRIC_REPRESENTATION_CONTEXT(2) 
PARAMETRIC_REPRESENTATION_CONTEXT() REPRESENTATION_CONTEXT('2D SPACE',''
  ) );
#3513 = ORIENTED_EDGE('',*,*,#3268,.T.);
#3514 = ORIENTED_EDGE('',*,*,#3515,.F.);
#3515 = EDGE_CURVE('',#3516,#3271,#3518,.T.);
#3516 = VERTEX_POINT('',#3517);
#3517 = CARTESIAN_POINT('',(17.223348977522,-36.21279124837,25.6));
#3518 = SURFACE_CURVE('',#3519,(#3523,#3530),.PCURVE_S1.);
#3519 = LINE('',#3520,#3521);
#3520 = CARTESIAN_POINT('',(17.223348977522,-36.21279124837,25.6));
#3521 = VECTOR('',#3522,1.);
#3522 = DIRECTION('',(8.881784197001E-15,4.440892098501E-15,-1.));
#3523 = PCURVE('',#3291,#3524);
#3524 = DEFINITIONAL_REPRESENTATION('',(#3525),#3529);
#3525 = LINE('',#3526,#3527);
#3526 = CARTESIAN_POINT('',(-0.370218743612,-19.6));
#3527 = VECTOR('',#3528,1.);
#3528 = DIRECTION('',(-0.,1.));
#3529 = ( GEOMETRIC_REPRESENTATION_CONTEXT(2) 
PARAMETRIC_REPRESENTATION_CONTEXT() REPRESENTATION_CONTEXT('2D SPACE',''
  ) );
#3530 = PCURVE('',#2699,#3531);
#3531 = DEFINITIONAL_REPRESENTATION('',(#3532),#3536);
#3532 = LINE('',#3533,#3534);
#3533 = CARTESIAN_POINT('',(-5.156339033069,-3.6));
#3534 = VECTOR('',#3535,1.);
#3535 = DIRECTION('',(-0.,1.));
#3536 = ( GEOMETRIC_REPRESENTATION_CONTEXT(2) 
PARAMETRIC_REPRESENTATION_CONTEXT() REPRESENTATION_CONTEXT('2D SPACE',''
  ) );
#3537 = ORIENTED_EDGE('',*,*,#3538,.T.);
#3538 = EDGE_CURVE('',#3516,#3539,#3541,.T.);
#3539 = VERTEX_POINT('',#3540);
#3540 = CARTESIAN_POINT('',(16.000076794692,-34.57755836614,27.6));
#3541 = SURFACE_CURVE('',#3542,(#3581,#3623),.PCURVE_S1.);
#3542 = B_SPLINE_CURVE_WITH_KNOTS('',7,(#3543,#3544,#3545,#3546,#3547,
    #3548,#3549,#3550,#3551,#3552,#3553,#3554,#3555,#3556,#3557,#3558,
    #3559,#3560,#3561,#3562,#3563,#3564,#3565,#3566,#3567,#3568,#3569,
    #3570,#3571,#3572,#3573,#3574,#3575,#3576,#3577,#3578,#3579,#3580),
  .UNSPECIFIED.,.F.,.F.,(8,6,6,6,6,6,8),(0.,0.443139373508,
    0.586875101045,0.700805150733,0.761665106403,0.885244365558,1.),
  .UNSPECIFIED.);
#3543 = CARTESIAN_POINT('',(17.223348977522,-36.21279124837,25.6));
#3544 = CARTESIAN_POINT('',(17.223348977522,-36.21279124837,
    25.778893701688));
#3545 = CARTESIAN_POINT('',(17.216576808684,-36.19534064321,
    25.957608453935));
#3546 = CARTESIAN_POINT('',(17.203050932106,-36.16049953106,
    26.135063648617));
#3547 = CARTESIAN_POINT('',(17.182137728513,-36.10819639382,
    26.309870870802));
#3548 = CARTESIAN_POINT('',(17.152585035495,-36.03849580799,
    26.48030689813));
#3549 = CARTESIAN_POINT('',(17.112582320912,-35.95172012758,
    26.644348807761));
#3550 = CARTESIAN_POINT('',(17.042051160143,-35.81472617198,
    26.849827211112));
#3551 = CARTESIAN_POINT('',(17.023390414383,-35.77943643543,
    26.899193360033));
#3552 = CARTESIAN_POINT('',(17.003253761211,-35.74243336111,
    26.947505807124));
#3553 = CARTESIAN_POINT('',(16.981545461247,-35.70375115321,
    26.994655671287));
#3554 = CARTESIAN_POINT('',(16.958165726384,-35.66343651675,
    27.040521584346));
#3555 = CARTESIAN_POINT('',(16.933012963867,-35.62155119547,
    27.084971401882));
#3556 = CARTESIAN_POINT('',(16.884563503749,-35.5437926058,
    27.161862044716));
#3557 = CARTESIAN_POINT('',(16.861964269813,-35.50847499408,
    27.194880495251));
#3558 = CARTESIAN_POINT('',(16.838139302534,-35.47226246861,
    27.226848096137));
#3559 = CARTESIAN_POINT('',(16.8130410786,-35.43520508473,
    27.257688109461));
#3560 = CARTESIAN_POINT('',(16.786626171956,-35.39736314773,
    27.287320258839));
#3561 = CARTESIAN_POINT('',(16.758857858325,-35.3588082016,
    27.315662759327));
#3562 = CARTESIAN_POINT('',(16.714137627775,-35.29869233462,
    27.357042220007));
#3563 = CARTESIAN_POINT('',(16.698172682338,-35.2775811889,
    27.371058912208));
#3564 = CARTESIAN_POINT('',(16.68180968271,-35.25630349944,
    27.38467179559));
#3565 = CARTESIAN_POINT('',(16.66504546001,-35.23487314879,
    27.397868567673));
#3566 = CARTESIAN_POINT('',(16.647877877203,-35.21330498309,
    27.410637251838));
#3567 = CARTESIAN_POINT('',(16.630305829096,-35.19161481214,
    27.422966197328));
#3568 = CARTESIAN_POINT('',(16.575826861617,-35.12556272693,
    27.458962727244));
#3569 = CARTESIAN_POINT('',(16.537653252458,-35.08086787638,
    27.481224184862));
#3570 = CARTESIAN_POINT('',(16.497814261894,-35.03588125991,
    27.501531217656));
#3571 = CARTESIAN_POINT('',(16.456332322732,-34.99075853484,
    27.519801350015));
#3572 = CARTESIAN_POINT('',(16.413250508592,-34.94566243284,
    27.535970173918));
#3573 = CARTESIAN_POINT('',(16.368636588945,-34.90076057911,
    27.549994657686));
#3574 = CARTESIAN_POINT('',(16.27982553843,-34.81486602873,
    27.572871313169));
#3575 = CARTESIAN_POINT('',(16.235820279142,-34.77381739429,
    27.582022805403));
#3576 = CARTESIAN_POINT('',(16.190647671587,-34.73321358045,
    27.589295704434));
#3577 = CARTESIAN_POINT('',(16.144392212839,-34.69317923375,
    27.594696487572));
#3578 = CARTESIAN_POINT('',(16.097145632599,-34.65382708408,
    27.598250646946));
#3579 = CARTESIAN_POINT('',(16.049005994044,-34.61525755368,27.6));
#3580 = CARTESIAN_POINT('',(16.000076794692,-34.57755836614,27.6));
#3581 = PCURVE('',#3291,#3582);
#3582 = DEFINITIONAL_REPRESENTATION('',(#3583),#3622);
#3583 = B_SPLINE_CURVE_WITH_KNOTS('',7,(#3584,#3585,#3586,#3587,#3588,
    #3589,#3590,#3591,#3592,#3593,#3594,#3595,#3596,#3597,#3598,#3599,
    #3600,#3601,#3602,#3603,#3604,#3605,#3606,#3607,#3608,#3609,#3610,
    #3611,#3612,#3613,#3614,#3615,#3616,#3617,#3618,#3619,#3620,#3621),
  .UNSPECIFIED.,.F.,.F.,(8,6,6,6,6,6,8),(0.,0.443139373508,
    0.586875101045,0.700805150733,0.761665106403,0.885244365558,1.),
  .UNSPECIFIED.);
#3584 = CARTESIAN_POINT('',(-0.370218743612,-19.6));
#3585 = CARTESIAN_POINT('',(-0.370218743612,-19.77889370168));
#3586 = CARTESIAN_POINT('',(-0.375144652486,-19.95760845393));
#3587 = CARTESIAN_POINT('',(-0.38498023652,-20.13506364861));
#3588 = CARTESIAN_POINT('',(-0.399802459806,-20.3098708708));
#3589 = CARTESIAN_POINT('',(-0.419716812687,-20.48030689813));
#3590 = CARTESIAN_POINT('',(-0.44483839527,-20.64434880776));
#3591 = CARTESIAN_POINT('',(-0.485386909791,-20.84982721111));
#3592 = CARTESIAN_POINT('',(-0.495891482705,-20.89919336003));
#3593 = CARTESIAN_POINT('',(-0.50697631756,-20.94750580712));
#3594 = CARTESIAN_POINT('',(-0.518647361739,-20.99465567128));
#3595 = CARTESIAN_POINT('',(-0.530909242801,-21.04052158434));
#3596 = CARTESIAN_POINT('',(-0.543764713495,-21.08497140188));
#3597 = CARTESIAN_POINT('',(-0.567874556275,-21.16186204471));
#3598 = CARTESIAN_POINT('',(-0.578907767178,-21.19488049525));
#3599 = CARTESIAN_POINT('',(-0.590313404412,-21.22684809613));
#3600 = CARTESIAN_POINT('',(-0.602089517297,-21.25768810946));
#3601 = CARTESIAN_POINT('',(-0.614232017289,-21.28732025883));
#3602 = CARTESIAN_POINT('',(-0.626734165742,-21.31566275932));
#3603 = CARTESIAN_POINT('',(-0.64645137788,-21.35704222));
#3604 = CARTESIAN_POINT('',(-0.653416448508,-21.3710589122));
#3605 = CARTESIAN_POINT('',(-0.660479734144,-21.38467179559));
#3606 = CARTESIAN_POINT('',(-0.667639399705,-21.39786856767));
#3607 = CARTESIAN_POINT('',(-0.67489331444,-21.41063725183));
#3608 = CARTESIAN_POINT('',(-0.682239051924,-21.42296619732));
#3609 = CARTESIAN_POINT('',(-0.704770709952,-21.45896272724));
#3610 = CARTESIAN_POINT('',(-0.720236339348,-21.48122418486));
#3611 = CARTESIAN_POINT('',(-0.736045626516,-21.50153121765));
#3612 = CARTESIAN_POINT('',(-0.752170152938,-21.51980135001));
#3613 = CARTESIAN_POINT('',(-0.768577682397,-21.53597017391));
#3614 = CARTESIAN_POINT('',(-0.785231610064,-21.54999465768));
#3615 = CARTESIAN_POINT('',(-0.817745485729,-21.57287131316));
#3616 = CARTESIAN_POINT('',(-0.833579354899,-21.5820228054));
#3617 = CARTESIAN_POINT('',(-0.849558927072,-21.58929570443));
#3618 = CARTESIAN_POINT('',(-0.865652328774,-21.59469648757));
#3619 = CARTESIAN_POINT('',(-0.881828833217,-21.59825064694));
#3620 = CARTESIAN_POINT('',(-0.898058788441,-21.6));
#3621 = CARTESIAN_POINT('',(-0.914313545449,-21.6));
#3622 = ( GEOMETRIC_REPRESENTATION_CONTEXT(2) 
PARAMETRIC_REPRESENTATION_CONTEXT() REPRESENTATION_CONTEXT('2D SPACE',''
  ) );
#3623 = PCURVE('',#3624,#3629);
#3624 = TOROIDAL_SURFACE('',#3625,38.1,2.);
#3625 = AXIS2_PLACEMENT_3D('',#3626,#3627,#3628);
#3626 = CARTESIAN_POINT('',(0.,0.,25.6));
#3627 = DIRECTION('',(0.,0.,1.));
#3628 = DIRECTION('',(1.,0.,-0.));
#3629 = DEFINITIONAL_REPRESENTATION('',(#3630),#3669);
#3630 = B_SPLINE_CURVE_WITH_KNOTS('',7,(#3631,#3632,#3633,#3634,#3635,
    #3636,#3637,#3638,#3639,#3640,#3641,#3642,#3643,#3644,#3645,#3646,
    #3647,#3648,#3649,#3650,#3651,#3652,#3653,#3654,#3655,#3656,#3657,
    #3658,#3659,#3660,#3661,#3662,#3663,#3664,#3665,#3666,#3667,#3668),
  .UNSPECIFIED.,.F.,.F.,(8,6,6,6,6,6,8),(0.,0.443139373508,
    0.586875101045,0.700805150733,0.761665106403,0.885244365558,1.),
  .UNSPECIFIED.);
#3631 = CARTESIAN_POINT('',(5.156339033069,0.));
#3632 = CARTESIAN_POINT('',(5.156339033069,8.944685084384E-02));
#3633 = CARTESIAN_POINT('',(5.156373435872,0.178803989222));
#3634 = CARTESIAN_POINT('',(5.156442007663,0.268701603874));
#3635 = CARTESIAN_POINT('',(5.156531466982,0.359598866943));
#3636 = CARTESIAN_POINT('',(5.156613275438,0.451957795955));
#3637 = CARTESIAN_POINT('',(5.156643280935,0.546241771973));
#3638 = CARTESIAN_POINT('',(5.156521845858,0.674635814418));
#3639 = CARTESIAN_POINT('',(5.15647931078,0.706347190202));
#3640 = CARTESIAN_POINT('',(5.156421627325,0.738341755264));
#3641 = CARTESIAN_POINT('',(5.156346165561,0.770633799857));
#3642 = CARTESIAN_POINT('',(5.156250035579,0.803234108551));
#3643 = CARTESIAN_POINT('',(5.156130102637,0.836149869883));
#3644 = CARTESIAN_POINT('',(5.155866405329,0.89572760402));
#3645 = CARTESIAN_POINT('',(5.155732743625,0.922270043652));
#3646 = CARTESIAN_POINT('',(5.15558035938,0.949012524246));
#3647 = CARTESIAN_POINT('',(5.155407507908,0.975952660345));
#3648 = CARTESIAN_POINT('',(5.155212405985,1.003084587721));
#3649 = CARTESIAN_POINT('',(5.154993280194,1.030398489399));
#3650 = CARTESIAN_POINT('',(5.154617611614,1.072560453408));
#3651 = CARTESIAN_POINT('',(5.154479466248,1.087288558477));
#3652 = CARTESIAN_POINT('',(5.154333715507,1.1020621736));
#3653 = CARTESIAN_POINT('',(5.154180107503,1.116878640783));
#3654 = CARTESIAN_POINT('',(5.154018402137,1.131734907326));
#3655 = CARTESIAN_POINT('',(5.153848371094,1.146627525824));
#3656 = CARTESIAN_POINT('',(5.153307195729,1.191858892211));
#3657 = CARTESIAN_POINT('',(5.152909344003,1.222302082317));
#3658 = CARTESIAN_POINT('',(5.152474518224,1.25284540056));
#3659 = CARTESIAN_POINT('',(5.152001252082,1.283449802328));
#3660 = CARTESIAN_POINT('',(5.151488471683,1.314072837091));
#3661 = CARTESIAN_POINT('',(5.150935629834,1.344667463169));
#3662 = CARTESIAN_POINT('',(5.149792376296,1.403515588925));
#3663 = CARTESIAN_POINT('',(5.149207392532,1.4317841156));
#3664 = CARTESIAN_POINT('',(5.148587961213,1.459944412962));
#3665 = CARTESIAN_POINT('',(5.147934487736,1.487958795718));
#3666 = CARTESIAN_POINT('',(5.147247701819,1.51579304472));
#3667 = CARTESIAN_POINT('',(5.146528648592,1.543415528832));
#3668 = CARTESIAN_POINT('',(5.145778679695,1.570796326795));
#3669 = ( GEOMETRIC_REPRESENTATION_CONTEXT(2) 
PARAMETRIC_REPRESENTATION_CONTEXT() REPRESENTATION_CONTEXT('2D SPACE',''
  ) );
#3670 = ORIENTED_EDGE('',*,*,#3671,.F.);
#3671 = EDGE_CURVE('',#3361,#3539,#3672,.T.);
#3672 = SURFACE_CURVE('',#3673,(#3678,#3685),.PCURVE_S1.);
#3673 = CIRCLE('',#3674,3.8);
#3674 = AXIS2_PLACEMENT_3D('',#3675,#3676,#3677);
#3675 = CARTESIAN_POINT('',(13.680805733027,-37.58770483143,27.6));
#3676 = DIRECTION('',(0.,0.,-1.));
#3677 = DIRECTION('',(1.,0.,0.));
#3678 = PCURVE('',#3291,#3679);
#3679 = DEFINITIONAL_REPRESENTATION('',(#3680),#3684);
#3680 = LINE('',#3681,#3682);
#3681 = CARTESIAN_POINT('',(-6.28318530718,-21.6));
#3682 = VECTOR('',#3683,1.);
#3683 = DIRECTION('',(1.,-0.));
#3684 = ( GEOMETRIC_REPRESENTATION_CONTEXT(2) 
PARAMETRIC_REPRESENTATION_CONTEXT() REPRESENTATION_CONTEXT('2D SPACE',''
  ) );
#3685 = PCURVE('',#3686,#3691);
#3686 = PLANE('',#3687);
#3687 = AXIS2_PLACEMENT_3D('',#3688,#3689,#3690);
#3688 = CARTESIAN_POINT('',(-3.27367213775E-15,5.455035369732E-16,27.6)
  );
#3689 = DIRECTION('',(0.,0.,1.));
#3690 = DIRECTION('',(1.,0.,-0.));
#3691 = DEFINITIONAL_REPRESENTATION('',(#3692),#3700);
#3692 = ( BOUNDED_CURVE() B_SPLINE_CURVE(2,(#3693,#3694,#3695,#3696,
#3697,#3698,#3699),.UNSPECIFIED.,.T.,.F.) B_SPLINE_CURVE_WITH_KNOTS((1,2
    ,2,2,2,1),(-2.094395102393,0.,2.094395102393,4.188790204786,
6.28318530718,8.377580409573),.UNSPECIFIED.) CURVE() 
GEOMETRIC_REPRESENTATION_ITEM() RATIONAL_B_SPLINE_CURVE((1.,0.5,1.,0.5,
1.,0.5,1.)) REPRESENTATION_ITEM('') );
#3693 = CARTESIAN_POINT('',(17.480805733027,-37.58770483143));
#3694 = CARTESIAN_POINT('',(17.480805733027,-44.16949790019));
#3695 = CARTESIAN_POINT('',(11.780805733027,-40.87860136581));
#3696 = CARTESIAN_POINT('',(6.080805733027,-37.58770483143));
#3697 = CARTESIAN_POINT('',(11.780805733027,-34.29680829705));
#3698 = CARTESIAN_POINT('',(17.480805733027,-31.00591176267));
#3699 = CARTESIAN_POINT('',(17.480805733027,-37.58770483143));
#3700 = ( GEOMETRIC_REPRESENTATION_CONTEXT(2) 
PARAMETRIC_REPRESENTATION_CONTEXT() REPRESENTATION_CONTEXT('2D SPACE',''
  ) );
#3701 = ADVANCED_FACE('',(#3702,#3906,#3936,#3966,#3996,#4026,#4056,
    #4086,#4116,#4146,#4176,#4206,#4236,#4266,#4296,#4326,#4356,#4386,
    #4416,#4446,#4476,#4506,#4536,#4566,#4596,#4626,#4656,#4686,#4716,
    #4746,#4776,#4806,#4836,#4866,#4896,#4926,#4956,#4986,#5016,#5046,
    #5076,#5106,#5136,#5166,#5196,#5226),#3686,.F.);
#3702 = FACE_BOUND('',#3703,.F.);
#3703 = EDGE_LOOP('',(#3704,#3738,#3760,#3761,#3785,#3818,#3847,#3879));
#3704 = ORIENTED_EDGE('',*,*,#3705,.T.);
#3705 = EDGE_CURVE('',#3706,#3708,#3710,.T.);
#3706 = VERTEX_POINT('',#3707);
#3707 = CARTESIAN_POINT('',(-16.00007679469,-34.57755836614,27.6));
#3708 = VERTEX_POINT('',#3709);
#3709 = CARTESIAN_POINT('',(-9.969256172919,-36.77259756066,27.6));
#3710 = SURFACE_CURVE('',#3711,(#3716,#3727),.PCURVE_S1.);
#3711 = CIRCLE('',#3712,3.8);
#3712 = AXIS2_PLACEMENT_3D('',#3713,#3714,#3715);
#3713 = CARTESIAN_POINT('',(-13.68080573302,-37.58770483143,27.6));
#3714 = DIRECTION('',(0.,0.,-1.));
#3715 = DIRECTION('',(1.,0.,0.));
#3716 = PCURVE('',#3686,#3717);
#3717 = DEFINITIONAL_REPRESENTATION('',(#3718),#3726);
#3718 = ( BOUNDED_CURVE() B_SPLINE_CURVE(2,(#3719,#3720,#3721,#3722,
#3723,#3724,#3725),.UNSPECIFIED.,.T.,.F.) B_SPLINE_CURVE_WITH_KNOTS((1,2
    ,2,2,2,1),(-2.094395102393,0.,2.094395102393,4.188790204786,
6.28318530718,8.377580409573),.UNSPECIFIED.) CURVE() 
GEOMETRIC_REPRESENTATION_ITEM() RATIONAL_B_SPLINE_CURVE((1.,0.5,1.,0.5,
1.,0.5,1.)) REPRESENTATION_ITEM('') );
#3719 = CARTESIAN_POINT('',(-9.880805733027,-37.58770483143));
#3720 = CARTESIAN_POINT('',(-9.880805733027,-44.16949790019));
#3721 = CARTESIAN_POINT('',(-15.58080573302,-40.87860136581));
#3722 = CARTESIAN_POINT('',(-21.28080573302,-37.58770483143));
#3723 = CARTESIAN_POINT('',(-15.58080573302,-34.29680829705));
#3724 = CARTESIAN_POINT('',(-9.880805733027,-31.00591176267));
#3725 = CARTESIAN_POINT('',(-9.880805733027,-37.58770483143));
#3726 = ( GEOMETRIC_REPRESENTATION_CONTEXT(2) 
PARAMETRIC_REPRESENTATION_CONTEXT() REPRESENTATION_CONTEXT('2D SPACE',''
  ) );
#3727 = PCURVE('',#3728,#3733);
#3728 = CYLINDRICAL_SURFACE('',#3729,3.8);
#3729 = AXIS2_PLACEMENT_3D('',#3730,#3731,#3732);
#3730 = CARTESIAN_POINT('',(-13.68080573302,-37.58770483143,6.));
#3731 = DIRECTION('',(-0.,-0.,-1.));
#3732 = DIRECTION('',(1.,0.,0.));
#3733 = DEFINITIONAL_REPRESENTATION('',(#3734),#3737);
#3734 = B_SPLINE_CURVE_WITH_KNOTS('',1,(#3735,#3736),.UNSPECIFIED.,.F.,
  .F.,(2,2),(4.055906199039,6.067003462528),.PIECEWISE_BEZIER_KNOTS.);
#3735 = CARTESIAN_POINT('',(-8.510464415321,-21.6));
#3736 = CARTESIAN_POINT('',(-6.499367151831,-21.6));
#3737 = ( GEOMETRIC_REPRESENTATION_CONTEXT(2) 
PARAMETRIC_REPRESENTATION_CONTEXT() REPRESENTATION_CONTEXT('2D SPACE',''
  ) );
#3738 = ORIENTED_EDGE('',*,*,#3739,.T.);
#3739 = EDGE_CURVE('',#3708,#3361,#3740,.T.);
#3740 = SURFACE_CURVE('',#3741,(#3746,#3753),.PCURVE_S1.);
#3741 = CIRCLE('',#3742,38.1);
#3742 = AXIS2_PLACEMENT_3D('',#3743,#3744,#3745);
#3743 = CARTESIAN_POINT('',(0.,0.,27.6));
#3744 = DIRECTION('',(0.,-0.,1.));
#3745 = DIRECTION('',(0.261660267006,0.965160040962,0.));
#3746 = PCURVE('',#3686,#3747);
#3747 = DEFINITIONAL_REPRESENTATION('',(#3748),#3752);
#3748 = CIRCLE('',#3749,38.1);
#3749 = AXIS2_PLACEMENT_2D('',#3750,#3751);
#3750 = CARTESIAN_POINT('',(3.27367213775E-15,-5.455035369732E-16));
#3751 = DIRECTION('',(0.261660267006,0.965160040962));
#3752 = ( GEOMETRIC_REPRESENTATION_CONTEXT(2) 
PARAMETRIC_REPRESENTATION_CONTEXT() REPRESENTATION_CONTEXT('2D SPACE',''
  ) );
#3753 = PCURVE('',#3446,#3754);
#3754 = DEFINITIONAL_REPRESENTATION('',(#3755),#3759);
#3755 = LINE('',#3756,#3757);
#3756 = CARTESIAN_POINT('',(1.306054325308,1.570796326795));
#3757 = VECTOR('',#3758,1.);
#3758 = DIRECTION('',(1.,0.));
#3759 = ( GEOMETRIC_REPRESENTATION_CONTEXT(2) 
PARAMETRIC_REPRESENTATION_CONTEXT() REPRESENTATION_CONTEXT('2D SPACE',''
  ) );
#3760 = ORIENTED_EDGE('',*,*,#3671,.T.);
#3761 = ORIENTED_EDGE('',*,*,#3762,.T.);
#3762 = EDGE_CURVE('',#3539,#3763,#3765,.T.);
#3763 = VERTEX_POINT('',#3764);
#3764 = CARTESIAN_POINT('',(16.000076794692,34.577558366142,27.6));
#3765 = SURFACE_CURVE('',#3766,(#3771,#3778),.PCURVE_S1.);
#3766 = CIRCLE('',#3767,38.1);
#3767 = AXIS2_PLACEMENT_3D('',#3768,#3769,#3770);
#3768 = CARTESIAN_POINT('',(0.,0.,27.6));
#3769 = DIRECTION('',(0.,-0.,1.));
#3770 = DIRECTION('',(0.261660267006,0.965160040962,0.));
#3771 = PCURVE('',#3686,#3772);
#3772 = DEFINITIONAL_REPRESENTATION('',(#3773),#3777);
#3773 = CIRCLE('',#3774,38.1);
#3774 = AXIS2_PLACEMENT_2D('',#3775,#3776);
#3775 = CARTESIAN_POINT('',(3.27367213775E-15,-5.455035369732E-16));
#3776 = DIRECTION('',(0.261660267006,0.965160040962));
#3777 = ( GEOMETRIC_REPRESENTATION_CONTEXT(2) 
PARAMETRIC_REPRESENTATION_CONTEXT() REPRESENTATION_CONTEXT('2D SPACE',''
  ) );
#3778 = PCURVE('',#3624,#3779);
#3779 = DEFINITIONAL_REPRESENTATION('',(#3780),#3784);
#3780 = LINE('',#3781,#3782);
#3781 = CARTESIAN_POINT('',(1.306054325308,1.570796326795));
#3782 = VECTOR('',#3783,1.);
#3783 = DIRECTION('',(1.,0.));
#3784 = ( GEOMETRIC_REPRESENTATION_CONTEXT(2) 
PARAMETRIC_REPRESENTATION_CONTEXT() REPRESENTATION_CONTEXT('2D SPACE',''
  ) );
#3785 = ORIENTED_EDGE('',*,*,#3786,.T.);
#3786 = EDGE_CURVE('',#3763,#3787,#3789,.T.);
#3787 = VERTEX_POINT('',#3788);
#3788 = CARTESIAN_POINT('',(9.969256172919,36.772597560666,27.6));
#3789 = SURFACE_CURVE('',#3790,(#3795,#3806),.PCURVE_S1.);
#3790 = CIRCLE('',#3791,3.8);
#3791 = AXIS2_PLACEMENT_3D('',#3792,#3793,#3794);
#3792 = CARTESIAN_POINT('',(13.680805733027,37.587704831436,27.6));
#3793 = DIRECTION('',(0.,0.,-1.));
#3794 = DIRECTION('',(1.,0.,0.));
#3795 = PCURVE('',#3686,#3796);
#3796 = DEFINITIONAL_REPRESENTATION('',(#3797),#3805);
#3797 = ( BOUNDED_CURVE() B_SPLINE_CURVE(2,(#3798,#3799,#3800,#3801,
#3802,#3803,#3804),.UNSPECIFIED.,.T.,.F.) B_SPLINE_CURVE_WITH_KNOTS((1,2
    ,2,2,2,1),(-2.094395102393,0.,2.094395102393,4.188790204786,
6.28318530718,8.377580409573),.UNSPECIFIED.) CURVE() 
GEOMETRIC_REPRESENTATION_ITEM() RATIONAL_B_SPLINE_CURVE((1.,0.5,1.,0.5,
1.,0.5,1.)) REPRESENTATION_ITEM('') );
#3798 = CARTESIAN_POINT('',(17.480805733027,37.587704831436));
#3799 = CARTESIAN_POINT('',(17.480805733027,31.005911762675));
#3800 = CARTESIAN_POINT('',(11.780805733027,34.296808297055));
#3801 = CARTESIAN_POINT('',(6.080805733027,37.587704831436));
#3802 = CARTESIAN_POINT('',(11.780805733027,40.878601365817));
#3803 = CARTESIAN_POINT('',(17.480805733027,44.169497900198));
#3804 = CARTESIAN_POINT('',(17.480805733027,37.587704831436));
#3805 = ( GEOMETRIC_REPRESENTATION_CONTEXT(2) 
PARAMETRIC_REPRESENTATION_CONTEXT() REPRESENTATION_CONTEXT('2D SPACE',''
  ) );
#3806 = PCURVE('',#3807,#3812);
#3807 = CYLINDRICAL_SURFACE('',#3808,3.8);
#3808 = AXIS2_PLACEMENT_3D('',#3809,#3810,#3811);
#3809 = CARTESIAN_POINT('',(13.680805733027,37.587704831436,6.));
#3810 = DIRECTION('',(-0.,-0.,-1.));
#3811 = DIRECTION('',(1.,0.,0.));
#3812 = DEFINITIONAL_REPRESENTATION('',(#3813),#3817);
#3813 = LINE('',#3814,#3815);
#3814 = CARTESIAN_POINT('',(-6.28318530718,-21.6));
#3815 = VECTOR('',#3816,1.);
#3816 = DIRECTION('',(1.,-0.));
#3817 = ( GEOMETRIC_REPRESENTATION_CONTEXT(2) 
PARAMETRIC_REPRESENTATION_CONTEXT() REPRESENTATION_CONTEXT('2D SPACE',''
  ) );
#3818 = ORIENTED_EDGE('',*,*,#3819,.T.);
#3819 = EDGE_CURVE('',#3787,#3820,#3822,.T.);
#3820 = VERTEX_POINT('',#3821);
#3821 = CARTESIAN_POINT('',(-9.969256172919,36.772597560666,27.6));
#3822 = SURFACE_CURVE('',#3823,(#3828,#3835),.PCURVE_S1.);
#3823 = CIRCLE('',#3824,38.1);
#3824 = AXIS2_PLACEMENT_3D('',#3825,#3826,#3827);
#3825 = CARTESIAN_POINT('',(0.,0.,27.6));
#3826 = DIRECTION('',(0.,-0.,1.));
#3827 = DIRECTION('',(0.261660267006,0.965160040962,0.));
#3828 = PCURVE('',#3686,#3829);
#3829 = DEFINITIONAL_REPRESENTATION('',(#3830),#3834);
#3830 = CIRCLE('',#3831,38.1);
#3831 = AXIS2_PLACEMENT_2D('',#3832,#3833);
#3832 = CARTESIAN_POINT('',(3.27367213775E-15,-5.455035369732E-16));
#3833 = DIRECTION('',(0.261660267006,0.965160040962));
#3834 = ( GEOMETRIC_REPRESENTATION_CONTEXT(2) 
PARAMETRIC_REPRESENTATION_CONTEXT() REPRESENTATION_CONTEXT('2D SPACE',''
  ) );
#3835 = PCURVE('',#3836,#3841);
#3836 = TOROIDAL_SURFACE('',#3837,38.1,2.);
#3837 = AXIS2_PLACEMENT_3D('',#3838,#3839,#3840);
#3838 = CARTESIAN_POINT('',(0.,0.,25.6));
#3839 = DIRECTION('',(0.,0.,1.));
#3840 = DIRECTION('',(1.,0.,-0.));
#3841 = DEFINITIONAL_REPRESENTATION('',(#3842),#3846);
#3842 = LINE('',#3843,#3844);
#3843 = CARTESIAN_POINT('',(1.306054325308,1.570796326795));
#3844 = VECTOR('',#3845,1.);
#3845 = DIRECTION('',(1.,0.));
#3846 = ( GEOMETRIC_REPRESENTATION_CONTEXT(2) 
PARAMETRIC_REPRESENTATION_CONTEXT() REPRESENTATION_CONTEXT('2D SPACE',''
  ) );
#3847 = ORIENTED_EDGE('',*,*,#3848,.T.);
#3848 = EDGE_CURVE('',#3820,#3849,#3851,.T.);
#3849 = VERTEX_POINT('',#3850);
#3850 = CARTESIAN_POINT('',(-16.00007679469,34.577558366142,27.6));
#3851 = SURFACE_CURVE('',#3852,(#3857,#3868),.PCURVE_S1.);
#3852 = CIRCLE('',#3853,3.8);
#3853 = AXIS2_PLACEMENT_3D('',#3854,#3855,#3856);
#3854 = CARTESIAN_POINT('',(-13.68080573302,37.587704831436,27.6));
#3855 = DIRECTION('',(0.,0.,-1.));
#3856 = DIRECTION('',(1.,0.,0.));
#3857 = PCURVE('',#3686,#3858);
#3858 = DEFINITIONAL_REPRESENTATION('',(#3859),#3867);
#3859 = ( BOUNDED_CURVE() B_SPLINE_CURVE(2,(#3860,#3861,#3862,#3863,
#3864,#3865,#3866),.UNSPECIFIED.,.T.,.F.) B_SPLINE_CURVE_WITH_KNOTS((1,2
    ,2,2,2,1),(-2.094395102393,0.,2.094395102393,4.188790204786,
6.28318530718,8.377580409573),.UNSPECIFIED.) CURVE() 
GEOMETRIC_REPRESENTATION_ITEM() RATIONAL_B_SPLINE_CURVE((1.,0.5,1.,0.5,
1.,0.5,1.)) REPRESENTATION_ITEM('') );
#3860 = CARTESIAN_POINT('',(-9.880805733027,37.587704831436));
#3861 = CARTESIAN_POINT('',(-9.880805733027,31.005911762675));
#3862 = CARTESIAN_POINT('',(-15.58080573302,34.296808297055));
#3863 = CARTESIAN_POINT('',(-21.28080573302,37.587704831436));
#3864 = CARTESIAN_POINT('',(-15.58080573302,40.878601365817));
#3865 = CARTESIAN_POINT('',(-9.880805733027,44.169497900198));
#3866 = CARTESIAN_POINT('',(-9.880805733027,37.587704831436));
#3867 = ( GEOMETRIC_REPRESENTATION_CONTEXT(2) 
PARAMETRIC_REPRESENTATION_CONTEXT() REPRESENTATION_CONTEXT('2D SPACE',''
  ) );
#3868 = PCURVE('',#3869,#3874);
#3869 = CYLINDRICAL_SURFACE('',#3870,3.8);
#3870 = AXIS2_PLACEMENT_3D('',#3871,#3872,#3873);
#3871 = CARTESIAN_POINT('',(-13.68080573302,37.587704831436,6.));
#3872 = DIRECTION('',(-0.,-0.,-1.));
#3873 = DIRECTION('',(1.,0.,0.));
#3874 = DEFINITIONAL_REPRESENTATION('',(#3875),#3878);
#3875 = B_SPLINE_CURVE_WITH_KNOTS('',1,(#3876,#3877),.UNSPECIFIED.,.F.,
  .F.,(2,2),(0.216181844651,2.227279108141),.PIECEWISE_BEZIER_KNOTS.);
#3876 = CARTESIAN_POINT('',(-6.067003462528,-21.6));
#3877 = CARTESIAN_POINT('',(-4.055906199039,-21.6));
#3878 = ( GEOMETRIC_REPRESENTATION_CONTEXT(2) 
PARAMETRIC_REPRESENTATION_CONTEXT() REPRESENTATION_CONTEXT('2D SPACE',''
  ) );
#3879 = ORIENTED_EDGE('',*,*,#3880,.T.);
#3880 = EDGE_CURVE('',#3849,#3706,#3881,.T.);
#3881 = SURFACE_CURVE('',#3882,(#3887,#3894),.PCURVE_S1.);
#3882 = CIRCLE('',#3883,38.1);
#3883 = AXIS2_PLACEMENT_3D('',#3884,#3885,#3886);
#3884 = CARTESIAN_POINT('',(0.,0.,27.6));
#3885 = DIRECTION('',(0.,-0.,1.));
#3886 = DIRECTION('',(0.261660267006,0.965160040962,0.));
#3887 = PCURVE('',#3686,#3888);
#3888 = DEFINITIONAL_REPRESENTATION('',(#3889),#3893);
#3889 = CIRCLE('',#3890,38.1);
#3890 = AXIS2_PLACEMENT_2D('',#3891,#3892);
#3891 = CARTESIAN_POINT('',(3.27367213775E-15,-5.455035369732E-16));
#3892 = DIRECTION('',(0.261660267006,0.965160040962));
#3893 = ( GEOMETRIC_REPRESENTATION_CONTEXT(2) 
PARAMETRIC_REPRESENTATION_CONTEXT() REPRESENTATION_CONTEXT('2D SPACE',''
  ) );
#3894 = PCURVE('',#3895,#3900);
#3895 = TOROIDAL_SURFACE('',#3896,38.1,2.);
#3896 = AXIS2_PLACEMENT_3D('',#3897,#3898,#3899);
#3897 = CARTESIAN_POINT('',(0.,0.,25.6));
#3898 = DIRECTION('',(0.,0.,1.));
#3899 = DIRECTION('',(1.,0.,-0.));
#3900 = DEFINITIONAL_REPRESENTATION('',(#3901),#3905);
#3901 = LINE('',#3902,#3903);
#3902 = CARTESIAN_POINT('',(1.306054325308,1.570796326795));
#3903 = VECTOR('',#3904,1.);
#3904 = DIRECTION('',(1.,0.));
#3905 = ( GEOMETRIC_REPRESENTATION_CONTEXT(2) 
PARAMETRIC_REPRESENTATION_CONTEXT() REPRESENTATION_CONTEXT('2D SPACE',''
  ) );
#3906 = FACE_BOUND('',#3907,.F.);
#3907 = EDGE_LOOP('',(#3908));
#3908 = ORIENTED_EDGE('',*,*,#3909,.T.);
#3909 = EDGE_CURVE('',#3910,#3910,#3912,.T.);
#3910 = VERTEX_POINT('',#3911);
#3911 = CARTESIAN_POINT('',(-6.85,-7.,27.6));
#3912 = SURFACE_CURVE('',#3913,(#3918,#3929),.PCURVE_S1.);
#3913 = CIRCLE('',#3914,1.15);
#3914 = AXIS2_PLACEMENT_3D('',#3915,#3916,#3917);
#3915 = CARTESIAN_POINT('',(-8.,-7.,27.6));
#3916 = DIRECTION('',(0.,0.,-1.));
#3917 = DIRECTION('',(1.,0.,0.));
#3918 = PCURVE('',#3686,#3919);
#3919 = DEFINITIONAL_REPRESENTATION('',(#3920),#3928);
#3920 = ( BOUNDED_CURVE() B_SPLINE_CURVE(2,(#3921,#3922,#3923,#3924,
#3925,#3926,#3927),.UNSPECIFIED.,.T.,.F.) B_SPLINE_CURVE_WITH_KNOTS((1,2
    ,2,2,2,1),(-2.094395102393,0.,2.094395102393,4.188790204786,
6.28318530718,8.377580409573),.UNSPECIFIED.) CURVE() 
GEOMETRIC_REPRESENTATION_ITEM() RATIONAL_B_SPLINE_CURVE((1.,0.5,1.,0.5,
1.,0.5,1.)) REPRESENTATION_ITEM('') );
#3921 = CARTESIAN_POINT('',(-6.85,-7.));
#3922 = CARTESIAN_POINT('',(-6.85,-8.991858428704));
#3923 = CARTESIAN_POINT('',(-8.575,-7.995929214352));
#3924 = CARTESIAN_POINT('',(-10.3,-7.));
#3925 = CARTESIAN_POINT('',(-8.575,-6.004070785648));
#3926 = CARTESIAN_POINT('',(-6.85,-5.008141571296));
#3927 = CARTESIAN_POINT('',(-6.85,-7.));
#3928 = ( GEOMETRIC_REPRESENTATION_CONTEXT(2) 
PARAMETRIC_REPRESENTATION_CONTEXT() REPRESENTATION_CONTEXT('2D SPACE',''
  ) );
#3929 = PCURVE('',#908,#3930);
#3930 = DEFINITIONAL_REPRESENTATION('',(#3931),#3935);
#3931 = LINE('',#3932,#3933);
#3932 = CARTESIAN_POINT('',(-6.28318530718,-1.6));
#3933 = VECTOR('',#3934,1.);
#3934 = DIRECTION('',(1.,-0.));
#3935 = ( GEOMETRIC_REPRESENTATION_CONTEXT(2) 
PARAMETRIC_REPRESENTATION_CONTEXT() REPRESENTATION_CONTEXT('2D SPACE',''
  ) );
#3936 = FACE_BOUND('',#3937,.F.);
#3937 = EDGE_LOOP('',(#3938));
#3938 = ORIENTED_EDGE('',*,*,#3939,.T.);
#3939 = EDGE_CURVE('',#3940,#3940,#3942,.T.);
#3940 = VERTEX_POINT('',#3941);
#3941 = CARTESIAN_POINT('',(-10.85,-3.,27.6));
#3942 = SURFACE_CURVE('',#3943,(#3948,#3959),.PCURVE_S1.);
#3943 = CIRCLE('',#3944,1.15);
#3944 = AXIS2_PLACEMENT_3D('',#3945,#3946,#3947);
#3945 = CARTESIAN_POINT('',(-12.,-3.,27.6));
#3946 = DIRECTION('',(0.,0.,-1.));
#3947 = DIRECTION('',(1.,0.,0.));
#3948 = PCURVE('',#3686,#3949);
#3949 = DEFINITIONAL_REPRESENTATION('',(#3950),#3958);
#3950 = ( BOUNDED_CURVE() B_SPLINE_CURVE(2,(#3951,#3952,#3953,#3954,
#3955,#3956,#3957),.UNSPECIFIED.,.T.,.F.) B_SPLINE_CURVE_WITH_KNOTS((1,2
    ,2,2,2,1),(-2.094395102393,0.,2.094395102393,4.188790204786,
6.28318530718,8.377580409573),.UNSPECIFIED.) CURVE() 
GEOMETRIC_REPRESENTATION_ITEM() RATIONAL_B_SPLINE_CURVE((1.,0.5,1.,0.5,
1.,0.5,1.)) REPRESENTATION_ITEM('') );
#3951 = CARTESIAN_POINT('',(-10.85,-3.));
#3952 = CARTESIAN_POINT('',(-10.85,-4.991858428704));
#3953 = CARTESIAN_POINT('',(-12.575,-3.995929214352));
#3954 = CARTESIAN_POINT('',(-14.3,-3.));
#3955 = CARTESIAN_POINT('',(-12.575,-2.004070785648));
#3956 = CARTESIAN_POINT('',(-10.85,-1.008141571296));
#3957 = CARTESIAN_POINT('',(-10.85,-3.));
#3958 = ( GEOMETRIC_REPRESENTATION_CONTEXT(2) 
PARAMETRIC_REPRESENTATION_CONTEXT() REPRESENTATION_CONTEXT('2D SPACE',''
  ) );
#3959 = PCURVE('',#873,#3960);
#3960 = DEFINITIONAL_REPRESENTATION('',(#3961),#3965);
#3961 = LINE('',#3962,#3963);
#3962 = CARTESIAN_POINT('',(-6.28318530718,-1.6));
#3963 = VECTOR('',#3964,1.);
#3964 = DIRECTION('',(1.,-0.));
#3965 = ( GEOMETRIC_REPRESENTATION_CONTEXT(2) 
PARAMETRIC_REPRESENTATION_CONTEXT() REPRESENTATION_CONTEXT('2D SPACE',''
  ) );
#3966 = FACE_BOUND('',#3967,.F.);
#3967 = EDGE_LOOP('',(#3968));
#3968 = ORIENTED_EDGE('',*,*,#3969,.T.);
#3969 = EDGE_CURVE('',#3970,#3970,#3972,.T.);
#3970 = VERTEX_POINT('',#3971);
#3971 = CARTESIAN_POINT('',(-6.85,-3.,27.6));
#3972 = SURFACE_CURVE('',#3973,(#3978,#3989),.PCURVE_S1.);
#3973 = CIRCLE('',#3974,1.15);
#3974 = AXIS2_PLACEMENT_3D('',#3975,#3976,#3977);
#3975 = CARTESIAN_POINT('',(-8.,-3.,27.6));
#3976 = DIRECTION('',(0.,0.,-1.));
#3977 = DIRECTION('',(1.,0.,0.));
#3978 = PCURVE('',#3686,#3979);
#3979 = DEFINITIONAL_REPRESENTATION('',(#3980),#3988);
#3980 = ( BOUNDED_CURVE() B_SPLINE_CURVE(2,(#3981,#3982,#3983,#3984,
#3985,#3986,#3987),.UNSPECIFIED.,.T.,.F.) B_SPLINE_CURVE_WITH_KNOTS((1,2
    ,2,2,2,1),(-2.094395102393,0.,2.094395102393,4.188790204786,
6.28318530718,8.377580409573),.UNSPECIFIED.) CURVE() 
GEOMETRIC_REPRESENTATION_ITEM() RATIONAL_B_SPLINE_CURVE((1.,0.5,1.,0.5,
1.,0.5,1.)) REPRESENTATION_ITEM('') );
#3981 = CARTESIAN_POINT('',(-6.85,-3.));
#3982 = CARTESIAN_POINT('',(-6.85,-4.991858428704));
#3983 = CARTESIAN_POINT('',(-8.575,-3.995929214352));
#3984 = CARTESIAN_POINT('',(-10.3,-3.));
#3985 = CARTESIAN_POINT('',(-8.575,-2.004070785648));
#3986 = CARTESIAN_POINT('',(-6.85,-1.008141571296));
#3987 = CARTESIAN_POINT('',(-6.85,-3.));
#3988 = ( GEOMETRIC_REPRESENTATION_CONTEXT(2) 
PARAMETRIC_REPRESENTATION_CONTEXT() REPRESENTATION_CONTEXT('2D SPACE',''
  ) );
#3989 = PCURVE('',#943,#3990);
#3990 = DEFINITIONAL_REPRESENTATION('',(#3991),#3995);
#3991 = LINE('',#3992,#3993);
#3992 = CARTESIAN_POINT('',(-6.28318530718,-1.6));
#3993 = VECTOR('',#3994,1.);
#3994 = DIRECTION('',(1.,-0.));
#3995 = ( GEOMETRIC_REPRESENTATION_CONTEXT(2) 
PARAMETRIC_REPRESENTATION_CONTEXT() REPRESENTATION_CONTEXT('2D SPACE',''
  ) );
#3996 = FACE_BOUND('',#3997,.F.);
#3997 = EDGE_LOOP('',(#3998));
#3998 = ORIENTED_EDGE('',*,*,#3999,.T.);
#3999 = EDGE_CURVE('',#4000,#4000,#4002,.T.);
#4000 = VERTEX_POINT('',#4001);
#4001 = CARTESIAN_POINT('',(-2.85,-7.,27.6));
#4002 = SURFACE_CURVE('',#4003,(#4008,#4019),.PCURVE_S1.);
#4003 = CIRCLE('',#4004,1.15);
#4004 = AXIS2_PLACEMENT_3D('',#4005,#4006,#4007);
#4005 = CARTESIAN_POINT('',(-4.,-7.,27.6));
#4006 = DIRECTION('',(0.,0.,-1.));
#4007 = DIRECTION('',(1.,0.,0.));
#4008 = PCURVE('',#3686,#4009);
#4009 = DEFINITIONAL_REPRESENTATION('',(#4010),#4018);
#4010 = ( BOUNDED_CURVE() B_SPLINE_CURVE(2,(#4011,#4012,#4013,#4014,
#4015,#4016,#4017),.UNSPECIFIED.,.T.,.F.) B_SPLINE_CURVE_WITH_KNOTS((1,2
    ,2,2,2,1),(-2.094395102393,0.,2.094395102393,4.188790204786,
6.28318530718,8.377580409573),.UNSPECIFIED.) CURVE() 
GEOMETRIC_REPRESENTATION_ITEM() RATIONAL_B_SPLINE_CURVE((1.,0.5,1.,0.5,
1.,0.5,1.)) REPRESENTATION_ITEM('') );
#4011 = CARTESIAN_POINT('',(-2.85,-7.));
#4012 = CARTESIAN_POINT('',(-2.85,-8.991858428704));
#4013 = CARTESIAN_POINT('',(-4.575,-7.995929214352));
#4014 = CARTESIAN_POINT('',(-6.3,-7.));
#4015 = CARTESIAN_POINT('',(-4.575,-6.004070785648));
#4016 = CARTESIAN_POINT('',(-2.85,-5.008141571296));
#4017 = CARTESIAN_POINT('',(-2.85,-7.));
#4018 = ( GEOMETRIC_REPRESENTATION_CONTEXT(2) 
PARAMETRIC_REPRESENTATION_CONTEXT() REPRESENTATION_CONTEXT('2D SPACE',''
  ) );
#4019 = PCURVE('',#978,#4020);
#4020 = DEFINITIONAL_REPRESENTATION('',(#4021),#4025);
#4021 = LINE('',#4022,#4023);
#4022 = CARTESIAN_POINT('',(-6.28318530718,-1.6));
#4023 = VECTOR('',#4024,1.);
#4024 = DIRECTION('',(1.,-0.));
#4025 = ( GEOMETRIC_REPRESENTATION_CONTEXT(2) 
PARAMETRIC_REPRESENTATION_CONTEXT() REPRESENTATION_CONTEXT('2D SPACE',''
  ) );
#4026 = FACE_BOUND('',#4027,.F.);
#4027 = EDGE_LOOP('',(#4028));
#4028 = ORIENTED_EDGE('',*,*,#4029,.T.);
#4029 = EDGE_CURVE('',#4030,#4030,#4032,.T.);
#4030 = VERTEX_POINT('',#4031);
#4031 = CARTESIAN_POINT('',(-2.85,-3.,27.6));
#4032 = SURFACE_CURVE('',#4033,(#4038,#4049),.PCURVE_S1.);
#4033 = CIRCLE('',#4034,1.15);
#4034 = AXIS2_PLACEMENT_3D('',#4035,#4036,#4037);
#4035 = CARTESIAN_POINT('',(-4.,-3.,27.6));
#4036 = DIRECTION('',(0.,0.,-1.));
#4037 = DIRECTION('',(1.,0.,0.));
#4038 = PCURVE('',#3686,#4039);
#4039 = DEFINITIONAL_REPRESENTATION('',(#4040),#4048);
#4040 = ( BOUNDED_CURVE() B_SPLINE_CURVE(2,(#4041,#4042,#4043,#4044,
#4045,#4046,#4047),.UNSPECIFIED.,.T.,.F.) B_SPLINE_CURVE_WITH_KNOTS((1,2
    ,2,2,2,1),(-2.094395102393,0.,2.094395102393,4.188790204786,
6.28318530718,8.377580409573),.UNSPECIFIED.) CURVE() 
GEOMETRIC_REPRESENTATION_ITEM() RATIONAL_B_SPLINE_CURVE((1.,0.5,1.,0.5,
1.,0.5,1.)) REPRESENTATION_ITEM('') );
#4041 = CARTESIAN_POINT('',(-2.85,-3.));
#4042 = CARTESIAN_POINT('',(-2.85,-4.991858428704));
#4043 = CARTESIAN_POINT('',(-4.575,-3.995929214352));
#4044 = CARTESIAN_POINT('',(-6.3,-3.));
#4045 = CARTESIAN_POINT('',(-4.575,-2.004070785648));
#4046 = CARTESIAN_POINT('',(-2.85,-1.008141571296));
#4047 = CARTESIAN_POINT('',(-2.85,-3.));
#4048 = ( GEOMETRIC_REPRESENTATION_CONTEXT(2) 
PARAMETRIC_REPRESENTATION_CONTEXT() REPRESENTATION_CONTEXT('2D SPACE',''
  ) );
#4049 = PCURVE('',#1048,#4050);
#4050 = DEFINITIONAL_REPRESENTATION('',(#4051),#4055);
#4051 = LINE('',#4052,#4053);
#4052 = CARTESIAN_POINT('',(-6.28318530718,-1.6));
#4053 = VECTOR('',#4054,1.);
#4054 = DIRECTION('',(1.,-0.));
#4055 = ( GEOMETRIC_REPRESENTATION_CONTEXT(2) 
PARAMETRIC_REPRESENTATION_CONTEXT() REPRESENTATION_CONTEXT('2D SPACE',''
  ) );
#4056 = FACE_BOUND('',#4057,.F.);
#4057 = EDGE_LOOP('',(#4058));
#4058 = ORIENTED_EDGE('',*,*,#4059,.T.);
#4059 = EDGE_CURVE('',#4060,#4060,#4062,.T.);
#4060 = VERTEX_POINT('',#4061);
#4061 = CARTESIAN_POINT('',(-10.85,1.,27.6));
#4062 = SURFACE_CURVE('',#4063,(#4068,#4079),.PCURVE_S1.);
#4063 = CIRCLE('',#4064,1.15);
#4064 = AXIS2_PLACEMENT_3D('',#4065,#4066,#4067);
#4065 = CARTESIAN_POINT('',(-12.,1.,27.6));
#4066 = DIRECTION('',(0.,0.,-1.));
#4067 = DIRECTION('',(1.,0.,0.));
#4068 = PCURVE('',#3686,#4069);
#4069 = DEFINITIONAL_REPRESENTATION('',(#4070),#4078);
#4070 = ( BOUNDED_CURVE() B_SPLINE_CURVE(2,(#4071,#4072,#4073,#4074,
#4075,#4076,#4077),.UNSPECIFIED.,.T.,.F.) B_SPLINE_CURVE_WITH_KNOTS((1,2
    ,2,2,2,1),(-2.094395102393,0.,2.094395102393,4.188790204786,
6.28318530718,8.377580409573),.UNSPECIFIED.) CURVE() 
GEOMETRIC_REPRESENTATION_ITEM() RATIONAL_B_SPLINE_CURVE((1.,0.5,1.,0.5,
1.,0.5,1.)) REPRESENTATION_ITEM('') );
#4071 = CARTESIAN_POINT('',(-10.85,1.));
#4072 = CARTESIAN_POINT('',(-10.85,-0.991858428704));
#4073 = CARTESIAN_POINT('',(-12.575,4.070785647895E-03));
#4074 = CARTESIAN_POINT('',(-14.3,1.));
#4075 = CARTESIAN_POINT('',(-12.575,1.995929214352));
#4076 = CARTESIAN_POINT('',(-10.85,2.991858428704));
#4077 = CARTESIAN_POINT('',(-10.85,1.));
#4078 = ( GEOMETRIC_REPRESENTATION_CONTEXT(2) 
PARAMETRIC_REPRESENTATION_CONTEXT() REPRESENTATION_CONTEXT('2D SPACE',''
  ) );
#4079 = PCURVE('',#1328,#4080);
#4080 = DEFINITIONAL_REPRESENTATION('',(#4081),#4085);
#4081 = LINE('',#4082,#4083);
#4082 = CARTESIAN_POINT('',(-6.28318530718,-1.6));
#4083 = VECTOR('',#4084,1.);
#4084 = DIRECTION('',(1.,-0.));
#4085 = ( GEOMETRIC_REPRESENTATION_CONTEXT(2) 
PARAMETRIC_REPRESENTATION_CONTEXT() REPRESENTATION_CONTEXT('2D SPACE',''
  ) );
#4086 = FACE_BOUND('',#4087,.F.);
#4087 = EDGE_LOOP('',(#4088));
#4088 = ORIENTED_EDGE('',*,*,#4089,.T.);
#4089 = EDGE_CURVE('',#4090,#4090,#4092,.T.);
#4090 = VERTEX_POINT('',#4091);
#4091 = CARTESIAN_POINT('',(-6.85,1.,27.6));
#4092 = SURFACE_CURVE('',#4093,(#4098,#4109),.PCURVE_S1.);
#4093 = CIRCLE('',#4094,1.15);
#4094 = AXIS2_PLACEMENT_3D('',#4095,#4096,#4097);
#4095 = CARTESIAN_POINT('',(-8.,1.,27.6));
#4096 = DIRECTION('',(0.,0.,-1.));
#4097 = DIRECTION('',(1.,0.,0.));
#4098 = PCURVE('',#3686,#4099);
#4099 = DEFINITIONAL_REPRESENTATION('',(#4100),#4108);
#4100 = ( BOUNDED_CURVE() B_SPLINE_CURVE(2,(#4101,#4102,#4103,#4104,
#4105,#4106,#4107),.UNSPECIFIED.,.T.,.F.) B_SPLINE_CURVE_WITH_KNOTS((1,2
    ,2,2,2,1),(-2.094395102393,0.,2.094395102393,4.188790204786,
6.28318530718,8.377580409573),.UNSPECIFIED.) CURVE() 
GEOMETRIC_REPRESENTATION_ITEM() RATIONAL_B_SPLINE_CURVE((1.,0.5,1.,0.5,
1.,0.5,1.)) REPRESENTATION_ITEM('') );
#4101 = CARTESIAN_POINT('',(-6.85,1.));
#4102 = CARTESIAN_POINT('',(-6.85,-0.991858428704));
#4103 = CARTESIAN_POINT('',(-8.575,4.070785647895E-03));
#4104 = CARTESIAN_POINT('',(-10.3,1.));
#4105 = CARTESIAN_POINT('',(-8.575,1.995929214352));
#4106 = CARTESIAN_POINT('',(-6.85,2.991858428704));
#4107 = CARTESIAN_POINT('',(-6.85,1.));
#4108 = ( GEOMETRIC_REPRESENTATION_CONTEXT(2) 
PARAMETRIC_REPRESENTATION_CONTEXT() REPRESENTATION_CONTEXT('2D SPACE',''
  ) );
#4109 = PCURVE('',#1468,#4110);
#4110 = DEFINITIONAL_REPRESENTATION('',(#4111),#4115);
#4111 = LINE('',#4112,#4113);
#4112 = CARTESIAN_POINT('',(-6.28318530718,-1.6));
#4113 = VECTOR('',#4114,1.);
#4114 = DIRECTION('',(1.,-0.));
#4115 = ( GEOMETRIC_REPRESENTATION_CONTEXT(2) 
PARAMETRIC_REPRESENTATION_CONTEXT() REPRESENTATION_CONTEXT('2D SPACE',''
  ) );
#4116 = FACE_BOUND('',#4117,.F.);
#4117 = EDGE_LOOP('',(#4118));
#4118 = ORIENTED_EDGE('',*,*,#4119,.T.);
#4119 = EDGE_CURVE('',#4120,#4120,#4122,.T.);
#4120 = VERTEX_POINT('',#4121);
#4121 = CARTESIAN_POINT('',(-2.85,1.,27.6));
#4122 = SURFACE_CURVE('',#4123,(#4128,#4139),.PCURVE_S1.);
#4123 = CIRCLE('',#4124,1.15);
#4124 = AXIS2_PLACEMENT_3D('',#4125,#4126,#4127);
#4125 = CARTESIAN_POINT('',(-4.,1.,27.6));
#4126 = DIRECTION('',(0.,0.,-1.));
#4127 = DIRECTION('',(1.,0.,0.));
#4128 = PCURVE('',#3686,#4129);
#4129 = DEFINITIONAL_REPRESENTATION('',(#4130),#4138);
#4130 = ( BOUNDED_CURVE() B_SPLINE_CURVE(2,(#4131,#4132,#4133,#4134,
#4135,#4136,#4137),.UNSPECIFIED.,.T.,.F.) B_SPLINE_CURVE_WITH_KNOTS((1,2
    ,2,2,2,1),(-2.094395102393,0.,2.094395102393,4.188790204786,
6.28318530718,8.377580409573),.UNSPECIFIED.) CURVE() 
GEOMETRIC_REPRESENTATION_ITEM() RATIONAL_B_SPLINE_CURVE((1.,0.5,1.,0.5,
1.,0.5,1.)) REPRESENTATION_ITEM('') );
#4131 = CARTESIAN_POINT('',(-2.85,1.));
#4132 = CARTESIAN_POINT('',(-2.85,-0.991858428704));
#4133 = CARTESIAN_POINT('',(-4.575,4.070785647895E-03));
#4134 = CARTESIAN_POINT('',(-6.3,1.));
#4135 = CARTESIAN_POINT('',(-4.575,1.995929214352));
#4136 = CARTESIAN_POINT('',(-2.85,2.991858428704));
#4137 = CARTESIAN_POINT('',(-2.85,1.));
#4138 = ( GEOMETRIC_REPRESENTATION_CONTEXT(2) 
PARAMETRIC_REPRESENTATION_CONTEXT() REPRESENTATION_CONTEXT('2D SPACE',''
  ) );
#4139 = PCURVE('',#1573,#4140);
#4140 = DEFINITIONAL_REPRESENTATION('',(#4141),#4145);
#4141 = LINE('',#4142,#4143);
#4142 = CARTESIAN_POINT('',(-6.28318530718,-1.6));
#4143 = VECTOR('',#4144,1.);
#4144 = DIRECTION('',(1.,-0.));
#4145 = ( GEOMETRIC_REPRESENTATION_CONTEXT(2) 
PARAMETRIC_REPRESENTATION_CONTEXT() REPRESENTATION_CONTEXT('2D SPACE',''
  ) );
#4146 = FACE_BOUND('',#4147,.F.);
#4147 = EDGE_LOOP('',(#4148));
#4148 = ORIENTED_EDGE('',*,*,#4149,.T.);
#4149 = EDGE_CURVE('',#4150,#4150,#4152,.T.);
#4150 = VERTEX_POINT('',#4151);
#4151 = CARTESIAN_POINT('',(1.15,-7.,27.6));
#4152 = SURFACE_CURVE('',#4153,(#4158,#4169),.PCURVE_S1.);
#4153 = CIRCLE('',#4154,1.15);
#4154 = AXIS2_PLACEMENT_3D('',#4155,#4156,#4157);
#4155 = CARTESIAN_POINT('',(0.,-7.,27.6));
#4156 = DIRECTION('',(0.,0.,-1.));
#4157 = DIRECTION('',(1.,0.,0.));
#4158 = PCURVE('',#3686,#4159);
#4159 = DEFINITIONAL_REPRESENTATION('',(#4160),#4168);
#4160 = ( BOUNDED_CURVE() B_SPLINE_CURVE(2,(#4161,#4162,#4163,#4164,
#4165,#4166,#4167),.UNSPECIFIED.,.T.,.F.) B_SPLINE_CURVE_WITH_KNOTS((1,2
    ,2,2,2,1),(-2.094395102393,0.,2.094395102393,4.188790204786,
6.28318530718,8.377580409573),.UNSPECIFIED.) CURVE() 
GEOMETRIC_REPRESENTATION_ITEM() RATIONAL_B_SPLINE_CURVE((1.,0.5,1.,0.5,
1.,0.5,1.)) REPRESENTATION_ITEM('') );
#4161 = CARTESIAN_POINT('',(1.15,-7.));
#4162 = CARTESIAN_POINT('',(1.15,-8.991858428704));
#4163 = CARTESIAN_POINT('',(-0.575,-7.995929214352));
#4164 = CARTESIAN_POINT('',(-2.3,-7.));
#4165 = CARTESIAN_POINT('',(-0.575,-6.004070785648));
#4166 = CARTESIAN_POINT('',(1.15,-5.008141571296));
#4167 = CARTESIAN_POINT('',(1.15,-7.));
#4168 = ( GEOMETRIC_REPRESENTATION_CONTEXT(2) 
PARAMETRIC_REPRESENTATION_CONTEXT() REPRESENTATION_CONTEXT('2D SPACE',''
  ) );
#4169 = PCURVE('',#1013,#4170);
#4170 = DEFINITIONAL_REPRESENTATION('',(#4171),#4175);
#4171 = LINE('',#4172,#4173);
#4172 = CARTESIAN_POINT('',(-6.28318530718,-1.6));
#4173 = VECTOR('',#4174,1.);
#4174 = DIRECTION('',(1.,-0.));
#4175 = ( GEOMETRIC_REPRESENTATION_CONTEXT(2) 
PARAMETRIC_REPRESENTATION_CONTEXT() REPRESENTATION_CONTEXT('2D SPACE',''
  ) );
#4176 = FACE_BOUND('',#4177,.F.);
#4177 = EDGE_LOOP('',(#4178));
#4178 = ORIENTED_EDGE('',*,*,#4179,.T.);
#4179 = EDGE_CURVE('',#4180,#4180,#4182,.T.);
#4180 = VERTEX_POINT('',#4181);
#4181 = CARTESIAN_POINT('',(5.15,-7.,27.6));
#4182 = SURFACE_CURVE('',#4183,(#4188,#4199),.PCURVE_S1.);
#4183 = CIRCLE('',#4184,1.15);
#4184 = AXIS2_PLACEMENT_3D('',#4185,#4186,#4187);
#4185 = CARTESIAN_POINT('',(4.,-7.,27.6));
#4186 = DIRECTION('',(0.,0.,-1.));
#4187 = DIRECTION('',(1.,0.,0.));
#4188 = PCURVE('',#3686,#4189);
#4189 = DEFINITIONAL_REPRESENTATION('',(#4190),#4198);
#4190 = ( BOUNDED_CURVE() B_SPLINE_CURVE(2,(#4191,#4192,#4193,#4194,
#4195,#4196,#4197),.UNSPECIFIED.,.T.,.F.) B_SPLINE_CURVE_WITH_KNOTS((1,2
    ,2,2,2,1),(-2.094395102393,0.,2.094395102393,4.188790204786,
6.28318530718,8.377580409573),.UNSPECIFIED.) CURVE() 
GEOMETRIC_REPRESENTATION_ITEM() RATIONAL_B_SPLINE_CURVE((1.,0.5,1.,0.5,
1.,0.5,1.)) REPRESENTATION_ITEM('') );
#4191 = CARTESIAN_POINT('',(5.15,-7.));
#4192 = CARTESIAN_POINT('',(5.15,-8.991858428704));
#4193 = CARTESIAN_POINT('',(3.425,-7.995929214352));
#4194 = CARTESIAN_POINT('',(1.7,-7.));
#4195 = CARTESIAN_POINT('',(3.425,-6.004070785648));
#4196 = CARTESIAN_POINT('',(5.15,-5.008141571296));
#4197 = CARTESIAN_POINT('',(5.15,-7.));
#4198 = ( GEOMETRIC_REPRESENTATION_CONTEXT(2) 
PARAMETRIC_REPRESENTATION_CONTEXT() REPRESENTATION_CONTEXT('2D SPACE',''
  ) );
#4199 = PCURVE('',#1153,#4200);
#4200 = DEFINITIONAL_REPRESENTATION('',(#4201),#4205);
#4201 = LINE('',#4202,#4203);
#4202 = CARTESIAN_POINT('',(-6.28318530718,-1.6));
#4203 = VECTOR('',#4204,1.);
#4204 = DIRECTION('',(1.,-0.));
#4205 = ( GEOMETRIC_REPRESENTATION_CONTEXT(2) 
PARAMETRIC_REPRESENTATION_CONTEXT() REPRESENTATION_CONTEXT('2D SPACE',''
  ) );
#4206 = FACE_BOUND('',#4207,.F.);
#4207 = EDGE_LOOP('',(#4208));
#4208 = ORIENTED_EDGE('',*,*,#4209,.T.);
#4209 = EDGE_CURVE('',#4210,#4210,#4212,.T.);
#4210 = VERTEX_POINT('',#4211);
#4211 = CARTESIAN_POINT('',(1.15,-3.,27.6));
#4212 = SURFACE_CURVE('',#4213,(#4218,#4229),.PCURVE_S1.);
#4213 = CIRCLE('',#4214,1.15);
#4214 = AXIS2_PLACEMENT_3D('',#4215,#4216,#4217);
#4215 = CARTESIAN_POINT('',(0.,-3.,27.6));
#4216 = DIRECTION('',(0.,0.,-1.));
#4217 = DIRECTION('',(1.,0.,0.));
#4218 = PCURVE('',#3686,#4219);
#4219 = DEFINITIONAL_REPRESENTATION('',(#4220),#4228);
#4220 = ( BOUNDED_CURVE() B_SPLINE_CURVE(2,(#4221,#4222,#4223,#4224,
#4225,#4226,#4227),.UNSPECIFIED.,.T.,.F.) B_SPLINE_CURVE_WITH_KNOTS((1,2
    ,2,2,2,1),(-2.094395102393,0.,2.094395102393,4.188790204786,
6.28318530718,8.377580409573),.UNSPECIFIED.) CURVE() 
GEOMETRIC_REPRESENTATION_ITEM() RATIONAL_B_SPLINE_CURVE((1.,0.5,1.,0.5,
1.,0.5,1.)) REPRESENTATION_ITEM('') );
#4221 = CARTESIAN_POINT('',(1.15,-3.));
#4222 = CARTESIAN_POINT('',(1.15,-4.991858428704));
#4223 = CARTESIAN_POINT('',(-0.575,-3.995929214352));
#4224 = CARTESIAN_POINT('',(-2.3,-3.));
#4225 = CARTESIAN_POINT('',(-0.575,-2.004070785648));
#4226 = CARTESIAN_POINT('',(1.15,-1.008141571296));
#4227 = CARTESIAN_POINT('',(1.15,-3.));
#4228 = ( GEOMETRIC_REPRESENTATION_CONTEXT(2) 
PARAMETRIC_REPRESENTATION_CONTEXT() REPRESENTATION_CONTEXT('2D SPACE',''
  ) );
#4229 = PCURVE('',#1083,#4230);
#4230 = DEFINITIONAL_REPRESENTATION('',(#4231),#4235);
#4231 = LINE('',#4232,#4233);
#4232 = CARTESIAN_POINT('',(-6.28318530718,-1.6));
#4233 = VECTOR('',#4234,1.);
#4234 = DIRECTION('',(1.,-0.));
#4235 = ( GEOMETRIC_REPRESENTATION_CONTEXT(2) 
PARAMETRIC_REPRESENTATION_CONTEXT() REPRESENTATION_CONTEXT('2D SPACE',''
  ) );
#4236 = FACE_BOUND('',#4237,.F.);
#4237 = EDGE_LOOP('',(#4238));
#4238 = ORIENTED_EDGE('',*,*,#4239,.T.);
#4239 = EDGE_CURVE('',#4240,#4240,#4242,.T.);
#4240 = VERTEX_POINT('',#4241);
#4241 = CARTESIAN_POINT('',(5.15,-3.,27.6));
#4242 = SURFACE_CURVE('',#4243,(#4248,#4259),.PCURVE_S1.);
#4243 = CIRCLE('',#4244,1.15);
#4244 = AXIS2_PLACEMENT_3D('',#4245,#4246,#4247);
#4245 = CARTESIAN_POINT('',(4.,-3.,27.6));
#4246 = DIRECTION('',(0.,0.,-1.));
#4247 = DIRECTION('',(1.,0.,0.));
#4248 = PCURVE('',#3686,#4249);
#4249 = DEFINITIONAL_REPRESENTATION('',(#4250),#4258);
#4250 = ( BOUNDED_CURVE() B_SPLINE_CURVE(2,(#4251,#4252,#4253,#4254,
#4255,#4256,#4257),.UNSPECIFIED.,.T.,.F.) B_SPLINE_CURVE_WITH_KNOTS((1,2
    ,2,2,2,1),(-2.094395102393,0.,2.094395102393,4.188790204786,
6.28318530718,8.377580409573),.UNSPECIFIED.) CURVE() 
GEOMETRIC_REPRESENTATION_ITEM() RATIONAL_B_SPLINE_CURVE((1.,0.5,1.,0.5,
1.,0.5,1.)) REPRESENTATION_ITEM('') );
#4251 = CARTESIAN_POINT('',(5.15,-3.));
#4252 = CARTESIAN_POINT('',(5.15,-4.991858428704));
#4253 = CARTESIAN_POINT('',(3.425,-3.995929214352));
#4254 = CARTESIAN_POINT('',(1.7,-3.));
#4255 = CARTESIAN_POINT('',(3.425,-2.004070785648));
#4256 = CARTESIAN_POINT('',(5.15,-1.008141571296));
#4257 = CARTESIAN_POINT('',(5.15,-3.));
#4258 = ( GEOMETRIC_REPRESENTATION_CONTEXT(2) 
PARAMETRIC_REPRESENTATION_CONTEXT() REPRESENTATION_CONTEXT('2D SPACE',''
  ) );
#4259 = PCURVE('',#1188,#4260);
#4260 = DEFINITIONAL_REPRESENTATION('',(#4261),#4265);
#4261 = LINE('',#4262,#4263);
#4262 = CARTESIAN_POINT('',(-6.28318530718,-1.6));
#4263 = VECTOR('',#4264,1.);
#4264 = DIRECTION('',(1.,-0.));
#4265 = ( GEOMETRIC_REPRESENTATION_CONTEXT(2) 
PARAMETRIC_REPRESENTATION_CONTEXT() REPRESENTATION_CONTEXT('2D SPACE',''
  ) );
#4266 = FACE_BOUND('',#4267,.F.);
#4267 = EDGE_LOOP('',(#4268));
#4268 = ORIENTED_EDGE('',*,*,#4269,.T.);
#4269 = EDGE_CURVE('',#4270,#4270,#4272,.T.);
#4270 = VERTEX_POINT('',#4271);
#4271 = CARTESIAN_POINT('',(9.15,-7.,27.6));
#4272 = SURFACE_CURVE('',#4273,(#4278,#4289),.PCURVE_S1.);
#4273 = CIRCLE('',#4274,1.15);
#4274 = AXIS2_PLACEMENT_3D('',#4275,#4276,#4277);
#4275 = CARTESIAN_POINT('',(8.,-7.,27.6));
#4276 = DIRECTION('',(0.,0.,-1.));
#4277 = DIRECTION('',(1.,0.,0.));
#4278 = PCURVE('',#3686,#4279);
#4279 = DEFINITIONAL_REPRESENTATION('',(#4280),#4288);
#4280 = ( BOUNDED_CURVE() B_SPLINE_CURVE(2,(#4281,#4282,#4283,#4284,
#4285,#4286,#4287),.UNSPECIFIED.,.T.,.F.) B_SPLINE_CURVE_WITH_KNOTS((1,2
    ,2,2,2,1),(-2.094395102393,0.,2.094395102393,4.188790204786,
6.28318530718,8.377580409573),.UNSPECIFIED.) CURVE() 
GEOMETRIC_REPRESENTATION_ITEM() RATIONAL_B_SPLINE_CURVE((1.,0.5,1.,0.5,
1.,0.5,1.)) REPRESENTATION_ITEM('') );
#4281 = CARTESIAN_POINT('',(9.15,-7.));
#4282 = CARTESIAN_POINT('',(9.15,-8.991858428704));
#4283 = CARTESIAN_POINT('',(7.425,-7.995929214352));
#4284 = CARTESIAN_POINT('',(5.7,-7.));
#4285 = CARTESIAN_POINT('',(7.425,-6.004070785648));
#4286 = CARTESIAN_POINT('',(9.15,-5.008141571296));
#4287 = CARTESIAN_POINT('',(9.15,-7.));
#4288 = ( GEOMETRIC_REPRESENTATION_CONTEXT(2) 
PARAMETRIC_REPRESENTATION_CONTEXT() REPRESENTATION_CONTEXT('2D SPACE',''
  ) );
#4289 = PCURVE('',#1223,#4290);
#4290 = DEFINITIONAL_REPRESENTATION('',(#4291),#4295);
#4291 = LINE('',#4292,#4293);
#4292 = CARTESIAN_POINT('',(-6.28318530718,-1.6));
#4293 = VECTOR('',#4294,1.);
#4294 = DIRECTION('',(1.,-0.));
#4295 = ( GEOMETRIC_REPRESENTATION_CONTEXT(2) 
PARAMETRIC_REPRESENTATION_CONTEXT() REPRESENTATION_CONTEXT('2D SPACE',''
  ) );
#4296 = FACE_BOUND('',#4297,.F.);
#4297 = EDGE_LOOP('',(#4298));
#4298 = ORIENTED_EDGE('',*,*,#4299,.T.);
#4299 = EDGE_CURVE('',#4300,#4300,#4302,.T.);
#4300 = VERTEX_POINT('',#4301);
#4301 = CARTESIAN_POINT('',(9.15,-3.,27.6));
#4302 = SURFACE_CURVE('',#4303,(#4308,#4319),.PCURVE_S1.);
#4303 = CIRCLE('',#4304,1.15);
#4304 = AXIS2_PLACEMENT_3D('',#4305,#4306,#4307);
#4305 = CARTESIAN_POINT('',(8.,-3.,27.6));
#4306 = DIRECTION('',(0.,0.,-1.));
#4307 = DIRECTION('',(1.,0.,0.));
#4308 = PCURVE('',#3686,#4309);
#4309 = DEFINITIONAL_REPRESENTATION('',(#4310),#4318);
#4310 = ( BOUNDED_CURVE() B_SPLINE_CURVE(2,(#4311,#4312,#4313,#4314,
#4315,#4316,#4317),.UNSPECIFIED.,.T.,.F.) B_SPLINE_CURVE_WITH_KNOTS((1,2
    ,2,2,2,1),(-2.094395102393,0.,2.094395102393,4.188790204786,
6.28318530718,8.377580409573),.UNSPECIFIED.) CURVE() 
GEOMETRIC_REPRESENTATION_ITEM() RATIONAL_B_SPLINE_CURVE((1.,0.5,1.,0.5,
1.,0.5,1.)) REPRESENTATION_ITEM('') );
#4311 = CARTESIAN_POINT('',(9.15,-3.));
#4312 = CARTESIAN_POINT('',(9.15,-4.991858428704));
#4313 = CARTESIAN_POINT('',(7.425,-3.995929214352));
#4314 = CARTESIAN_POINT('',(5.7,-3.));
#4315 = CARTESIAN_POINT('',(7.425,-2.004070785648));
#4316 = CARTESIAN_POINT('',(9.15,-1.008141571296));
#4317 = CARTESIAN_POINT('',(9.15,-3.));
#4318 = ( GEOMETRIC_REPRESENTATION_CONTEXT(2) 
PARAMETRIC_REPRESENTATION_CONTEXT() REPRESENTATION_CONTEXT('2D SPACE',''
  ) );
#4319 = PCURVE('',#1258,#4320);
#4320 = DEFINITIONAL_REPRESENTATION('',(#4321),#4325);
#4321 = LINE('',#4322,#4323);
#4322 = CARTESIAN_POINT('',(-6.28318530718,-1.6));
#4323 = VECTOR('',#4324,1.);
#4324 = DIRECTION('',(1.,-0.));
#4325 = ( GEOMETRIC_REPRESENTATION_CONTEXT(2) 
PARAMETRIC_REPRESENTATION_CONTEXT() REPRESENTATION_CONTEXT('2D SPACE',''
  ) );
#4326 = FACE_BOUND('',#4327,.F.);
#4327 = EDGE_LOOP('',(#4328));
#4328 = ORIENTED_EDGE('',*,*,#4329,.T.);
#4329 = EDGE_CURVE('',#4330,#4330,#4332,.T.);
#4330 = VERTEX_POINT('',#4331);
#4331 = CARTESIAN_POINT('',(13.15,-3.,27.6));
#4332 = SURFACE_CURVE('',#4333,(#4338,#4349),.PCURVE_S1.);
#4333 = CIRCLE('',#4334,1.15);
#4334 = AXIS2_PLACEMENT_3D('',#4335,#4336,#4337);
#4335 = CARTESIAN_POINT('',(12.,-3.,27.6));
#4336 = DIRECTION('',(0.,0.,-1.));
#4337 = DIRECTION('',(1.,0.,0.));
#4338 = PCURVE('',#3686,#4339);
#4339 = DEFINITIONAL_REPRESENTATION('',(#4340),#4348);
#4340 = ( BOUNDED_CURVE() B_SPLINE_CURVE(2,(#4341,#4342,#4343,#4344,
#4345,#4346,#4347),.UNSPECIFIED.,.T.,.F.) B_SPLINE_CURVE_WITH_KNOTS((1,2
    ,2,2,2,1),(-2.094395102393,0.,2.094395102393,4.188790204786,
6.28318530718,8.377580409573),.UNSPECIFIED.) CURVE() 
GEOMETRIC_REPRESENTATION_ITEM() RATIONAL_B_SPLINE_CURVE((1.,0.5,1.,0.5,
1.,0.5,1.)) REPRESENTATION_ITEM('') );
#4341 = CARTESIAN_POINT('',(13.15,-3.));
#4342 = CARTESIAN_POINT('',(13.15,-4.991858428704));
#4343 = CARTESIAN_POINT('',(11.425,-3.995929214352));
#4344 = CARTESIAN_POINT('',(9.7,-3.));
#4345 = CARTESIAN_POINT('',(11.425,-2.004070785648));
#4346 = CARTESIAN_POINT('',(13.15,-1.008141571296));
#4347 = CARTESIAN_POINT('',(13.15,-3.));
#4348 = ( GEOMETRIC_REPRESENTATION_CONTEXT(2) 
PARAMETRIC_REPRESENTATION_CONTEXT() REPRESENTATION_CONTEXT('2D SPACE',''
  ) );
#4349 = PCURVE('',#1293,#4350);
#4350 = DEFINITIONAL_REPRESENTATION('',(#4351),#4355);
#4351 = LINE('',#4352,#4353);
#4352 = CARTESIAN_POINT('',(-6.28318530718,-1.6));
#4353 = VECTOR('',#4354,1.);
#4354 = DIRECTION('',(1.,-0.));
#4355 = ( GEOMETRIC_REPRESENTATION_CONTEXT(2) 
PARAMETRIC_REPRESENTATION_CONTEXT() REPRESENTATION_CONTEXT('2D SPACE',''
  ) );
#4356 = FACE_BOUND('',#4357,.F.);
#4357 = EDGE_LOOP('',(#4358));
#4358 = ORIENTED_EDGE('',*,*,#4359,.T.);
#4359 = EDGE_CURVE('',#4360,#4360,#4362,.T.);
#4360 = VERTEX_POINT('',#4361);
#4361 = CARTESIAN_POINT('',(1.15,1.,27.6));
#4362 = SURFACE_CURVE('',#4363,(#4368,#4379),.PCURVE_S1.);
#4363 = CIRCLE('',#4364,1.15);
#4364 = AXIS2_PLACEMENT_3D('',#4365,#4366,#4367);
#4365 = CARTESIAN_POINT('',(0.,1.,27.6));
#4366 = DIRECTION('',(0.,0.,-1.));
#4367 = DIRECTION('',(1.,0.,0.));
#4368 = PCURVE('',#3686,#4369);
#4369 = DEFINITIONAL_REPRESENTATION('',(#4370),#4378);
#4370 = ( BOUNDED_CURVE() B_SPLINE_CURVE(2,(#4371,#4372,#4373,#4374,
#4375,#4376,#4377),.UNSPECIFIED.,.T.,.F.) B_SPLINE_CURVE_WITH_KNOTS((1,2
    ,2,2,2,1),(-2.094395102393,0.,2.094395102393,4.188790204786,
6.28318530718,8.377580409573),.UNSPECIFIED.) CURVE() 
GEOMETRIC_REPRESENTATION_ITEM() RATIONAL_B_SPLINE_CURVE((1.,0.5,1.,0.5,
1.,0.5,1.)) REPRESENTATION_ITEM('') );
#4371 = CARTESIAN_POINT('',(1.15,1.));
#4372 = CARTESIAN_POINT('',(1.15,-0.991858428704));
#4373 = CARTESIAN_POINT('',(-0.575,4.070785647895E-03));
#4374 = CARTESIAN_POINT('',(-2.3,1.));
#4375 = CARTESIAN_POINT('',(-0.575,1.995929214352));
#4376 = CARTESIAN_POINT('',(1.15,2.991858428704));
#4377 = CARTESIAN_POINT('',(1.15,1.));
#4378 = ( GEOMETRIC_REPRESENTATION_CONTEXT(2) 
PARAMETRIC_REPRESENTATION_CONTEXT() REPRESENTATION_CONTEXT('2D SPACE',''
  ) );
#4379 = PCURVE('',#1643,#4380);
#4380 = DEFINITIONAL_REPRESENTATION('',(#4381),#4385);
#4381 = LINE('',#4382,#4383);
#4382 = CARTESIAN_POINT('',(-6.28318530718,-1.6));
#4383 = VECTOR('',#4384,1.);
#4384 = DIRECTION('',(1.,-0.));
#4385 = ( GEOMETRIC_REPRESENTATION_CONTEXT(2) 
PARAMETRIC_REPRESENTATION_CONTEXT() REPRESENTATION_CONTEXT('2D SPACE',''
  ) );
#4386 = FACE_BOUND('',#4387,.F.);
#4387 = EDGE_LOOP('',(#4388));
#4388 = ORIENTED_EDGE('',*,*,#4389,.T.);
#4389 = EDGE_CURVE('',#4390,#4390,#4392,.T.);
#4390 = VERTEX_POINT('',#4391);
#4391 = CARTESIAN_POINT('',(5.15,1.,27.6));
#4392 = SURFACE_CURVE('',#4393,(#4398,#4409),.PCURVE_S1.);
#4393 = CIRCLE('',#4394,1.15);
#4394 = AXIS2_PLACEMENT_3D('',#4395,#4396,#4397);
#4395 = CARTESIAN_POINT('',(4.,1.,27.6));
#4396 = DIRECTION('',(0.,0.,-1.));
#4397 = DIRECTION('',(1.,0.,0.));
#4398 = PCURVE('',#3686,#4399);
#4399 = DEFINITIONAL_REPRESENTATION('',(#4400),#4408);
#4400 = ( BOUNDED_CURVE() B_SPLINE_CURVE(2,(#4401,#4402,#4403,#4404,
#4405,#4406,#4407),.UNSPECIFIED.,.T.,.F.) B_SPLINE_CURVE_WITH_KNOTS((1,2
    ,2,2,2,1),(-2.094395102393,0.,2.094395102393,4.188790204786,
6.28318530718,8.377580409573),.UNSPECIFIED.) CURVE() 
GEOMETRIC_REPRESENTATION_ITEM() RATIONAL_B_SPLINE_CURVE((1.,0.5,1.,0.5,
1.,0.5,1.)) REPRESENTATION_ITEM('') );
#4401 = CARTESIAN_POINT('',(5.15,1.));
#4402 = CARTESIAN_POINT('',(5.15,-0.991858428704));
#4403 = CARTESIAN_POINT('',(3.425,4.070785647895E-03));
#4404 = CARTESIAN_POINT('',(1.7,1.));
#4405 = CARTESIAN_POINT('',(3.425,1.995929214352));
#4406 = CARTESIAN_POINT('',(5.15,2.991858428704));
#4407 = CARTESIAN_POINT('',(5.15,1.));
#4408 = ( GEOMETRIC_REPRESENTATION_CONTEXT(2) 
PARAMETRIC_REPRESENTATION_CONTEXT() REPRESENTATION_CONTEXT('2D SPACE',''
  ) );
#4409 = PCURVE('',#2028,#4410);
#4410 = DEFINITIONAL_REPRESENTATION('',(#4411),#4415);
#4411 = LINE('',#4412,#4413);
#4412 = CARTESIAN_POINT('',(-6.28318530718,-1.6));
#4413 = VECTOR('',#4414,1.);
#4414 = DIRECTION('',(1.,-0.));
#4415 = ( GEOMETRIC_REPRESENTATION_CONTEXT(2) 
PARAMETRIC_REPRESENTATION_CONTEXT() REPRESENTATION_CONTEXT('2D SPACE',''
  ) );
#4416 = FACE_BOUND('',#4417,.F.);
#4417 = EDGE_LOOP('',(#4418));
#4418 = ORIENTED_EDGE('',*,*,#4419,.T.);
#4419 = EDGE_CURVE('',#4420,#4420,#4422,.T.);
#4420 = VERTEX_POINT('',#4421);
#4421 = CARTESIAN_POINT('',(9.15,1.,27.6));
#4422 = SURFACE_CURVE('',#4423,(#4428,#4439),.PCURVE_S1.);
#4423 = CIRCLE('',#4424,1.15);
#4424 = AXIS2_PLACEMENT_3D('',#4425,#4426,#4427);
#4425 = CARTESIAN_POINT('',(8.,1.,27.6));
#4426 = DIRECTION('',(0.,0.,-1.));
#4427 = DIRECTION('',(1.,0.,0.));
#4428 = PCURVE('',#3686,#4429);
#4429 = DEFINITIONAL_REPRESENTATION('',(#4430),#4438);
#4430 = ( BOUNDED_CURVE() B_SPLINE_CURVE(2,(#4431,#4432,#4433,#4434,
#4435,#4436,#4437),.UNSPECIFIED.,.T.,.F.) B_SPLINE_CURVE_WITH_KNOTS((1,2
    ,2,2,2,1),(-2.094395102393,0.,2.094395102393,4.188790204786,
6.28318530718,8.377580409573),.UNSPECIFIED.) CURVE() 
GEOMETRIC_REPRESENTATION_ITEM() RATIONAL_B_SPLINE_CURVE((1.,0.5,1.,0.5,
1.,0.5,1.)) REPRESENTATION_ITEM('') );
#4431 = CARTESIAN_POINT('',(9.15,1.));
#4432 = CARTESIAN_POINT('',(9.15,-0.991858428704));
#4433 = CARTESIAN_POINT('',(7.425,4.070785647895E-03));
#4434 = CARTESIAN_POINT('',(5.7,1.));
#4435 = CARTESIAN_POINT('',(7.425,1.995929214352));
#4436 = CARTESIAN_POINT('',(9.15,2.991858428704));
#4437 = CARTESIAN_POINT('',(9.15,1.));
#4438 = ( GEOMETRIC_REPRESENTATION_CONTEXT(2) 
PARAMETRIC_REPRESENTATION_CONTEXT() REPRESENTATION_CONTEXT('2D SPACE',''
  ) );
#4439 = PCURVE('',#2133,#4440);
#4440 = DEFINITIONAL_REPRESENTATION('',(#4441),#4445);
#4441 = LINE('',#4442,#4443);
#4442 = CARTESIAN_POINT('',(-6.28318530718,-1.6));
#4443 = VECTOR('',#4444,1.);
#4444 = DIRECTION('',(1.,-0.));
#4445 = ( GEOMETRIC_REPRESENTATION_CONTEXT(2) 
PARAMETRIC_REPRESENTATION_CONTEXT() REPRESENTATION_CONTEXT('2D SPACE',''
  ) );
#4446 = FACE_BOUND('',#4447,.F.);
#4447 = EDGE_LOOP('',(#4448));
#4448 = ORIENTED_EDGE('',*,*,#4449,.T.);
#4449 = EDGE_CURVE('',#4450,#4450,#4452,.T.);
#4450 = VERTEX_POINT('',#4451);
#4451 = CARTESIAN_POINT('',(13.15,1.,27.6));
#4452 = SURFACE_CURVE('',#4453,(#4458,#4469),.PCURVE_S1.);
#4453 = CIRCLE('',#4454,1.15);
#4454 = AXIS2_PLACEMENT_3D('',#4455,#4456,#4457);
#4455 = CARTESIAN_POINT('',(12.,1.,27.6));
#4456 = DIRECTION('',(0.,0.,-1.));
#4457 = DIRECTION('',(1.,0.,0.));
#4458 = PCURVE('',#3686,#4459);
#4459 = DEFINITIONAL_REPRESENTATION('',(#4460),#4468);
#4460 = ( BOUNDED_CURVE() B_SPLINE_CURVE(2,(#4461,#4462,#4463,#4464,
#4465,#4466,#4467),.UNSPECIFIED.,.T.,.F.) B_SPLINE_CURVE_WITH_KNOTS((1,2
    ,2,2,2,1),(-2.094395102393,0.,2.094395102393,4.188790204786,
6.28318530718,8.377580409573),.UNSPECIFIED.) CURVE() 
GEOMETRIC_REPRESENTATION_ITEM() RATIONAL_B_SPLINE_CURVE((1.,0.5,1.,0.5,
1.,0.5,1.)) REPRESENTATION_ITEM('') );
#4461 = CARTESIAN_POINT('',(13.15,1.));
#4462 = CARTESIAN_POINT('',(13.15,-0.991858428704));
#4463 = CARTESIAN_POINT('',(11.425,4.070785647895E-03));
#4464 = CARTESIAN_POINT('',(9.7,1.));
#4465 = CARTESIAN_POINT('',(11.425,1.995929214352));
#4466 = CARTESIAN_POINT('',(13.15,2.991858428704));
#4467 = CARTESIAN_POINT('',(13.15,1.));
#4468 = ( GEOMETRIC_REPRESENTATION_CONTEXT(2) 
PARAMETRIC_REPRESENTATION_CONTEXT() REPRESENTATION_CONTEXT('2D SPACE',''
  ) );
#4469 = PCURVE('',#2378,#4470);
#4470 = DEFINITIONAL_REPRESENTATION('',(#4471),#4475);
#4471 = LINE('',#4472,#4473);
#4472 = CARTESIAN_POINT('',(-6.28318530718,-1.6));
#4473 = VECTOR('',#4474,1.);
#4474 = DIRECTION('',(1.,-0.));
#4475 = ( GEOMETRIC_REPRESENTATION_CONTEXT(2) 
PARAMETRIC_REPRESENTATION_CONTEXT() REPRESENTATION_CONTEXT('2D SPACE',''
  ) );
#4476 = FACE_BOUND('',#4477,.F.);
#4477 = EDGE_LOOP('',(#4478));
#4478 = ORIENTED_EDGE('',*,*,#4479,.T.);
#4479 = EDGE_CURVE('',#4480,#4480,#4482,.T.);
#4480 = VERTEX_POINT('',#4481);
#4481 = CARTESIAN_POINT('',(-10.85,5.,27.6));
#4482 = SURFACE_CURVE('',#4483,(#4488,#4499),.PCURVE_S1.);
#4483 = CIRCLE('',#4484,1.15);
#4484 = AXIS2_PLACEMENT_3D('',#4485,#4486,#4487);
#4485 = CARTESIAN_POINT('',(-12.,5.,27.6));
#4486 = DIRECTION('',(0.,0.,-1.));
#4487 = DIRECTION('',(1.,0.,0.));
#4488 = PCURVE('',#3686,#4489);
#4489 = DEFINITIONAL_REPRESENTATION('',(#4490),#4498);
#4490 = ( BOUNDED_CURVE() B_SPLINE_CURVE(2,(#4491,#4492,#4493,#4494,
#4495,#4496,#4497),.UNSPECIFIED.,.T.,.F.) B_SPLINE_CURVE_WITH_KNOTS((1,2
    ,2,2,2,1),(-2.094395102393,0.,2.094395102393,4.188790204786,
6.28318530718,8.377580409573),.UNSPECIFIED.) CURVE() 
GEOMETRIC_REPRESENTATION_ITEM() RATIONAL_B_SPLINE_CURVE((1.,0.5,1.,0.5,
1.,0.5,1.)) REPRESENTATION_ITEM('') );
#4491 = CARTESIAN_POINT('',(-10.85,5.));
#4492 = CARTESIAN_POINT('',(-10.85,3.008141571296));
#4493 = CARTESIAN_POINT('',(-12.575,4.004070785648));
#4494 = CARTESIAN_POINT('',(-14.3,5.));
#4495 = CARTESIAN_POINT('',(-12.575,5.995929214352));
#4496 = CARTESIAN_POINT('',(-10.85,6.991858428704));
#4497 = CARTESIAN_POINT('',(-10.85,5.));
#4498 = ( GEOMETRIC_REPRESENTATION_CONTEXT(2) 
PARAMETRIC_REPRESENTATION_CONTEXT() REPRESENTATION_CONTEXT('2D SPACE',''
  ) );
#4499 = PCURVE('',#1363,#4500);
#4500 = DEFINITIONAL_REPRESENTATION('',(#4501),#4505);
#4501 = LINE('',#4502,#4503);
#4502 = CARTESIAN_POINT('',(-6.28318530718,-1.6));
#4503 = VECTOR('',#4504,1.);
#4504 = DIRECTION('',(1.,-0.));
#4505 = ( GEOMETRIC_REPRESENTATION_CONTEXT(2) 
PARAMETRIC_REPRESENTATION_CONTEXT() REPRESENTATION_CONTEXT('2D SPACE',''
  ) );
#4506 = FACE_BOUND('',#4507,.F.);
#4507 = EDGE_LOOP('',(#4508));
#4508 = ORIENTED_EDGE('',*,*,#4509,.T.);
#4509 = EDGE_CURVE('',#4510,#4510,#4512,.T.);
#4510 = VERTEX_POINT('',#4511);
#4511 = CARTESIAN_POINT('',(-6.85,5.,27.6));
#4512 = SURFACE_CURVE('',#4513,(#4518,#4529),.PCURVE_S1.);
#4513 = CIRCLE('',#4514,1.15);
#4514 = AXIS2_PLACEMENT_3D('',#4515,#4516,#4517);
#4515 = CARTESIAN_POINT('',(-8.,5.,27.6));
#4516 = DIRECTION('',(0.,0.,-1.));
#4517 = DIRECTION('',(1.,0.,0.));
#4518 = PCURVE('',#3686,#4519);
#4519 = DEFINITIONAL_REPRESENTATION('',(#4520),#4528);
#4520 = ( BOUNDED_CURVE() B_SPLINE_CURVE(2,(#4521,#4522,#4523,#4524,
#4525,#4526,#4527),.UNSPECIFIED.,.T.,.F.) B_SPLINE_CURVE_WITH_KNOTS((1,2
    ,2,2,2,1),(-2.094395102393,0.,2.094395102393,4.188790204786,
6.28318530718,8.377580409573),.UNSPECIFIED.) CURVE() 
GEOMETRIC_REPRESENTATION_ITEM() RATIONAL_B_SPLINE_CURVE((1.,0.5,1.,0.5,
1.,0.5,1.)) REPRESENTATION_ITEM('') );
#4521 = CARTESIAN_POINT('',(-6.85,5.));
#4522 = CARTESIAN_POINT('',(-6.85,3.008141571296));
#4523 = CARTESIAN_POINT('',(-8.575,4.004070785648));
#4524 = CARTESIAN_POINT('',(-10.3,5.));
#4525 = CARTESIAN_POINT('',(-8.575,5.995929214352));
#4526 = CARTESIAN_POINT('',(-6.85,6.991858428704));
#4527 = CARTESIAN_POINT('',(-6.85,5.));
#4528 = ( GEOMETRIC_REPRESENTATION_CONTEXT(2) 
PARAMETRIC_REPRESENTATION_CONTEXT() REPRESENTATION_CONTEXT('2D SPACE',''
  ) );
#4529 = PCURVE('',#1503,#4530);
#4530 = DEFINITIONAL_REPRESENTATION('',(#4531),#4535);
#4531 = LINE('',#4532,#4533);
#4532 = CARTESIAN_POINT('',(-6.28318530718,-1.6));
#4533 = VECTOR('',#4534,1.);
#4534 = DIRECTION('',(1.,-0.));
#4535 = ( GEOMETRIC_REPRESENTATION_CONTEXT(2) 
PARAMETRIC_REPRESENTATION_CONTEXT() REPRESENTATION_CONTEXT('2D SPACE',''
  ) );
#4536 = FACE_BOUND('',#4537,.F.);
#4537 = EDGE_LOOP('',(#4538));
#4538 = ORIENTED_EDGE('',*,*,#4539,.T.);
#4539 = EDGE_CURVE('',#4540,#4540,#4542,.T.);
#4540 = VERTEX_POINT('',#4541);
#4541 = CARTESIAN_POINT('',(-10.85,9.,27.6));
#4542 = SURFACE_CURVE('',#4543,(#4548,#4559),.PCURVE_S1.);
#4543 = CIRCLE('',#4544,1.15);
#4544 = AXIS2_PLACEMENT_3D('',#4545,#4546,#4547);
#4545 = CARTESIAN_POINT('',(-12.,9.,27.6));
#4546 = DIRECTION('',(0.,0.,-1.));
#4547 = DIRECTION('',(1.,0.,0.));
#4548 = PCURVE('',#3686,#4549);
#4549 = DEFINITIONAL_REPRESENTATION('',(#4550),#4558);
#4550 = ( BOUNDED_CURVE() B_SPLINE_CURVE(2,(#4551,#4552,#4553,#4554,
#4555,#4556,#4557),.UNSPECIFIED.,.T.,.F.) B_SPLINE_CURVE_WITH_KNOTS((1,2
    ,2,2,2,1),(-2.094395102393,0.,2.094395102393,4.188790204786,
6.28318530718,8.377580409573),.UNSPECIFIED.) CURVE() 
GEOMETRIC_REPRESENTATION_ITEM() RATIONAL_B_SPLINE_CURVE((1.,0.5,1.,0.5,
1.,0.5,1.)) REPRESENTATION_ITEM('') );
#4551 = CARTESIAN_POINT('',(-10.85,9.));
#4552 = CARTESIAN_POINT('',(-10.85,7.008141571296));
#4553 = CARTESIAN_POINT('',(-12.575,8.004070785648));
#4554 = CARTESIAN_POINT('',(-14.3,9.));
#4555 = CARTESIAN_POINT('',(-12.575,9.995929214352));
#4556 = CARTESIAN_POINT('',(-10.85,10.991858428704));
#4557 = CARTESIAN_POINT('',(-10.85,9.));
#4558 = ( GEOMETRIC_REPRESENTATION_CONTEXT(2) 
PARAMETRIC_REPRESENTATION_CONTEXT() REPRESENTATION_CONTEXT('2D SPACE',''
  ) );
#4559 = PCURVE('',#1398,#4560);
#4560 = DEFINITIONAL_REPRESENTATION('',(#4561),#4565);
#4561 = LINE('',#4562,#4563);
#4562 = CARTESIAN_POINT('',(-6.28318530718,-1.6));
#4563 = VECTOR('',#4564,1.);
#4564 = DIRECTION('',(1.,-0.));
#4565 = ( GEOMETRIC_REPRESENTATION_CONTEXT(2) 
PARAMETRIC_REPRESENTATION_CONTEXT() REPRESENTATION_CONTEXT('2D SPACE',''
  ) );
#4566 = FACE_BOUND('',#4567,.F.);
#4567 = EDGE_LOOP('',(#4568));
#4568 = ORIENTED_EDGE('',*,*,#4569,.T.);
#4569 = EDGE_CURVE('',#4570,#4570,#4572,.T.);
#4570 = VERTEX_POINT('',#4571);
#4571 = CARTESIAN_POINT('',(-6.85,9.,27.6));
#4572 = SURFACE_CURVE('',#4573,(#4578,#4589),.PCURVE_S1.);
#4573 = CIRCLE('',#4574,1.15);
#4574 = AXIS2_PLACEMENT_3D('',#4575,#4576,#4577);
#4575 = CARTESIAN_POINT('',(-8.,9.,27.6));
#4576 = DIRECTION('',(0.,0.,-1.));
#4577 = DIRECTION('',(1.,0.,0.));
#4578 = PCURVE('',#3686,#4579);
#4579 = DEFINITIONAL_REPRESENTATION('',(#4580),#4588);
#4580 = ( BOUNDED_CURVE() B_SPLINE_CURVE(2,(#4581,#4582,#4583,#4584,
#4585,#4586,#4587),.UNSPECIFIED.,.T.,.F.) B_SPLINE_CURVE_WITH_KNOTS((1,2
    ,2,2,2,1),(-2.094395102393,0.,2.094395102393,4.188790204786,
6.28318530718,8.377580409573),.UNSPECIFIED.) CURVE() 
GEOMETRIC_REPRESENTATION_ITEM() RATIONAL_B_SPLINE_CURVE((1.,0.5,1.,0.5,
1.,0.5,1.)) REPRESENTATION_ITEM('') );
#4581 = CARTESIAN_POINT('',(-6.85,9.));
#4582 = CARTESIAN_POINT('',(-6.85,7.008141571296));
#4583 = CARTESIAN_POINT('',(-8.575,8.004070785648));
#4584 = CARTESIAN_POINT('',(-10.3,9.));
#4585 = CARTESIAN_POINT('',(-8.575,9.995929214352));
#4586 = CARTESIAN_POINT('',(-6.85,10.991858428704));
#4587 = CARTESIAN_POINT('',(-6.85,9.));
#4588 = ( GEOMETRIC_REPRESENTATION_CONTEXT(2) 
PARAMETRIC_REPRESENTATION_CONTEXT() REPRESENTATION_CONTEXT('2D SPACE',''
  ) );
#4589 = PCURVE('',#1538,#4590);
#4590 = DEFINITIONAL_REPRESENTATION('',(#4591),#4595);
#4591 = LINE('',#4592,#4593);
#4592 = CARTESIAN_POINT('',(-6.28318530718,-1.6));
#4593 = VECTOR('',#4594,1.);
#4594 = DIRECTION('',(1.,-0.));
#4595 = ( GEOMETRIC_REPRESENTATION_CONTEXT(2) 
PARAMETRIC_REPRESENTATION_CONTEXT() REPRESENTATION_CONTEXT('2D SPACE',''
  ) );
#4596 = FACE_BOUND('',#4597,.F.);
#4597 = EDGE_LOOP('',(#4598));
#4598 = ORIENTED_EDGE('',*,*,#4599,.T.);
#4599 = EDGE_CURVE('',#4600,#4600,#4602,.T.);
#4600 = VERTEX_POINT('',#4601);
#4601 = CARTESIAN_POINT('',(-2.85,5.,27.6));
#4602 = SURFACE_CURVE('',#4603,(#4608,#4619),.PCURVE_S1.);
#4603 = CIRCLE('',#4604,1.15);
#4604 = AXIS2_PLACEMENT_3D('',#4605,#4606,#4607);
#4605 = CARTESIAN_POINT('',(-4.,5.,27.6));
#4606 = DIRECTION('',(0.,0.,-1.));
#4607 = DIRECTION('',(1.,0.,0.));
#4608 = PCURVE('',#3686,#4609);
#4609 = DEFINITIONAL_REPRESENTATION('',(#4610),#4618);
#4610 = ( BOUNDED_CURVE() B_SPLINE_CURVE(2,(#4611,#4612,#4613,#4614,
#4615,#4616,#4617),.UNSPECIFIED.,.T.,.F.) B_SPLINE_CURVE_WITH_KNOTS((1,2
    ,2,2,2,1),(-2.094395102393,0.,2.094395102393,4.188790204786,
6.28318530718,8.377580409573),.UNSPECIFIED.) CURVE() 
GEOMETRIC_REPRESENTATION_ITEM() RATIONAL_B_SPLINE_CURVE((1.,0.5,1.,0.5,
1.,0.5,1.)) REPRESENTATION_ITEM('') );
#4611 = CARTESIAN_POINT('',(-2.85,5.));
#4612 = CARTESIAN_POINT('',(-2.85,3.008141571296));
#4613 = CARTESIAN_POINT('',(-4.575,4.004070785648));
#4614 = CARTESIAN_POINT('',(-6.3,5.));
#4615 = CARTESIAN_POINT('',(-4.575,5.995929214352));
#4616 = CARTESIAN_POINT('',(-2.85,6.991858428704));
#4617 = CARTESIAN_POINT('',(-2.85,5.));
#4618 = ( GEOMETRIC_REPRESENTATION_CONTEXT(2) 
PARAMETRIC_REPRESENTATION_CONTEXT() REPRESENTATION_CONTEXT('2D SPACE',''
  ) );
#4619 = PCURVE('',#1608,#4620);
#4620 = DEFINITIONAL_REPRESENTATION('',(#4621),#4625);
#4621 = LINE('',#4622,#4623);
#4622 = CARTESIAN_POINT('',(-6.28318530718,-1.6));
#4623 = VECTOR('',#4624,1.);
#4624 = DIRECTION('',(1.,-0.));
#4625 = ( GEOMETRIC_REPRESENTATION_CONTEXT(2) 
PARAMETRIC_REPRESENTATION_CONTEXT() REPRESENTATION_CONTEXT('2D SPACE',''
  ) );
#4626 = FACE_BOUND('',#4627,.F.);
#4627 = EDGE_LOOP('',(#4628));
#4628 = ORIENTED_EDGE('',*,*,#4629,.T.);
#4629 = EDGE_CURVE('',#4630,#4630,#4632,.T.);
#4630 = VERTEX_POINT('',#4631);
#4631 = CARTESIAN_POINT('',(-2.85,9.,27.6));
#4632 = SURFACE_CURVE('',#4633,(#4638,#4649),.PCURVE_S1.);
#4633 = CIRCLE('',#4634,1.15);
#4634 = AXIS2_PLACEMENT_3D('',#4635,#4636,#4637);
#4635 = CARTESIAN_POINT('',(-4.,9.,27.6));
#4636 = DIRECTION('',(0.,0.,-1.));
#4637 = DIRECTION('',(1.,0.,0.));
#4638 = PCURVE('',#3686,#4639);
#4639 = DEFINITIONAL_REPRESENTATION('',(#4640),#4648);
#4640 = ( BOUNDED_CURVE() B_SPLINE_CURVE(2,(#4641,#4642,#4643,#4644,
#4645,#4646,#4647),.UNSPECIFIED.,.T.,.F.) B_SPLINE_CURVE_WITH_KNOTS((1,2
    ,2,2,2,1),(-2.094395102393,0.,2.094395102393,4.188790204786,
6.28318530718,8.377580409573),.UNSPECIFIED.) CURVE() 
GEOMETRIC_REPRESENTATION_ITEM() RATIONAL_B_SPLINE_CURVE((1.,0.5,1.,0.5,
1.,0.5,1.)) REPRESENTATION_ITEM('') );
#4641 = CARTESIAN_POINT('',(-2.85,9.));
#4642 = CARTESIAN_POINT('',(-2.85,7.008141571296));
#4643 = CARTESIAN_POINT('',(-4.575,8.004070785648));
#4644 = CARTESIAN_POINT('',(-6.3,9.));
#4645 = CARTESIAN_POINT('',(-4.575,9.995929214352));
#4646 = CARTESIAN_POINT('',(-2.85,10.991858428704));
#4647 = CARTESIAN_POINT('',(-2.85,9.));
#4648 = ( GEOMETRIC_REPRESENTATION_CONTEXT(2) 
PARAMETRIC_REPRESENTATION_CONTEXT() REPRESENTATION_CONTEXT('2D SPACE',''
  ) );
#4649 = PCURVE('',#1713,#4650);
#4650 = DEFINITIONAL_REPRESENTATION('',(#4651),#4655);
#4651 = LINE('',#4652,#4653);
#4652 = CARTESIAN_POINT('',(-6.28318530718,-1.6));
#4653 = VECTOR('',#4654,1.);
#4654 = DIRECTION('',(1.,-0.));
#4655 = ( GEOMETRIC_REPRESENTATION_CONTEXT(2) 
PARAMETRIC_REPRESENTATION_CONTEXT() REPRESENTATION_CONTEXT('2D SPACE',''
  ) );
#4656 = FACE_BOUND('',#4657,.F.);
#4657 = EDGE_LOOP('',(#4658));
#4658 = ORIENTED_EDGE('',*,*,#4659,.T.);
#4659 = EDGE_CURVE('',#4660,#4660,#4662,.T.);
#4660 = VERTEX_POINT('',#4661);
#4661 = CARTESIAN_POINT('',(-10.85,13.,27.6));
#4662 = SURFACE_CURVE('',#4663,(#4668,#4679),.PCURVE_S1.);
#4663 = CIRCLE('',#4664,1.15);
#4664 = AXIS2_PLACEMENT_3D('',#4665,#4666,#4667);
#4665 = CARTESIAN_POINT('',(-12.,13.,27.6));
#4666 = DIRECTION('',(0.,0.,-1.));
#4667 = DIRECTION('',(1.,0.,0.));
#4668 = PCURVE('',#3686,#4669);
#4669 = DEFINITIONAL_REPRESENTATION('',(#4670),#4678);
#4670 = ( BOUNDED_CURVE() B_SPLINE_CURVE(2,(#4671,#4672,#4673,#4674,
#4675,#4676,#4677),.UNSPECIFIED.,.T.,.F.) B_SPLINE_CURVE_WITH_KNOTS((1,2
    ,2,2,2,1),(-2.094395102393,0.,2.094395102393,4.188790204786,
6.28318530718,8.377580409573),.UNSPECIFIED.) CURVE() 
GEOMETRIC_REPRESENTATION_ITEM() RATIONAL_B_SPLINE_CURVE((1.,0.5,1.,0.5,
1.,0.5,1.)) REPRESENTATION_ITEM('') );
#4671 = CARTESIAN_POINT('',(-10.85,13.));
#4672 = CARTESIAN_POINT('',(-10.85,11.008141571296));
#4673 = CARTESIAN_POINT('',(-12.575,12.004070785648));
#4674 = CARTESIAN_POINT('',(-14.3,13.));
#4675 = CARTESIAN_POINT('',(-12.575,13.995929214352));
#4676 = CARTESIAN_POINT('',(-10.85,14.991858428704));
#4677 = CARTESIAN_POINT('',(-10.85,13.));
#4678 = ( GEOMETRIC_REPRESENTATION_CONTEXT(2) 
PARAMETRIC_REPRESENTATION_CONTEXT() REPRESENTATION_CONTEXT('2D SPACE',''
  ) );
#4679 = PCURVE('',#1433,#4680);
#4680 = DEFINITIONAL_REPRESENTATION('',(#4681),#4685);
#4681 = LINE('',#4682,#4683);
#4682 = CARTESIAN_POINT('',(-6.28318530718,-1.6));
#4683 = VECTOR('',#4684,1.);
#4684 = DIRECTION('',(1.,-0.));
#4685 = ( GEOMETRIC_REPRESENTATION_CONTEXT(2) 
PARAMETRIC_REPRESENTATION_CONTEXT() REPRESENTATION_CONTEXT('2D SPACE',''
  ) );
#4686 = FACE_BOUND('',#4687,.F.);
#4687 = EDGE_LOOP('',(#4688));
#4688 = ORIENTED_EDGE('',*,*,#4689,.T.);
#4689 = EDGE_CURVE('',#4690,#4690,#4692,.T.);
#4690 = VERTEX_POINT('',#4691);
#4691 = CARTESIAN_POINT('',(-6.85,13.,27.6));
#4692 = SURFACE_CURVE('',#4693,(#4698,#4709),.PCURVE_S1.);
#4693 = CIRCLE('',#4694,1.15);
#4694 = AXIS2_PLACEMENT_3D('',#4695,#4696,#4697);
#4695 = CARTESIAN_POINT('',(-8.,13.,27.6));
#4696 = DIRECTION('',(0.,0.,-1.));
#4697 = DIRECTION('',(1.,0.,0.));
#4698 = PCURVE('',#3686,#4699);
#4699 = DEFINITIONAL_REPRESENTATION('',(#4700),#4708);
#4700 = ( BOUNDED_CURVE() B_SPLINE_CURVE(2,(#4701,#4702,#4703,#4704,
#4705,#4706,#4707),.UNSPECIFIED.,.T.,.F.) B_SPLINE_CURVE_WITH_KNOTS((1,2
    ,2,2,2,1),(-2.094395102393,0.,2.094395102393,4.188790204786,
6.28318530718,8.377580409573),.UNSPECIFIED.) CURVE() 
GEOMETRIC_REPRESENTATION_ITEM() RATIONAL_B_SPLINE_CURVE((1.,0.5,1.,0.5,
1.,0.5,1.)) REPRESENTATION_ITEM('') );
#4701 = CARTESIAN_POINT('',(-6.85,13.));
#4702 = CARTESIAN_POINT('',(-6.85,11.008141571296));
#4703 = CARTESIAN_POINT('',(-8.575,12.004070785648));
#4704 = CARTESIAN_POINT('',(-10.3,13.));
#4705 = CARTESIAN_POINT('',(-8.575,13.995929214352));
#4706 = CARTESIAN_POINT('',(-6.85,14.991858428704));
#4707 = CARTESIAN_POINT('',(-6.85,13.));
#4708 = ( GEOMETRIC_REPRESENTATION_CONTEXT(2) 
PARAMETRIC_REPRESENTATION_CONTEXT() REPRESENTATION_CONTEXT('2D SPACE',''
  ) );
#4709 = PCURVE('',#1783,#4710);
#4710 = DEFINITIONAL_REPRESENTATION('',(#4711),#4715);
#4711 = LINE('',#4712,#4713);
#4712 = CARTESIAN_POINT('',(-6.28318530718,-1.6));
#4713 = VECTOR('',#4714,1.);
#4714 = DIRECTION('',(1.,-0.));
#4715 = ( GEOMETRIC_REPRESENTATION_CONTEXT(2) 
PARAMETRIC_REPRESENTATION_CONTEXT() REPRESENTATION_CONTEXT('2D SPACE',''
  ) );
#4716 = FACE_BOUND('',#4717,.F.);
#4717 = EDGE_LOOP('',(#4718));
#4718 = ORIENTED_EDGE('',*,*,#4719,.T.);
#4719 = EDGE_CURVE('',#4720,#4720,#4722,.T.);
#4720 = VERTEX_POINT('',#4721);
#4721 = CARTESIAN_POINT('',(-6.85,17.,27.6));
#4722 = SURFACE_CURVE('',#4723,(#4728,#4739),.PCURVE_S1.);
#4723 = CIRCLE('',#4724,1.15);
#4724 = AXIS2_PLACEMENT_3D('',#4725,#4726,#4727);
#4725 = CARTESIAN_POINT('',(-8.,17.,27.6));
#4726 = DIRECTION('',(0.,0.,-1.));
#4727 = DIRECTION('',(1.,0.,0.));
#4728 = PCURVE('',#3686,#4729);
#4729 = DEFINITIONAL_REPRESENTATION('',(#4730),#4738);
#4730 = ( BOUNDED_CURVE() B_SPLINE_CURVE(2,(#4731,#4732,#4733,#4734,
#4735,#4736,#4737),.UNSPECIFIED.,.T.,.F.) B_SPLINE_CURVE_WITH_KNOTS((1,2
    ,2,2,2,1),(-2.094395102393,0.,2.094395102393,4.188790204786,
6.28318530718,8.377580409573),.UNSPECIFIED.) CURVE() 
GEOMETRIC_REPRESENTATION_ITEM() RATIONAL_B_SPLINE_CURVE((1.,0.5,1.,0.5,
1.,0.5,1.)) REPRESENTATION_ITEM('') );
#4731 = CARTESIAN_POINT('',(-6.85,17.));
#4732 = CARTESIAN_POINT('',(-6.85,15.008141571296));
#4733 = CARTESIAN_POINT('',(-8.575,16.004070785648));
#4734 = CARTESIAN_POINT('',(-10.3,17.));
#4735 = CARTESIAN_POINT('',(-8.575,17.995929214352));
#4736 = CARTESIAN_POINT('',(-6.85,18.991858428704));
#4737 = CARTESIAN_POINT('',(-6.85,17.));
#4738 = ( GEOMETRIC_REPRESENTATION_CONTEXT(2) 
PARAMETRIC_REPRESENTATION_CONTEXT() REPRESENTATION_CONTEXT('2D SPACE',''
  ) );
#4739 = PCURVE('',#1818,#4740);
#4740 = DEFINITIONAL_REPRESENTATION('',(#4741),#4745);
#4741 = LINE('',#4742,#4743);
#4742 = CARTESIAN_POINT('',(-6.28318530718,-1.6));
#4743 = VECTOR('',#4744,1.);
#4744 = DIRECTION('',(1.,-0.));
#4745 = ( GEOMETRIC_REPRESENTATION_CONTEXT(2) 
PARAMETRIC_REPRESENTATION_CONTEXT() REPRESENTATION_CONTEXT('2D SPACE',''
  ) );
#4746 = FACE_BOUND('',#4747,.F.);
#4747 = EDGE_LOOP('',(#4748));
#4748 = ORIENTED_EDGE('',*,*,#4749,.T.);
#4749 = EDGE_CURVE('',#4750,#4750,#4752,.T.);
#4750 = VERTEX_POINT('',#4751);
#4751 = CARTESIAN_POINT('',(-2.85,13.,27.6));
#4752 = SURFACE_CURVE('',#4753,(#4758,#4769),.PCURVE_S1.);
#4753 = CIRCLE('',#4754,1.15);
#4754 = AXIS2_PLACEMENT_3D('',#4755,#4756,#4757);
#4755 = CARTESIAN_POINT('',(-4.,13.,27.6));
#4756 = DIRECTION('',(0.,0.,-1.));
#4757 = DIRECTION('',(1.,0.,0.));
#4758 = PCURVE('',#3686,#4759);
#4759 = DEFINITIONAL_REPRESENTATION('',(#4760),#4768);
#4760 = ( BOUNDED_CURVE() B_SPLINE_CURVE(2,(#4761,#4762,#4763,#4764,
#4765,#4766,#4767),.UNSPECIFIED.,.T.,.F.) B_SPLINE_CURVE_WITH_KNOTS((1,2
    ,2,2,2,1),(-2.094395102393,0.,2.094395102393,4.188790204786,
6.28318530718,8.377580409573),.UNSPECIFIED.) CURVE() 
GEOMETRIC_REPRESENTATION_ITEM() RATIONAL_B_SPLINE_CURVE((1.,0.5,1.,0.5,
1.,0.5,1.)) REPRESENTATION_ITEM('') );
#4761 = CARTESIAN_POINT('',(-2.85,13.));
#4762 = CARTESIAN_POINT('',(-2.85,11.008141571296));
#4763 = CARTESIAN_POINT('',(-4.575,12.004070785648));
#4764 = CARTESIAN_POINT('',(-6.3,13.));
#4765 = CARTESIAN_POINT('',(-4.575,13.995929214352));
#4766 = CARTESIAN_POINT('',(-2.85,14.991858428704));
#4767 = CARTESIAN_POINT('',(-2.85,13.));
#4768 = ( GEOMETRIC_REPRESENTATION_CONTEXT(2) 
PARAMETRIC_REPRESENTATION_CONTEXT() REPRESENTATION_CONTEXT('2D SPACE',''
  ) );
#4769 = PCURVE('',#1853,#4770);
#4770 = DEFINITIONAL_REPRESENTATION('',(#4771),#4775);
#4771 = LINE('',#4772,#4773);
#4772 = CARTESIAN_POINT('',(-6.28318530718,-1.6));
#4773 = VECTOR('',#4774,1.);
#4774 = DIRECTION('',(1.,-0.));
#4775 = ( GEOMETRIC_REPRESENTATION_CONTEXT(2) 
PARAMETRIC_REPRESENTATION_CONTEXT() REPRESENTATION_CONTEXT('2D SPACE',''
  ) );
#4776 = FACE_BOUND('',#4777,.F.);
#4777 = EDGE_LOOP('',(#4778));
#4778 = ORIENTED_EDGE('',*,*,#4779,.T.);
#4779 = EDGE_CURVE('',#4780,#4780,#4782,.T.);
#4780 = VERTEX_POINT('',#4781);
#4781 = CARTESIAN_POINT('',(-2.85,17.,27.6));
#4782 = SURFACE_CURVE('',#4783,(#4788,#4799),.PCURVE_S1.);
#4783 = CIRCLE('',#4784,1.15);
#4784 = AXIS2_PLACEMENT_3D('',#4785,#4786,#4787);
#4785 = CARTESIAN_POINT('',(-4.,17.,27.6));
#4786 = DIRECTION('',(0.,0.,-1.));
#4787 = DIRECTION('',(1.,0.,0.));
#4788 = PCURVE('',#3686,#4789);
#4789 = DEFINITIONAL_REPRESENTATION('',(#4790),#4798);
#4790 = ( BOUNDED_CURVE() B_SPLINE_CURVE(2,(#4791,#4792,#4793,#4794,
#4795,#4796,#4797),.UNSPECIFIED.,.T.,.F.) B_SPLINE_CURVE_WITH_KNOTS((1,2
    ,2,2,2,1),(-2.094395102393,0.,2.094395102393,4.188790204786,
6.28318530718,8.377580409573),.UNSPECIFIED.) CURVE() 
GEOMETRIC_REPRESENTATION_ITEM() RATIONAL_B_SPLINE_CURVE((1.,0.5,1.,0.5,
1.,0.5,1.)) REPRESENTATION_ITEM('') );
#4791 = CARTESIAN_POINT('',(-2.85,17.));
#4792 = CARTESIAN_POINT('',(-2.85,15.008141571296));
#4793 = CARTESIAN_POINT('',(-4.575,16.004070785648));
#4794 = CARTESIAN_POINT('',(-6.3,17.));
#4795 = CARTESIAN_POINT('',(-4.575,17.995929214352));
#4796 = CARTESIAN_POINT('',(-2.85,18.991858428704));
#4797 = CARTESIAN_POINT('',(-2.85,17.));
#4798 = ( GEOMETRIC_REPRESENTATION_CONTEXT(2) 
PARAMETRIC_REPRESENTATION_CONTEXT() REPRESENTATION_CONTEXT('2D SPACE',''
  ) );
#4799 = PCURVE('',#1923,#4800);
#4800 = DEFINITIONAL_REPRESENTATION('',(#4801),#4805);
#4801 = LINE('',#4802,#4803);
#4802 = CARTESIAN_POINT('',(-6.28318530718,-1.6));
#4803 = VECTOR('',#4804,1.);
#4804 = DIRECTION('',(1.,-0.));
#4805 = ( GEOMETRIC_REPRESENTATION_CONTEXT(2) 
PARAMETRIC_REPRESENTATION_CONTEXT() REPRESENTATION_CONTEXT('2D SPACE',''
  ) );
#4806 = FACE_BOUND('',#4807,.F.);
#4807 = EDGE_LOOP('',(#4808));
#4808 = ORIENTED_EDGE('',*,*,#4809,.T.);
#4809 = EDGE_CURVE('',#4810,#4810,#4812,.T.);
#4810 = VERTEX_POINT('',#4811);
#4811 = CARTESIAN_POINT('',(1.15,5.,27.6));
#4812 = SURFACE_CURVE('',#4813,(#4818,#4829),.PCURVE_S1.);
#4813 = CIRCLE('',#4814,1.15);
#4814 = AXIS2_PLACEMENT_3D('',#4815,#4816,#4817);
#4815 = CARTESIAN_POINT('',(0.,5.,27.6));
#4816 = DIRECTION('',(0.,0.,-1.));
#4817 = DIRECTION('',(1.,0.,0.));
#4818 = PCURVE('',#3686,#4819);
#4819 = DEFINITIONAL_REPRESENTATION('',(#4820),#4828);
#4820 = ( BOUNDED_CURVE() B_SPLINE_CURVE(2,(#4821,#4822,#4823,#4824,
#4825,#4826,#4827),.UNSPECIFIED.,.T.,.F.) B_SPLINE_CURVE_WITH_KNOTS((1,2
    ,2,2,2,1),(-2.094395102393,0.,2.094395102393,4.188790204786,
6.28318530718,8.377580409573),.UNSPECIFIED.) CURVE() 
GEOMETRIC_REPRESENTATION_ITEM() RATIONAL_B_SPLINE_CURVE((1.,0.5,1.,0.5,
1.,0.5,1.)) REPRESENTATION_ITEM('') );
#4821 = CARTESIAN_POINT('',(1.15,5.));
#4822 = CARTESIAN_POINT('',(1.15,3.008141571296));
#4823 = CARTESIAN_POINT('',(-0.575,4.004070785648));
#4824 = CARTESIAN_POINT('',(-2.3,5.));
#4825 = CARTESIAN_POINT('',(-0.575,5.995929214352));
#4826 = CARTESIAN_POINT('',(1.15,6.991858428704));
#4827 = CARTESIAN_POINT('',(1.15,5.));
#4828 = ( GEOMETRIC_REPRESENTATION_CONTEXT(2) 
PARAMETRIC_REPRESENTATION_CONTEXT() REPRESENTATION_CONTEXT('2D SPACE',''
  ) );
#4829 = PCURVE('',#1678,#4830);
#4830 = DEFINITIONAL_REPRESENTATION('',(#4831),#4835);
#4831 = LINE('',#4832,#4833);
#4832 = CARTESIAN_POINT('',(-6.28318530718,-1.6));
#4833 = VECTOR('',#4834,1.);
#4834 = DIRECTION('',(1.,-0.));
#4835 = ( GEOMETRIC_REPRESENTATION_CONTEXT(2) 
PARAMETRIC_REPRESENTATION_CONTEXT() REPRESENTATION_CONTEXT('2D SPACE',''
  ) );
#4836 = FACE_BOUND('',#4837,.F.);
#4837 = EDGE_LOOP('',(#4838));
#4838 = ORIENTED_EDGE('',*,*,#4839,.T.);
#4839 = EDGE_CURVE('',#4840,#4840,#4842,.T.);
#4840 = VERTEX_POINT('',#4841);
#4841 = CARTESIAN_POINT('',(5.15,5.,27.6));
#4842 = SURFACE_CURVE('',#4843,(#4848,#4859),.PCURVE_S1.);
#4843 = CIRCLE('',#4844,1.15);
#4844 = AXIS2_PLACEMENT_3D('',#4845,#4846,#4847);
#4845 = CARTESIAN_POINT('',(4.,5.,27.6));
#4846 = DIRECTION('',(0.,0.,-1.));
#4847 = DIRECTION('',(1.,0.,0.));
#4848 = PCURVE('',#3686,#4849);
#4849 = DEFINITIONAL_REPRESENTATION('',(#4850),#4858);
#4850 = ( BOUNDED_CURVE() B_SPLINE_CURVE(2,(#4851,#4852,#4853,#4854,
#4855,#4856,#4857),.UNSPECIFIED.,.T.,.F.) B_SPLINE_CURVE_WITH_KNOTS((1,2
    ,2,2,2,1),(-2.094395102393,0.,2.094395102393,4.188790204786,
6.28318530718,8.377580409573),.UNSPECIFIED.) CURVE() 
GEOMETRIC_REPRESENTATION_ITEM() RATIONAL_B_SPLINE_CURVE((1.,0.5,1.,0.5,
1.,0.5,1.)) REPRESENTATION_ITEM('') );
#4851 = CARTESIAN_POINT('',(5.15,5.));
#4852 = CARTESIAN_POINT('',(5.15,3.008141571296));
#4853 = CARTESIAN_POINT('',(3.425,4.004070785648));
#4854 = CARTESIAN_POINT('',(1.7,5.));
#4855 = CARTESIAN_POINT('',(3.425,5.995929214352));
#4856 = CARTESIAN_POINT('',(5.15,6.991858428704));
#4857 = CARTESIAN_POINT('',(5.15,5.));
#4858 = ( GEOMETRIC_REPRESENTATION_CONTEXT(2) 
PARAMETRIC_REPRESENTATION_CONTEXT() REPRESENTATION_CONTEXT('2D SPACE',''
  ) );
#4859 = PCURVE('',#2063,#4860);
#4860 = DEFINITIONAL_REPRESENTATION('',(#4861),#4865);
#4861 = LINE('',#4862,#4863);
#4862 = CARTESIAN_POINT('',(-6.28318530718,-1.6));
#4863 = VECTOR('',#4864,1.);
#4864 = DIRECTION('',(1.,-0.));
#4865 = ( GEOMETRIC_REPRESENTATION_CONTEXT(2) 
PARAMETRIC_REPRESENTATION_CONTEXT() REPRESENTATION_CONTEXT('2D SPACE',''
  ) );
#4866 = FACE_BOUND('',#4867,.F.);
#4867 = EDGE_LOOP('',(#4868));
#4868 = ORIENTED_EDGE('',*,*,#4869,.T.);
#4869 = EDGE_CURVE('',#4870,#4870,#4872,.T.);
#4870 = VERTEX_POINT('',#4871);
#4871 = CARTESIAN_POINT('',(1.15,9.,27.6));
#4872 = SURFACE_CURVE('',#4873,(#4878,#4889),.PCURVE_S1.);
#4873 = CIRCLE('',#4874,1.15);
#4874 = AXIS2_PLACEMENT_3D('',#4875,#4876,#4877);
#4875 = CARTESIAN_POINT('',(0.,9.,27.6));
#4876 = DIRECTION('',(0.,0.,-1.));
#4877 = DIRECTION('',(1.,0.,0.));
#4878 = PCURVE('',#3686,#4879);
#4879 = DEFINITIONAL_REPRESENTATION('',(#4880),#4888);
#4880 = ( BOUNDED_CURVE() B_SPLINE_CURVE(2,(#4881,#4882,#4883,#4884,
#4885,#4886,#4887),.UNSPECIFIED.,.T.,.F.) B_SPLINE_CURVE_WITH_KNOTS((1,2
    ,2,2,2,1),(-2.094395102393,0.,2.094395102393,4.188790204786,
6.28318530718,8.377580409573),.UNSPECIFIED.) CURVE() 
GEOMETRIC_REPRESENTATION_ITEM() RATIONAL_B_SPLINE_CURVE((1.,0.5,1.,0.5,
1.,0.5,1.)) REPRESENTATION_ITEM('') );
#4881 = CARTESIAN_POINT('',(1.15,9.));
#4882 = CARTESIAN_POINT('',(1.15,7.008141571296));
#4883 = CARTESIAN_POINT('',(-0.575,8.004070785648));
#4884 = CARTESIAN_POINT('',(-2.3,9.));
#4885 = CARTESIAN_POINT('',(-0.575,9.995929214352));
#4886 = CARTESIAN_POINT('',(1.15,10.991858428704));
#4887 = CARTESIAN_POINT('',(1.15,9.));
#4888 = ( GEOMETRIC_REPRESENTATION_CONTEXT(2) 
PARAMETRIC_REPRESENTATION_CONTEXT() REPRESENTATION_CONTEXT('2D SPACE',''
  ) );
#4889 = PCURVE('',#1748,#4890);
#4890 = DEFINITIONAL_REPRESENTATION('',(#4891),#4895);
#4891 = LINE('',#4892,#4893);
#4892 = CARTESIAN_POINT('',(-6.28318530718,-1.6));
#4893 = VECTOR('',#4894,1.);
#4894 = DIRECTION('',(1.,-0.));
#4895 = ( GEOMETRIC_REPRESENTATION_CONTEXT(2) 
PARAMETRIC_REPRESENTATION_CONTEXT() REPRESENTATION_CONTEXT('2D SPACE',''
  ) );
#4896 = FACE_BOUND('',#4897,.F.);
#4897 = EDGE_LOOP('',(#4898));
#4898 = ORIENTED_EDGE('',*,*,#4899,.T.);
#4899 = EDGE_CURVE('',#4900,#4900,#4902,.T.);
#4900 = VERTEX_POINT('',#4901);
#4901 = CARTESIAN_POINT('',(5.15,9.,27.6));
#4902 = SURFACE_CURVE('',#4903,(#4908,#4919),.PCURVE_S1.);
#4903 = CIRCLE('',#4904,1.15);
#4904 = AXIS2_PLACEMENT_3D('',#4905,#4906,#4907);
#4905 = CARTESIAN_POINT('',(4.,9.,27.6));
#4906 = DIRECTION('',(0.,0.,-1.));
#4907 = DIRECTION('',(1.,0.,0.));
#4908 = PCURVE('',#3686,#4909);
#4909 = DEFINITIONAL_REPRESENTATION('',(#4910),#4918);
#4910 = ( BOUNDED_CURVE() B_SPLINE_CURVE(2,(#4911,#4912,#4913,#4914,
#4915,#4916,#4917),.UNSPECIFIED.,.T.,.F.) B_SPLINE_CURVE_WITH_KNOTS((1,2
    ,2,2,2,1),(-2.094395102393,0.,2.094395102393,4.188790204786,
6.28318530718,8.377580409573),.UNSPECIFIED.) CURVE() 
GEOMETRIC_REPRESENTATION_ITEM() RATIONAL_B_SPLINE_CURVE((1.,0.5,1.,0.5,
1.,0.5,1.)) REPRESENTATION_ITEM('') );
#4911 = CARTESIAN_POINT('',(5.15,9.));
#4912 = CARTESIAN_POINT('',(5.15,7.008141571296));
#4913 = CARTESIAN_POINT('',(3.425,8.004070785648));
#4914 = CARTESIAN_POINT('',(1.7,9.));
#4915 = CARTESIAN_POINT('',(3.425,9.995929214352));
#4916 = CARTESIAN_POINT('',(5.15,10.991858428704));
#4917 = CARTESIAN_POINT('',(5.15,9.));
#4918 = ( GEOMETRIC_REPRESENTATION_CONTEXT(2) 
PARAMETRIC_REPRESENTATION_CONTEXT() REPRESENTATION_CONTEXT('2D SPACE',''
  ) );
#4919 = PCURVE('',#2098,#4920);
#4920 = DEFINITIONAL_REPRESENTATION('',(#4921),#4925);
#4921 = LINE('',#4922,#4923);
#4922 = CARTESIAN_POINT('',(-6.28318530718,-1.6));
#4923 = VECTOR('',#4924,1.);
#4924 = DIRECTION('',(1.,-0.));
#4925 = ( GEOMETRIC_REPRESENTATION_CONTEXT(2) 
PARAMETRIC_REPRESENTATION_CONTEXT() REPRESENTATION_CONTEXT('2D SPACE',''
  ) );
#4926 = FACE_BOUND('',#4927,.F.);
#4927 = EDGE_LOOP('',(#4928));
#4928 = ORIENTED_EDGE('',*,*,#4929,.T.);
#4929 = EDGE_CURVE('',#4930,#4930,#4932,.T.);
#4930 = VERTEX_POINT('',#4931);
#4931 = CARTESIAN_POINT('',(9.15,5.,27.6));
#4932 = SURFACE_CURVE('',#4933,(#4938,#4949),.PCURVE_S1.);
#4933 = CIRCLE('',#4934,1.15);
#4934 = AXIS2_PLACEMENT_3D('',#4935,#4936,#4937);
#4935 = CARTESIAN_POINT('',(8.,5.,27.6));
#4936 = DIRECTION('',(0.,0.,-1.));
#4937 = DIRECTION('',(1.,0.,0.));
#4938 = PCURVE('',#3686,#4939);
#4939 = DEFINITIONAL_REPRESENTATION('',(#4940),#4948);
#4940 = ( BOUNDED_CURVE() B_SPLINE_CURVE(2,(#4941,#4942,#4943,#4944,
#4945,#4946,#4947),.UNSPECIFIED.,.T.,.F.) B_SPLINE_CURVE_WITH_KNOTS((1,2
    ,2,2,2,1),(-2.094395102393,0.,2.094395102393,4.188790204786,
6.28318530718,8.377580409573),.UNSPECIFIED.) CURVE() 
GEOMETRIC_REPRESENTATION_ITEM() RATIONAL_B_SPLINE_CURVE((1.,0.5,1.,0.5,
1.,0.5,1.)) REPRESENTATION_ITEM('') );
#4941 = CARTESIAN_POINT('',(9.15,5.));
#4942 = CARTESIAN_POINT('',(9.15,3.008141571296));
#4943 = CARTESIAN_POINT('',(7.425,4.004070785648));
#4944 = CARTESIAN_POINT('',(5.7,5.));
#4945 = CARTESIAN_POINT('',(7.425,5.995929214352));
#4946 = CARTESIAN_POINT('',(9.15,6.991858428704));
#4947 = CARTESIAN_POINT('',(9.15,5.));
#4948 = ( GEOMETRIC_REPRESENTATION_CONTEXT(2) 
PARAMETRIC_REPRESENTATION_CONTEXT() REPRESENTATION_CONTEXT('2D SPACE',''
  ) );
#4949 = PCURVE('',#2168,#4950);
#4950 = DEFINITIONAL_REPRESENTATION('',(#4951),#4955);
#4951 = LINE('',#4952,#4953);
#4952 = CARTESIAN_POINT('',(-6.28318530718,-1.6));
#4953 = VECTOR('',#4954,1.);
#4954 = DIRECTION('',(1.,-0.));
#4955 = ( GEOMETRIC_REPRESENTATION_CONTEXT(2) 
PARAMETRIC_REPRESENTATION_CONTEXT() REPRESENTATION_CONTEXT('2D SPACE',''
  ) );
#4956 = FACE_BOUND('',#4957,.F.);
#4957 = EDGE_LOOP('',(#4958));
#4958 = ORIENTED_EDGE('',*,*,#4959,.T.);
#4959 = EDGE_CURVE('',#4960,#4960,#4962,.T.);
#4960 = VERTEX_POINT('',#4961);
#4961 = CARTESIAN_POINT('',(13.15,5.,27.6));
#4962 = SURFACE_CURVE('',#4963,(#4968,#4979),.PCURVE_S1.);
#4963 = CIRCLE('',#4964,1.15);
#4964 = AXIS2_PLACEMENT_3D('',#4965,#4966,#4967);
#4965 = CARTESIAN_POINT('',(12.,5.,27.6));
#4966 = DIRECTION('',(0.,0.,-1.));
#4967 = DIRECTION('',(1.,0.,0.));
#4968 = PCURVE('',#3686,#4969);
#4969 = DEFINITIONAL_REPRESENTATION('',(#4970),#4978);
#4970 = ( BOUNDED_CURVE() B_SPLINE_CURVE(2,(#4971,#4972,#4973,#4974,
#4975,#4976,#4977),.UNSPECIFIED.,.T.,.F.) B_SPLINE_CURVE_WITH_KNOTS((1,2
    ,2,2,2,1),(-2.094395102393,0.,2.094395102393,4.188790204786,
6.28318530718,8.377580409573),.UNSPECIFIED.) CURVE() 
GEOMETRIC_REPRESENTATION_ITEM() RATIONAL_B_SPLINE_CURVE((1.,0.5,1.,0.5,
1.,0.5,1.)) REPRESENTATION_ITEM('') );
#4971 = CARTESIAN_POINT('',(13.15,5.));
#4972 = CARTESIAN_POINT('',(13.15,3.008141571296));
#4973 = CARTESIAN_POINT('',(11.425,4.004070785648));
#4974 = CARTESIAN_POINT('',(9.7,5.));
#4975 = CARTESIAN_POINT('',(11.425,5.995929214352));
#4976 = CARTESIAN_POINT('',(13.15,6.991858428704));
#4977 = CARTESIAN_POINT('',(13.15,5.));
#4978 = ( GEOMETRIC_REPRESENTATION_CONTEXT(2) 
PARAMETRIC_REPRESENTATION_CONTEXT() REPRESENTATION_CONTEXT('2D SPACE',''
  ) );
#4979 = PCURVE('',#2413,#4980);
#4980 = DEFINITIONAL_REPRESENTATION('',(#4981),#4985);
#4981 = LINE('',#4982,#4983);
#4982 = CARTESIAN_POINT('',(-6.28318530718,-1.6));
#4983 = VECTOR('',#4984,1.);
#4984 = DIRECTION('',(1.,-0.));
#4985 = ( GEOMETRIC_REPRESENTATION_CONTEXT(2) 
PARAMETRIC_REPRESENTATION_CONTEXT() REPRESENTATION_CONTEXT('2D SPACE',''
  ) );
#4986 = FACE_BOUND('',#4987,.F.);
#4987 = EDGE_LOOP('',(#4988));
#4988 = ORIENTED_EDGE('',*,*,#4989,.T.);
#4989 = EDGE_CURVE('',#4990,#4990,#4992,.T.);
#4990 = VERTEX_POINT('',#4991);
#4991 = CARTESIAN_POINT('',(9.15,9.,27.6));
#4992 = SURFACE_CURVE('',#4993,(#4998,#5009),.PCURVE_S1.);
#4993 = CIRCLE('',#4994,1.15);
#4994 = AXIS2_PLACEMENT_3D('',#4995,#4996,#4997);
#4995 = CARTESIAN_POINT('',(8.,9.,27.6));
#4996 = DIRECTION('',(0.,0.,-1.));
#4997 = DIRECTION('',(1.,0.,0.));
#4998 = PCURVE('',#3686,#4999);
#4999 = DEFINITIONAL_REPRESENTATION('',(#5000),#5008);
#5000 = ( BOUNDED_CURVE() B_SPLINE_CURVE(2,(#5001,#5002,#5003,#5004,
#5005,#5006,#5007),.UNSPECIFIED.,.T.,.F.) B_SPLINE_CURVE_WITH_KNOTS((1,2
    ,2,2,2,1),(-2.094395102393,0.,2.094395102393,4.188790204786,
6.28318530718,8.377580409573),.UNSPECIFIED.) CURVE() 
GEOMETRIC_REPRESENTATION_ITEM() RATIONAL_B_SPLINE_CURVE((1.,0.5,1.,0.5,
1.,0.5,1.)) REPRESENTATION_ITEM('') );
#5001 = CARTESIAN_POINT('',(9.15,9.));
#5002 = CARTESIAN_POINT('',(9.15,7.008141571296));
#5003 = CARTESIAN_POINT('',(7.425,8.004070785648));
#5004 = CARTESIAN_POINT('',(5.7,9.));
#5005 = CARTESIAN_POINT('',(7.425,9.995929214352));
#5006 = CARTESIAN_POINT('',(9.15,10.991858428704));
#5007 = CARTESIAN_POINT('',(9.15,9.));
#5008 = ( GEOMETRIC_REPRESENTATION_CONTEXT(2) 
PARAMETRIC_REPRESENTATION_CONTEXT() REPRESENTATION_CONTEXT('2D SPACE',''
  ) );
#5009 = PCURVE('',#2203,#5010);
#5010 = DEFINITIONAL_REPRESENTATION('',(#5011),#5015);
#5011 = LINE('',#5012,#5013);
#5012 = CARTESIAN_POINT('',(-6.28318530718,-1.6));
#5013 = VECTOR('',#5014,1.);
#5014 = DIRECTION('',(1.,-0.));
#5015 = ( GEOMETRIC_REPRESENTATION_CONTEXT(2) 
PARAMETRIC_REPRESENTATION_CONTEXT() REPRESENTATION_CONTEXT('2D SPACE',''
  ) );
#5016 = FACE_BOUND('',#5017,.F.);
#5017 = EDGE_LOOP('',(#5018));
#5018 = ORIENTED_EDGE('',*,*,#5019,.T.);
#5019 = EDGE_CURVE('',#5020,#5020,#5022,.T.);
#5020 = VERTEX_POINT('',#5021);
#5021 = CARTESIAN_POINT('',(13.15,9.,27.6));
#5022 = SURFACE_CURVE('',#5023,(#5028,#5039),.PCURVE_S1.);
#5023 = CIRCLE('',#5024,1.15);
#5024 = AXIS2_PLACEMENT_3D('',#5025,#5026,#5027);
#5025 = CARTESIAN_POINT('',(12.,9.,27.6));
#5026 = DIRECTION('',(0.,0.,-1.));
#5027 = DIRECTION('',(1.,0.,0.));
#5028 = PCURVE('',#3686,#5029);
#5029 = DEFINITIONAL_REPRESENTATION('',(#5030),#5038);
#5030 = ( BOUNDED_CURVE() B_SPLINE_CURVE(2,(#5031,#5032,#5033,#5034,
#5035,#5036,#5037),.UNSPECIFIED.,.T.,.F.) B_SPLINE_CURVE_WITH_KNOTS((1,2
    ,2,2,2,1),(-2.094395102393,0.,2.094395102393,4.188790204786,
6.28318530718,8.377580409573),.UNSPECIFIED.) CURVE() 
GEOMETRIC_REPRESENTATION_ITEM() RATIONAL_B_SPLINE_CURVE((1.,0.5,1.,0.5,
1.,0.5,1.)) REPRESENTATION_ITEM('') );
#5031 = CARTESIAN_POINT('',(13.15,9.));
#5032 = CARTESIAN_POINT('',(13.15,7.008141571296));
#5033 = CARTESIAN_POINT('',(11.425,8.004070785648));
#5034 = CARTESIAN_POINT('',(9.7,9.));
#5035 = CARTESIAN_POINT('',(11.425,9.995929214352));
#5036 = CARTESIAN_POINT('',(13.15,10.991858428704));
#5037 = CARTESIAN_POINT('',(13.15,9.));
#5038 = ( GEOMETRIC_REPRESENTATION_CONTEXT(2) 
PARAMETRIC_REPRESENTATION_CONTEXT() REPRESENTATION_CONTEXT('2D SPACE',''
  ) );
#5039 = PCURVE('',#2448,#5040);
#5040 = DEFINITIONAL_REPRESENTATION('',(#5041),#5045);
#5041 = LINE('',#5042,#5043);
#5042 = CARTESIAN_POINT('',(-6.28318530718,-1.6));
#5043 = VECTOR('',#5044,1.);
#5044 = DIRECTION('',(1.,-0.));
#5045 = ( GEOMETRIC_REPRESENTATION_CONTEXT(2) 
PARAMETRIC_REPRESENTATION_CONTEXT() REPRESENTATION_CONTEXT('2D SPACE',''
  ) );
#5046 = FACE_BOUND('',#5047,.F.);
#5047 = EDGE_LOOP('',(#5048));
#5048 = ORIENTED_EDGE('',*,*,#5049,.T.);
#5049 = EDGE_CURVE('',#5050,#5050,#5052,.T.);
#5050 = VERTEX_POINT('',#5051);
#5051 = CARTESIAN_POINT('',(1.15,13.,27.6));
#5052 = SURFACE_CURVE('',#5053,(#5058,#5069),.PCURVE_S1.);
#5053 = CIRCLE('',#5054,1.15);
#5054 = AXIS2_PLACEMENT_3D('',#5055,#5056,#5057);
#5055 = CARTESIAN_POINT('',(0.,13.,27.6));
#5056 = DIRECTION('',(0.,0.,-1.));
#5057 = DIRECTION('',(1.,0.,0.));
#5058 = PCURVE('',#3686,#5059);
#5059 = DEFINITIONAL_REPRESENTATION('',(#5060),#5068);
#5060 = ( BOUNDED_CURVE() B_SPLINE_CURVE(2,(#5061,#5062,#5063,#5064,
#5065,#5066,#5067),.UNSPECIFIED.,.T.,.F.) B_SPLINE_CURVE_WITH_KNOTS((1,2
    ,2,2,2,1),(-2.094395102393,0.,2.094395102393,4.188790204786,
6.28318530718,8.377580409573),.UNSPECIFIED.) CURVE() 
GEOMETRIC_REPRESENTATION_ITEM() RATIONAL_B_SPLINE_CURVE((1.,0.5,1.,0.5,
1.,0.5,1.)) REPRESENTATION_ITEM('') );
#5061 = CARTESIAN_POINT('',(1.15,13.));
#5062 = CARTESIAN_POINT('',(1.15,11.008141571296));
#5063 = CARTESIAN_POINT('',(-0.575,12.004070785648));
#5064 = CARTESIAN_POINT('',(-2.3,13.));
#5065 = CARTESIAN_POINT('',(-0.575,13.995929214352));
#5066 = CARTESIAN_POINT('',(1.15,14.991858428704));
#5067 = CARTESIAN_POINT('',(1.15,13.));
#5068 = ( GEOMETRIC_REPRESENTATION_CONTEXT(2) 
PARAMETRIC_REPRESENTATION_CONTEXT() REPRESENTATION_CONTEXT('2D SPACE',''
  ) );
#5069 = PCURVE('',#1888,#5070);
#5070 = DEFINITIONAL_REPRESENTATION('',(#5071),#5075);
#5071 = LINE('',#5072,#5073);
#5072 = CARTESIAN_POINT('',(-6.28318530718,-1.6));
#5073 = VECTOR('',#5074,1.);
#5074 = DIRECTION('',(1.,-0.));
#5075 = ( GEOMETRIC_REPRESENTATION_CONTEXT(2) 
PARAMETRIC_REPRESENTATION_CONTEXT() REPRESENTATION_CONTEXT('2D SPACE',''
  ) );
#5076 = FACE_BOUND('',#5077,.F.);
#5077 = EDGE_LOOP('',(#5078));
#5078 = ORIENTED_EDGE('',*,*,#5079,.T.);
#5079 = EDGE_CURVE('',#5080,#5080,#5082,.T.);
#5080 = VERTEX_POINT('',#5081);
#5081 = CARTESIAN_POINT('',(5.15,13.,27.6));
#5082 = SURFACE_CURVE('',#5083,(#5088,#5099),.PCURVE_S1.);
#5083 = CIRCLE('',#5084,1.15);
#5084 = AXIS2_PLACEMENT_3D('',#5085,#5086,#5087);
#5085 = CARTESIAN_POINT('',(4.,13.,27.6));
#5086 = DIRECTION('',(0.,0.,-1.));
#5087 = DIRECTION('',(1.,0.,0.));
#5088 = PCURVE('',#3686,#5089);
#5089 = DEFINITIONAL_REPRESENTATION('',(#5090),#5098);
#5090 = ( BOUNDED_CURVE() B_SPLINE_CURVE(2,(#5091,#5092,#5093,#5094,
#5095,#5096,#5097),.UNSPECIFIED.,.T.,.F.) B_SPLINE_CURVE_WITH_KNOTS((1,2
    ,2,2,2,1),(-2.094395102393,0.,2.094395102393,4.188790204786,
6.28318530718,8.377580409573),.UNSPECIFIED.) CURVE() 
GEOMETRIC_REPRESENTATION_ITEM() RATIONAL_B_SPLINE_CURVE((1.,0.5,1.,0.5,
1.,0.5,1.)) REPRESENTATION_ITEM('') );
#5091 = CARTESIAN_POINT('',(5.15,13.));
#5092 = CARTESIAN_POINT('',(5.15,11.008141571296));
#5093 = CARTESIAN_POINT('',(3.425,12.004070785648));
#5094 = CARTESIAN_POINT('',(1.7,13.));
#5095 = CARTESIAN_POINT('',(3.425,13.995929214352));
#5096 = CARTESIAN_POINT('',(5.15,14.991858428704));
#5097 = CARTESIAN_POINT('',(5.15,13.));
#5098 = ( GEOMETRIC_REPRESENTATION_CONTEXT(2) 
PARAMETRIC_REPRESENTATION_CONTEXT() REPRESENTATION_CONTEXT('2D SPACE',''
  ) );
#5099 = PCURVE('',#2238,#5100);
#5100 = DEFINITIONAL_REPRESENTATION('',(#5101),#5105);
#5101 = LINE('',#5102,#5103);
#5102 = CARTESIAN_POINT('',(-6.28318530718,-1.6));
#5103 = VECTOR('',#5104,1.);
#5104 = DIRECTION('',(1.,-0.));
#5105 = ( GEOMETRIC_REPRESENTATION_CONTEXT(2) 
PARAMETRIC_REPRESENTATION_CONTEXT() REPRESENTATION_CONTEXT('2D SPACE',''
  ) );
#5106 = FACE_BOUND('',#5107,.F.);
#5107 = EDGE_LOOP('',(#5108));
#5108 = ORIENTED_EDGE('',*,*,#5109,.T.);
#5109 = EDGE_CURVE('',#5110,#5110,#5112,.T.);
#5110 = VERTEX_POINT('',#5111);
#5111 = CARTESIAN_POINT('',(1.15,17.,27.6));
#5112 = SURFACE_CURVE('',#5113,(#5118,#5129),.PCURVE_S1.);
#5113 = CIRCLE('',#5114,1.15);
#5114 = AXIS2_PLACEMENT_3D('',#5115,#5116,#5117);
#5115 = CARTESIAN_POINT('',(0.,17.,27.6));
#5116 = DIRECTION('',(0.,0.,-1.));
#5117 = DIRECTION('',(1.,0.,0.));
#5118 = PCURVE('',#3686,#5119);
#5119 = DEFINITIONAL_REPRESENTATION('',(#5120),#5128);
#5120 = ( BOUNDED_CURVE() B_SPLINE_CURVE(2,(#5121,#5122,#5123,#5124,
#5125,#5126,#5127),.UNSPECIFIED.,.T.,.F.) B_SPLINE_CURVE_WITH_KNOTS((1,2
    ,2,2,2,1),(-2.094395102393,0.,2.094395102393,4.188790204786,
6.28318530718,8.377580409573),.UNSPECIFIED.) CURVE() 
GEOMETRIC_REPRESENTATION_ITEM() RATIONAL_B_SPLINE_CURVE((1.,0.5,1.,0.5,
1.,0.5,1.)) REPRESENTATION_ITEM('') );
#5121 = CARTESIAN_POINT('',(1.15,17.));
#5122 = CARTESIAN_POINT('',(1.15,15.008141571296));
#5123 = CARTESIAN_POINT('',(-0.575,16.004070785648));
#5124 = CARTESIAN_POINT('',(-2.3,17.));
#5125 = CARTESIAN_POINT('',(-0.575,17.995929214352));
#5126 = CARTESIAN_POINT('',(1.15,18.991858428704));
#5127 = CARTESIAN_POINT('',(1.15,17.));
#5128 = ( GEOMETRIC_REPRESENTATION_CONTEXT(2) 
PARAMETRIC_REPRESENTATION_CONTEXT() REPRESENTATION_CONTEXT('2D SPACE',''
  ) );
#5129 = PCURVE('',#1958,#5130);
#5130 = DEFINITIONAL_REPRESENTATION('',(#5131),#5135);
#5131 = LINE('',#5132,#5133);
#5132 = CARTESIAN_POINT('',(-6.28318530718,-1.6));
#5133 = VECTOR('',#5134,1.);
#5134 = DIRECTION('',(1.,-0.));
#5135 = ( GEOMETRIC_REPRESENTATION_CONTEXT(2) 
PARAMETRIC_REPRESENTATION_CONTEXT() REPRESENTATION_CONTEXT('2D SPACE',''
  ) );
#5136 = FACE_BOUND('',#5137,.F.);
#5137 = EDGE_LOOP('',(#5138));
#5138 = ORIENTED_EDGE('',*,*,#5139,.T.);
#5139 = EDGE_CURVE('',#5140,#5140,#5142,.T.);
#5140 = VERTEX_POINT('',#5141);
#5141 = CARTESIAN_POINT('',(5.15,17.,27.6));
#5142 = SURFACE_CURVE('',#5143,(#5148,#5159),.PCURVE_S1.);
#5143 = CIRCLE('',#5144,1.15);
#5144 = AXIS2_PLACEMENT_3D('',#5145,#5146,#5147);
#5145 = CARTESIAN_POINT('',(4.,17.,27.6));
#5146 = DIRECTION('',(0.,0.,-1.));
#5147 = DIRECTION('',(1.,0.,0.));
#5148 = PCURVE('',#3686,#5149);
#5149 = DEFINITIONAL_REPRESENTATION('',(#5150),#5158);
#5150 = ( BOUNDED_CURVE() B_SPLINE_CURVE(2,(#5151,#5152,#5153,#5154,
#5155,#5156,#5157),.UNSPECIFIED.,.T.,.F.) B_SPLINE_CURVE_WITH_KNOTS((1,2
    ,2,2,2,1),(-2.094395102393,0.,2.094395102393,4.188790204786,
6.28318530718,8.377580409573),.UNSPECIFIED.) CURVE() 
GEOMETRIC_REPRESENTATION_ITEM() RATIONAL_B_SPLINE_CURVE((1.,0.5,1.,0.5,
1.,0.5,1.)) REPRESENTATION_ITEM('') );
#5151 = CARTESIAN_POINT('',(5.15,17.));
#5152 = CARTESIAN_POINT('',(5.15,15.008141571296));
#5153 = CARTESIAN_POINT('',(3.425,16.004070785648));
#5154 = CARTESIAN_POINT('',(1.7,17.));
#5155 = CARTESIAN_POINT('',(3.425,17.995929214352));
#5156 = CARTESIAN_POINT('',(5.15,18.991858428704));
#5157 = CARTESIAN_POINT('',(5.15,17.));
#5158 = ( GEOMETRIC_REPRESENTATION_CONTEXT(2) 
PARAMETRIC_REPRESENTATION_CONTEXT() REPRESENTATION_CONTEXT('2D SPACE',''
  ) );
#5159 = PCURVE('',#2273,#5160);
#5160 = DEFINITIONAL_REPRESENTATION('',(#5161),#5165);
#5161 = LINE('',#5162,#5163);
#5162 = CARTESIAN_POINT('',(-6.28318530718,-1.6));
#5163 = VECTOR('',#5164,1.);
#5164 = DIRECTION('',(1.,-0.));
#5165 = ( GEOMETRIC_REPRESENTATION_CONTEXT(2) 
PARAMETRIC_REPRESENTATION_CONTEXT() REPRESENTATION_CONTEXT('2D SPACE',''
  ) );
#5166 = FACE_BOUND('',#5167,.F.);
#5167 = EDGE_LOOP('',(#5168));
#5168 = ORIENTED_EDGE('',*,*,#5169,.T.);
#5169 = EDGE_CURVE('',#5170,#5170,#5172,.T.);
#5170 = VERTEX_POINT('',#5171);
#5171 = CARTESIAN_POINT('',(9.15,13.,27.6));
#5172 = SURFACE_CURVE('',#5173,(#5178,#5189),.PCURVE_S1.);
#5173 = CIRCLE('',#5174,1.15);
#5174 = AXIS2_PLACEMENT_3D('',#5175,#5176,#5177);
#5175 = CARTESIAN_POINT('',(8.,13.,27.6));
#5176 = DIRECTION('',(0.,0.,-1.));
#5177 = DIRECTION('',(1.,0.,0.));
#5178 = PCURVE('',#3686,#5179);
#5179 = DEFINITIONAL_REPRESENTATION('',(#5180),#5188);
#5180 = ( BOUNDED_CURVE() B_SPLINE_CURVE(2,(#5181,#5182,#5183,#5184,
#5185,#5186,#5187),.UNSPECIFIED.,.T.,.F.) B_SPLINE_CURVE_WITH_KNOTS((1,2
    ,2,2,2,1),(-2.094395102393,0.,2.094395102393,4.188790204786,
6.28318530718,8.377580409573),.UNSPECIFIED.) CURVE() 
GEOMETRIC_REPRESENTATION_ITEM() RATIONAL_B_SPLINE_CURVE((1.,0.5,1.,0.5,
1.,0.5,1.)) REPRESENTATION_ITEM('') );
#5181 = CARTESIAN_POINT('',(9.15,13.));
#5182 = CARTESIAN_POINT('',(9.15,11.008141571296));
#5183 = CARTESIAN_POINT('',(7.425,12.004070785648));
#5184 = CARTESIAN_POINT('',(5.7,13.));
#5185 = CARTESIAN_POINT('',(7.425,13.995929214352));
#5186 = CARTESIAN_POINT('',(9.15,14.991858428704));
#5187 = CARTESIAN_POINT('',(9.15,13.));
#5188 = ( GEOMETRIC_REPRESENTATION_CONTEXT(2) 
PARAMETRIC_REPRESENTATION_CONTEXT() REPRESENTATION_CONTEXT('2D SPACE',''
  ) );
#5189 = PCURVE('',#2308,#5190);
#5190 = DEFINITIONAL_REPRESENTATION('',(#5191),#5195);
#5191 = LINE('',#5192,#5193);
#5192 = CARTESIAN_POINT('',(-6.28318530718,-1.6));
#5193 = VECTOR('',#5194,1.);
#5194 = DIRECTION('',(1.,-0.));
#5195 = ( GEOMETRIC_REPRESENTATION_CONTEXT(2) 
PARAMETRIC_REPRESENTATION_CONTEXT() REPRESENTATION_CONTEXT('2D SPACE',''
  ) );
#5196 = FACE_BOUND('',#5197,.F.);
#5197 = EDGE_LOOP('',(#5198));
#5198 = ORIENTED_EDGE('',*,*,#5199,.T.);
#5199 = EDGE_CURVE('',#5200,#5200,#5202,.T.);
#5200 = VERTEX_POINT('',#5201);
#5201 = CARTESIAN_POINT('',(13.15,13.,27.6));
#5202 = SURFACE_CURVE('',#5203,(#5208,#5219),.PCURVE_S1.);
#5203 = CIRCLE('',#5204,1.15);
#5204 = AXIS2_PLACEMENT_3D('',#5205,#5206,#5207);
#5205 = CARTESIAN_POINT('',(12.,13.,27.6));
#5206 = DIRECTION('',(0.,0.,-1.));
#5207 = DIRECTION('',(1.,0.,0.));
#5208 = PCURVE('',#3686,#5209);
#5209 = DEFINITIONAL_REPRESENTATION('',(#5210),#5218);
#5210 = ( BOUNDED_CURVE() B_SPLINE_CURVE(2,(#5211,#5212,#5213,#5214,
#5215,#5216,#5217),.UNSPECIFIED.,.T.,.F.) B_SPLINE_CURVE_WITH_KNOTS((1,2
    ,2,2,2,1),(-2.094395102393,0.,2.094395102393,4.188790204786,
6.28318530718,8.377580409573),.UNSPECIFIED.) CURVE() 
GEOMETRIC_REPRESENTATION_ITEM() RATIONAL_B_SPLINE_CURVE((1.,0.5,1.,0.5,
1.,0.5,1.)) REPRESENTATION_ITEM('') );
#5211 = CARTESIAN_POINT('',(13.15,13.));
#5212 = CARTESIAN_POINT('',(13.15,11.008141571296));
#5213 = CARTESIAN_POINT('',(11.425,12.004070785648));
#5214 = CARTESIAN_POINT('',(9.7,13.));
#5215 = CARTESIAN_POINT('',(11.425,13.995929214352));
#5216 = CARTESIAN_POINT('',(13.15,14.991858428704));
#5217 = CARTESIAN_POINT('',(13.15,13.));
#5218 = ( GEOMETRIC_REPRESENTATION_CONTEXT(2) 
PARAMETRIC_REPRESENTATION_CONTEXT() REPRESENTATION_CONTEXT('2D SPACE',''
  ) );
#5219 = PCURVE('',#2483,#5220);
#5220 = DEFINITIONAL_REPRESENTATION('',(#5221),#5225);
#5221 = LINE('',#5222,#5223);
#5222 = CARTESIAN_POINT('',(-6.28318530718,-1.6));
#5223 = VECTOR('',#5224,1.);
#5224 = DIRECTION('',(1.,-0.));
#5225 = ( GEOMETRIC_REPRESENTATION_CONTEXT(2) 
PARAMETRIC_REPRESENTATION_CONTEXT() REPRESENTATION_CONTEXT('2D SPACE',''
  ) );
#5226 = FACE_BOUND('',#5227,.F.);
#5227 = EDGE_LOOP('',(#5228));
#5228 = ORIENTED_EDGE('',*,*,#5229,.T.);
#5229 = EDGE_CURVE('',#5230,#5230,#5232,.T.);
#5230 = VERTEX_POINT('',#5231);
#5231 = CARTESIAN_POINT('',(9.15,17.,27.6));
#5232 = SURFACE_CURVE('',#5233,(#5238,#5249),.PCURVE_S1.);
#5233 = CIRCLE('',#5234,1.15);
#5234 = AXIS2_PLACEMENT_3D('',#5235,#5236,#5237);
#5235 = CARTESIAN_POINT('',(8.,17.,27.6));
#5236 = DIRECTION('',(0.,0.,-1.));
#5237 = DIRECTION('',(1.,0.,0.));
#5238 = PCURVE('',#3686,#5239);
#5239 = DEFINITIONAL_REPRESENTATION('',(#5240),#5248);
#5240 = ( BOUNDED_CURVE() B_SPLINE_CURVE(2,(#5241,#5242,#5243,#5244,
#5245,#5246,#5247),.UNSPECIFIED.,.T.,.F.) B_SPLINE_CURVE_WITH_KNOTS((1,2
    ,2,2,2,1),(-2.094395102393,0.,2.094395102393,4.188790204786,
6.28318530718,8.377580409573),.UNSPECIFIED.) CURVE() 
GEOMETRIC_REPRESENTATION_ITEM() RATIONAL_B_SPLINE_CURVE((1.,0.5,1.,0.5,
1.,0.5,1.)) REPRESENTATION_ITEM('') );
#5241 = CARTESIAN_POINT('',(9.15,17.));
#5242 = CARTESIAN_POINT('',(9.15,15.008141571296));
#5243 = CARTESIAN_POINT('',(7.425,16.004070785648));
#5244 = CARTESIAN_POINT('',(5.7,17.));
#5245 = CARTESIAN_POINT('',(7.425,17.995929214352));
#5246 = CARTESIAN_POINT('',(9.15,18.991858428704));
#5247 = CARTESIAN_POINT('',(9.15,17.));
#5248 = ( GEOMETRIC_REPRESENTATION_CONTEXT(2) 
PARAMETRIC_REPRESENTATION_CONTEXT() REPRESENTATION_CONTEXT('2D SPACE',''
  ) );
#5249 = PCURVE('',#2343,#5250);
#5250 = DEFINITIONAL_REPRESENTATION('',(#5251),#5255);
#5251 = LINE('',#5252,#5253);
#5252 = CARTESIAN_POINT('',(-6.28318530718,-1.6));
#5253 = VECTOR('',#5254,1.);
#5254 = DIRECTION('',(1.,-0.));
#5255 = ( GEOMETRIC_REPRESENTATION_CONTEXT(2) 
PARAMETRIC_REPRESENTATION_CONTEXT() REPRESENTATION_CONTEXT('2D SPACE',''
  ) );
#5256 = ADVANCED_FACE('',(#5257),#3807,.T.);
#5257 = FACE_BOUND('',#5258,.F.);
#5258 = EDGE_LOOP('',(#5259,#5387,#5410,#5438,#5461,#5587));
#5259 = ORIENTED_EDGE('',*,*,#5260,.F.);
#5260 = EDGE_CURVE('',#5261,#3763,#5263,.T.);
#5261 = VERTEX_POINT('',#5262);
#5262 = CARTESIAN_POINT('',(17.223348977522,36.212791248377,25.6));
#5263 = SURFACE_CURVE('',#5264,(#5303,#5345),.PCURVE_S1.);
#5264 = B_SPLINE_CURVE_WITH_KNOTS('',7,(#5265,#5266,#5267,#5268,#5269,
    #5270,#5271,#5272,#5273,#5274,#5275,#5276,#5277,#5278,#5279,#5280,
    #5281,#5282,#5283,#5284,#5285,#5286,#5287,#5288,#5289,#5290,#5291,
    #5292,#5293,#5294,#5295,#5296,#5297,#5298,#5299,#5300,#5301,#5302),
  .UNSPECIFIED.,.F.,.F.,(8,6,6,6,6,6,8),(0.,0.443139372998,
    0.586875100562,0.700805150271,0.761665105949,0.885244365107,1.),
  .UNSPECIFIED.);
#5265 = CARTESIAN_POINT('',(17.223348977522,36.212791248377,25.6));
#5266 = CARTESIAN_POINT('',(17.223348977522,36.212791248377,
    25.778893701481));
#5267 = CARTESIAN_POINT('',(17.216576808699,36.195340643257,
    25.957608453526));
#5268 = CARTESIAN_POINT('',(17.203050932153,36.160499531181,
    26.135063648004));
#5269 = CARTESIAN_POINT('',(17.182137728609,36.108196394066,26.30987087)
  );
#5270 = CARTESIAN_POINT('',(17.152585035665,36.038495808397,
    26.480306897149));
#5271 = CARTESIAN_POINT('',(17.112582321188,35.951720128181,
    26.644348806629));
#5272 = CARTESIAN_POINT('',(17.042051160598,35.814726172843,
    26.849827209894));
#5273 = CARTESIAN_POINT('',(17.023390414865,35.779436436325,
    26.899193358846));
#5274 = CARTESIAN_POINT('',(17.003253761721,35.742433362037,
    26.94750580597));
#5275 = CARTESIAN_POINT('',(16.981545461787,35.70375115416,
    26.994655670167));
#5276 = CARTESIAN_POINT('',(16.958165726954,35.663436517724,
    27.040521583262));
#5277 = CARTESIAN_POINT('',(16.933012964469,35.621551196469,
    27.084971400836));
#5278 = CARTESIAN_POINT('',(16.88456350441,35.543792606845,
    27.161862043741));
#5279 = CARTESIAN_POINT('',(16.8619642705,35.508474995135,
    27.194880494307));
#5280 = CARTESIAN_POINT('',(16.838139303248,35.47226246968,
    27.226848095226));
#5281 = CARTESIAN_POINT('',(16.813041079343,35.435205085816,
    27.257688108585));
#5282 = CARTESIAN_POINT('',(16.786626172726,35.397363148832,
    27.287320257999));
#5283 = CARTESIAN_POINT('',(16.758857859124,35.358808202705,
    27.315662758524));
#5284 = CARTESIAN_POINT('',(16.714137628618,35.298692335741,
    27.357042219261));
#5285 = CARTESIAN_POINT('',(16.698172683197,35.277581190024,
    27.371058911482));
#5286 = CARTESIAN_POINT('',(16.681809683585,35.256303500576,
    27.384671794885));
#5287 = CARTESIAN_POINT('',(16.665045460901,35.234873149927,
    27.397868566988));
#5288 = CARTESIAN_POINT('',(16.64787787811,35.213304984233,
    27.410637251174));
#5289 = CARTESIAN_POINT('',(16.63030583002,35.191614813284,
    27.422966196686));
#5290 = CARTESIAN_POINT('',(16.575826862592,35.125562728083,
    27.458962726665));
#5291 = CARTESIAN_POINT('',(16.537653253469,35.08086787754,
    27.481224184326));
#5292 = CARTESIAN_POINT('',(16.497814262941,35.035881261071,
    27.501531217165));
#5293 = CARTESIAN_POINT('',(16.456332323813,34.990758536002,
    27.51980134957));
#5294 = CARTESIAN_POINT('',(16.413250509707,34.945662433996,
    27.53597017352));
#5295 = CARTESIAN_POINT('',(16.368636590092,34.900760580267,
    27.549994657335));
#5296 = CARTESIAN_POINT('',(16.279825539468,34.814866029704,
    27.572871312953));
#5297 = CARTESIAN_POINT('',(16.235820280031,34.773817395089,
    27.58202280526));
#5298 = CARTESIAN_POINT('',(16.190647672314,34.733213581086,
    27.589295704349));
#5299 = CARTESIAN_POINT('',(16.144392213397,34.693179234221,
    27.59469648753));
#5300 = CARTESIAN_POINT('',(16.097145632977,34.653827084388,
    27.598250646932));
#5301 = CARTESIAN_POINT('',(16.049005994237,34.615257553834,27.6));
#5302 = CARTESIAN_POINT('',(16.000076794692,34.577558366142,27.6));
#5303 = PCURVE('',#3807,#5304);
#5304 = DEFINITIONAL_REPRESENTATION('',(#5305),#5344);
#5305 = B_SPLINE_CURVE_WITH_KNOTS('',7,(#5306,#5307,#5308,#5309,#5310,
    #5311,#5312,#5313,#5314,#5315,#5316,#5317,#5318,#5319,#5320,#5321,
    #5322,#5323,#5324,#5325,#5326,#5327,#5328,#5329,#5330,#5331,#5332,
    #5333,#5334,#5335,#5336,#5337,#5338,#5339,#5340,#5341,#5342,#5343),
  .UNSPECIFIED.,.F.,.F.,(8,6,6,6,6,6,8),(0.,0.443139372998,
    0.586875100562,0.700805150271,0.761665105949,0.885244365107,1.),
  .UNSPECIFIED.);
#5306 = CARTESIAN_POINT('',(-5.912966563568,-19.6));
#5307 = CARTESIAN_POINT('',(-5.912966563568,-19.77889370148));
#5308 = CARTESIAN_POINT('',(-5.908040654705,-19.95760845352));
#5309 = CARTESIAN_POINT('',(-5.898205070693,-20.135063648));
#5310 = CARTESIAN_POINT('',(-5.883382847442,-20.30987087));
#5311 = CARTESIAN_POINT('',(-5.863468494607,-20.48030689714));
#5312 = CARTESIAN_POINT('',(-5.838346912083,-20.64434880662));
#5313 = CARTESIAN_POINT('',(-5.797798397646,-20.84982720989));
#5314 = CARTESIAN_POINT('',(-5.787293824741,-20.89919335884));
#5315 = CARTESIAN_POINT('',(-5.776208989896,-20.94750580597));
#5316 = CARTESIAN_POINT('',(-5.764537945728,-20.99465567016));
#5317 = CARTESIAN_POINT('',(-5.752276064675,-21.04052158326));
#5318 = CARTESIAN_POINT('',(-5.73942059399,-21.08497140083));
#5319 = CARTESIAN_POINT('',(-5.715310751228,-21.16186204374));
#5320 = CARTESIAN_POINT('',(-5.704277540332,-21.1948804943));
#5321 = CARTESIAN_POINT('',(-5.692871903105,-21.22684809522));
#5322 = CARTESIAN_POINT('',(-5.681095790227,-21.25768810858));
#5323 = CARTESIAN_POINT('',(-5.668953290243,-21.28732025799));
#5324 = CARTESIAN_POINT('',(-5.656451141796,-21.31566275852));
#5325 = CARTESIAN_POINT('',(-5.636733929668,-21.35704221926));
#5326 = CARTESIAN_POINT('',(-5.629768859044,-21.37105891148));
#5327 = CARTESIAN_POINT('',(-5.622705573411,-21.38467179488));
#5328 = CARTESIAN_POINT('',(-5.615545907853,-21.39786856698));
#5329 = CARTESIAN_POINT('',(-5.608291993122,-21.41063725117));
#5330 = CARTESIAN_POINT('',(-5.600946255641,-21.42296619668));
#5331 = CARTESIAN_POINT('',(-5.578414597624,-21.45896272666));
#5332 = CARTESIAN_POINT('',(-5.562948968235,-21.48122418432));
#5333 = CARTESIAN_POINT('',(-5.547139681073,-21.50153121716));
#5334 = CARTESIAN_POINT('',(-5.531015154658,-21.51980134957));
#5335 = CARTESIAN_POINT('',(-5.514607625205,-21.53597017352));
#5336 = CARTESIAN_POINT('',(-5.497953697543,-21.54999465733));
#5337 = CARTESIAN_POINT('',(-5.465439821824,-21.57287131295));
#5338 = CARTESIAN_POINT('',(-5.449605952595,-21.58202280526));
#5339 = CARTESIAN_POINT('',(-5.433626380361,-21.58929570434));
#5340 = CARTESIAN_POINT('',(-5.417532978597,-21.59469648753));
#5341 = CARTESIAN_POINT('',(-5.401356474091,-21.59825064693));
#5342 = CARTESIAN_POINT('',(-5.385126518803,-21.6));
#5343 = CARTESIAN_POINT('',(-5.368871761731,-21.6));
#5344 = ( GEOMETRIC_REPRESENTATION_CONTEXT(2) 
PARAMETRIC_REPRESENTATION_CONTEXT() REPRESENTATION_CONTEXT('2D SPACE',''
  ) );
#5345 = PCURVE('',#3624,#5346);
#5346 = DEFINITIONAL_REPRESENTATION('',(#5347),#5386);
#5347 = B_SPLINE_CURVE_WITH_KNOTS('',7,(#5348,#5349,#5350,#5351,#5352,
    #5353,#5354,#5355,#5356,#5357,#5358,#5359,#5360,#5361,#5362,#5363,
    #5364,#5365,#5366,#5367,#5368,#5369,#5370,#5371,#5372,#5373,#5374,
    #5375,#5376,#5377,#5378,#5379,#5380,#5381,#5382,#5383,#5384,#5385),
  .UNSPECIFIED.,.F.,.F.,(8,6,6,6,6,6,8),(0.,0.443139372998,
    0.586875100562,0.700805150271,0.761665105949,0.885244365107,1.),
  .UNSPECIFIED.);
#5348 = CARTESIAN_POINT('',(7.41003158129,0.));
#5349 = CARTESIAN_POINT('',(7.41003158129,8.944685074073E-02));
#5350 = CARTESIAN_POINT('',(7.409997178488,0.178803989017));
#5351 = CARTESIAN_POINT('',(7.409928606696,0.268701603563));
#5352 = CARTESIAN_POINT('',(7.409839147377,0.359598866526));
#5353 = CARTESIAN_POINT('',(7.409757338921,0.451957795424));
#5354 = CARTESIAN_POINT('',(7.409727333425,0.546241771322));
#5355 = CARTESIAN_POINT('',(7.4098487685,0.674635813638));
#5356 = CARTESIAN_POINT('',(7.409891303578,0.706347189423));
#5357 = CARTESIAN_POINT('',(7.409948987032,0.738341754484));
#5358 = CARTESIAN_POINT('',(7.410024448796,0.770633799077));
#5359 = CARTESIAN_POINT('',(7.410120578778,0.803234107772));
#5360 = CARTESIAN_POINT('',(7.410240511719,0.836149869103));
#5361 = CARTESIAN_POINT('',(7.410504209026,0.895727603239));
#5362 = CARTESIAN_POINT('',(7.41063787073,0.922270042871));
#5363 = CARTESIAN_POINT('',(7.410790254975,0.949012523465));
#5364 = CARTESIAN_POINT('',(7.410963106446,0.975952659564));
#5365 = CARTESIAN_POINT('',(7.411158208369,1.00308458694));
#5366 = CARTESIAN_POINT('',(7.411377334158,1.030398488619));
#5367 = CARTESIAN_POINT('',(7.411753002738,1.072560452627));
#5368 = CARTESIAN_POINT('',(7.411891148103,1.087288557696));
#5369 = CARTESIAN_POINT('',(7.412036898844,1.10206217282));
#5370 = CARTESIAN_POINT('',(7.412190506848,1.116878640003));
#5371 = CARTESIAN_POINT('',(7.412352212214,1.131734906546));
#5372 = CARTESIAN_POINT('',(7.412522243256,1.146627525044));
#5373 = CARTESIAN_POINT('',(7.41306341862,1.191858891428));
#5374 = CARTESIAN_POINT('',(7.413461270346,1.222302081533));
#5375 = CARTESIAN_POINT('',(7.413896096123,1.252845399775));
#5376 = CARTESIAN_POINT('',(7.414369362265,1.283449801543));
#5377 = CARTESIAN_POINT('',(7.414882142663,1.314072836307));
#5378 = CARTESIAN_POINT('',(7.415434984511,1.344667462387));
#5379 = CARTESIAN_POINT('',(7.41657823805,1.403515588258));
#5380 = CARTESIAN_POINT('',(7.417163221815,1.431784115047));
#5381 = CARTESIAN_POINT('',(7.417782653136,1.459944412521));
#5382 = CARTESIAN_POINT('',(7.418436126615,1.487958795389));
#5383 = CARTESIAN_POINT('',(7.419122912535,1.515793044503));
#5384 = CARTESIAN_POINT('',(7.419841965764,1.543415528724));
#5385 = CARTESIAN_POINT('',(7.420591934664,1.570796326795));
#5386 = ( GEOMETRIC_REPRESENTATION_CONTEXT(2) 
PARAMETRIC_REPRESENTATION_CONTEXT() REPRESENTATION_CONTEXT('2D SPACE',''
  ) );
#5387 = ORIENTED_EDGE('',*,*,#5388,.T.);
#5388 = EDGE_CURVE('',#5261,#5389,#5391,.T.);
#5389 = VERTEX_POINT('',#5390);
#5390 = CARTESIAN_POINT('',(17.223348977522,36.212791248377,24.));
#5391 = SURFACE_CURVE('',#5392,(#5396,#5403),.PCURVE_S1.);
#5392 = LINE('',#5393,#5394);
#5393 = CARTESIAN_POINT('',(17.223348977522,36.212791248377,25.6));
#5394 = VECTOR('',#5395,1.);
#5395 = DIRECTION('',(2.22044604925E-15,-4.440892098501E-15,-1.));
#5396 = PCURVE('',#3807,#5397);
#5397 = DEFINITIONAL_REPRESENTATION('',(#5398),#5402);
#5398 = LINE('',#5399,#5400);
#5399 = CARTESIAN_POINT('',(-5.912966563568,-19.6));
#5400 = VECTOR('',#5401,1.);
#5401 = DIRECTION('',(-0.,1.));
#5402 = ( GEOMETRIC_REPRESENTATION_CONTEXT(2) 
PARAMETRIC_REPRESENTATION_CONTEXT() REPRESENTATION_CONTEXT('2D SPACE',''
  ) );
#5403 = PCURVE('',#2699,#5404);
#5404 = DEFINITIONAL_REPRESENTATION('',(#5405),#5409);
#5405 = LINE('',#5406,#5407);
#5406 = CARTESIAN_POINT('',(-7.41003158129,-3.6));
#5407 = VECTOR('',#5408,1.);
#5408 = DIRECTION('',(-0.,1.));
#5409 = ( GEOMETRIC_REPRESENTATION_CONTEXT(2) 
PARAMETRIC_REPRESENTATION_CONTEXT() REPRESENTATION_CONTEXT('2D SPACE',''
  ) );
#5410 = ORIENTED_EDGE('',*,*,#5411,.T.);
#5411 = EDGE_CURVE('',#5389,#5412,#5414,.T.);
#5412 = VERTEX_POINT('',#5413);
#5413 = CARTESIAN_POINT('',(10.083282750492,38.811562825705,24.));
#5414 = SURFACE_CURVE('',#5415,(#5420,#5427),.PCURVE_S1.);
#5415 = CIRCLE('',#5416,3.8);
#5416 = AXIS2_PLACEMENT_3D('',#5417,#5418,#5419);
#5417 = CARTESIAN_POINT('',(13.680805733027,37.587704831436,24.));
#5418 = DIRECTION('',(0.,0.,-1.));
#5419 = DIRECTION('',(1.,0.,0.));
#5420 = PCURVE('',#3807,#5421);
#5421 = DEFINITIONAL_REPRESENTATION('',(#5422),#5426);
#5422 = LINE('',#5423,#5424);
#5423 = CARTESIAN_POINT('',(-6.28318530718,-18.));
#5424 = VECTOR('',#5425,1.);
#5425 = DIRECTION('',(1.,-0.));
#5426 = ( GEOMETRIC_REPRESENTATION_CONTEXT(2) 
PARAMETRIC_REPRESENTATION_CONTEXT() REPRESENTATION_CONTEXT('2D SPACE',''
  ) );
#5427 = PCURVE('',#2727,#5428);
#5428 = DEFINITIONAL_REPRESENTATION('',(#5429),#5437);
#5429 = ( BOUNDED_CURVE() B_SPLINE_CURVE(2,(#5430,#5431,#5432,#5433,
#5434,#5435,#5436),.UNSPECIFIED.,.T.,.F.) B_SPLINE_CURVE_WITH_KNOTS((1,2
    ,2,2,2,1),(-2.094395102393,0.,2.094395102393,4.188790204786,
6.28318530718,8.377580409573),.UNSPECIFIED.) CURVE() 
GEOMETRIC_REPRESENTATION_ITEM() RATIONAL_B_SPLINE_CURVE((1.,0.5,1.,0.5,
1.,0.5,1.)) REPRESENTATION_ITEM('') );
#5430 = CARTESIAN_POINT('',(97.480805733027,117.58770483143));
#5431 = CARTESIAN_POINT('',(97.480805733027,111.00591176267));
#5432 = CARTESIAN_POINT('',(91.780805733027,114.29680829705));
#5433 = CARTESIAN_POINT('',(86.080805733027,117.58770483143));
#5434 = CARTESIAN_POINT('',(91.780805733027,120.87860136581));
#5435 = CARTESIAN_POINT('',(97.480805733027,124.16949790019));
#5436 = CARTESIAN_POINT('',(97.480805733027,117.58770483143));
#5437 = ( GEOMETRIC_REPRESENTATION_CONTEXT(2) 
PARAMETRIC_REPRESENTATION_CONTEXT() REPRESENTATION_CONTEXT('2D SPACE',''
  ) );
#5438 = ORIENTED_EDGE('',*,*,#5439,.T.);
#5439 = EDGE_CURVE('',#5412,#5440,#5442,.T.);
#5440 = VERTEX_POINT('',#5441);
#5441 = CARTESIAN_POINT('',(10.083282750492,38.811562825705,25.6));
#5442 = SURFACE_CURVE('',#5443,(#5447,#5454),.PCURVE_S1.);
#5443 = LINE('',#5444,#5445);
#5444 = CARTESIAN_POINT('',(10.083282750492,38.811562825705,24.));
#5445 = VECTOR('',#5446,1.);
#5446 = DIRECTION('',(-1.110223024625E-15,0.,1.));
#5447 = PCURVE('',#3807,#5448);
#5448 = DEFINITIONAL_REPRESENTATION('',(#5449),#5453);
#5449 = LINE('',#5450,#5451);
#5450 = CARTESIAN_POINT('',(-2.813679696404,-18.));
#5451 = VECTOR('',#5452,1.);
#5452 = DIRECTION('',(-0.,-1.));
#5453 = ( GEOMETRIC_REPRESENTATION_CONTEXT(2) 
PARAMETRIC_REPRESENTATION_CONTEXT() REPRESENTATION_CONTEXT('2D SPACE',''
  ) );
#5454 = PCURVE('',#2758,#5455);
#5455 = DEFINITIONAL_REPRESENTATION('',(#5456),#5460);
#5456 = LINE('',#5457,#5458);
#5457 = CARTESIAN_POINT('',(-1.316614678682,-2.));
#5458 = VECTOR('',#5459,1.);
#5459 = DIRECTION('',(-0.,-1.));
#5460 = ( GEOMETRIC_REPRESENTATION_CONTEXT(2) 
PARAMETRIC_REPRESENTATION_CONTEXT() REPRESENTATION_CONTEXT('2D SPACE',''
  ) );
#5461 = ORIENTED_EDGE('',*,*,#5462,.T.);
#5462 = EDGE_CURVE('',#5440,#3787,#5463,.T.);
#5463 = SURFACE_CURVE('',#5464,(#5503,#5545),.PCURVE_S1.);
#5464 = B_SPLINE_CURVE_WITH_KNOTS('',7,(#5465,#5466,#5467,#5468,#5469,
    #5470,#5471,#5472,#5473,#5474,#5475,#5476,#5477,#5478,#5479,#5480,
    #5481,#5482,#5483,#5484,#5485,#5486,#5487,#5488,#5489,#5490,#5491,
    #5492,#5493,#5494,#5495,#5496,#5497,#5498,#5499,#5500,#5501,#5502),
  .UNSPECIFIED.,.F.,.F.,(8,6,6,6,6,6,8),(0.,0.443139372846,
    0.586875100419,0.700805150133,0.761665105813,0.885244364972,1.),
  .UNSPECIFIED.);
#5465 = CARTESIAN_POINT('',(10.083282750492,38.811562825705,25.6));
#5466 = CARTESIAN_POINT('',(10.083282750492,38.811562825705,
    25.77889370142));
#5467 = CARTESIAN_POINT('',(10.077253500038,38.793841820427,
    25.957608453402));
#5468 = CARTESIAN_POINT('',(10.065219487463,38.758457714297,
    26.135063647823));
#5469 = CARTESIAN_POINT('',(10.047620122353,38.704948438675,
    26.309870869759));
#5470 = CARTESIAN_POINT('',(10.025456125719,38.632558587533,
    26.480306896858));
#5471 = CARTESIAN_POINT('',(10.000321650803,38.540371310752,
    26.644348806291));
#5472 = CARTESIAN_POINT('',(9.966293637356,38.390091296495,
    26.849827209531));
#5473 = CARTESIAN_POINT('',(9.957904792546,38.351062893803,
    26.899193358493));
#5474 = CARTESIAN_POINT('',(9.949545246116,38.309773303237,
    26.947505805626));
#5475 = CARTESIAN_POINT('',(9.94131032471,38.266187186632,
    26.994655669834));
#5476 = CARTESIAN_POINT('',(9.933306491868,38.220276179557,
    27.04052158294));
#5477 = CARTESIAN_POINT('',(9.925651260265,38.172022277898,
    27.084971400524));
#5478 = CARTESIAN_POINT('',(9.912783441953,38.081313029809,
    27.16186204345));
#5479 = CARTESIAN_POINT('',(9.907393736294,38.039731662078,
    27.194880494026));
#5480 = CARTESIAN_POINT('',(9.902367757384,37.99667686444,
    27.226848094955));
#5481 = CARTESIAN_POINT('',(9.89777408514,37.952156434111,
    27.257688108324));
#5482 = CARTESIAN_POINT('',(9.893684749346,37.906188653892,
    27.287320257749));
#5483 = CARTESIAN_POINT('',(9.890173870007,37.858804723739,
    27.315662758284));
#5484 = CARTESIAN_POINT('',(9.885789819644,37.784007687848,
    27.357042219039));
#5485 = CARTESIAN_POINT('',(9.884449694473,37.757573542883,
    27.371058911266));
#5486 = CARTESIAN_POINT('',(9.883307444256,37.730755953715,
    27.384671794674));
#5487 = CARTESIAN_POINT('',(9.882374420014,37.703563518062,
    27.397868566784));
#5488 = CARTESIAN_POINT('',(9.881661801739,37.676006235082,
    27.410637250977));
#5489 = CARTESIAN_POINT('',(9.881180598391,37.64809550537,
    27.422966196494));
#5490 = CARTESIAN_POINT('',(9.880456446685,37.562478267307,
    27.458962726493));
#5491 = CARTESIAN_POINT('',(9.880969831675,37.503702502459,
    27.481224184167));
#5492 = CARTESIAN_POINT('',(9.882571429313,37.443632745412,
    27.501531217019));
#5493 = CARTESIAN_POINT('',(9.885344109674,37.382402656124,
    27.519801349437));
#5494 = CARTESIAN_POINT('',(9.889359478347,37.320164581472,
    27.535970173401));
#5495 = CARTESIAN_POINT('',(9.894673368316,37.257090491193,
    27.54999465723));
#5496 = CARTESIAN_POINT('',(9.907494627283,37.134204805035,
    27.572871312889));
#5497 = CARTESIAN_POINT('',(9.91481905802,37.074473690995,
    27.582022805218));
#5498 = CARTESIAN_POINT('',(9.923323654599,37.014332972303,
    27.589295704324));
#5499 = CARTESIAN_POINT('',(9.933023809747,36.953932447409,
    27.594696487518));
#5500 = CARTESIAN_POINT('',(9.943921715817,36.89341743514,
    27.598250646928));
#5501 = CARTESIAN_POINT('',(9.956006802229,36.832927897198,27.6));
#5502 = CARTESIAN_POINT('',(9.969256172919,36.772597560666,27.6));
#5503 = PCURVE('',#3807,#5504);
#5504 = DEFINITIONAL_REPRESENTATION('',(#5505),#5544);
#5505 = B_SPLINE_CURVE_WITH_KNOTS('',7,(#5506,#5507,#5508,#5509,#5510,
    #5511,#5512,#5513,#5514,#5515,#5516,#5517,#5518,#5519,#5520,#5521,
    #5522,#5523,#5524,#5525,#5526,#5527,#5528,#5529,#5530,#5531,#5532,
    #5533,#5534,#5535,#5536,#5537,#5538,#5539,#5540,#5541,#5542,#5543),
  .UNSPECIFIED.,.F.,.F.,(8,6,6,6,6,6,8),(0.,0.443139372846,
    0.586875100419,0.700805150133,0.761665105813,0.885244364972,1.),
  .UNSPECIFIED.);
#5506 = CARTESIAN_POINT('',(-2.813679696404,-19.6));
#5507 = CARTESIAN_POINT('',(-2.813679696404,-19.77889370142));
#5508 = CARTESIAN_POINT('',(-2.818605605264,-19.9576084534));
#5509 = CARTESIAN_POINT('',(-2.828441189268,-20.13506364782));
#5510 = CARTESIAN_POINT('',(-2.843263412509,-20.30987086975));
#5511 = CARTESIAN_POINT('',(-2.863177765331,-20.48030689685));
#5512 = CARTESIAN_POINT('',(-2.888299347837,-20.64434880629));
#5513 = CARTESIAN_POINT('',(-2.92884786225,-20.84982720953));
#5514 = CARTESIAN_POINT('',(-2.939352435151,-20.89919335849));
#5515 = CARTESIAN_POINT('',(-2.950437269993,-20.94750580562));
#5516 = CARTESIAN_POINT('',(-2.962108314158,-20.99465566983));
#5517 = CARTESIAN_POINT('',(-2.974370195208,-21.04052158294));
#5518 = CARTESIAN_POINT('',(-2.98722566589,-21.08497140052));
#5519 = CARTESIAN_POINT('',(-3.011335508648,-21.16186204345));
#5520 = CARTESIAN_POINT('',(-3.022368719541,-21.19488049402));
#5521 = CARTESIAN_POINT('',(-3.033774356766,-21.22684809495));
#5522 = CARTESIAN_POINT('',(-3.045550469641,-21.25768810832));
#5523 = CARTESIAN_POINT('',(-3.057692969624,-21.28732025774));
#5524 = CARTESIAN_POINT('',(-3.070195118069,-21.31566275828));
#5525 = CARTESIAN_POINT('',(-3.089912330194,-21.35704221903));
#5526 = CARTESIAN_POINT('',(-3.096877400817,-21.37105891126));
#5527 = CARTESIAN_POINT('',(-3.103940686448,-21.38467179467));
#5528 = CARTESIAN_POINT('',(-3.111100352006,-21.39786856678));
#5529 = CARTESIAN_POINT('',(-3.118354266736,-21.41063725097));
#5530 = CARTESIAN_POINT('',(-3.125700004216,-21.42296619649));
#5531 = CARTESIAN_POINT('',(-3.148231662229,-21.45896272649));
#5532 = CARTESIAN_POINT('',(-3.163697291616,-21.48122418416));
#5533 = CARTESIAN_POINT('',(-3.179506578776,-21.50153121701));
#5534 = CARTESIAN_POINT('',(-3.19563110519,-21.51980134943));
#5535 = CARTESIAN_POINT('',(-3.212038634641,-21.5359701734));
#5536 = CARTESIAN_POINT('',(-3.228692562302,-21.54999465723));
#5537 = CARTESIAN_POINT('',(-3.261206438036,-21.57287131288));
#5538 = CARTESIAN_POINT('',(-3.277040307283,-21.58202280521));
#5539 = CARTESIAN_POINT('',(-3.293019879536,-21.58929570432));
#5540 = CARTESIAN_POINT('',(-3.309113281318,-21.59469648751));
#5541 = CARTESIAN_POINT('',(-3.325289785843,-21.59825064692));
#5542 = CARTESIAN_POINT('',(-3.34151974115,-21.6));
#5543 = CARTESIAN_POINT('',(-3.357774498241,-21.6));
#5544 = ( GEOMETRIC_REPRESENTATION_CONTEXT(2) 
PARAMETRIC_REPRESENTATION_CONTEXT() REPRESENTATION_CONTEXT('2D SPACE',''
  ) );
#5545 = PCURVE('',#3836,#5546);
#5546 = DEFINITIONAL_REPRESENTATION('',(#5547),#5586);
#5547 = B_SPLINE_CURVE_WITH_KNOTS('',7,(#5548,#5549,#5550,#5551,#5552,
    #5553,#5554,#5555,#5556,#5557,#5558,#5559,#5560,#5561,#5562,#5563,
    #5564,#5565,#5566,#5567,#5568,#5569,#5570,#5571,#5572,#5573,#5574,
    #5575,#5576,#5577,#5578,#5579,#5580,#5581,#5582,#5583,#5584,#5585),
  .UNSPECIFIED.,.F.,.F.,(8,6,6,6,6,6,8),(0.,0.443139372846,
    0.586875100419,0.700805150133,0.761665105813,0.885244364972,1.),
  .UNSPECIFIED.);
#5548 = CARTESIAN_POINT('',(1.316614678682,0.));
#5549 = CARTESIAN_POINT('',(1.316614678682,8.944685071016E-02));
#5550 = CARTESIAN_POINT('',(1.316649081484,0.178803988955));
#5551 = CARTESIAN_POINT('',(1.316717653276,0.268701603472));
#5552 = CARTESIAN_POINT('',(1.316807112594,0.359598866401));
#5553 = CARTESIAN_POINT('',(1.31688892105,0.451957795266));
#5554 = CARTESIAN_POINT('',(1.316918926547,0.546241771128));
#5555 = CARTESIAN_POINT('',(1.316797491472,0.674635813406));
#5556 = CARTESIAN_POINT('',(1.316754956394,0.70634718919));
#5557 = CARTESIAN_POINT('',(1.31669727294,0.738341754252));
#5558 = CARTESIAN_POINT('',(1.316621811176,0.770633798845));
#5559 = CARTESIAN_POINT('',(1.316525681195,0.803234107539));
#5560 = CARTESIAN_POINT('',(1.316405748253,0.836149868871));
#5561 = CARTESIAN_POINT('',(1.316142050947,0.895727603007));
#5562 = CARTESIAN_POINT('',(1.316008389243,0.922270042638));
#5563 = CARTESIAN_POINT('',(1.315856004998,0.949012523232));
#5564 = CARTESIAN_POINT('',(1.315683153527,0.975952659332));
#5565 = CARTESIAN_POINT('',(1.315488051605,1.003084586708));
#5566 = CARTESIAN_POINT('',(1.315268925815,1.030398488386));
#5567 = CARTESIAN_POINT('',(1.314893257236,1.072560452395));
#5568 = CARTESIAN_POINT('',(1.314755111871,1.087288557464));
#5569 = CARTESIAN_POINT('',(1.31460936113,1.102062172587));
#5570 = CARTESIAN_POINT('',(1.314455753126,1.11687863977));
#5571 = CARTESIAN_POINT('',(1.31429404776,1.131734906313));
#5572 = CARTESIAN_POINT('',(1.314124016719,1.146627524812));
#5573 = CARTESIAN_POINT('',(1.313582841354,1.191858891196));
#5574 = CARTESIAN_POINT('',(1.313184989629,1.222302081299));
#5575 = CARTESIAN_POINT('',(1.312750163852,1.252845399542));
#5576 = CARTESIAN_POINT('',(1.312276897711,1.283449801309));
#5577 = CARTESIAN_POINT('',(1.311764117313,1.314072836073));
#5578 = CARTESIAN_POINT('',(1.311211275465,1.344667462154));
#5579 = CARTESIAN_POINT('',(1.310068021926,1.403515588059));
#5580 = CARTESIAN_POINT('',(1.309483038161,1.431784114882));
#5581 = CARTESIAN_POINT('',(1.308863606838,1.45994441239));
#5582 = CARTESIAN_POINT('',(1.308210133359,1.487958795292));
#5583 = CARTESIAN_POINT('',(1.307523347439,1.515793044438));
#5584 = CARTESIAN_POINT('',(1.306804294208,1.543415528692));
#5585 = CARTESIAN_POINT('',(1.306054325308,1.570796326795));
#5586 = ( GEOMETRIC_REPRESENTATION_CONTEXT(2) 
PARAMETRIC_REPRESENTATION_CONTEXT() REPRESENTATION_CONTEXT('2D SPACE',''
  ) );
#5587 = ORIENTED_EDGE('',*,*,#3786,.F.);
#5588 = ADVANCED_FACE('',(#5589),#3836,.F.);
#5589 = FACE_BOUND('',#5590,.F.);
#5590 = EDGE_LOOP('',(#5591,#5592,#5616,#5754));
#5591 = ORIENTED_EDGE('',*,*,#5462,.F.);
#5592 = ORIENTED_EDGE('',*,*,#5593,.T.);
#5593 = EDGE_CURVE('',#5440,#5594,#5596,.T.);
#5594 = VERTEX_POINT('',#5595);
#5595 = CARTESIAN_POINT('',(-10.08328275049,38.811562825705,25.6));
#5596 = SURFACE_CURVE('',#5597,(#5602,#5609),.PCURVE_S1.);
#5597 = CIRCLE('',#5598,40.1);
#5598 = AXIS2_PLACEMENT_3D('',#5599,#5600,#5601);
#5599 = CARTESIAN_POINT('',(0.,0.,25.6));
#5600 = DIRECTION('',(0.,-0.,1.));
#5601 = DIRECTION('',(0.251453435174,0.96786939715,0.));
#5602 = PCURVE('',#3836,#5603);
#5603 = DEFINITIONAL_REPRESENTATION('',(#5604),#5608);
#5604 = LINE('',#5605,#5606);
#5605 = CARTESIAN_POINT('',(1.316614678682,0.));
#5606 = VECTOR('',#5607,1.);
#5607 = DIRECTION('',(1.,0.));
#5608 = ( GEOMETRIC_REPRESENTATION_CONTEXT(2) 
PARAMETRIC_REPRESENTATION_CONTEXT() REPRESENTATION_CONTEXT('2D SPACE',''
  ) );
#5609 = PCURVE('',#2758,#5610);
#5610 = DEFINITIONAL_REPRESENTATION('',(#5611),#5615);
#5611 = LINE('',#5612,#5613);
#5612 = CARTESIAN_POINT('',(-1.316614678682,-3.6));
#5613 = VECTOR('',#5614,1.);
#5614 = DIRECTION('',(-1.,0.));
#5615 = ( GEOMETRIC_REPRESENTATION_CONTEXT(2) 
PARAMETRIC_REPRESENTATION_CONTEXT() REPRESENTATION_CONTEXT('2D SPACE',''
  ) );
#5616 = ORIENTED_EDGE('',*,*,#5617,.T.);
#5617 = EDGE_CURVE('',#5594,#3820,#5618,.T.);
#5618 = SURFACE_CURVE('',#5619,(#5652,#5703),.PCURVE_S1.);
#5619 = B_SPLINE_CURVE_WITH_KNOTS('',7,(#5620,#5621,#5622,#5623,#5624,
    #5625,#5626,#5627,#5628,#5629,#5630,#5631,#5632,#5633,#5634,#5635,
    #5636,#5637,#5638,#5639,#5640,#5641,#5642,#5643,#5644,#5645,#5646,
    #5647,#5648,#5649,#5650,#5651),.UNSPECIFIED.,.F.,.F.,(8,6,6,6,6,8),(
    0.,0.547686569495,0.725279170521,1.,1.147422250745,1.296152699122),
  .UNSPECIFIED.);
#5620 = CARTESIAN_POINT('',(-10.08328275049,38.811562825705,25.6));
#5621 = CARTESIAN_POINT('',(-10.08328275049,38.811562825705,
    25.770567382737));
#5622 = CARTESIAN_POINT('',(-10.07780177493,38.795452839597,
    25.940997945447));
#5623 = CARTESIAN_POINT('',(-10.06685750334,38.763275330356,
    26.110324898254));
#5624 = CARTESIAN_POINT('',(-10.05081835827,38.714656449725,
    26.277344470333));
#5625 = CARTESIAN_POINT('',(-10.03050818046,38.648975298746,
    26.440595857245));
#5626 = CARTESIAN_POINT('',(-10.0072346399,38.565453937847,
    26.598381081045));
#5627 = CARTESIAN_POINT('',(-9.975077363383,38.429575506086,
    26.797364505238));
#5628 = CARTESIAN_POINT('',(-9.96710012167,38.394309634929,
    26.845278515353));
#5629 = CARTESIAN_POINT('',(-9.959087743889,38.357015018627,
    26.892305776139));
#5630 = CARTESIAN_POINT('',(-9.951116976608,38.31765926148,
    26.938358045403));
#5631 = CARTESIAN_POINT('',(-9.943273455039,38.276213922321,
    26.983337286239));
#5632 = CARTESIAN_POINT('',(-9.935651887082,38.232656658692,
    27.027136640239));
#5633 = CARTESIAN_POINT('',(-9.917070480371,38.116305164106,
    27.135392693201));
#5634 = CARTESIAN_POINT('',(-9.906563473391,38.04054418737,
    27.198051427285));
#5635 = CARTESIAN_POINT('',(-9.89722254355,37.959648082301,
    27.257180591927));
#5636 = CARTESIAN_POINT('',(-9.889487135704,37.873660653033,
    27.312277053632));
#5637 = CARTESIAN_POINT('',(-9.883847187598,37.782744204936,
    27.362795714548));
#5638 = CARTESIAN_POINT('',(-9.880805733027,37.687232571772,
    27.408198758195));
#5639 = CARTESIAN_POINT('',(-9.880805733027,37.534295690529,
    27.46940444069));
#5640 = CARTESIAN_POINT('',(-9.881681542673,37.47973067948,
    27.489174191011));
#5641 = CARTESIAN_POINT('',(-9.883501276046,37.424105665486,
    27.507266589731));
#5642 = CARTESIAN_POINT('',(-9.886327362238,37.367529065005,
    27.523620517859));
#5643 = CARTESIAN_POINT('',(-9.890213620505,37.310122356328,
    27.538188442899));
#5644 = CARTESIAN_POINT('',(-9.895202335418,37.252020592159,
    27.550938480256));
#5645 = CARTESIAN_POINT('',(-9.907494627459,37.134204803602,
    27.572871313108));
#5646 = CARTESIAN_POINT('',(-9.91481905819,37.074473689793,
    27.582022805363));
#5647 = CARTESIAN_POINT('',(-9.923323654755,37.014332971337,
    27.58929570441));
#5648 = CARTESIAN_POINT('',(-9.933023809878,36.953932446683,
    27.594696487561));
#5649 = CARTESIAN_POINT('',(-9.943921715913,36.893417434656,
    27.598250646942));
#5650 = CARTESIAN_POINT('',(-9.956006802282,36.832927896956,27.6));
#5651 = CARTESIAN_POINT('',(-9.969256172919,36.772597560666,27.6));
#5652 = PCURVE('',#3836,#5653);
#5653 = DEFINITIONAL_REPRESENTATION('',(#5654),#5702);
#5654 = B_SPLINE_CURVE_WITH_KNOTS('',3,(#5655,#5656,#5657,#5658,#5659,
    #5660,#5661,#5662,#5663,#5664,#5665,#5666,#5667,#5668,#5669,#5670,
    #5671,#5672,#5673,#5674,#5675,#5676,#5677,#5678,#5679,#5680,#5681,
    #5682,#5683,#5684,#5685,#5686,#5687,#5688,#5689,#5690,#5691,#5692,
    #5693,#5694,#5695,#5696,#5697,#5698,#5699,#5700,#5701),
  .UNSPECIFIED.,.F.,.F.,(4,1,1,1,1,1,1,1,1,1,1,1,1,1,1,1,1,1,1,1,1,1,1,1
    ,1,1,1,1,1,1,1,1,1,1,1,1,1,1,1,1,1,1,1,1,4),(0.,2.945801588915E-02,
    5.891603177829E-02,8.837404766744E-02,0.117832063557,0.147290079446,
    0.176748095335,0.206206111224,0.235664127113,0.265122143002,
    0.294580158891,0.324038174781,0.35349619067,0.382954206559,
    0.412412222448,0.441870238337,0.471328254226,0.500786270115,
    0.530244286005,0.559702301894,0.589160317783,0.618618333672,
    0.648076349561,0.67753436545,0.70699238134,0.736450397229,
    0.765908413118,0.795366429007,0.824824444896,0.854282460785,
    0.883740476674,0.913198492564,0.942656508453,0.972114524342,
    1.001572540231,1.03103055612,1.060488572009,1.089946587898,
    1.119404603788,1.148862619677,1.178320635566,1.207778651455,
    1.237236667344,1.266694683233,1.296152699122),
  .QUASI_UNIFORM_KNOTS.);
#5655 = CARTESIAN_POINT('',(1.824977974908,0.));
#5656 = CARTESIAN_POINT('',(1.82497798146,1.070315215069E-02));
#5657 = CARTESIAN_POINT('',(1.824976703214,3.210692076469E-02));
#5658 = CARTESIAN_POINT('',(1.824971041902,6.422104466324E-02));
#5659 = CARTESIAN_POINT('',(1.824961735547,9.635997801906E-02));
#5660 = CARTESIAN_POINT('',(1.824948992271,0.128539147772));
#5661 = CARTESIAN_POINT('',(1.82493309376,0.160773525574));
#5662 = CARTESIAN_POINT('',(1.824914406825,0.193077641507));
#5663 = CARTESIAN_POINT('',(1.824893382403,0.225465710889));
#5664 = CARTESIAN_POINT('',(1.824870558092,0.257951726423));
#5665 = CARTESIAN_POINT('',(1.82484655996,0.290549556773));
#5666 = CARTESIAN_POINT('',(1.824822104835,0.323273042342));
#5667 = CARTESIAN_POINT('',(1.824798002824,0.356136093071));
#5668 = CARTESIAN_POINT('',(1.824775160183,0.389152788759));
#5669 = CARTESIAN_POINT('',(1.824754582588,0.422337486969));
#5670 = CARTESIAN_POINT('',(1.824737378834,0.455704931111));
#5671 = CARTESIAN_POINT('',(1.824724765071,0.489270397585));
#5672 = CARTESIAN_POINT('',(1.824718069506,0.523049749275));
#5673 = CARTESIAN_POINT('',(1.824718738056,0.557059903381));
#5674 = CARTESIAN_POINT('',(1.824728339411,0.591317830842));
#5675 = CARTESIAN_POINT('',(1.824748575581,0.625845126931));
#5676 = CARTESIAN_POINT('',(1.824781271718,0.660645176747));
#5677 = CARTESIAN_POINT('',(1.824828386533,0.695731704851));
#5678 = CARTESIAN_POINT('',(1.824892018131,0.731117063963));
#5679 = CARTESIAN_POINT('',(1.824974400646,0.766812101093));
#5680 = CARTESIAN_POINT('',(1.825077904293,0.802826299796));
#5681 = CARTESIAN_POINT('',(1.825205033659,0.839167463998));
#5682 = CARTESIAN_POINT('',(1.82535843102,0.875843460479));
#5683 = CARTESIAN_POINT('',(1.825540840669,0.912855005747));
#5684 = CARTESIAN_POINT('',(1.825755092998,0.950199043765));
#5685 = CARTESIAN_POINT('',(1.826004083806,0.987868309244));
#5686 = CARTESIAN_POINT('',(1.826290743985,1.025851156271));
#5687 = CARTESIAN_POINT('',(1.826618001078,1.06413120014));
#5688 = CARTESIAN_POINT('',(1.826988732571,1.102686911776));
#5689 = CARTESIAN_POINT('',(1.827405708654,1.141490947614));
#5690 = CARTESIAN_POINT('',(1.827871532314,1.180509844758));
#5691 = CARTESIAN_POINT('',(1.828388545941,1.219701690805));
#5692 = CARTESIAN_POINT('',(1.828958708336,1.259014446131));
#5693 = CARTESIAN_POINT('',(1.829583636181,1.298394171216));
#5694 = CARTESIAN_POINT('',(1.830264529195,1.337783689602));
#5695 = CARTESIAN_POINT('',(1.83100207451,1.377120705685));
#5696 = CARTESIAN_POINT('',(1.831796485558,1.416342904289));
#5697 = CARTESIAN_POINT('',(1.832647460156,1.455387132689));
#5698 = CARTESIAN_POINT('',(1.833554199719,1.494192174699));
#5699 = CARTESIAN_POINT('',(1.834515545881,1.532701535524));
#5700 = CARTESIAN_POINT('',(1.835191698529,1.558142623758));
#5701 = CARTESIAN_POINT('',(1.835538328282,1.570796326795));
#5702 = ( GEOMETRIC_REPRESENTATION_CONTEXT(2) 
PARAMETRIC_REPRESENTATION_CONTEXT() REPRESENTATION_CONTEXT('2D SPACE',''
  ) );
#5703 = PCURVE('',#3869,#5704);
#5704 = DEFINITIONAL_REPRESENTATION('',(#5705),#5753);
#5705 = B_SPLINE_CURVE_WITH_KNOTS('',3,(#5706,#5707,#5708,#5709,#5710,
    #5711,#5712,#5713,#5714,#5715,#5716,#5717,#5718,#5719,#5720,#5721,
    #5722,#5723,#5724,#5725,#5726,#5727,#5728,#5729,#5730,#5731,#5732,
    #5733,#5734,#5735,#5736,#5737,#5738,#5739,#5740,#5741,#5742,#5743,
    #5744,#5745,#5746,#5747,#5748,#5749,#5750,#5751,#5752),
  .UNSPECIFIED.,.F.,.F.,(4,1,1,1,1,1,1,1,1,1,1,1,1,1,1,1,1,1,1,1,1,1,1,1
    ,1,1,1,1,1,1,1,1,1,1,1,1,1,1,1,1,1,1,1,1,4),(0.,2.945801588915E-02,
    5.891603177829E-02,8.837404766744E-02,0.117832063557,0.147290079446,
    0.176748095335,0.206206111224,0.235664127113,0.265122143002,
    0.294580158891,0.324038174781,0.35349619067,0.382954206559,
    0.412412222448,0.441870238337,0.471328254226,0.500786270115,
    0.530244286005,0.559702301894,0.589160317783,0.618618333672,
    0.648076349561,0.67753436545,0.70699238134,0.736450397229,
    0.765908413118,0.795366429007,0.824824444896,0.854282460785,
    0.883740476674,0.913198492564,0.942656508453,0.972114524342,
    1.001572540231,1.03103055612,1.060488572009,1.089946587898,
    1.119404603788,1.148862619677,1.178320635566,1.207778651455,
    1.237236667344,1.266694683233,1.296152699122),
  .QUASI_UNIFORM_KNOTS.);
#5706 = CARTESIAN_POINT('',(-6.611098264365,-19.6));
#5707 = CARTESIAN_POINT('',(-6.611098226402,-19.62140628557));
#5708 = CARTESIAN_POINT('',(-6.610916925793,-19.66421384952));
#5709 = CARTESIAN_POINT('',(-6.610100941405,-19.72837589176));
#5710 = CARTESIAN_POINT('',(-6.608740731441,-19.79245501507));
#5711 = CARTESIAN_POINT('',(-6.606835518171,-19.85641527023));
#5712 = CARTESIAN_POINT('',(-6.604384195681,-19.92021915921));
#5713 = CARTESIAN_POINT('',(-6.601385307898,-19.98382740786));
#5714 = CARTESIAN_POINT('',(-6.597837092204,-20.04719901017));
#5715 = CARTESIAN_POINT('',(-6.593737495588,-20.11029119867));
#5716 = CARTESIAN_POINT('',(-6.589084187637,-20.17305943202));
#5717 = CARTESIAN_POINT('',(-6.583874563216,-20.23545737364));
#5718 = CARTESIAN_POINT('',(-6.57810573602,-20.29743686734));
#5719 = CARTESIAN_POINT('',(-6.571774522124,-20.35894790558));
#5720 = CARTESIAN_POINT('',(-6.564877412224,-20.41993859411));
#5721 = CARTESIAN_POINT('',(-6.557410534929,-20.48035509578));
#5722 = CARTESIAN_POINT('',(-6.54936959883,-20.54014161056));
#5723 = CARTESIAN_POINT('',(-6.540749855696,-20.5992401744));
#5724 = CARTESIAN_POINT('',(-6.531545923074,-20.65759108159));
#5725 = CARTESIAN_POINT('',(-6.521752065933,-20.71513092232));
#5726 = CARTESIAN_POINT('',(-6.51136069553,-20.77179945683));
#5727 = CARTESIAN_POINT('',(-6.500369508356,-20.82750252418));
#5728 = CARTESIAN_POINT('',(-6.488773264998,-20.88215974));
#5729 = CARTESIAN_POINT('',(-6.476567014156,-20.93568434694));
#5730 = CARTESIAN_POINT('',(-6.463746343617,-20.98798345149));
#5731 = CARTESIAN_POINT('',(-6.450307414807,-21.03895844263));
#5732 = CARTESIAN_POINT('',(-6.436247194902,-21.08850492823));
#5733 = CARTESIAN_POINT('',(-6.421562836806,-21.13651534358));
#5734 = CARTESIAN_POINT('',(-6.406254688586,-21.18287011081));
#5735 = CARTESIAN_POINT('',(-6.390325345745,-21.22744404469));
#5736 = CARTESIAN_POINT('',(-6.373780002523,-21.27010711683));
#5737 = CARTESIAN_POINT('',(-6.356626749297,-21.31072599681));
#5738 = CARTESIAN_POINT('',(-6.338876946114,-21.34916562197));
#5739 = CARTESIAN_POINT('',(-6.320545624698,-21.38529102888));
#5740 = CARTESIAN_POINT('',(-6.301652020084,-21.41896926262));
#5741 = CARTESIAN_POINT('',(-6.282219915166,-21.45007186644));
#5742 = CARTESIAN_POINT('',(-6.26227900508,-21.47847612175));
#5743 = CARTESIAN_POINT('',(-6.241866132645,-21.50406841502));
#5744 = CARTESIAN_POINT('',(-6.221021159705,-21.52675307662));
#5745 = CARTESIAN_POINT('',(-6.199787564285,-21.54645318653));
#5746 = CARTESIAN_POINT('',(-6.178213428161,-21.56311187644));
#5747 = CARTESIAN_POINT('',(-6.156348558873,-21.57669626089));
#5748 = CARTESIAN_POINT('',(-6.134244724598,-21.58719744715));
#5749 = CARTESIAN_POINT('',(-6.111953884486,-21.59463184199));
#5750 = CARTESIAN_POINT('',(-6.08952620406,-21.59903796503));
#5751 = CARTESIAN_POINT('',(-6.074515440578,-21.60000167548));
#5752 = CARTESIAN_POINT('',(-6.067003462528,-21.6));
#5753 = ( GEOMETRIC_REPRESENTATION_CONTEXT(2) 
PARAMETRIC_REPRESENTATION_CONTEXT() REPRESENTATION_CONTEXT('2D SPACE',''
  ) );
#5754 = ORIENTED_EDGE('',*,*,#3819,.F.);
#5755 = ADVANCED_FACE('',(#5756),#3869,.T.);
#5756 = FACE_BOUND('',#5757,.F.);
#5757 = EDGE_LOOP('',(#5758,#5759,#5782,#5815,#5843,#5969));
#5758 = ORIENTED_EDGE('',*,*,#5617,.F.);
#5759 = ORIENTED_EDGE('',*,*,#5760,.T.);
#5760 = EDGE_CURVE('',#5594,#5761,#5763,.T.);
#5761 = VERTEX_POINT('',#5762);
#5762 = CARTESIAN_POINT('',(-10.08328275049,38.811562825705,24.));
#5763 = SURFACE_CURVE('',#5764,(#5768,#5775),.PCURVE_S1.);
#5764 = LINE('',#5765,#5766);
#5765 = CARTESIAN_POINT('',(-10.08328275049,38.811562825705,25.6));
#5766 = VECTOR('',#5767,1.);
#5767 = DIRECTION('',(4.996003610813E-14,8.881784197001E-15,-1.));
#5768 = PCURVE('',#3869,#5769);
#5769 = DEFINITIONAL_REPRESENTATION('',(#5770),#5774);
#5770 = LINE('',#5771,#5772);
#5771 = CARTESIAN_POINT('',(-6.611098264365,-19.6));
#5772 = VECTOR('',#5773,1.);
#5773 = DIRECTION('',(-0.,1.));
#5774 = ( GEOMETRIC_REPRESENTATION_CONTEXT(2) 
PARAMETRIC_REPRESENTATION_CONTEXT() REPRESENTATION_CONTEXT('2D SPACE',''
  ) );
#5775 = PCURVE('',#2758,#5776);
#5776 = DEFINITIONAL_REPRESENTATION('',(#5777),#5781);
#5777 = LINE('',#5778,#5779);
#5778 = CARTESIAN_POINT('',(-1.824977974908,-3.6));
#5779 = VECTOR('',#5780,1.);
#5780 = DIRECTION('',(-0.,1.));
#5781 = ( GEOMETRIC_REPRESENTATION_CONTEXT(2) 
PARAMETRIC_REPRESENTATION_CONTEXT() REPRESENTATION_CONTEXT('2D SPACE',''
  ) );
#5782 = ORIENTED_EDGE('',*,*,#5783,.T.);
#5783 = EDGE_CURVE('',#5761,#5784,#5786,.T.);
#5784 = VERTEX_POINT('',#5785);
#5785 = CARTESIAN_POINT('',(-17.22334897752,36.212791248377,24.));
#5786 = SURFACE_CURVE('',#5787,(#5792,#5799),.PCURVE_S1.);
#5787 = CIRCLE('',#5788,3.8);
#5788 = AXIS2_PLACEMENT_3D('',#5789,#5790,#5791);
#5789 = CARTESIAN_POINT('',(-13.68080573302,37.587704831436,24.));
#5790 = DIRECTION('',(0.,0.,-1.));
#5791 = DIRECTION('',(1.,0.,0.));
#5792 = PCURVE('',#3869,#5793);
#5793 = DEFINITIONAL_REPRESENTATION('',(#5794),#5798);
#5794 = LINE('',#5795,#5796);
#5795 = CARTESIAN_POINT('',(-12.56637061435,-18.));
#5796 = VECTOR('',#5797,1.);
#5797 = DIRECTION('',(1.,-0.));
#5798 = ( GEOMETRIC_REPRESENTATION_CONTEXT(2) 
PARAMETRIC_REPRESENTATION_CONTEXT() REPRESENTATION_CONTEXT('2D SPACE',''
  ) );
#5799 = PCURVE('',#5800,#5805);
#5800 = PLANE('',#5801);
#5801 = AXIS2_PLACEMENT_3D('',#5802,#5803,#5804);
#5802 = CARTESIAN_POINT('',(-80.,-80.,24.));
#5803 = DIRECTION('',(0.,0.,1.));
#5804 = DIRECTION('',(1.,0.,0.));
#5805 = DEFINITIONAL_REPRESENTATION('',(#5806),#5814);
#5806 = ( BOUNDED_CURVE() B_SPLINE_CURVE(2,(#5807,#5808,#5809,#5810,
#5811,#5812,#5813),.UNSPECIFIED.,.T.,.F.) B_SPLINE_CURVE_WITH_KNOTS((1,2
    ,2,2,2,1),(-2.094395102393,0.,2.094395102393,4.188790204786,
6.28318530718,8.377580409573),.UNSPECIFIED.) CURVE() 
GEOMETRIC_REPRESENTATION_ITEM() RATIONAL_B_SPLINE_CURVE((1.,0.5,1.,0.5,
1.,0.5,1.)) REPRESENTATION_ITEM('') );
#5807 = CARTESIAN_POINT('',(70.119194266973,117.58770483143));
#5808 = CARTESIAN_POINT('',(70.119194266973,111.00591176267));
#5809 = CARTESIAN_POINT('',(64.419194266973,114.29680829705));
#5810 = CARTESIAN_POINT('',(58.719194266973,117.58770483143));
#5811 = CARTESIAN_POINT('',(64.419194266973,120.87860136581));
#5812 = CARTESIAN_POINT('',(70.119194266973,124.16949790019));
#5813 = CARTESIAN_POINT('',(70.119194266973,117.58770483143));
#5814 = ( GEOMETRIC_REPRESENTATION_CONTEXT(2) 
PARAMETRIC_REPRESENTATION_CONTEXT() REPRESENTATION_CONTEXT('2D SPACE',''
  ) );
#5815 = ORIENTED_EDGE('',*,*,#5816,.T.);
#5816 = EDGE_CURVE('',#5784,#5817,#5819,.T.);
#5817 = VERTEX_POINT('',#5818);
#5818 = CARTESIAN_POINT('',(-17.22334897752,36.212791248377,25.6));
#5819 = SURFACE_CURVE('',#5820,(#5824,#5831),.PCURVE_S1.);
#5820 = LINE('',#5821,#5822);
#5821 = CARTESIAN_POINT('',(-17.22334897752,36.212791248377,24.));
#5822 = VECTOR('',#5823,1.);
#5823 = DIRECTION('',(4.218847493576E-14,2.22044604925E-14,1.));
#5824 = PCURVE('',#3869,#5825);
#5825 = DEFINITIONAL_REPRESENTATION('',(#5826),#5830);
#5826 = LINE('',#5827,#5828);
#5827 = CARTESIAN_POINT('',(-3.511811397202,-18.));
#5828 = VECTOR('',#5829,1.);
#5829 = DIRECTION('',(-0.,-1.));
#5830 = ( GEOMETRIC_REPRESENTATION_CONTEXT(2) 
PARAMETRIC_REPRESENTATION_CONTEXT() REPRESENTATION_CONTEXT('2D SPACE',''
  ) );
#5831 = PCURVE('',#5832,#5837);
#5832 = CYLINDRICAL_SURFACE('',#5833,40.1);
#5833 = AXIS2_PLACEMENT_3D('',#5834,#5835,#5836);
#5834 = CARTESIAN_POINT('',(0.,0.,22.));
#5835 = DIRECTION('',(-0.,-0.,-1.));
#5836 = DIRECTION('',(1.,0.,0.));
#5837 = DEFINITIONAL_REPRESENTATION('',(#5838),#5842);
#5838 = LINE('',#5839,#5840);
#5839 = CARTESIAN_POINT('',(-2.01474637948,-2.));
#5840 = VECTOR('',#5841,1.);
#5841 = DIRECTION('',(-0.,-1.));
#5842 = ( GEOMETRIC_REPRESENTATION_CONTEXT(2) 
PARAMETRIC_REPRESENTATION_CONTEXT() REPRESENTATION_CONTEXT('2D SPACE',''
  ) );
#5843 = ORIENTED_EDGE('',*,*,#5844,.T.);
#5844 = EDGE_CURVE('',#5817,#3849,#5845,.T.);
#5845 = SURFACE_CURVE('',#5846,(#5885,#5927),.PCURVE_S1.);
#5846 = B_SPLINE_CURVE_WITH_KNOTS('',7,(#5847,#5848,#5849,#5850,#5851,
    #5852,#5853,#5854,#5855,#5856,#5857,#5858,#5859,#5860,#5861,#5862,
    #5863,#5864,#5865,#5866,#5867,#5868,#5869,#5870,#5871,#5872,#5873,
    #5874,#5875,#5876,#5877,#5878,#5879,#5880,#5881,#5882,#5883,#5884),
  .UNSPECIFIED.,.F.,.F.,(8,6,6,6,6,6,8),(0.,0.443139373489,
    0.586875101026,0.700805150715,0.761665106386,0.88524436554,1.),
  .UNSPECIFIED.);
#5847 = CARTESIAN_POINT('',(-17.22334897752,36.212791248377,25.6));
#5848 = CARTESIAN_POINT('',(-17.22334897752,36.212791248377,
    25.77889370168));
#5849 = CARTESIAN_POINT('',(-17.21657680868,36.195340643219,
    25.957608453919));
#5850 = CARTESIAN_POINT('',(-17.2030509321,36.160499531065,
    26.135063648594));
#5851 = CARTESIAN_POINT('',(-17.18213772851,36.108196393837,
    26.309870870769));
#5852 = CARTESIAN_POINT('',(-17.1525850355,36.038495808012,
    26.480306898092));
#5853 = CARTESIAN_POINT('',(-17.11258232092,35.951720127606,
    26.644348807716));
#5854 = CARTESIAN_POINT('',(-17.04205116016,35.814726172014,
    26.849827211064));
#5855 = CARTESIAN_POINT('',(-17.0233904144,35.779436435468,
    26.899193359986));
#5856 = CARTESIAN_POINT('',(-17.00325376123,35.742433361153,
    26.947505807079));
#5857 = CARTESIAN_POINT('',(-16.98154546126,35.70375115325,
    26.994655671243));
#5858 = CARTESIAN_POINT('',(-16.9581657264,35.66343651679,
    27.040521584304));
#5859 = CARTESIAN_POINT('',(-16.93301296389,35.621551195512,
    27.084971401841));
#5860 = CARTESIAN_POINT('',(-16.88456350377,35.54379260585,
    27.161862044678));
#5861 = CARTESIAN_POINT('',(-16.86196426984,35.508474994124,
    27.194880495214));
#5862 = CARTESIAN_POINT('',(-16.83813930256,35.472262468655,
    27.226848096101));
#5863 = CARTESIAN_POINT('',(-16.81304107863,35.435205084778,
    27.257688109426));
#5864 = CARTESIAN_POINT('',(-16.78662617198,35.397363147782,
    27.287320258806));
#5865 = CARTESIAN_POINT('',(-16.75885785835,35.358808201645,
    27.315662759295));
#5866 = CARTESIAN_POINT('',(-16.7141376278,35.298692334667,
    27.357042219978));
#5867 = CARTESIAN_POINT('',(-16.69817268237,35.277581188946,
    27.371058912179));
#5868 = CARTESIAN_POINT('',(-16.68180968274,35.256303499494,
    27.384671795562));
#5869 = CARTESIAN_POINT('',(-16.66504546004,35.23487314884,
    27.397868567646));
#5870 = CARTESIAN_POINT('',(-16.64787787723,35.213304983144,
    27.410637251812));
#5871 = CARTESIAN_POINT('',(-16.63030582913,35.191614812192,
    27.422966197303));
#5872 = CARTESIAN_POINT('',(-16.57582686165,35.125562726981,
    27.458962727221));
#5873 = CARTESIAN_POINT('',(-16.53765325249,35.080867876432,
    27.481224184841));
#5874 = CARTESIAN_POINT('',(-16.49781426193,35.03588125996,
    27.501531217636));
#5875 = CARTESIAN_POINT('',(-16.45633232277,34.990758534891,
    27.519801349997));
#5876 = CARTESIAN_POINT('',(-16.41325050863,34.945662432888,
    27.535970173903));
#5877 = CARTESIAN_POINT('',(-16.36863658899,34.900760579165,
    27.549994657672));
#5878 = CARTESIAN_POINT('',(-16.27982553847,34.814866028774,
    27.572871313161));
#5879 = CARTESIAN_POINT('',(-16.23582027917,34.773817394322,
    27.582022805398));
#5880 = CARTESIAN_POINT('',(-16.19064767161,34.733213580482,
    27.58929570443));
#5881 = CARTESIAN_POINT('',(-16.14439221286,34.693179233775,
    27.594696487571));
#5882 = CARTESIAN_POINT('',(-16.09714563261,34.653827084096,
    27.598250646946));
#5883 = CARTESIAN_POINT('',(-16.04900599405,34.615257553692,27.6));
#5884 = CARTESIAN_POINT('',(-16.00007679469,34.577558366142,27.6));
#5885 = PCURVE('',#3869,#5886);
#5886 = DEFINITIONAL_REPRESENTATION('',(#5887),#5926);
#5887 = B_SPLINE_CURVE_WITH_KNOTS('',7,(#5888,#5889,#5890,#5891,#5892,
    #5893,#5894,#5895,#5896,#5897,#5898,#5899,#5900,#5901,#5902,#5903,
    #5904,#5905,#5906,#5907,#5908,#5909,#5910,#5911,#5912,#5913,#5914,
    #5915,#5916,#5917,#5918,#5919,#5920,#5921,#5922,#5923,#5924,#5925),
  .UNSPECIFIED.,.F.,.F.,(8,6,6,6,6,6,8),(0.,0.443139373489,
    0.586875101026,0.700805150715,0.761665106386,0.88524436554,1.),
  .UNSPECIFIED.);
#5888 = CARTESIAN_POINT('',(-3.511811397202,-19.6));
#5889 = CARTESIAN_POINT('',(-3.511811397202,-19.77889370168));
#5890 = CARTESIAN_POINT('',(-3.516737306076,-19.95760845391));
#5891 = CARTESIAN_POINT('',(-3.526572890109,-20.13506364859));
#5892 = CARTESIAN_POINT('',(-3.541395113393,-20.30987087076));
#5893 = CARTESIAN_POINT('',(-3.561309466273,-20.48030689809));
#5894 = CARTESIAN_POINT('',(-3.586431048853,-20.64434880771));
#5895 = CARTESIAN_POINT('',(-3.62697956337,-20.84982721106));
#5896 = CARTESIAN_POINT('',(-3.637484136284,-20.89919335998));
#5897 = CARTESIAN_POINT('',(-3.648568971139,-20.94750580707));
#5898 = CARTESIAN_POINT('',(-3.660240015317,-20.99465567124));
#5899 = CARTESIAN_POINT('',(-3.672501896379,-21.0405215843));
#5900 = CARTESIAN_POINT('',(-3.685357367073,-21.08497140184));
#5901 = CARTESIAN_POINT('',(-3.709467209852,-21.16186204467));
#5902 = CARTESIAN_POINT('',(-3.720500420755,-21.19488049521));
#5903 = CARTESIAN_POINT('',(-3.731906057989,-21.2268480961));
#5904 = CARTESIAN_POINT('',(-3.743682170873,-21.25768810942));
#5905 = CARTESIAN_POINT('',(-3.755824670864,-21.2873202588));
#5906 = CARTESIAN_POINT('',(-3.768326819318,-21.31566275929));
#5907 = CARTESIAN_POINT('',(-3.788044031456,-21.35704221997));
#5908 = CARTESIAN_POINT('',(-3.795009102083,-21.37105891217));
#5909 = CARTESIAN_POINT('',(-3.802072387719,-21.38467179556));
#5910 = CARTESIAN_POINT('',(-3.80923205328,-21.39786856764));
#5911 = CARTESIAN_POINT('',(-3.816485968015,-21.41063725181));
#5912 = CARTESIAN_POINT('',(-3.823831705499,-21.4229661973));
#5913 = CARTESIAN_POINT('',(-3.846363363526,-21.45896272722));
#5914 = CARTESIAN_POINT('',(-3.861828992922,-21.48122418484));
#5915 = CARTESIAN_POINT('',(-3.87763828009,-21.50153121763));
#5916 = CARTESIAN_POINT('',(-3.893762806512,-21.51980134999));
#5917 = CARTESIAN_POINT('',(-3.91017033597,-21.5359701739));
#5918 = CARTESIAN_POINT('',(-3.926824263637,-21.54999465767));
#5919 = CARTESIAN_POINT('',(-3.959338139304,-21.57287131316));
#5920 = CARTESIAN_POINT('',(-3.975172008476,-21.58202280539));
#5921 = CARTESIAN_POINT('',(-3.991151580652,-21.58929570443));
#5922 = CARTESIAN_POINT('',(-4.007244982356,-21.59469648757));
#5923 = CARTESIAN_POINT('',(-4.023421486801,-21.59825064694));
#5924 = CARTESIAN_POINT('',(-4.039651442028,-21.6));
#5925 = CARTESIAN_POINT('',(-4.055906199039,-21.6));
#5926 = ( GEOMETRIC_REPRESENTATION_CONTEXT(2) 
PARAMETRIC_REPRESENTATION_CONTEXT() REPRESENTATION_CONTEXT('2D SPACE',''
  ) );
#5927 = PCURVE('',#3895,#5928);
#5928 = DEFINITIONAL_REPRESENTATION('',(#5929),#5968);
#5929 = B_SPLINE_CURVE_WITH_KNOTS('',7,(#5930,#5931,#5932,#5933,#5934,
    #5935,#5936,#5937,#5938,#5939,#5940,#5941,#5942,#5943,#5944,#5945,
    #5946,#5947,#5948,#5949,#5950,#5951,#5952,#5953,#5954,#5955,#5956,
    #5957,#5958,#5959,#5960,#5961,#5962,#5963,#5964,#5965,#5966,#5967),
  .UNSPECIFIED.,.F.,.F.,(8,6,6,6,6,6,8),(0.,0.443139373489,
    0.586875101026,0.700805150715,0.761665106386,0.88524436554,1.),
  .UNSPECIFIED.);
#5930 = CARTESIAN_POINT('',(2.01474637948,0.));
#5931 = CARTESIAN_POINT('',(2.01474637948,8.944685083986E-02));
#5932 = CARTESIAN_POINT('',(2.014780782282,0.178803989213));
#5933 = CARTESIAN_POINT('',(2.014849354074,0.268701603862));
#5934 = CARTESIAN_POINT('',(2.014938813393,0.359598866926));
#5935 = CARTESIAN_POINT('',(2.015020621848,0.451957795935));
#5936 = CARTESIAN_POINT('',(2.015050627345,0.546241771947));
#5937 = CARTESIAN_POINT('',(2.014929192268,0.674635814387));
#5938 = CARTESIAN_POINT('',(2.01488665719,0.706347190171));
#5939 = CARTESIAN_POINT('',(2.014828973736,0.738341755233));
#5940 = CARTESIAN_POINT('',(2.014753511971,0.770633799826));
#5941 = CARTESIAN_POINT('',(2.01465738199,0.803234108521));
#5942 = CARTESIAN_POINT('',(2.014537449047,0.836149869853));
#5943 = CARTESIAN_POINT('',(2.014273751739,0.895727603989));
#5944 = CARTESIAN_POINT('',(2.014140090035,0.922270043621));
#5945 = CARTESIAN_POINT('',(2.01398770579,0.949012524215));
#5946 = CARTESIAN_POINT('',(2.013814854318,0.975952660314));
#5947 = CARTESIAN_POINT('',(2.013619752395,1.003084587691));
#5948 = CARTESIAN_POINT('',(2.013400626605,1.030398489368));
#5949 = CARTESIAN_POINT('',(2.013024958025,1.072560453377));
#5950 = CARTESIAN_POINT('',(2.012886812659,1.087288558446));
#5951 = CARTESIAN_POINT('',(2.012741061918,1.102062173569));
#5952 = CARTESIAN_POINT('',(2.012587453914,1.116878640753));
#5953 = CARTESIAN_POINT('',(2.012425748547,1.131734907295));
#5954 = CARTESIAN_POINT('',(2.012255717505,1.146627525794));
#5955 = CARTESIAN_POINT('',(2.011714542139,1.19185889218));
#5956 = CARTESIAN_POINT('',(2.011316690413,1.222302082286));
#5957 = CARTESIAN_POINT('',(2.010881864635,1.252845400529));
#5958 = CARTESIAN_POINT('',(2.010408598493,1.283449802297));
#5959 = CARTESIAN_POINT('',(2.009895818094,1.31407283706));
#5960 = CARTESIAN_POINT('',(2.009342976244,1.344667463139));
#5961 = CARTESIAN_POINT('',(2.008199722706,1.403515588898));
#5962 = CARTESIAN_POINT('',(2.007614738943,1.431784115578));
#5963 = CARTESIAN_POINT('',(2.006995307623,1.459944412945));
#5964 = CARTESIAN_POINT('',(2.006341834146,1.487958795705));
#5965 = CARTESIAN_POINT('',(2.005655048229,1.515793044711));
#5966 = CARTESIAN_POINT('',(2.004935995002,1.543415528828));
#5967 = CARTESIAN_POINT('',(2.004186026105,1.570796326795));
#5968 = ( GEOMETRIC_REPRESENTATION_CONTEXT(2) 
PARAMETRIC_REPRESENTATION_CONTEXT() REPRESENTATION_CONTEXT('2D SPACE',''
  ) );
#5969 = ORIENTED_EDGE('',*,*,#3848,.F.);
#5970 = ADVANCED_FACE('',(#5971),#5832,.F.);
#5971 = FACE_BOUND('',#5972,.T.);
#5972 = EDGE_LOOP('',(#5973,#6001,#6002,#6026,#6049,#6082,#6108,#6137));
#5973 = ORIENTED_EDGE('',*,*,#5974,.F.);
#5974 = EDGE_CURVE('',#5784,#5975,#5977,.T.);
#5975 = VERTEX_POINT('',#5976);
#5976 = CARTESIAN_POINT('',(-15.0203199039,37.180639988904,24.));
#5977 = SURFACE_CURVE('',#5978,(#5983,#5990),.PCURVE_S1.);
#5978 = CIRCLE('',#5979,40.1);
#5979 = AXIS2_PLACEMENT_3D('',#5980,#5981,#5982);
#5980 = CARTESIAN_POINT('',(0.,0.,24.));
#5981 = DIRECTION('',(0.,0.,-1.));
#5982 = DIRECTION('',(1.,0.,0.));
#5983 = PCURVE('',#5832,#5984);
#5984 = DEFINITIONAL_REPRESENTATION('',(#5985),#5989);
#5985 = LINE('',#5986,#5987);
#5986 = CARTESIAN_POINT('',(-6.28318530718,-2.));
#5987 = VECTOR('',#5988,1.);
#5988 = DIRECTION('',(1.,-0.));
#5989 = ( GEOMETRIC_REPRESENTATION_CONTEXT(2) 
PARAMETRIC_REPRESENTATION_CONTEXT() REPRESENTATION_CONTEXT('2D SPACE',''
  ) );
#5990 = PCURVE('',#5800,#5991);
#5991 = DEFINITIONAL_REPRESENTATION('',(#5992),#6000);
#5992 = ( BOUNDED_CURVE() B_SPLINE_CURVE(2,(#5993,#5994,#5995,#5996,
#5997,#5998,#5999),.UNSPECIFIED.,.T.,.F.) B_SPLINE_CURVE_WITH_KNOTS((1,2
    ,2,2,2,1),(-2.094395102393,0.,2.094395102393,4.188790204786,
6.28318530718,8.377580409573),.UNSPECIFIED.) CURVE() 
GEOMETRIC_REPRESENTATION_ITEM() RATIONAL_B_SPLINE_CURVE((1.,0.5,1.,0.5,
1.,0.5,1.)) REPRESENTATION_ITEM('') );
#5993 = CARTESIAN_POINT('',(120.1,80.));
#5994 = CARTESIAN_POINT('',(120.1,10.544762616488));
#5995 = CARTESIAN_POINT('',(59.95,45.272381308244));
#5996 = CARTESIAN_POINT('',(-0.2,80.));
#5997 = CARTESIAN_POINT('',(59.95,114.72761869175));
#5998 = CARTESIAN_POINT('',(120.1,149.45523738351));
#5999 = CARTESIAN_POINT('',(120.1,80.));
#6000 = ( GEOMETRIC_REPRESENTATION_CONTEXT(2) 
PARAMETRIC_REPRESENTATION_CONTEXT() REPRESENTATION_CONTEXT('2D SPACE',''
  ) );
#6001 = ORIENTED_EDGE('',*,*,#5816,.T.);
#6002 = ORIENTED_EDGE('',*,*,#6003,.T.);
#6003 = EDGE_CURVE('',#5817,#6004,#6006,.T.);
#6004 = VERTEX_POINT('',#6005);
#6005 = CARTESIAN_POINT('',(-17.22334897752,-36.21279124837,25.6));
#6006 = SURFACE_CURVE('',#6007,(#6012,#6019),.PCURVE_S1.);
#6007 = CIRCLE('',#6008,40.1);
#6008 = AXIS2_PLACEMENT_3D('',#6009,#6010,#6011);
#6009 = CARTESIAN_POINT('',(0.,0.,25.6));
#6010 = DIRECTION('',(0.,-0.,1.));
#6011 = DIRECTION('',(0.251453435174,0.96786939715,0.));
#6012 = PCURVE('',#5832,#6013);
#6013 = DEFINITIONAL_REPRESENTATION('',(#6014),#6018);
#6014 = LINE('',#6015,#6016);
#6015 = CARTESIAN_POINT('',(-1.316614678682,-3.6));
#6016 = VECTOR('',#6017,1.);
#6017 = DIRECTION('',(-1.,0.));
#6018 = ( GEOMETRIC_REPRESENTATION_CONTEXT(2) 
PARAMETRIC_REPRESENTATION_CONTEXT() REPRESENTATION_CONTEXT('2D SPACE',''
  ) );
#6019 = PCURVE('',#3895,#6020);
#6020 = DEFINITIONAL_REPRESENTATION('',(#6021),#6025);
#6021 = LINE('',#6022,#6023);
#6022 = CARTESIAN_POINT('',(1.316614678682,0.));
#6023 = VECTOR('',#6024,1.);
#6024 = DIRECTION('',(1.,0.));
#6025 = ( GEOMETRIC_REPRESENTATION_CONTEXT(2) 
PARAMETRIC_REPRESENTATION_CONTEXT() REPRESENTATION_CONTEXT('2D SPACE',''
  ) );
#6026 = ORIENTED_EDGE('',*,*,#6027,.T.);
#6027 = EDGE_CURVE('',#6004,#6028,#6030,.T.);
#6028 = VERTEX_POINT('',#6029);
#6029 = CARTESIAN_POINT('',(-17.22334897752,-36.21279124837,24.));
#6030 = SURFACE_CURVE('',#6031,(#6035,#6042),.PCURVE_S1.);
#6031 = LINE('',#6032,#6033);
#6032 = CARTESIAN_POINT('',(-17.22334897752,-36.21279124837,25.6));
#6033 = VECTOR('',#6034,1.);
#6034 = DIRECTION('',(-3.996802888651E-14,1.7763568394E-14,-1.));
#6035 = PCURVE('',#5832,#6036);
#6036 = DEFINITIONAL_REPRESENTATION('',(#6037),#6041);
#6037 = LINE('',#6038,#6039);
#6038 = CARTESIAN_POINT('',(-4.2684389277,-3.6));
#6039 = VECTOR('',#6040,1.);
#6040 = DIRECTION('',(-0.,1.));
#6041 = ( GEOMETRIC_REPRESENTATION_CONTEXT(2) 
PARAMETRIC_REPRESENTATION_CONTEXT() REPRESENTATION_CONTEXT('2D SPACE',''
  ) );
#6042 = PCURVE('',#3728,#6043);
#6043 = DEFINITIONAL_REPRESENTATION('',(#6044),#6048);
#6044 = LINE('',#6045,#6046);
#6045 = CARTESIAN_POINT('',(-9.054559217157,-19.6));
#6046 = VECTOR('',#6047,1.);
#6047 = DIRECTION('',(-0.,1.));
#6048 = ( GEOMETRIC_REPRESENTATION_CONTEXT(2) 
PARAMETRIC_REPRESENTATION_CONTEXT() REPRESENTATION_CONTEXT('2D SPACE',''
  ) );
#6049 = ORIENTED_EDGE('',*,*,#6050,.F.);
#6050 = EDGE_CURVE('',#6051,#6028,#6053,.T.);
#6051 = VERTEX_POINT('',#6052);
#6052 = CARTESIAN_POINT('',(-15.0203199039,-37.1806399889,24.));
#6053 = SURFACE_CURVE('',#6054,(#6059,#6066),.PCURVE_S1.);
#6054 = CIRCLE('',#6055,40.1);
#6055 = AXIS2_PLACEMENT_3D('',#6056,#6057,#6058);
#6056 = CARTESIAN_POINT('',(0.,0.,24.));
#6057 = DIRECTION('',(0.,0.,-1.));
#6058 = DIRECTION('',(1.,0.,0.));
#6059 = PCURVE('',#5832,#6060);
#6060 = DEFINITIONAL_REPRESENTATION('',(#6061),#6065);
#6061 = LINE('',#6062,#6063);
#6062 = CARTESIAN_POINT('',(-6.28318530718,-2.));
#6063 = VECTOR('',#6064,1.);
#6064 = DIRECTION('',(1.,-0.));
#6065 = ( GEOMETRIC_REPRESENTATION_CONTEXT(2) 
PARAMETRIC_REPRESENTATION_CONTEXT() REPRESENTATION_CONTEXT('2D SPACE',''
  ) );
#6066 = PCURVE('',#6067,#6072);
#6067 = PLANE('',#6068);
#6068 = AXIS2_PLACEMENT_3D('',#6069,#6070,#6071);
#6069 = CARTESIAN_POINT('',(-80.,-80.,24.));
#6070 = DIRECTION('',(0.,0.,1.));
#6071 = DIRECTION('',(1.,0.,0.));
#6072 = DEFINITIONAL_REPRESENTATION('',(#6073),#6081);
#6073 = ( BOUNDED_CURVE() B_SPLINE_CURVE(2,(#6074,#6075,#6076,#6077,
#6078,#6079,#6080),.UNSPECIFIED.,.T.,.F.) B_SPLINE_CURVE_WITH_KNOTS((1,2
    ,2,2,2,1),(-2.094395102393,0.,2.094395102393,4.188790204786,
6.28318530718,8.377580409573),.UNSPECIFIED.) CURVE() 
GEOMETRIC_REPRESENTATION_ITEM() RATIONAL_B_SPLINE_CURVE((1.,0.5,1.,0.5,
1.,0.5,1.)) REPRESENTATION_ITEM('') );
#6074 = CARTESIAN_POINT('',(120.1,80.));
#6075 = CARTESIAN_POINT('',(120.1,10.544762616488));
#6076 = CARTESIAN_POINT('',(59.95,45.272381308244));
#6077 = CARTESIAN_POINT('',(-0.2,80.));
#6078 = CARTESIAN_POINT('',(59.95,114.72761869175));
#6079 = CARTESIAN_POINT('',(120.1,149.45523738351));
#6080 = CARTESIAN_POINT('',(120.1,80.));
#6081 = ( GEOMETRIC_REPRESENTATION_CONTEXT(2) 
PARAMETRIC_REPRESENTATION_CONTEXT() REPRESENTATION_CONTEXT('2D SPACE',''
  ) );
#6082 = ORIENTED_EDGE('',*,*,#6083,.T.);
#6083 = EDGE_CURVE('',#6051,#6084,#6086,.T.);
#6084 = VERTEX_POINT('',#6085);
#6085 = CARTESIAN_POINT('',(-15.0203199039,-37.1806399889,22.15));
#6086 = SURFACE_CURVE('',#6087,(#6091,#6097),.PCURVE_S1.);
#6087 = LINE('',#6088,#6089);
#6088 = CARTESIAN_POINT('',(-15.0203199039,-37.1806399889,22.));
#6089 = VECTOR('',#6090,1.);
#6090 = DIRECTION('',(-0.,-0.,-1.));
#6091 = PCURVE('',#5832,#6092);
#6092 = DEFINITIONAL_REPRESENTATION('',(#6093),#6096);
#6093 = B_SPLINE_CURVE_WITH_KNOTS('',1,(#6094,#6095),.UNSPECIFIED.,.F.,
  .F.,(2,2),(-2.2000006,-0.1499994),.PIECEWISE_BEZIER_KNOTS.);
#6094 = CARTESIAN_POINT('',(-4.328454320057,-2.2000006));
#6095 = CARTESIAN_POINT('',(-4.328454320057,-0.1499994));
#6096 = ( GEOMETRIC_REPRESENTATION_CONTEXT(2) 
PARAMETRIC_REPRESENTATION_CONTEXT() REPRESENTATION_CONTEXT('2D SPACE',''
  ) );
#6097 = PCURVE('',#6098,#6103);
#6098 = CYLINDRICAL_SURFACE('',#6099,1.4);
#6099 = AXIS2_PLACEMENT_3D('',#6100,#6101,#6102);
#6100 = CARTESIAN_POINT('',(-13.68080573302,-37.58770483143,5.9));
#6101 = DIRECTION('',(-0.,-0.,-1.));
#6102 = DIRECTION('',(1.,0.,0.));
#6103 = DEFINITIONAL_REPRESENTATION('',(#6104),#6107);
#6104 = B_SPLINE_CURVE_WITH_KNOTS('',1,(#6105,#6106),.UNSPECIFIED.,.F.,
  .F.,(2,2),(-2.2000006,-0.1499994),.PIECEWISE_BEZIER_KNOTS.);
#6105 = CARTESIAN_POINT('',(-2.846570964933,-18.3000006));
#6106 = CARTESIAN_POINT('',(-2.846570964933,-16.2499994));
#6107 = ( GEOMETRIC_REPRESENTATION_CONTEXT(2) 
PARAMETRIC_REPRESENTATION_CONTEXT() REPRESENTATION_CONTEXT('2D SPACE',''
  ) );
#6108 = ORIENTED_EDGE('',*,*,#6109,.F.);
#6109 = EDGE_CURVE('',#6110,#6084,#6112,.T.);
#6110 = VERTEX_POINT('',#6111);
#6111 = CARTESIAN_POINT('',(-15.0203199039,37.180639988904,22.15));
#6112 = SURFACE_CURVE('',#6113,(#6118,#6125),.PCURVE_S1.);
#6113 = CIRCLE('',#6114,40.1);
#6114 = AXIS2_PLACEMENT_3D('',#6115,#6116,#6117);
#6115 = CARTESIAN_POINT('',(0.,0.,22.15));
#6116 = DIRECTION('',(0.,0.,1.));
#6117 = DIRECTION('',(-0.374571568676,0.927198004711,0.));
#6118 = PCURVE('',#5832,#6119);
#6119 = DEFINITIONAL_REPRESENTATION('',(#6120),#6124);
#6120 = LINE('',#6121,#6122);
#6121 = CARTESIAN_POINT('',(-1.954730987123,-0.15));
#6122 = VECTOR('',#6123,1.);
#6123 = DIRECTION('',(-1.,-0.));
#6124 = ( GEOMETRIC_REPRESENTATION_CONTEXT(2) 
PARAMETRIC_REPRESENTATION_CONTEXT() REPRESENTATION_CONTEXT('2D SPACE',''
  ) );
#6125 = PCURVE('',#6126,#6131);
#6126 = PLANE('',#6127);
#6127 = AXIS2_PLACEMENT_3D('',#6128,#6129,#6130);
#6128 = CARTESIAN_POINT('',(-1.063379932959E-15,4.700472404923E-15,22.15
    ));
#6129 = DIRECTION('',(0.,0.,1.));
#6130 = DIRECTION('',(1.,0.,-0.));
#6131 = DEFINITIONAL_REPRESENTATION('',(#6132),#6136);
#6132 = CIRCLE('',#6133,40.1);
#6133 = AXIS2_PLACEMENT_2D('',#6134,#6135);
#6134 = CARTESIAN_POINT('',(1.063379932959E-15,-4.700472404923E-15));
#6135 = DIRECTION('',(-0.374571568676,0.927198004711));
#6136 = ( GEOMETRIC_REPRESENTATION_CONTEXT(2) 
PARAMETRIC_REPRESENTATION_CONTEXT() REPRESENTATION_CONTEXT('2D SPACE',''
  ) );
#6137 = ORIENTED_EDGE('',*,*,#6138,.F.);
#6138 = EDGE_CURVE('',#5975,#6110,#6139,.T.);
#6139 = SURFACE_CURVE('',#6140,(#6144,#6150),.PCURVE_S1.);
#6140 = LINE('',#6141,#6142);
#6141 = CARTESIAN_POINT('',(-15.0203199039,37.180639988904,22.));
#6142 = VECTOR('',#6143,1.);
#6143 = DIRECTION('',(-0.,-0.,-1.));
#6144 = PCURVE('',#5832,#6145);
#6145 = DEFINITIONAL_REPRESENTATION('',(#6146),#6149);
#6146 = B_SPLINE_CURVE_WITH_KNOTS('',1,(#6147,#6148),.UNSPECIFIED.,.F.,
  .F.,(2,2),(-2.2000006,-0.1499994),.PIECEWISE_BEZIER_KNOTS.);
#6147 = CARTESIAN_POINT('',(-1.954730987123,-2.2000006));
#6148 = CARTESIAN_POINT('',(-1.954730987123,-0.1499994));
#6149 = ( GEOMETRIC_REPRESENTATION_CONTEXT(2) 
PARAMETRIC_REPRESENTATION_CONTEXT() REPRESENTATION_CONTEXT('2D SPACE',''
  ) );
#6150 = PCURVE('',#6151,#6156);
#6151 = CYLINDRICAL_SURFACE('',#6152,1.4);
#6152 = AXIS2_PLACEMENT_3D('',#6153,#6154,#6155);
#6153 = CARTESIAN_POINT('',(-13.68080573302,37.587704831436,5.9));
#6154 = DIRECTION('',(-0.,-0.,-1.));
#6155 = DIRECTION('',(1.,0.,0.));
#6156 = DEFINITIONAL_REPRESENTATION('',(#6157),#6160);
#6157 = B_SPLINE_CURVE_WITH_KNOTS('',1,(#6158,#6159),.UNSPECIFIED.,.F.,
  .F.,(2,2),(-2.2000006,-0.1499994),.PIECEWISE_BEZIER_KNOTS.);
#6158 = CARTESIAN_POINT('',(-3.436614342247,-18.3000006));
#6159 = CARTESIAN_POINT('',(-3.436614342247,-16.2499994));
#6160 = ( GEOMETRIC_REPRESENTATION_CONTEXT(2) 
PARAMETRIC_REPRESENTATION_CONTEXT() REPRESENTATION_CONTEXT('2D SPACE',''
  ) );
#6161 = ADVANCED_FACE('',(#6162),#6151,.F.);
#6162 = FACE_BOUND('',#6163,.T.);
#6163 = EDGE_LOOP('',(#6164,#6197,#6220,#6246,#6247,#6275,#6301,#6329,
    #6350,#6378,#6399,#6425));
#6164 = ORIENTED_EDGE('',*,*,#6165,.F.);
#6165 = EDGE_CURVE('',#6166,#6166,#6168,.T.);
#6166 = VERTEX_POINT('',#6167);
#6167 = CARTESIAN_POINT('',(-12.28080573302,37.587704831436,27.8));
#6168 = SURFACE_CURVE('',#6169,(#6174,#6181),.PCURVE_S1.);
#6169 = CIRCLE('',#6170,1.4);
#6170 = AXIS2_PLACEMENT_3D('',#6171,#6172,#6173);
#6171 = CARTESIAN_POINT('',(-13.68080573302,37.587704831436,27.8));
#6172 = DIRECTION('',(0.,0.,-1.));
#6173 = DIRECTION('',(1.,0.,0.));
#6174 = PCURVE('',#6151,#6175);
#6175 = DEFINITIONAL_REPRESENTATION('',(#6176),#6180);
#6176 = LINE('',#6177,#6178);
#6177 = CARTESIAN_POINT('',(-6.28318530718,-21.9));
#6178 = VECTOR('',#6179,1.);
#6179 = DIRECTION('',(1.,-0.));
#6180 = ( GEOMETRIC_REPRESENTATION_CONTEXT(2) 
PARAMETRIC_REPRESENTATION_CONTEXT() REPRESENTATION_CONTEXT('2D SPACE',''
  ) );
#6181 = PCURVE('',#6182,#6187);
#6182 = PLANE('',#6183);
#6183 = AXIS2_PLACEMENT_3D('',#6184,#6185,#6186);
#6184 = CARTESIAN_POINT('',(-13.68080573302,37.587704831436,27.8));
#6185 = DIRECTION('',(0.,0.,1.));
#6186 = DIRECTION('',(1.,0.,-0.));
#6187 = DEFINITIONAL_REPRESENTATION('',(#6188),#6196);
#6188 = ( BOUNDED_CURVE() B_SPLINE_CURVE(2,(#6189,#6190,#6191,#6192,
#6193,#6194,#6195),.UNSPECIFIED.,.T.,.F.) B_SPLINE_CURVE_WITH_KNOTS((1,2
    ,2,2,2,1),(-2.094395102393,0.,2.094395102393,4.188790204786,
6.28318530718,8.377580409573),.UNSPECIFIED.) CURVE() 
GEOMETRIC_REPRESENTATION_ITEM() RATIONAL_B_SPLINE_CURVE((1.,0.5,1.,0.5,
1.,0.5,1.)) REPRESENTATION_ITEM('') );
#6189 = CARTESIAN_POINT('',(1.4,0.));
#6190 = CARTESIAN_POINT('',(1.4,-2.424871130596));
#6191 = CARTESIAN_POINT('',(-0.7,-1.212435565298));
#6192 = CARTESIAN_POINT('',(-2.8,-3.429011037613E-16));
#6193 = CARTESIAN_POINT('',(-0.7,1.212435565298));
#6194 = CARTESIAN_POINT('',(1.4,2.424871130596));
#6195 = CARTESIAN_POINT('',(1.4,0.));
#6196 = ( GEOMETRIC_REPRESENTATION_CONTEXT(2) 
PARAMETRIC_REPRESENTATION_CONTEXT() REPRESENTATION_CONTEXT('2D SPACE',''
  ) );
#6197 = ORIENTED_EDGE('',*,*,#6198,.F.);
#6198 = EDGE_CURVE('',#6199,#6166,#6201,.T.);
#6199 = VERTEX_POINT('',#6200);
#6200 = CARTESIAN_POINT('',(-12.28080573302,37.587704831436,24.));
#6201 = SEAM_CURVE('',#6202,(#6206,#6213),.PCURVE_S1.);
#6202 = LINE('',#6203,#6204);
#6203 = CARTESIAN_POINT('',(-12.28080573302,37.587704831436,5.9));
#6204 = VECTOR('',#6205,1.);
#6205 = DIRECTION('',(0.,0.,1.));
#6206 = PCURVE('',#6151,#6207);
#6207 = DEFINITIONAL_REPRESENTATION('',(#6208),#6212);
#6208 = LINE('',#6209,#6210);
#6209 = CARTESIAN_POINT('',(-6.28318530718,0.));
#6210 = VECTOR('',#6211,1.);
#6211 = DIRECTION('',(-0.,-1.));
#6212 = ( GEOMETRIC_REPRESENTATION_CONTEXT(2) 
PARAMETRIC_REPRESENTATION_CONTEXT() REPRESENTATION_CONTEXT('2D SPACE',''
  ) );
#6213 = PCURVE('',#6151,#6214);
#6214 = DEFINITIONAL_REPRESENTATION('',(#6215),#6219);
#6215 = LINE('',#6216,#6217);
#6216 = CARTESIAN_POINT('',(-0.,0.));
#6217 = VECTOR('',#6218,1.);
#6218 = DIRECTION('',(-0.,-1.));
#6219 = ( GEOMETRIC_REPRESENTATION_CONTEXT(2) 
PARAMETRIC_REPRESENTATION_CONTEXT() REPRESENTATION_CONTEXT('2D SPACE',''
  ) );
#6220 = ORIENTED_EDGE('',*,*,#6221,.T.);
#6221 = EDGE_CURVE('',#6199,#5975,#6222,.T.);
#6222 = SURFACE_CURVE('',#6223,(#6228,#6235),.PCURVE_S1.);
#6223 = CIRCLE('',#6224,1.4);
#6224 = AXIS2_PLACEMENT_3D('',#6225,#6226,#6227);
#6225 = CARTESIAN_POINT('',(-13.68080573302,37.587704831436,24.));
#6226 = DIRECTION('',(0.,0.,-1.));
#6227 = DIRECTION('',(1.,0.,0.));
#6228 = PCURVE('',#6151,#6229);
#6229 = DEFINITIONAL_REPRESENTATION('',(#6230),#6234);
#6230 = LINE('',#6231,#6232);
#6231 = CARTESIAN_POINT('',(-6.28318530718,-18.1));
#6232 = VECTOR('',#6233,1.);
#6233 = DIRECTION('',(1.,-0.));
#6234 = ( GEOMETRIC_REPRESENTATION_CONTEXT(2) 
PARAMETRIC_REPRESENTATION_CONTEXT() REPRESENTATION_CONTEXT('2D SPACE',''
  ) );
#6235 = PCURVE('',#5800,#6236);
#6236 = DEFINITIONAL_REPRESENTATION('',(#6237),#6245);
#6237 = ( BOUNDED_CURVE() B_SPLINE_CURVE(2,(#6238,#6239,#6240,#6241,
#6242,#6243,#6244),.UNSPECIFIED.,.T.,.F.) B_SPLINE_CURVE_WITH_KNOTS((1,2
    ,2,2,2,1),(-2.094395102393,0.,2.094395102393,4.188790204786,
6.28318530718,8.377580409573),.UNSPECIFIED.) CURVE() 
GEOMETRIC_REPRESENTATION_ITEM() RATIONAL_B_SPLINE_CURVE((1.,0.5,1.,0.5,
1.,0.5,1.)) REPRESENTATION_ITEM('') );
#6238 = CARTESIAN_POINT('',(67.719194266973,117.58770483143));
#6239 = CARTESIAN_POINT('',(67.719194266973,115.16283370084));
#6240 = CARTESIAN_POINT('',(65.619194266973,116.37526926613));
#6241 = CARTESIAN_POINT('',(63.519194266973,117.58770483143));
#6242 = CARTESIAN_POINT('',(65.619194266973,118.80014039673));
#6243 = CARTESIAN_POINT('',(67.719194266973,120.01257596203));
#6244 = CARTESIAN_POINT('',(67.719194266973,117.58770483143));
#6245 = ( GEOMETRIC_REPRESENTATION_CONTEXT(2) 
PARAMETRIC_REPRESENTATION_CONTEXT() REPRESENTATION_CONTEXT('2D SPACE',''
  ) );
#6246 = ORIENTED_EDGE('',*,*,#6138,.T.);
#6247 = ORIENTED_EDGE('',*,*,#6248,.T.);
#6248 = EDGE_CURVE('',#6110,#6249,#6251,.T.);
#6249 = VERTEX_POINT('',#6250);
#6250 = CARTESIAN_POINT('',(-14.83235988556,38.38389766849,22.15));
#6251 = SURFACE_CURVE('',#6252,(#6257,#6264),.PCURVE_S1.);
#6252 = CIRCLE('',#6253,1.4);
#6253 = AXIS2_PLACEMENT_3D('',#6254,#6255,#6256);
#6254 = CARTESIAN_POINT('',(-13.68080573302,37.587704831436,22.15));
#6255 = DIRECTION('',(0.,0.,-1.));
#6256 = DIRECTION('',(1.,0.,0.));
#6257 = PCURVE('',#6151,#6258);
#6258 = DEFINITIONAL_REPRESENTATION('',(#6259),#6263);
#6259 = LINE('',#6260,#6261);
#6260 = CARTESIAN_POINT('',(-6.28318530718,-16.25));
#6261 = VECTOR('',#6262,1.);
#6262 = DIRECTION('',(1.,-0.));
#6263 = ( GEOMETRIC_REPRESENTATION_CONTEXT(2) 
PARAMETRIC_REPRESENTATION_CONTEXT() REPRESENTATION_CONTEXT('2D SPACE',''
  ) );
#6264 = PCURVE('',#6126,#6265);
#6265 = DEFINITIONAL_REPRESENTATION('',(#6266),#6274);
#6266 = ( BOUNDED_CURVE() B_SPLINE_CURVE(2,(#6267,#6268,#6269,#6270,
#6271,#6272,#6273),.UNSPECIFIED.,.T.,.F.) B_SPLINE_CURVE_WITH_KNOTS((1,2
    ,2,2,2,1),(-2.094395102393,0.,2.094395102393,4.188790204786,
6.28318530718,8.377580409573),.UNSPECIFIED.) CURVE() 
GEOMETRIC_REPRESENTATION_ITEM() RATIONAL_B_SPLINE_CURVE((1.,0.5,1.,0.5,
1.,0.5,1.)) REPRESENTATION_ITEM('') );
#6267 = CARTESIAN_POINT('',(-12.28080573302,37.587704831436));
#6268 = CARTESIAN_POINT('',(-12.28080573302,35.16283370084));
#6269 = CARTESIAN_POINT('',(-14.38080573302,36.375269266138));
#6270 = CARTESIAN_POINT('',(-16.48080573302,37.587704831436));
#6271 = CARTESIAN_POINT('',(-14.38080573302,38.800140396735));
#6272 = CARTESIAN_POINT('',(-12.28080573302,40.012575962033));
#6273 = CARTESIAN_POINT('',(-12.28080573302,37.587704831436));
#6274 = ( GEOMETRIC_REPRESENTATION_CONTEXT(2) 
PARAMETRIC_REPRESENTATION_CONTEXT() REPRESENTATION_CONTEXT('2D SPACE',''
  ) );
#6275 = ORIENTED_EDGE('',*,*,#6276,.F.);
#6276 = EDGE_CURVE('',#6277,#6249,#6279,.T.);
#6277 = VERTEX_POINT('',#6278);
#6278 = CARTESIAN_POINT('',(-14.83235988556,38.38389766849,24.));
#6279 = SURFACE_CURVE('',#6280,(#6284,#6290),.PCURVE_S1.);
#6280 = LINE('',#6281,#6282);
#6281 = CARTESIAN_POINT('',(-14.83235988556,38.38389766849,22.15));
#6282 = VECTOR('',#6283,1.);
#6283 = DIRECTION('',(-0.,-0.,-1.));
#6284 = PCURVE('',#6151,#6285);
#6285 = DEFINITIONAL_REPRESENTATION('',(#6286),#6289);
#6286 = B_SPLINE_CURVE_WITH_KNOTS('',1,(#6287,#6288),.UNSPECIFIED.,.F.,
  .F.,(2,2),(-2.0500006,5.999999999062E-07),.PIECEWISE_BEZIER_KNOTS.);
#6287 = CARTESIAN_POINT('',(-2.536656976536,-18.3000006));
#6288 = CARTESIAN_POINT('',(-2.536656976536,-16.2499994));
#6289 = ( GEOMETRIC_REPRESENTATION_CONTEXT(2) 
PARAMETRIC_REPRESENTATION_CONTEXT() REPRESENTATION_CONTEXT('2D SPACE',''
  ) );
#6290 = PCURVE('',#6291,#6296);
#6291 = CYLINDRICAL_SURFACE('',#6292,41.15);
#6292 = AXIS2_PLACEMENT_3D('',#6293,#6294,#6295);
#6293 = CARTESIAN_POINT('',(0.,0.,22.15));
#6294 = DIRECTION('',(-0.,-0.,-1.));
#6295 = DIRECTION('',(1.,0.,0.));
#6296 = DEFINITIONAL_REPRESENTATION('',(#6297),#6300);
#6297 = B_SPLINE_CURVE_WITH_KNOTS('',1,(#6298,#6299),.UNSPECIFIED.,.F.,
  .F.,(2,2),(-2.0500006,5.999999999062E-07),.PIECEWISE_BEZIER_KNOTS.);
#6298 = CARTESIAN_POINT('',(-1.939542498648,-2.0500006));
#6299 = CARTESIAN_POINT('',(-1.939542498648,5.999999999062E-07));
#6300 = ( GEOMETRIC_REPRESENTATION_CONTEXT(2) 
PARAMETRIC_REPRESENTATION_CONTEXT() REPRESENTATION_CONTEXT('2D SPACE',''
  ) );
#6301 = ORIENTED_EDGE('',*,*,#6302,.T.);
#6302 = EDGE_CURVE('',#6277,#6303,#6305,.T.);
#6303 = VERTEX_POINT('',#6304);
#6304 = CARTESIAN_POINT('',(-13.3104469641,38.937828671046,24.));
#6305 = SURFACE_CURVE('',#6306,(#6311,#6318),.PCURVE_S1.);
#6306 = CIRCLE('',#6307,1.4);
#6307 = AXIS2_PLACEMENT_3D('',#6308,#6309,#6310);
#6308 = CARTESIAN_POINT('',(-13.68080573302,37.587704831436,24.));
#6309 = DIRECTION('',(0.,0.,-1.));
#6310 = DIRECTION('',(1.,0.,0.));
#6311 = PCURVE('',#6151,#6312);
#6312 = DEFINITIONAL_REPRESENTATION('',(#6313),#6317);
#6313 = LINE('',#6314,#6315);
#6314 = CARTESIAN_POINT('',(-6.28318530718,-18.1));
#6315 = VECTOR('',#6316,1.);
#6316 = DIRECTION('',(1.,-0.));
#6317 = ( GEOMETRIC_REPRESENTATION_CONTEXT(2) 
PARAMETRIC_REPRESENTATION_CONTEXT() REPRESENTATION_CONTEXT('2D SPACE',''
  ) );
#6318 = PCURVE('',#100,#6319);
#6319 = DEFINITIONAL_REPRESENTATION('',(#6320),#6328);
#6320 = ( BOUNDED_CURVE() B_SPLINE_CURVE(2,(#6321,#6322,#6323,#6324,
#6325,#6326,#6327),.UNSPECIFIED.,.T.,.F.) B_SPLINE_CURVE_WITH_KNOTS((1,2
    ,2,2,2,1),(-2.094395102393,0.,2.094395102393,4.188790204786,
6.28318530718,8.377580409573),.UNSPECIFIED.) CURVE() 
GEOMETRIC_REPRESENTATION_ITEM() RATIONAL_B_SPLINE_CURVE((1.,0.5,1.,0.5,
1.,0.5,1.)) REPRESENTATION_ITEM('') );
#6321 = CARTESIAN_POINT('',(67.719194266973,117.58770483143));
#6322 = CARTESIAN_POINT('',(67.719194266973,115.16283370084));
#6323 = CARTESIAN_POINT('',(65.619194266973,116.37526926613));
#6324 = CARTESIAN_POINT('',(63.519194266973,117.58770483143));
#6325 = CARTESIAN_POINT('',(65.619194266973,118.80014039673));
#6326 = CARTESIAN_POINT('',(67.719194266973,120.01257596203));
#6327 = CARTESIAN_POINT('',(67.719194266973,117.58770483143));
#6328 = ( GEOMETRIC_REPRESENTATION_CONTEXT(2) 
PARAMETRIC_REPRESENTATION_CONTEXT() REPRESENTATION_CONTEXT('2D SPACE',''
  ) );
#6329 = ORIENTED_EDGE('',*,*,#6330,.T.);
#6330 = EDGE_CURVE('',#6303,#6331,#6333,.T.);
#6331 = VERTEX_POINT('',#6332);
#6332 = CARTESIAN_POINT('',(-13.3104469641,38.937828671046,22.15));
#6333 = SURFACE_CURVE('',#6334,(#6338,#6344),.PCURVE_S1.);
#6334 = LINE('',#6335,#6336);
#6335 = CARTESIAN_POINT('',(-13.3104469641,38.937828671046,22.15));
#6336 = VECTOR('',#6337,1.);
#6337 = DIRECTION('',(-0.,-0.,-1.));
#6338 = PCURVE('',#6151,#6339);
#6339 = DEFINITIONAL_REPRESENTATION('',(#6340),#6343);
#6340 = B_SPLINE_CURVE_WITH_KNOTS('',1,(#6341,#6342),.UNSPECIFIED.,.F.,
  .F.,(2,2),(-2.0500006,5.999999999062E-07),.PIECEWISE_BEZIER_KNOTS.);
#6341 = CARTESIAN_POINT('',(-1.303067377852,-18.3000006));
#6342 = CARTESIAN_POINT('',(-1.303067377852,-16.2499994));
#6343 = ( GEOMETRIC_REPRESENTATION_CONTEXT(2) 
PARAMETRIC_REPRESENTATION_CONTEXT() REPRESENTATION_CONTEXT('2D SPACE',''
  ) );
#6344 = PCURVE('',#2817,#6345);
#6345 = DEFINITIONAL_REPRESENTATION('',(#6346),#6349);
#6346 = B_SPLINE_CURVE_WITH_KNOTS('',1,(#6347,#6348),.UNSPECIFIED.,.F.,
  .F.,(2,2),(-2.0500006,5.999999999062E-07),.PIECEWISE_BEZIER_KNOTS.);
#6347 = CARTESIAN_POINT('',(-1.900181855739,-2.0500006));
#6348 = CARTESIAN_POINT('',(-1.900181855739,5.999999999062E-07));
#6349 = ( GEOMETRIC_REPRESENTATION_CONTEXT(2) 
PARAMETRIC_REPRESENTATION_CONTEXT() REPRESENTATION_CONTEXT('2D SPACE',''
  ) );
#6350 = ORIENTED_EDGE('',*,*,#6351,.T.);
#6351 = EDGE_CURVE('',#6331,#6352,#6354,.T.);
#6352 = VERTEX_POINT('',#6353);
#6353 = CARTESIAN_POINT('',(-12.39302210883,38.136898182863,22.15));
#6354 = SURFACE_CURVE('',#6355,(#6360,#6367),.PCURVE_S1.);
#6355 = CIRCLE('',#6356,1.4);
#6356 = AXIS2_PLACEMENT_3D('',#6357,#6358,#6359);
#6357 = CARTESIAN_POINT('',(-13.68080573302,37.587704831436,22.15));
#6358 = DIRECTION('',(0.,0.,-1.));
#6359 = DIRECTION('',(1.,0.,0.));
#6360 = PCURVE('',#6151,#6361);
#6361 = DEFINITIONAL_REPRESENTATION('',(#6362),#6366);
#6362 = LINE('',#6363,#6364);
#6363 = CARTESIAN_POINT('',(-6.28318530718,-16.25));
#6364 = VECTOR('',#6365,1.);
#6365 = DIRECTION('',(1.,-0.));
#6366 = ( GEOMETRIC_REPRESENTATION_CONTEXT(2) 
PARAMETRIC_REPRESENTATION_CONTEXT() REPRESENTATION_CONTEXT('2D SPACE',''
  ) );
#6367 = PCURVE('',#2786,#6368);
#6368 = DEFINITIONAL_REPRESENTATION('',(#6369),#6377);
#6369 = ( BOUNDED_CURVE() B_SPLINE_CURVE(2,(#6370,#6371,#6372,#6373,
#6374,#6375,#6376),.UNSPECIFIED.,.T.,.F.) B_SPLINE_CURVE_WITH_KNOTS((1,2
    ,2,2,2,1),(-2.094395102393,0.,2.094395102393,4.188790204786,
6.28318530718,8.377580409573),.UNSPECIFIED.) CURVE() 
GEOMETRIC_REPRESENTATION_ITEM() RATIONAL_B_SPLINE_CURVE((1.,0.5,1.,0.5,
1.,0.5,1.)) REPRESENTATION_ITEM('') );
#6370 = CARTESIAN_POINT('',(-12.28080573302,37.587704831436));
#6371 = CARTESIAN_POINT('',(-12.28080573302,35.16283370084));
#6372 = CARTESIAN_POINT('',(-14.38080573302,36.375269266138));
#6373 = CARTESIAN_POINT('',(-16.48080573302,37.587704831436));
#6374 = CARTESIAN_POINT('',(-14.38080573302,38.800140396735));
#6375 = CARTESIAN_POINT('',(-12.28080573302,40.012575962033));
#6376 = CARTESIAN_POINT('',(-12.28080573302,37.587704831436));
#6377 = ( GEOMETRIC_REPRESENTATION_CONTEXT(2) 
PARAMETRIC_REPRESENTATION_CONTEXT() REPRESENTATION_CONTEXT('2D SPACE',''
  ) );
#6378 = ORIENTED_EDGE('',*,*,#6379,.F.);
#6379 = EDGE_CURVE('',#6380,#6352,#6382,.T.);
#6380 = VERTEX_POINT('',#6381);
#6381 = CARTESIAN_POINT('',(-12.39302210883,38.136898182863,24.));
#6382 = SURFACE_CURVE('',#6383,(#6387,#6393),.PCURVE_S1.);
#6383 = LINE('',#6384,#6385);
#6384 = CARTESIAN_POINT('',(-12.39302210883,38.136898182863,22.));
#6385 = VECTOR('',#6386,1.);
#6386 = DIRECTION('',(-0.,-0.,-1.));
#6387 = PCURVE('',#6151,#6388);
#6388 = DEFINITIONAL_REPRESENTATION('',(#6389),#6392);
#6389 = B_SPLINE_CURVE_WITH_KNOTS('',1,(#6390,#6391),.UNSPECIFIED.,.F.,
  .F.,(2,2),(-2.2000006,-0.1499994),.PIECEWISE_BEZIER_KNOTS.);
#6390 = CARTESIAN_POINT('',(-0.40311001214,-18.3000006));
#6391 = CARTESIAN_POINT('',(-0.40311001214,-16.2499994));
#6392 = ( GEOMETRIC_REPRESENTATION_CONTEXT(2) 
PARAMETRIC_REPRESENTATION_CONTEXT() REPRESENTATION_CONTEXT('2D SPACE',''
  ) );
#6393 = PCURVE('',#2758,#6394);
#6394 = DEFINITIONAL_REPRESENTATION('',(#6395),#6398);
#6395 = B_SPLINE_CURVE_WITH_KNOTS('',1,(#6396,#6397),.UNSPECIFIED.,.F.,
  .F.,(2,2),(-2.2000006,-0.1499994),.PIECEWISE_BEZIER_KNOTS.);
#6396 = CARTESIAN_POINT('',(-1.884993367265,-2.2000006));
#6397 = CARTESIAN_POINT('',(-1.884993367265,-0.1499994));
#6398 = ( GEOMETRIC_REPRESENTATION_CONTEXT(2) 
PARAMETRIC_REPRESENTATION_CONTEXT() REPRESENTATION_CONTEXT('2D SPACE',''
  ) );
#6399 = ORIENTED_EDGE('',*,*,#6400,.T.);
#6400 = EDGE_CURVE('',#6380,#6199,#6401,.T.);
#6401 = SURFACE_CURVE('',#6402,(#6407,#6414),.PCURVE_S1.);
#6402 = CIRCLE('',#6403,1.4);
#6403 = AXIS2_PLACEMENT_3D('',#6404,#6405,#6406);
#6404 = CARTESIAN_POINT('',(-13.68080573302,37.587704831436,24.));
#6405 = DIRECTION('',(0.,0.,-1.));
#6406 = DIRECTION('',(1.,0.,0.));
#6407 = PCURVE('',#6151,#6408);
#6408 = DEFINITIONAL_REPRESENTATION('',(#6409),#6413);
#6409 = LINE('',#6410,#6411);
#6410 = CARTESIAN_POINT('',(-6.28318530718,-18.1));
#6411 = VECTOR('',#6412,1.);
#6412 = DIRECTION('',(1.,-0.));
#6413 = ( GEOMETRIC_REPRESENTATION_CONTEXT(2) 
PARAMETRIC_REPRESENTATION_CONTEXT() REPRESENTATION_CONTEXT('2D SPACE',''
  ) );
#6414 = PCURVE('',#5800,#6415);
#6415 = DEFINITIONAL_REPRESENTATION('',(#6416),#6424);
#6416 = ( BOUNDED_CURVE() B_SPLINE_CURVE(2,(#6417,#6418,#6419,#6420,
#6421,#6422,#6423),.UNSPECIFIED.,.T.,.F.) B_SPLINE_CURVE_WITH_KNOTS((1,2
    ,2,2,2,1),(-2.094395102393,0.,2.094395102393,4.188790204786,
6.28318530718,8.377580409573),.UNSPECIFIED.) CURVE() 
GEOMETRIC_REPRESENTATION_ITEM() RATIONAL_B_SPLINE_CURVE((1.,0.5,1.,0.5,
1.,0.5,1.)) REPRESENTATION_ITEM('') );
#6417 = CARTESIAN_POINT('',(67.719194266973,117.58770483143));
#6418 = CARTESIAN_POINT('',(67.719194266973,115.16283370084));
#6419 = CARTESIAN_POINT('',(65.619194266973,116.37526926613));
#6420 = CARTESIAN_POINT('',(63.519194266973,117.58770483143));
#6421 = CARTESIAN_POINT('',(65.619194266973,118.80014039673));
#6422 = CARTESIAN_POINT('',(67.719194266973,120.01257596203));
#6423 = CARTESIAN_POINT('',(67.719194266973,117.58770483143));
#6424 = ( GEOMETRIC_REPRESENTATION_CONTEXT(2) 
PARAMETRIC_REPRESENTATION_CONTEXT() REPRESENTATION_CONTEXT('2D SPACE',''
  ) );
#6425 = ORIENTED_EDGE('',*,*,#6198,.T.);
#6426 = ADVANCED_FACE('',(#6427),#6291,.T.);
#6427 = FACE_BOUND('',#6428,.F.);
#6428 = EDGE_LOOP('',(#6429,#6453,#6454,#6482));
#6429 = ORIENTED_EDGE('',*,*,#6430,.F.);
#6430 = EDGE_CURVE('',#6249,#6431,#6433,.T.);
#6431 = VERTEX_POINT('',#6432);
#6432 = CARTESIAN_POINT('',(-14.83235988556,-38.38389766849,22.15));
#6433 = SURFACE_CURVE('',#6434,(#6439,#6446),.PCURVE_S1.);
#6434 = CIRCLE('',#6435,41.15);
#6435 = AXIS2_PLACEMENT_3D('',#6436,#6437,#6438);
#6436 = CARTESIAN_POINT('',(0.,0.,22.15));
#6437 = DIRECTION('',(0.,0.,1.));
#6438 = DIRECTION('',(1.,0.,0.));
#6439 = PCURVE('',#6291,#6440);
#6440 = DEFINITIONAL_REPRESENTATION('',(#6441),#6445);
#6441 = LINE('',#6442,#6443);
#6442 = CARTESIAN_POINT('',(-0.,0.));
#6443 = VECTOR('',#6444,1.);
#6444 = DIRECTION('',(-1.,0.));
#6445 = ( GEOMETRIC_REPRESENTATION_CONTEXT(2) 
PARAMETRIC_REPRESENTATION_CONTEXT() REPRESENTATION_CONTEXT('2D SPACE',''
  ) );
#6446 = PCURVE('',#6126,#6447);
#6447 = DEFINITIONAL_REPRESENTATION('',(#6448),#6452);
#6448 = CIRCLE('',#6449,41.15);
#6449 = AXIS2_PLACEMENT_2D('',#6450,#6451);
#6450 = CARTESIAN_POINT('',(1.063379932959E-15,-4.700472404923E-15));
#6451 = DIRECTION('',(1.,0.));
#6452 = ( GEOMETRIC_REPRESENTATION_CONTEXT(2) 
PARAMETRIC_REPRESENTATION_CONTEXT() REPRESENTATION_CONTEXT('2D SPACE',''
  ) );
#6453 = ORIENTED_EDGE('',*,*,#6276,.F.);
#6454 = ORIENTED_EDGE('',*,*,#6455,.F.);
#6455 = EDGE_CURVE('',#6456,#6277,#6458,.T.);
#6456 = VERTEX_POINT('',#6457);
#6457 = CARTESIAN_POINT('',(-14.83235988556,-38.38389766849,24.));
#6458 = SURFACE_CURVE('',#6459,(#6464,#6471),.PCURVE_S1.);
#6459 = CIRCLE('',#6460,41.15);
#6460 = AXIS2_PLACEMENT_3D('',#6461,#6462,#6463);
#6461 = CARTESIAN_POINT('',(0.,0.,24.));
#6462 = DIRECTION('',(0.,0.,-1.));
#6463 = DIRECTION('',(1.,0.,0.));
#6464 = PCURVE('',#6291,#6465);
#6465 = DEFINITIONAL_REPRESENTATION('',(#6466),#6470);
#6466 = LINE('',#6467,#6468);
#6467 = CARTESIAN_POINT('',(-6.28318530718,-1.85));
#6468 = VECTOR('',#6469,1.);
#6469 = DIRECTION('',(1.,-0.));
#6470 = ( GEOMETRIC_REPRESENTATION_CONTEXT(2) 
PARAMETRIC_REPRESENTATION_CONTEXT() REPRESENTATION_CONTEXT('2D SPACE',''
  ) );
#6471 = PCURVE('',#100,#6472);
#6472 = DEFINITIONAL_REPRESENTATION('',(#6473),#6481);
#6473 = ( BOUNDED_CURVE() B_SPLINE_CURVE(2,(#6474,#6475,#6476,#6477,
#6478,#6479,#6480),.UNSPECIFIED.,.T.,.F.) B_SPLINE_CURVE_WITH_KNOTS((1,2
    ,2,2,2,1),(-2.094395102393,0.,2.094395102393,4.188790204786,
6.28318530718,8.377580409573),.UNSPECIFIED.) CURVE() 
GEOMETRIC_REPRESENTATION_ITEM() RATIONAL_B_SPLINE_CURVE((1.,0.5,1.,0.5,
1.,0.5,1.)) REPRESENTATION_ITEM('') );
#6474 = CARTESIAN_POINT('',(121.15,80.));
#6475 = CARTESIAN_POINT('',(121.15,8.726109268541));
#6476 = CARTESIAN_POINT('',(59.425,44.36305463427));
#6477 = CARTESIAN_POINT('',(-2.3,80.));
#6478 = CARTESIAN_POINT('',(59.425,115.63694536573));
#6479 = CARTESIAN_POINT('',(121.15,151.27389073145));
#6480 = CARTESIAN_POINT('',(121.15,80.));
#6481 = ( GEOMETRIC_REPRESENTATION_CONTEXT(2) 
PARAMETRIC_REPRESENTATION_CONTEXT() REPRESENTATION_CONTEXT('2D SPACE',''
  ) );
#6482 = ORIENTED_EDGE('',*,*,#6483,.T.);
#6483 = EDGE_CURVE('',#6456,#6431,#6484,.T.);
#6484 = SURFACE_CURVE('',#6485,(#6489,#6495),.PCURVE_S1.);
#6485 = LINE('',#6486,#6487);
#6486 = CARTESIAN_POINT('',(-14.83235988556,-38.38389766849,22.15));
#6487 = VECTOR('',#6488,1.);
#6488 = DIRECTION('',(-0.,-0.,-1.));
#6489 = PCURVE('',#6291,#6490);
#6490 = DEFINITIONAL_REPRESENTATION('',(#6491),#6494);
#6491 = B_SPLINE_CURVE_WITH_KNOTS('',1,(#6492,#6493),.UNSPECIFIED.,.F.,
  .F.,(2,2),(-2.0500006,5.999999999062E-07),.PIECEWISE_BEZIER_KNOTS.);
#6492 = CARTESIAN_POINT('',(-4.343642808531,-2.0500006));
#6493 = CARTESIAN_POINT('',(-4.343642808531,5.999999999062E-07));
#6494 = ( GEOMETRIC_REPRESENTATION_CONTEXT(2) 
PARAMETRIC_REPRESENTATION_CONTEXT() REPRESENTATION_CONTEXT('2D SPACE',''
  ) );
#6495 = PCURVE('',#6098,#6496);
#6496 = DEFINITIONAL_REPRESENTATION('',(#6497),#6500);
#6497 = B_SPLINE_CURVE_WITH_KNOTS('',1,(#6498,#6499),.UNSPECIFIED.,.F.,
  .F.,(2,2),(-2.0500006,5.999999999062E-07),.PIECEWISE_BEZIER_KNOTS.);
#6498 = CARTESIAN_POINT('',(-3.746528330644,-18.3000006));
#6499 = CARTESIAN_POINT('',(-3.746528330644,-16.2499994));
#6500 = ( GEOMETRIC_REPRESENTATION_CONTEXT(2) 
PARAMETRIC_REPRESENTATION_CONTEXT() REPRESENTATION_CONTEXT('2D SPACE',''
  ) );
#6501 = ADVANCED_FACE('',(#6502,#6528),#6182,.T.);
#6502 = FACE_BOUND('',#6503,.T.);
#6503 = EDGE_LOOP('',(#6504));
#6504 = ORIENTED_EDGE('',*,*,#6505,.T.);
#6505 = EDGE_CURVE('',#6506,#6506,#6508,.T.);
#6506 = VERTEX_POINT('',#6507);
#6507 = CARTESIAN_POINT('',(-10.98080573302,37.587704831436,27.8));
#6508 = SURFACE_CURVE('',#6509,(#6514,#6521),.PCURVE_S1.);
#6509 = CIRCLE('',#6510,2.7);
#6510 = AXIS2_PLACEMENT_3D('',#6511,#6512,#6513);
#6511 = CARTESIAN_POINT('',(-13.68080573302,37.587704831436,27.8));
#6512 = DIRECTION('',(0.,0.,1.));
#6513 = DIRECTION('',(1.,0.,0.));
#6514 = PCURVE('',#6182,#6515);
#6515 = DEFINITIONAL_REPRESENTATION('',(#6516),#6520);
#6516 = CIRCLE('',#6517,2.7);
#6517 = AXIS2_PLACEMENT_2D('',#6518,#6519);
#6518 = CARTESIAN_POINT('',(0.,0.));
#6519 = DIRECTION('',(1.,0.));
#6520 = ( GEOMETRIC_REPRESENTATION_CONTEXT(2) 
PARAMETRIC_REPRESENTATION_CONTEXT() REPRESENTATION_CONTEXT('2D SPACE',''
  ) );
#6521 = PCURVE('',#1993,#6522);
#6522 = DEFINITIONAL_REPRESENTATION('',(#6523),#6527);
#6523 = LINE('',#6524,#6525);
#6524 = CARTESIAN_POINT('',(-0.,0.));
#6525 = VECTOR('',#6526,1.);
#6526 = DIRECTION('',(-1.,0.));
#6527 = ( GEOMETRIC_REPRESENTATION_CONTEXT(2) 
PARAMETRIC_REPRESENTATION_CONTEXT() REPRESENTATION_CONTEXT('2D SPACE',''
  ) );
#6528 = FACE_BOUND('',#6529,.T.);
#6529 = EDGE_LOOP('',(#6530));
#6530 = ORIENTED_EDGE('',*,*,#6165,.T.);
#6531 = ADVANCED_FACE('',(#6532),#6126,.F.);
#6532 = FACE_BOUND('',#6533,.F.);
#6533 = EDGE_LOOP('',(#6534,#6535,#6536,#6562));
#6534 = ORIENTED_EDGE('',*,*,#6248,.T.);
#6535 = ORIENTED_EDGE('',*,*,#6430,.T.);
#6536 = ORIENTED_EDGE('',*,*,#6537,.T.);
#6537 = EDGE_CURVE('',#6431,#6084,#6538,.T.);
#6538 = SURFACE_CURVE('',#6539,(#6544,#6555),.PCURVE_S1.);
#6539 = CIRCLE('',#6540,1.4);
#6540 = AXIS2_PLACEMENT_3D('',#6541,#6542,#6543);
#6541 = CARTESIAN_POINT('',(-13.68080573302,-37.58770483143,22.15));
#6542 = DIRECTION('',(0.,0.,-1.));
#6543 = DIRECTION('',(1.,0.,0.));
#6544 = PCURVE('',#6126,#6545);
#6545 = DEFINITIONAL_REPRESENTATION('',(#6546),#6554);
#6546 = ( BOUNDED_CURVE() B_SPLINE_CURVE(2,(#6547,#6548,#6549,#6550,
#6551,#6552,#6553),.UNSPECIFIED.,.T.,.F.) B_SPLINE_CURVE_WITH_KNOTS((1,2
    ,2,2,2,1),(-2.094395102393,0.,2.094395102393,4.188790204786,
6.28318530718,8.377580409573),.UNSPECIFIED.) CURVE() 
GEOMETRIC_REPRESENTATION_ITEM() RATIONAL_B_SPLINE_CURVE((1.,0.5,1.,0.5,
1.,0.5,1.)) REPRESENTATION_ITEM('') );
#6547 = CARTESIAN_POINT('',(-12.28080573302,-37.58770483143));
#6548 = CARTESIAN_POINT('',(-12.28080573302,-40.01257596203));
#6549 = CARTESIAN_POINT('',(-14.38080573302,-38.80014039673));
#6550 = CARTESIAN_POINT('',(-16.48080573302,-37.58770483143));
#6551 = CARTESIAN_POINT('',(-14.38080573302,-36.37526926613));
#6552 = CARTESIAN_POINT('',(-12.28080573302,-35.16283370084));
#6553 = CARTESIAN_POINT('',(-12.28080573302,-37.58770483143));
#6554 = ( GEOMETRIC_REPRESENTATION_CONTEXT(2) 
PARAMETRIC_REPRESENTATION_CONTEXT() REPRESENTATION_CONTEXT('2D SPACE',''
  ) );
#6555 = PCURVE('',#6098,#6556);
#6556 = DEFINITIONAL_REPRESENTATION('',(#6557),#6561);
#6557 = LINE('',#6558,#6559);
#6558 = CARTESIAN_POINT('',(-6.28318530718,-16.25));
#6559 = VECTOR('',#6560,1.);
#6560 = DIRECTION('',(1.,-0.));
#6561 = ( GEOMETRIC_REPRESENTATION_CONTEXT(2) 
PARAMETRIC_REPRESENTATION_CONTEXT() REPRESENTATION_CONTEXT('2D SPACE',''
  ) );
#6562 = ORIENTED_EDGE('',*,*,#6109,.F.);
#6563 = ADVANCED_FACE('',(#6564),#6098,.F.);
#6564 = FACE_BOUND('',#6565,.T.);
#6565 = EDGE_LOOP('',(#6566,#6599,#6622,#6650,#6671,#6699,#6720,#6746,
    #6747,#6748,#6749,#6775));
#6566 = ORIENTED_EDGE('',*,*,#6567,.F.);
#6567 = EDGE_CURVE('',#6568,#6568,#6570,.T.);
#6568 = VERTEX_POINT('',#6569);
#6569 = CARTESIAN_POINT('',(-12.28080573302,-37.58770483143,27.8));
#6570 = SURFACE_CURVE('',#6571,(#6576,#6583),.PCURVE_S1.);
#6571 = CIRCLE('',#6572,1.4);
#6572 = AXIS2_PLACEMENT_3D('',#6573,#6574,#6575);
#6573 = CARTESIAN_POINT('',(-13.68080573302,-37.58770483143,27.8));
#6574 = DIRECTION('',(0.,0.,-1.));
#6575 = DIRECTION('',(1.,0.,0.));
#6576 = PCURVE('',#6098,#6577);
#6577 = DEFINITIONAL_REPRESENTATION('',(#6578),#6582);
#6578 = LINE('',#6579,#6580);
#6579 = CARTESIAN_POINT('',(-6.28318530718,-21.9));
#6580 = VECTOR('',#6581,1.);
#6581 = DIRECTION('',(1.,-0.));
#6582 = ( GEOMETRIC_REPRESENTATION_CONTEXT(2) 
PARAMETRIC_REPRESENTATION_CONTEXT() REPRESENTATION_CONTEXT('2D SPACE',''
  ) );
#6583 = PCURVE('',#6584,#6589);
#6584 = PLANE('',#6585);
#6585 = AXIS2_PLACEMENT_3D('',#6586,#6587,#6588);
#6586 = CARTESIAN_POINT('',(-13.68080573302,-37.58770483143,27.8));
#6587 = DIRECTION('',(0.,0.,1.));
#6588 = DIRECTION('',(1.,0.,-0.));
#6589 = DEFINITIONAL_REPRESENTATION('',(#6590),#6598);
#6590 = ( BOUNDED_CURVE() B_SPLINE_CURVE(2,(#6591,#6592,#6593,#6594,
#6595,#6596,#6597),.UNSPECIFIED.,.T.,.F.) B_SPLINE_CURVE_WITH_KNOTS((1,2
    ,2,2,2,1),(-2.094395102393,0.,2.094395102393,4.188790204786,
6.28318530718,8.377580409573),.UNSPECIFIED.) CURVE() 
GEOMETRIC_REPRESENTATION_ITEM() RATIONAL_B_SPLINE_CURVE((1.,0.5,1.,0.5,
1.,0.5,1.)) REPRESENTATION_ITEM('') );
#6591 = CARTESIAN_POINT('',(1.4,0.));
#6592 = CARTESIAN_POINT('',(1.4,-2.424871130596));
#6593 = CARTESIAN_POINT('',(-0.7,-1.212435565298));
#6594 = CARTESIAN_POINT('',(-2.8,-3.429011037613E-16));
#6595 = CARTESIAN_POINT('',(-0.7,1.212435565298));
#6596 = CARTESIAN_POINT('',(1.4,2.424871130596));
#6597 = CARTESIAN_POINT('',(1.4,0.));
#6598 = ( GEOMETRIC_REPRESENTATION_CONTEXT(2) 
PARAMETRIC_REPRESENTATION_CONTEXT() REPRESENTATION_CONTEXT('2D SPACE',''
  ) );
#6599 = ORIENTED_EDGE('',*,*,#6600,.F.);
#6600 = EDGE_CURVE('',#6601,#6568,#6603,.T.);
#6601 = VERTEX_POINT('',#6602);
#6602 = CARTESIAN_POINT('',(-12.28080573302,-37.58770483143,24.));
#6603 = SEAM_CURVE('',#6604,(#6608,#6615),.PCURVE_S1.);
#6604 = LINE('',#6605,#6606);
#6605 = CARTESIAN_POINT('',(-12.28080573302,-37.58770483143,5.9));
#6606 = VECTOR('',#6607,1.);
#6607 = DIRECTION('',(0.,0.,1.));
#6608 = PCURVE('',#6098,#6609);
#6609 = DEFINITIONAL_REPRESENTATION('',(#6610),#6614);
#6610 = LINE('',#6611,#6612);
#6611 = CARTESIAN_POINT('',(-6.28318530718,0.));
#6612 = VECTOR('',#6613,1.);
#6613 = DIRECTION('',(-0.,-1.));
#6614 = ( GEOMETRIC_REPRESENTATION_CONTEXT(2) 
PARAMETRIC_REPRESENTATION_CONTEXT() REPRESENTATION_CONTEXT('2D SPACE',''
  ) );
#6615 = PCURVE('',#6098,#6616);
#6616 = DEFINITIONAL_REPRESENTATION('',(#6617),#6621);
#6617 = LINE('',#6618,#6619);
#6618 = CARTESIAN_POINT('',(-0.,0.));
#6619 = VECTOR('',#6620,1.);
#6620 = DIRECTION('',(-0.,-1.));
#6621 = ( GEOMETRIC_REPRESENTATION_CONTEXT(2) 
PARAMETRIC_REPRESENTATION_CONTEXT() REPRESENTATION_CONTEXT('2D SPACE',''
  ) );
#6622 = ORIENTED_EDGE('',*,*,#6623,.T.);
#6623 = EDGE_CURVE('',#6601,#6624,#6626,.T.);
#6624 = VERTEX_POINT('',#6625);
#6625 = CARTESIAN_POINT('',(-12.39302210883,-38.13689818286,24.));
#6626 = SURFACE_CURVE('',#6627,(#6632,#6639),.PCURVE_S1.);
#6627 = CIRCLE('',#6628,1.4);
#6628 = AXIS2_PLACEMENT_3D('',#6629,#6630,#6631);
#6629 = CARTESIAN_POINT('',(-13.68080573302,-37.58770483143,24.));
#6630 = DIRECTION('',(0.,0.,-1.));
#6631 = DIRECTION('',(1.,0.,0.));
#6632 = PCURVE('',#6098,#6633);
#6633 = DEFINITIONAL_REPRESENTATION('',(#6634),#6638);
#6634 = LINE('',#6635,#6636);
#6635 = CARTESIAN_POINT('',(-6.28318530718,-18.1));
#6636 = VECTOR('',#6637,1.);
#6637 = DIRECTION('',(1.,-0.));
#6638 = ( GEOMETRIC_REPRESENTATION_CONTEXT(2) 
PARAMETRIC_REPRESENTATION_CONTEXT() REPRESENTATION_CONTEXT('2D SPACE',''
  ) );
#6639 = PCURVE('',#6067,#6640);
#6640 = DEFINITIONAL_REPRESENTATION('',(#6641),#6649);
#6641 = ( BOUNDED_CURVE() B_SPLINE_CURVE(2,(#6642,#6643,#6644,#6645,
#6646,#6647,#6648),.UNSPECIFIED.,.T.,.F.) B_SPLINE_CURVE_WITH_KNOTS((1,2
    ,2,2,2,1),(-2.094395102393,0.,2.094395102393,4.188790204786,
6.28318530718,8.377580409573),.UNSPECIFIED.) CURVE() 
GEOMETRIC_REPRESENTATION_ITEM() RATIONAL_B_SPLINE_CURVE((1.,0.5,1.,0.5,
1.,0.5,1.)) REPRESENTATION_ITEM('') );
#6642 = CARTESIAN_POINT('',(67.719194266973,42.412295168564));
#6643 = CARTESIAN_POINT('',(67.719194266973,39.987424037967));
#6644 = CARTESIAN_POINT('',(65.619194266973,41.199859603265));
#6645 = CARTESIAN_POINT('',(63.519194266973,42.412295168564));
#6646 = CARTESIAN_POINT('',(65.619194266973,43.624730733862));
#6647 = CARTESIAN_POINT('',(67.719194266973,44.83716629916));
#6648 = CARTESIAN_POINT('',(67.719194266973,42.412295168564));
#6649 = ( GEOMETRIC_REPRESENTATION_CONTEXT(2) 
PARAMETRIC_REPRESENTATION_CONTEXT() REPRESENTATION_CONTEXT('2D SPACE',''
  ) );
#6650 = ORIENTED_EDGE('',*,*,#6651,.T.);
#6651 = EDGE_CURVE('',#6624,#6652,#6654,.T.);
#6652 = VERTEX_POINT('',#6653);
#6653 = CARTESIAN_POINT('',(-12.39302210883,-38.13689818286,22.15));
#6654 = SURFACE_CURVE('',#6655,(#6659,#6665),.PCURVE_S1.);
#6655 = LINE('',#6656,#6657);
#6656 = CARTESIAN_POINT('',(-12.39302210883,-38.13689818286,22.));
#6657 = VECTOR('',#6658,1.);
#6658 = DIRECTION('',(-0.,-0.,-1.));
#6659 = PCURVE('',#6098,#6660);
#6660 = DEFINITIONAL_REPRESENTATION('',(#6661),#6664);
#6661 = B_SPLINE_CURVE_WITH_KNOTS('',1,(#6662,#6663),.UNSPECIFIED.,.F.,
  .F.,(2,2),(-2.2000006,-0.1499994),.PIECEWISE_BEZIER_KNOTS.);
#6662 = CARTESIAN_POINT('',(-5.880075295039,-18.3000006));
#6663 = CARTESIAN_POINT('',(-5.880075295039,-16.2499994));
#6664 = ( GEOMETRIC_REPRESENTATION_CONTEXT(2) 
PARAMETRIC_REPRESENTATION_CONTEXT() REPRESENTATION_CONTEXT('2D SPACE',''
  ) );
#6665 = PCURVE('',#3173,#6666);
#6666 = DEFINITIONAL_REPRESENTATION('',(#6667),#6670);
#6667 = B_SPLINE_CURVE_WITH_KNOTS('',1,(#6668,#6669),.UNSPECIFIED.,.F.,
  .F.,(2,2),(-2.2000006,-0.1499994),.PIECEWISE_BEZIER_KNOTS.);
#6668 = CARTESIAN_POINT('',(-4.398191939915,-2.2000006));
#6669 = CARTESIAN_POINT('',(-4.398191939915,-0.1499994));
#6670 = ( GEOMETRIC_REPRESENTATION_CONTEXT(2) 
PARAMETRIC_REPRESENTATION_CONTEXT() REPRESENTATION_CONTEXT('2D SPACE',''
  ) );
#6671 = ORIENTED_EDGE('',*,*,#6672,.T.);
#6672 = EDGE_CURVE('',#6652,#6673,#6675,.T.);
#6673 = VERTEX_POINT('',#6674);
#6674 = CARTESIAN_POINT('',(-13.3104469641,-38.93782867104,22.15));
#6675 = SURFACE_CURVE('',#6676,(#6681,#6688),.PCURVE_S1.);
#6676 = CIRCLE('',#6677,1.4);
#6677 = AXIS2_PLACEMENT_3D('',#6678,#6679,#6680);
#6678 = CARTESIAN_POINT('',(-13.68080573302,-37.58770483143,22.15));
#6679 = DIRECTION('',(0.,0.,-1.));
#6680 = DIRECTION('',(1.,0.,0.));
#6681 = PCURVE('',#6098,#6682);
#6682 = DEFINITIONAL_REPRESENTATION('',(#6683),#6687);
#6683 = LINE('',#6684,#6685);
#6684 = CARTESIAN_POINT('',(-6.28318530718,-16.25));
#6685 = VECTOR('',#6686,1.);
#6686 = DIRECTION('',(1.,-0.));
#6687 = ( GEOMETRIC_REPRESENTATION_CONTEXT(2) 
PARAMETRIC_REPRESENTATION_CONTEXT() REPRESENTATION_CONTEXT('2D SPACE',''
  ) );
#6688 = PCURVE('',#3142,#6689);
#6689 = DEFINITIONAL_REPRESENTATION('',(#6690),#6698);
#6690 = ( BOUNDED_CURVE() B_SPLINE_CURVE(2,(#6691,#6692,#6693,#6694,
#6695,#6696,#6697),.UNSPECIFIED.,.T.,.F.) B_SPLINE_CURVE_WITH_KNOTS((1,2
    ,2,2,2,1),(-2.094395102393,0.,2.094395102393,4.188790204786,
6.28318530718,8.377580409573),.UNSPECIFIED.) CURVE() 
GEOMETRIC_REPRESENTATION_ITEM() RATIONAL_B_SPLINE_CURVE((1.,0.5,1.,0.5,
1.,0.5,1.)) REPRESENTATION_ITEM('') );
#6691 = CARTESIAN_POINT('',(-12.28080573302,-37.58770483143));
#6692 = CARTESIAN_POINT('',(-12.28080573302,-40.01257596203));
#6693 = CARTESIAN_POINT('',(-14.38080573302,-38.80014039673));
#6694 = CARTESIAN_POINT('',(-16.48080573302,-37.58770483143));
#6695 = CARTESIAN_POINT('',(-14.38080573302,-36.37526926613));
#6696 = CARTESIAN_POINT('',(-12.28080573302,-35.16283370084));
#6697 = CARTESIAN_POINT('',(-12.28080573302,-37.58770483143));
#6698 = ( GEOMETRIC_REPRESENTATION_CONTEXT(2) 
PARAMETRIC_REPRESENTATION_CONTEXT() REPRESENTATION_CONTEXT('2D SPACE',''
  ) );
#6699 = ORIENTED_EDGE('',*,*,#6700,.F.);
#6700 = EDGE_CURVE('',#6701,#6673,#6703,.T.);
#6701 = VERTEX_POINT('',#6702);
#6702 = CARTESIAN_POINT('',(-13.3104469641,-38.93782867104,24.));
#6703 = SURFACE_CURVE('',#6704,(#6708,#6714),.PCURVE_S1.);
#6704 = LINE('',#6705,#6706);
#6705 = CARTESIAN_POINT('',(-13.3104469641,-38.93782867104,22.15));
#6706 = VECTOR('',#6707,1.);
#6707 = DIRECTION('',(-0.,-0.,-1.));
#6708 = PCURVE('',#6098,#6709);
#6709 = DEFINITIONAL_REPRESENTATION('',(#6710),#6713);
#6710 = B_SPLINE_CURVE_WITH_KNOTS('',1,(#6711,#6712),.UNSPECIFIED.,.F.,
  .F.,(2,2),(-2.0500006,5.999999999062E-07),.PIECEWISE_BEZIER_KNOTS.);
#6711 = CARTESIAN_POINT('',(-4.980117929328,-18.3000006));
#6712 = CARTESIAN_POINT('',(-4.980117929328,-16.2499994));
#6713 = ( GEOMETRIC_REPRESENTATION_CONTEXT(2) 
PARAMETRIC_REPRESENTATION_CONTEXT() REPRESENTATION_CONTEXT('2D SPACE',''
  ) );
#6714 = PCURVE('',#3114,#6715);
#6715 = DEFINITIONAL_REPRESENTATION('',(#6716),#6719);
#6716 = B_SPLINE_CURVE_WITH_KNOTS('',1,(#6717,#6718),.UNSPECIFIED.,.F.,
  .F.,(2,2),(-2.0500006,5.999999999062E-07),.PIECEWISE_BEZIER_KNOTS.);
#6717 = CARTESIAN_POINT('',(-4.38300345144,-2.0500006));
#6718 = CARTESIAN_POINT('',(-4.38300345144,5.999999999062E-07));
#6719 = ( GEOMETRIC_REPRESENTATION_CONTEXT(2) 
PARAMETRIC_REPRESENTATION_CONTEXT() REPRESENTATION_CONTEXT('2D SPACE',''
  ) );
#6720 = ORIENTED_EDGE('',*,*,#6721,.T.);
#6721 = EDGE_CURVE('',#6701,#6456,#6722,.T.);
#6722 = SURFACE_CURVE('',#6723,(#6728,#6735),.PCURVE_S1.);
#6723 = CIRCLE('',#6724,1.4);
#6724 = AXIS2_PLACEMENT_3D('',#6725,#6726,#6727);
#6725 = CARTESIAN_POINT('',(-13.68080573302,-37.58770483143,24.));
#6726 = DIRECTION('',(0.,0.,-1.));
#6727 = DIRECTION('',(1.,0.,0.));
#6728 = PCURVE('',#6098,#6729);
#6729 = DEFINITIONAL_REPRESENTATION('',(#6730),#6734);
#6730 = LINE('',#6731,#6732);
#6731 = CARTESIAN_POINT('',(-6.28318530718,-18.1));
#6732 = VECTOR('',#6733,1.);
#6733 = DIRECTION('',(1.,-0.));
#6734 = ( GEOMETRIC_REPRESENTATION_CONTEXT(2) 
PARAMETRIC_REPRESENTATION_CONTEXT() REPRESENTATION_CONTEXT('2D SPACE',''
  ) );
#6735 = PCURVE('',#100,#6736);
#6736 = DEFINITIONAL_REPRESENTATION('',(#6737),#6745);
#6737 = ( BOUNDED_CURVE() B_SPLINE_CURVE(2,(#6738,#6739,#6740,#6741,
#6742,#6743,#6744),.UNSPECIFIED.,.T.,.F.) B_SPLINE_CURVE_WITH_KNOTS((1,2
    ,2,2,2,1),(-2.094395102393,0.,2.094395102393,4.188790204786,
6.28318530718,8.377580409573),.UNSPECIFIED.) CURVE() 
GEOMETRIC_REPRESENTATION_ITEM() RATIONAL_B_SPLINE_CURVE((1.,0.5,1.,0.5,
1.,0.5,1.)) REPRESENTATION_ITEM('') );
#6738 = CARTESIAN_POINT('',(67.719194266973,42.412295168564));
#6739 = CARTESIAN_POINT('',(67.719194266973,39.987424037967));
#6740 = CARTESIAN_POINT('',(65.619194266973,41.199859603265));
#6741 = CARTESIAN_POINT('',(63.519194266973,42.412295168564));
#6742 = CARTESIAN_POINT('',(65.619194266973,43.624730733862));
#6743 = CARTESIAN_POINT('',(67.719194266973,44.83716629916));
#6744 = CARTESIAN_POINT('',(67.719194266973,42.412295168564));
#6745 = ( GEOMETRIC_REPRESENTATION_CONTEXT(2) 
PARAMETRIC_REPRESENTATION_CONTEXT() REPRESENTATION_CONTEXT('2D SPACE',''
  ) );
#6746 = ORIENTED_EDGE('',*,*,#6483,.T.);
#6747 = ORIENTED_EDGE('',*,*,#6537,.T.);
#6748 = ORIENTED_EDGE('',*,*,#6083,.F.);
#6749 = ORIENTED_EDGE('',*,*,#6750,.T.);
#6750 = EDGE_CURVE('',#6051,#6601,#6751,.T.);
#6751 = SURFACE_CURVE('',#6752,(#6757,#6764),.PCURVE_S1.);
#6752 = CIRCLE('',#6753,1.4);
#6753 = AXIS2_PLACEMENT_3D('',#6754,#6755,#6756);
#6754 = CARTESIAN_POINT('',(-13.68080573302,-37.58770483143,24.));
#6755 = DIRECTION('',(0.,0.,-1.));
#6756 = DIRECTION('',(1.,0.,0.));
#6757 = PCURVE('',#6098,#6758);
#6758 = DEFINITIONAL_REPRESENTATION('',(#6759),#6763);
#6759 = LINE('',#6760,#6761);
#6760 = CARTESIAN_POINT('',(-6.28318530718,-18.1));
#6761 = VECTOR('',#6762,1.);
#6762 = DIRECTION('',(1.,-0.));
#6763 = ( GEOMETRIC_REPRESENTATION_CONTEXT(2) 
PARAMETRIC_REPRESENTATION_CONTEXT() REPRESENTATION_CONTEXT('2D SPACE',''
  ) );
#6764 = PCURVE('',#6067,#6765);
#6765 = DEFINITIONAL_REPRESENTATION('',(#6766),#6774);
#6766 = ( BOUNDED_CURVE() B_SPLINE_CURVE(2,(#6767,#6768,#6769,#6770,
#6771,#6772,#6773),.UNSPECIFIED.,.T.,.F.) B_SPLINE_CURVE_WITH_KNOTS((1,2
    ,2,2,2,1),(-2.094395102393,0.,2.094395102393,4.188790204786,
6.28318530718,8.377580409573),.UNSPECIFIED.) CURVE() 
GEOMETRIC_REPRESENTATION_ITEM() RATIONAL_B_SPLINE_CURVE((1.,0.5,1.,0.5,
1.,0.5,1.)) REPRESENTATION_ITEM('') );
#6767 = CARTESIAN_POINT('',(67.719194266973,42.412295168564));
#6768 = CARTESIAN_POINT('',(67.719194266973,39.987424037967));
#6769 = CARTESIAN_POINT('',(65.619194266973,41.199859603265));
#6770 = CARTESIAN_POINT('',(63.519194266973,42.412295168564));
#6771 = CARTESIAN_POINT('',(65.619194266973,43.624730733862));
#6772 = CARTESIAN_POINT('',(67.719194266973,44.83716629916));
#6773 = CARTESIAN_POINT('',(67.719194266973,42.412295168564));
#6774 = ( GEOMETRIC_REPRESENTATION_CONTEXT(2) 
PARAMETRIC_REPRESENTATION_CONTEXT() REPRESENTATION_CONTEXT('2D SPACE',''
  ) );
#6775 = ORIENTED_EDGE('',*,*,#6600,.T.);
#6776 = ADVANCED_FACE('',(#6777,#6803),#6584,.T.);
#6777 = FACE_BOUND('',#6778,.T.);
#6778 = EDGE_LOOP('',(#6779));
#6779 = ORIENTED_EDGE('',*,*,#6780,.T.);
#6780 = EDGE_CURVE('',#6781,#6781,#6783,.T.);
#6781 = VERTEX_POINT('',#6782);
#6782 = CARTESIAN_POINT('',(-10.98080573302,-37.58770483143,27.8));
#6783 = SURFACE_CURVE('',#6784,(#6789,#6796),.PCURVE_S1.);
#6784 = CIRCLE('',#6785,2.7);
#6785 = AXIS2_PLACEMENT_3D('',#6786,#6787,#6788);
#6786 = CARTESIAN_POINT('',(-13.68080573302,-37.58770483143,27.8));
#6787 = DIRECTION('',(0.,0.,1.));
#6788 = DIRECTION('',(1.,0.,0.));
#6789 = PCURVE('',#6584,#6790);
#6790 = DEFINITIONAL_REPRESENTATION('',(#6791),#6795);
#6791 = CIRCLE('',#6792,2.7);
#6792 = AXIS2_PLACEMENT_2D('',#6793,#6794);
#6793 = CARTESIAN_POINT('',(0.,0.));
#6794 = DIRECTION('',(1.,0.));
#6795 = ( GEOMETRIC_REPRESENTATION_CONTEXT(2) 
PARAMETRIC_REPRESENTATION_CONTEXT() REPRESENTATION_CONTEXT('2D SPACE',''
  ) );
#6796 = PCURVE('',#838,#6797);
#6797 = DEFINITIONAL_REPRESENTATION('',(#6798),#6802);
#6798 = LINE('',#6799,#6800);
#6799 = CARTESIAN_POINT('',(-0.,0.));
#6800 = VECTOR('',#6801,1.);
#6801 = DIRECTION('',(-1.,0.));
#6802 = ( GEOMETRIC_REPRESENTATION_CONTEXT(2) 
PARAMETRIC_REPRESENTATION_CONTEXT() REPRESENTATION_CONTEXT('2D SPACE',''
  ) );
#6803 = FACE_BOUND('',#6804,.T.);
#6804 = EDGE_LOOP('',(#6805));
#6805 = ORIENTED_EDGE('',*,*,#6567,.T.);
#6806 = ADVANCED_FACE('',(#6807),#6067,.F.);
#6807 = FACE_BOUND('',#6808,.F.);
#6808 = EDGE_LOOP('',(#6809,#6810,#6811,#6839,#6865));
#6809 = ORIENTED_EDGE('',*,*,#6750,.T.);
#6810 = ORIENTED_EDGE('',*,*,#6623,.T.);
#6811 = ORIENTED_EDGE('',*,*,#6812,.F.);
#6812 = EDGE_CURVE('',#6813,#6624,#6815,.T.);
#6813 = VERTEX_POINT('',#6814);
#6814 = CARTESIAN_POINT('',(-10.08328275049,-38.8115628257,24.));
#6815 = SURFACE_CURVE('',#6816,(#6821,#6832),.PCURVE_S1.);
#6816 = CIRCLE('',#6817,40.1);
#6817 = AXIS2_PLACEMENT_3D('',#6818,#6819,#6820);
#6818 = CARTESIAN_POINT('',(0.,0.,24.));
#6819 = DIRECTION('',(0.,0.,-1.));
#6820 = DIRECTION('',(1.,0.,0.));
#6821 = PCURVE('',#6067,#6822);
#6822 = DEFINITIONAL_REPRESENTATION('',(#6823),#6831);
#6823 = ( BOUNDED_CURVE() B_SPLINE_CURVE(2,(#6824,#6825,#6826,#6827,
#6828,#6829,#6830),.UNSPECIFIED.,.T.,.F.) B_SPLINE_CURVE_WITH_KNOTS((1,2
    ,2,2,2,1),(-2.094395102393,0.,2.094395102393,4.188790204786,
6.28318530718,8.377580409573),.UNSPECIFIED.) CURVE() 
GEOMETRIC_REPRESENTATION_ITEM() RATIONAL_B_SPLINE_CURVE((1.,0.5,1.,0.5,
1.,0.5,1.)) REPRESENTATION_ITEM('') );
#6824 = CARTESIAN_POINT('',(120.1,80.));
#6825 = CARTESIAN_POINT('',(120.1,10.544762616488));
#6826 = CARTESIAN_POINT('',(59.95,45.272381308244));
#6827 = CARTESIAN_POINT('',(-0.2,80.));
#6828 = CARTESIAN_POINT('',(59.95,114.72761869175));
#6829 = CARTESIAN_POINT('',(120.1,149.45523738351));
#6830 = CARTESIAN_POINT('',(120.1,80.));
#6831 = ( GEOMETRIC_REPRESENTATION_CONTEXT(2) 
PARAMETRIC_REPRESENTATION_CONTEXT() REPRESENTATION_CONTEXT('2D SPACE',''
  ) );
#6832 = PCURVE('',#3173,#6833);
#6833 = DEFINITIONAL_REPRESENTATION('',(#6834),#6838);
#6834 = LINE('',#6835,#6836);
#6835 = CARTESIAN_POINT('',(-6.28318530718,-2.));
#6836 = VECTOR('',#6837,1.);
#6837 = DIRECTION('',(1.,-0.));
#6838 = ( GEOMETRIC_REPRESENTATION_CONTEXT(2) 
PARAMETRIC_REPRESENTATION_CONTEXT() REPRESENTATION_CONTEXT('2D SPACE',''
  ) );
#6839 = ORIENTED_EDGE('',*,*,#6840,.F.);
#6840 = EDGE_CURVE('',#6028,#6813,#6841,.T.);
#6841 = SURFACE_CURVE('',#6842,(#6847,#6858),.PCURVE_S1.);
#6842 = CIRCLE('',#6843,3.8);
#6843 = AXIS2_PLACEMENT_3D('',#6844,#6845,#6846);
#6844 = CARTESIAN_POINT('',(-13.68080573302,-37.58770483143,24.));
#6845 = DIRECTION('',(0.,0.,-1.));
#6846 = DIRECTION('',(1.,0.,0.));
#6847 = PCURVE('',#6067,#6848);
#6848 = DEFINITIONAL_REPRESENTATION('',(#6849),#6857);
#6849 = ( BOUNDED_CURVE() B_SPLINE_CURVE(2,(#6850,#6851,#6852,#6853,
#6854,#6855,#6856),.UNSPECIFIED.,.T.,.F.) B_SPLINE_CURVE_WITH_KNOTS((1,2
    ,2,2,2,1),(-2.094395102393,0.,2.094395102393,4.188790204786,
6.28318530718,8.377580409573),.UNSPECIFIED.) CURVE() 
GEOMETRIC_REPRESENTATION_ITEM() RATIONAL_B_SPLINE_CURVE((1.,0.5,1.,0.5,
1.,0.5,1.)) REPRESENTATION_ITEM('') );
#6850 = CARTESIAN_POINT('',(70.119194266973,42.412295168564));
#6851 = CARTESIAN_POINT('',(70.119194266973,35.830502099802));
#6852 = CARTESIAN_POINT('',(64.419194266973,39.121398634183));
#6853 = CARTESIAN_POINT('',(58.719194266973,42.412295168564));
#6854 = CARTESIAN_POINT('',(64.419194266973,45.703191702945));
#6855 = CARTESIAN_POINT('',(70.119194266973,48.994088237325));
#6856 = CARTESIAN_POINT('',(70.119194266973,42.412295168564));
#6857 = ( GEOMETRIC_REPRESENTATION_CONTEXT(2) 
PARAMETRIC_REPRESENTATION_CONTEXT() REPRESENTATION_CONTEXT('2D SPACE',''
  ) );
#6858 = PCURVE('',#3728,#6859);
#6859 = DEFINITIONAL_REPRESENTATION('',(#6860),#6864);
#6860 = LINE('',#6861,#6862);
#6861 = CARTESIAN_POINT('',(-12.56637061435,-18.));
#6862 = VECTOR('',#6863,1.);
#6863 = DIRECTION('',(1.,-0.));
#6864 = ( GEOMETRIC_REPRESENTATION_CONTEXT(2) 
PARAMETRIC_REPRESENTATION_CONTEXT() REPRESENTATION_CONTEXT('2D SPACE',''
  ) );
#6865 = ORIENTED_EDGE('',*,*,#6050,.F.);
#6866 = ADVANCED_FACE('',(#6867),#5800,.F.);
#6867 = FACE_BOUND('',#6868,.F.);
#6868 = EDGE_LOOP('',(#6869,#6870,#6871,#6897,#6898));
#6869 = ORIENTED_EDGE('',*,*,#5974,.F.);
#6870 = ORIENTED_EDGE('',*,*,#5783,.F.);
#6871 = ORIENTED_EDGE('',*,*,#6872,.F.);
#6872 = EDGE_CURVE('',#6380,#5761,#6873,.T.);
#6873 = SURFACE_CURVE('',#6874,(#6879,#6890),.PCURVE_S1.);
#6874 = CIRCLE('',#6875,40.1);
#6875 = AXIS2_PLACEMENT_3D('',#6876,#6877,#6878);
#6876 = CARTESIAN_POINT('',(0.,0.,24.));
#6877 = DIRECTION('',(0.,0.,-1.));
#6878 = DIRECTION('',(1.,0.,0.));
#6879 = PCURVE('',#5800,#6880);
#6880 = DEFINITIONAL_REPRESENTATION('',(#6881),#6889);
#6881 = ( BOUNDED_CURVE() B_SPLINE_CURVE(2,(#6882,#6883,#6884,#6885,
#6886,#6887,#6888),.UNSPECIFIED.,.T.,.F.) B_SPLINE_CURVE_WITH_KNOTS((1,2
    ,2,2,2,1),(-2.094395102393,0.,2.094395102393,4.188790204786,
6.28318530718,8.377580409573),.UNSPECIFIED.) CURVE() 
GEOMETRIC_REPRESENTATION_ITEM() RATIONAL_B_SPLINE_CURVE((1.,0.5,1.,0.5,
1.,0.5,1.)) REPRESENTATION_ITEM('') );
#6882 = CARTESIAN_POINT('',(120.1,80.));
#6883 = CARTESIAN_POINT('',(120.1,10.544762616488));
#6884 = CARTESIAN_POINT('',(59.95,45.272381308244));
#6885 = CARTESIAN_POINT('',(-0.2,80.));
#6886 = CARTESIAN_POINT('',(59.95,114.72761869175));
#6887 = CARTESIAN_POINT('',(120.1,149.45523738351));
#6888 = CARTESIAN_POINT('',(120.1,80.));
#6889 = ( GEOMETRIC_REPRESENTATION_CONTEXT(2) 
PARAMETRIC_REPRESENTATION_CONTEXT() REPRESENTATION_CONTEXT('2D SPACE',''
  ) );
#6890 = PCURVE('',#2758,#6891);
#6891 = DEFINITIONAL_REPRESENTATION('',(#6892),#6896);
#6892 = LINE('',#6893,#6894);
#6893 = CARTESIAN_POINT('',(-6.28318530718,-2.));
#6894 = VECTOR('',#6895,1.);
#6895 = DIRECTION('',(1.,-0.));
#6896 = ( GEOMETRIC_REPRESENTATION_CONTEXT(2) 
PARAMETRIC_REPRESENTATION_CONTEXT() REPRESENTATION_CONTEXT('2D SPACE',''
  ) );
#6897 = ORIENTED_EDGE('',*,*,#6400,.T.);
#6898 = ORIENTED_EDGE('',*,*,#6221,.T.);
#6899 = ADVANCED_FACE('',(#6900),#3895,.F.);
#6900 = FACE_BOUND('',#6901,.F.);
#6901 = EDGE_LOOP('',(#6902,#6903,#6904,#7030));
#6902 = ORIENTED_EDGE('',*,*,#5844,.F.);
#6903 = ORIENTED_EDGE('',*,*,#6003,.T.);
#6904 = ORIENTED_EDGE('',*,*,#6905,.T.);
#6905 = EDGE_CURVE('',#6004,#3706,#6906,.T.);
#6906 = SURFACE_CURVE('',#6907,(#6946,#6988),.PCURVE_S1.);
#6907 = B_SPLINE_CURVE_WITH_KNOTS('',7,(#6908,#6909,#6910,#6911,#6912,
    #6913,#6914,#6915,#6916,#6917,#6918,#6919,#6920,#6921,#6922,#6923,
    #6924,#6925,#6926,#6927,#6928,#6929,#6930,#6931,#6932,#6933,#6934,
    #6935,#6936,#6937,#6938,#6939,#6940,#6941,#6942,#6943,#6944,#6945),
  .UNSPECIFIED.,.F.,.F.,(8,6,6,6,6,6,8),(0.,0.443139373016,
    0.586875100579,0.700805150287,0.761665105964,0.885244365122,1.),
  .UNSPECIFIED.);
#6908 = CARTESIAN_POINT('',(-17.22334897752,-36.21279124837,25.6));
#6909 = CARTESIAN_POINT('',(-17.22334897752,-36.21279124837,
    25.778893701489));
#6910 = CARTESIAN_POINT('',(-17.21657680869,-36.19534064325,
    25.957608453539));
#6911 = CARTESIAN_POINT('',(-17.20305093215,-36.16049953117,
    26.135063648027));
#6912 = CARTESIAN_POINT('',(-17.1821377286,-36.10819639405,
    26.309870870027));
#6913 = CARTESIAN_POINT('',(-17.15258503565,-36.03849580838,
    26.480306897183));
#6914 = CARTESIAN_POINT('',(-17.11258232117,-35.95172012816,
    26.644348806668));
#6915 = CARTESIAN_POINT('',(-17.04205116058,-35.81472617281,
    26.849827209937));
#6916 = CARTESIAN_POINT('',(-17.02339041484,-35.77943643629,
    26.899193358887));
#6917 = CARTESIAN_POINT('',(-17.0032537617,-35.742433362,26.94750580601)
  );
#6918 = CARTESIAN_POINT('',(-16.98154546176,-35.70375115412,
    26.994655670206));
#6919 = CARTESIAN_POINT('',(-16.95816572693,-35.66343651769,
    27.0405215833));
#6920 = CARTESIAN_POINT('',(-16.93301296444,-35.62155119643,
    27.084971400872));
#6921 = CARTESIAN_POINT('',(-16.88456350438,-35.5437926068,
    27.161862043775));
#6922 = CARTESIAN_POINT('',(-16.86196427047,-35.50847499509,
    27.19488049434));
#6923 = CARTESIAN_POINT('',(-16.83813930322,-35.47226246964,
    27.226848095258));
#6924 = CARTESIAN_POINT('',(-16.81304107931,-35.43520508577,
    27.257688108615));
#6925 = CARTESIAN_POINT('',(-16.78662617269,-35.39736314879,
    27.287320258028));
#6926 = CARTESIAN_POINT('',(-16.75885785909,-35.35880820266,
    27.315662758552));
#6927 = CARTESIAN_POINT('',(-16.71413762858,-35.2986923357,
    27.357042219287));
#6928 = CARTESIAN_POINT('',(-16.69817268316,-35.27758118998,
    27.371058911507));
#6929 = CARTESIAN_POINT('',(-16.68180968355,-35.25630350053,
    27.384671794909));
#6930 = CARTESIAN_POINT('',(-16.66504546087,-35.23487314988,
    27.397868567012));
#6931 = CARTESIAN_POINT('',(-16.64787787807,-35.21330498419,
    27.410637251197));
#6932 = CARTESIAN_POINT('',(-16.63030582998,-35.19161481324,
    27.422966196708));
#6933 = CARTESIAN_POINT('',(-16.57582686255,-35.12556272804,
    27.458962726685));
#6934 = CARTESIAN_POINT('',(-16.53765325343,-35.0808678775,
    27.481224184345));
#6935 = CARTESIAN_POINT('',(-16.4978142629,-35.03588126103,
    27.501531217182));
#6936 = CARTESIAN_POINT('',(-16.45633232377,-34.99075853596,
    27.519801349585));
#6937 = CARTESIAN_POINT('',(-16.41325050966,-34.94566243395,
    27.535970173534));
#6938 = CARTESIAN_POINT('',(-16.36863659005,-34.90076058022,
    27.549994657347));
#6939 = CARTESIAN_POINT('',(-16.27982553943,-34.81486602967,
    27.572871312961));
#6940 = CARTESIAN_POINT('',(-16.23582028,-34.77381739506,27.582022805265
    ));
#6941 = CARTESIAN_POINT('',(-16.19064767228,-34.73321358106,
    27.589295704352));
#6942 = CARTESIAN_POINT('',(-16.14439221337,-34.6931792342,
    27.594696487532));
#6943 = CARTESIAN_POINT('',(-16.09714563296,-34.65382708437,
    27.598250646933));
#6944 = CARTESIAN_POINT('',(-16.04900599423,-34.61525755382,27.6));
#6945 = CARTESIAN_POINT('',(-16.00007679469,-34.57755836614,27.6));
#6946 = PCURVE('',#3895,#6947);
#6947 = DEFINITIONAL_REPRESENTATION('',(#6948),#6987);
#6948 = B_SPLINE_CURVE_WITH_KNOTS('',7,(#6949,#6950,#6951,#6952,#6953,
    #6954,#6955,#6956,#6957,#6958,#6959,#6960,#6961,#6962,#6963,#6964,
    #6965,#6966,#6967,#6968,#6969,#6970,#6971,#6972,#6973,#6974,#6975,
    #6976,#6977,#6978,#6979,#6980,#6981,#6982,#6983,#6984,#6985,#6986),
  .UNSPECIFIED.,.F.,.F.,(8,6,6,6,6,6,8),(0.,0.443139373016,
    0.586875100579,0.700805150287,0.761665105964,0.885244365122,1.),
  .UNSPECIFIED.);
#6949 = CARTESIAN_POINT('',(4.2684389277,0.));
#6950 = CARTESIAN_POINT('',(4.2684389277,8.944685074442E-02));
#6951 = CARTESIAN_POINT('',(4.268404524898,0.178803989024));
#6952 = CARTESIAN_POINT('',(4.268335953106,0.268701603575));
#6953 = CARTESIAN_POINT('',(4.268246493787,0.35959886654));
#6954 = CARTESIAN_POINT('',(4.268164685332,0.451957795443));
#6955 = CARTESIAN_POINT('',(4.268134679835,0.546241771345));
#6956 = CARTESIAN_POINT('',(4.26825611491,0.674635813665));
#6957 = CARTESIAN_POINT('',(4.268298649988,0.70634718945));
#6958 = CARTESIAN_POINT('',(4.268356333442,0.738341754511));
#6959 = CARTESIAN_POINT('',(4.268431795206,0.770633799104));
#6960 = CARTESIAN_POINT('',(4.268527925188,0.803234107799));
#6961 = CARTESIAN_POINT('',(4.26864785813,0.836149869131));
#6962 = CARTESIAN_POINT('',(4.268911555437,0.895727603267));
#6963 = CARTESIAN_POINT('',(4.26904521714,0.922270042898));
#6964 = CARTESIAN_POINT('',(4.269197601385,0.949012523492));
#6965 = CARTESIAN_POINT('',(4.269370452856,0.975952659591));
#6966 = CARTESIAN_POINT('',(4.269565554779,1.003084586968));
#6967 = CARTESIAN_POINT('',(4.269784680569,1.030398488646));
#6968 = CARTESIAN_POINT('',(4.270160349148,1.072560452655));
#6969 = CARTESIAN_POINT('',(4.270298494514,1.087288557723));
#6970 = CARTESIAN_POINT('',(4.270444245254,1.102062172847));
#6971 = CARTESIAN_POINT('',(4.270597853258,1.11687864003));
#6972 = CARTESIAN_POINT('',(4.270759558624,1.131734906573));
#6973 = CARTESIAN_POINT('',(4.270929589666,1.146627525071));
#6974 = CARTESIAN_POINT('',(4.271470765031,1.191858891456));
#6975 = CARTESIAN_POINT('',(4.271868616756,1.22230208156));
#6976 = CARTESIAN_POINT('',(4.272303442534,1.252845399802));
#6977 = CARTESIAN_POINT('',(4.272776708675,1.28344980157));
#6978 = CARTESIAN_POINT('',(4.273289489074,1.314072836334));
#6979 = CARTESIAN_POINT('',(4.273842330922,1.344667462414));
#6980 = CARTESIAN_POINT('',(4.274985584461,1.403515588281));
#6981 = CARTESIAN_POINT('',(4.275570568225,1.431784115066));
#6982 = CARTESIAN_POINT('',(4.276189999547,1.459944412537));
#6983 = CARTESIAN_POINT('',(4.276843473026,1.487958795401));
#6984 = CARTESIAN_POINT('',(4.277530258945,1.51579304451));
#6985 = CARTESIAN_POINT('',(4.278249312174,1.543415528728));
#6986 = CARTESIAN_POINT('',(4.278999281074,1.570796326795));
#6987 = ( GEOMETRIC_REPRESENTATION_CONTEXT(2) 
PARAMETRIC_REPRESENTATION_CONTEXT() REPRESENTATION_CONTEXT('2D SPACE',''
  ) );
#6988 = PCURVE('',#3728,#6989);
#6989 = DEFINITIONAL_REPRESENTATION('',(#6990),#7029);
#6990 = B_SPLINE_CURVE_WITH_KNOTS('',7,(#6991,#6992,#6993,#6994,#6995,
    #6996,#6997,#6998,#6999,#7000,#7001,#7002,#7003,#7004,#7005,#7006,
    #7007,#7008,#7009,#7010,#7011,#7012,#7013,#7014,#7015,#7016,#7017,
    #7018,#7019,#7020,#7021,#7022,#7023,#7024,#7025,#7026,#7027,#7028),
  .UNSPECIFIED.,.F.,.F.,(8,6,6,6,6,6,8),(0.,0.443139373016,
    0.586875100579,0.700805150287,0.761665105964,0.885244365122,1.),
  .UNSPECIFIED.);
#6991 = CARTESIAN_POINT('',(-9.054559217157,-19.6));
#6992 = CARTESIAN_POINT('',(-9.054559217157,-19.77889370148));
#6993 = CARTESIAN_POINT('',(-9.049633308294,-19.95760845353));
#6994 = CARTESIAN_POINT('',(-9.039797724282,-20.13506364802));
#6995 = CARTESIAN_POINT('',(-9.024975501029,-20.30987087002));
#6996 = CARTESIAN_POINT('',(-9.005061148193,-20.48030689718));
#6997 = CARTESIAN_POINT('',(-8.979939565667,-20.64434880666));
#6998 = CARTESIAN_POINT('',(-8.939391051227,-20.84982720993));
#6999 = CARTESIAN_POINT('',(-8.928886478322,-20.89919335888));
#7000 = CARTESIAN_POINT('',(-8.917801643476,-20.94750580601));
#7001 = CARTESIAN_POINT('',(-8.906130599308,-20.9946556702));
#7002 = CARTESIAN_POINT('',(-8.893868718254,-21.0405215833));
#7003 = CARTESIAN_POINT('',(-8.881013247569,-21.08497140087));
#7004 = CARTESIAN_POINT('',(-8.856903404806,-21.16186204377));
#7005 = CARTESIAN_POINT('',(-8.845870193911,-21.19488049434));
#7006 = CARTESIAN_POINT('',(-8.834464556683,-21.22684809525));
#7007 = CARTESIAN_POINT('',(-8.822688443805,-21.25768810861));
#7008 = CARTESIAN_POINT('',(-8.81054594382,-21.28732025802));
#7009 = CARTESIAN_POINT('',(-8.798043795373,-21.31566275855));
#7010 = CARTESIAN_POINT('',(-8.778326583245,-21.35704221928));
#7011 = CARTESIAN_POINT('',(-8.771361512621,-21.3710589115));
#7012 = CARTESIAN_POINT('',(-8.764298226988,-21.3846717949));
#7013 = CARTESIAN_POINT('',(-8.75713856143,-21.39786856701));
#7014 = CARTESIAN_POINT('',(-8.749884646698,-21.41063725119));
#7015 = CARTESIAN_POINT('',(-8.742538909217,-21.4229661967));
#7016 = CARTESIAN_POINT('',(-8.7200072512,-21.45896272668));
#7017 = CARTESIAN_POINT('',(-8.704541621811,-21.48122418434));
#7018 = CARTESIAN_POINT('',(-8.688732334649,-21.50153121718));
#7019 = CARTESIAN_POINT('',(-8.672607808233,-21.51980134958));
#7020 = CARTESIAN_POINT('',(-8.65620027878,-21.53597017353));
#7021 = CARTESIAN_POINT('',(-8.639546351117,-21.54999465734));
#7022 = CARTESIAN_POINT('',(-8.607032475401,-21.57287131296));
#7023 = CARTESIAN_POINT('',(-8.591198606174,-21.58202280526));
#7024 = CARTESIAN_POINT('',(-8.575219033942,-21.58929570435));
#7025 = CARTESIAN_POINT('',(-8.55912563218,-21.59469648753));
#7026 = CARTESIAN_POINT('',(-8.542949127676,-21.59825064693));
#7027 = CARTESIAN_POINT('',(-8.52671917239,-21.6));
#7028 = CARTESIAN_POINT('',(-8.510464415321,-21.6));
#7029 = ( GEOMETRIC_REPRESENTATION_CONTEXT(2) 
PARAMETRIC_REPRESENTATION_CONTEXT() REPRESENTATION_CONTEXT('2D SPACE',''
  ) );
#7030 = ORIENTED_EDGE('',*,*,#3880,.F.);
#7031 = ADVANCED_FACE('',(#7032),#3728,.T.);
#7032 = FACE_BOUND('',#7033,.F.);
#7033 = EDGE_LOOP('',(#7034,#7174,#7175,#7176,#7177,#7178));
#7034 = ORIENTED_EDGE('',*,*,#7035,.F.);
#7035 = EDGE_CURVE('',#3708,#7036,#7038,.T.);
#7036 = VERTEX_POINT('',#7037);
#7037 = CARTESIAN_POINT('',(-10.08328275049,-38.8115628257,25.6));
#7038 = SURFACE_CURVE('',#7039,(#7072,#7123),.PCURVE_S1.);
#7039 = B_SPLINE_CURVE_WITH_KNOTS('',7,(#7040,#7041,#7042,#7043,#7044,
    #7045,#7046,#7047,#7048,#7049,#7050,#7051,#7052,#7053,#7054,#7055,
    #7056,#7057,#7058,#7059,#7060,#7061,#7062,#7063,#7064,#7065,#7066,
    #7067,#7068,#7069,#7070,#7071),.UNSPECIFIED.,.F.,.F.,(8,6,6,6,6,8),(
    0.,0.502208652419,1.,1.927632366062,2.527298016677,4.376636454652),
  .UNSPECIFIED.);
#7040 = CARTESIAN_POINT('',(-9.969256172919,-36.77259756066,27.6));
#7041 = CARTESIAN_POINT('',(-9.956006802321,-36.83292789677,27.6));
#7042 = CARTESIAN_POINT('',(-9.943921715985,-36.89341743429,
    27.598250646953));
#7043 = CARTESIAN_POINT('',(-9.933023809975,-36.95393244614,
    27.594696487592));
#7044 = CARTESIAN_POINT('',(-9.92332365487,-37.01433297062,
    27.589295704474));
#7045 = CARTESIAN_POINT('',(-9.914819058316,-37.0744736889,
    27.582022805471));
#7046 = CARTESIAN_POINT('',(-9.907494627589,-37.13420480253,
    27.572871313271));
#7047 = CARTESIAN_POINT('',(-9.895202335508,-37.25202059111,
    27.550938480485));
#7048 = CARTESIAN_POINT('',(-9.890213620563,-37.31012235547,
    27.538188443117));
#7049 = CARTESIAN_POINT('',(-9.886327362272,-37.36752906432,
    27.523620518055));
#7050 = CARTESIAN_POINT('',(-9.883501276063,-37.42410566498,
    27.507266589893));
#7051 = CARTESIAN_POINT('',(-9.881681542678,-37.47973067915,
    27.489174191129));
#7052 = CARTESIAN_POINT('',(-9.880805733027,-37.53429569036,
    27.469404440754));
#7053 = CARTESIAN_POINT('',(-9.880805733027,-37.6872325716,
    27.408198758264));
#7054 = CARTESIAN_POINT('',(-9.883847187587,-37.7827442046,
    27.362795714705));
#7055 = CARTESIAN_POINT('',(-9.889487135675,-37.87366065256,
    27.312277053895));
#7056 = CARTESIAN_POINT('',(-9.897222543496,-37.9596480817,
    27.257180592309));
#7057 = CARTESIAN_POINT('',(-9.90656347331,-38.04054418666,
    27.198051427797));
#7058 = CARTESIAN_POINT('',(-9.917070480262,-38.11630516331,
    27.135392693852));
#7059 = CARTESIAN_POINT('',(-9.935651886939,-38.23265665786,
    27.027136641064));
#7060 = CARTESIAN_POINT('',(-9.94327345489,-38.27621392151,
    26.983337287089));
#7061 = CARTESIAN_POINT('',(-9.951116976456,-38.3176592607,
    26.938358046278));
#7062 = CARTESIAN_POINT('',(-9.959087743735,-38.35701501788,
    26.892305777037));
#7063 = CARTESIAN_POINT('',(-9.967100121514,-38.39430963421,
    26.845278516274));
#7064 = CARTESIAN_POINT('',(-9.975077363227,-38.42957550539,
    26.79736450618));
#7065 = CARTESIAN_POINT('',(-10.00723463977,-38.56545393738,
    26.598381081912));
#7066 = CARTESIAN_POINT('',(-10.03050818037,-38.64897529844,
    26.440595857993));
#7067 = CARTESIAN_POINT('',(-10.05081835821,-38.71465644954,
    26.277344470946));
#7068 = CARTESIAN_POINT('',(-10.06685750331,-38.76327533026,
    26.110324898718));
#7069 = CARTESIAN_POINT('',(-10.07780177492,-38.79545283956,
    25.94099794576));
#7070 = CARTESIAN_POINT('',(-10.08328275049,-38.8115628257,
    25.770567382893));
#7071 = CARTESIAN_POINT('',(-10.08328275049,-38.8115628257,25.6));
#7072 = PCURVE('',#3728,#7073);
#7073 = DEFINITIONAL_REPRESENTATION('',(#7074),#7122);
#7074 = B_SPLINE_CURVE_WITH_KNOTS('',3,(#7075,#7076,#7077,#7078,#7079,
    #7080,#7081,#7082,#7083,#7084,#7085,#7086,#7087,#7088,#7089,#7090,
    #7091,#7092,#7093,#7094,#7095,#7096,#7097,#7098,#7099,#7100,#7101,
    #7102,#7103,#7104,#7105,#7106,#7107,#7108,#7109,#7110,#7111,#7112,
    #7113,#7114,#7115,#7116,#7117,#7118,#7119,#7120,#7121),
  .UNSPECIFIED.,.F.,.F.,(4,1,1,1,1,1,1,1,1,1,1,1,1,1,1,1,1,1,1,1,1,1,1,1
    ,1,1,1,1,1,1,1,1,1,1,1,1,1,1,1,1,1,1,1,1,4),(0.,9.946901033299E-02,
    0.198938020666,0.298407030999,0.397876041332,0.497345051665,
    0.596814061998,0.696283072331,0.795752082664,0.895221092997,
    0.99469010333,1.094159113663,1.193628123996,1.293097134329,
    1.392566144662,1.492035154995,1.591504165328,1.690973175661,
    1.790442185994,1.889911196327,1.98938020666,2.088849216993,
    2.188318227326,2.287787237659,2.387256247992,2.486725258325,
    2.586194268658,2.685663278991,2.785132289324,2.884601299657,
    2.98407030999,3.083539320323,3.183008330656,3.282477340989,
    3.381946351322,3.481415361655,3.580884371988,3.680353382321,
    3.779822392654,3.879291402987,3.97876041332,4.078229423653,
    4.177698433986,4.277167444319,4.376636454652),
  .QUASI_UNIFORM_KNOTS.);
#7075 = CARTESIAN_POINT('',(-6.499367151831,-21.6));
#7076 = CARTESIAN_POINT('',(-6.491855173781,-21.60000167548));
#7077 = CARTESIAN_POINT('',(-6.4768444103,-21.59903796503));
#7078 = CARTESIAN_POINT('',(-6.454416729873,-21.59463184199));
#7079 = CARTESIAN_POINT('',(-6.432125889761,-21.58719744715));
#7080 = CARTESIAN_POINT('',(-6.410022055486,-21.57669626089));
#7081 = CARTESIAN_POINT('',(-6.388157186198,-21.56311187644));
#7082 = CARTESIAN_POINT('',(-6.366583050074,-21.54645318653));
#7083 = CARTESIAN_POINT('',(-6.345349454654,-21.52675307662));
#7084 = CARTESIAN_POINT('',(-6.324504481715,-21.50406841502));
#7085 = CARTESIAN_POINT('',(-6.304091609279,-21.47847612175));
#7086 = CARTESIAN_POINT('',(-6.284150699193,-21.45007186644));
#7087 = CARTESIAN_POINT('',(-6.264718594275,-21.41896926262));
#7088 = CARTESIAN_POINT('',(-6.245824989661,-21.38529102888));
#7089 = CARTESIAN_POINT('',(-6.227493668245,-21.34916562197));
#7090 = CARTESIAN_POINT('',(-6.209743865062,-21.31072599681));
#7091 = CARTESIAN_POINT('',(-6.192590611836,-21.27010711683));
#7092 = CARTESIAN_POINT('',(-6.176045268614,-21.22744404469));
#7093 = CARTESIAN_POINT('',(-6.160115925773,-21.18287011081));
#7094 = CARTESIAN_POINT('',(-6.144807777553,-21.13651534358));
#7095 = CARTESIAN_POINT('',(-6.130123419457,-21.08850492823));
#7096 = CARTESIAN_POINT('',(-6.116063199552,-21.03895844263));
#7097 = CARTESIAN_POINT('',(-6.102624270742,-20.98798345149));
#7098 = CARTESIAN_POINT('',(-6.089803600203,-20.93568434694));
#7099 = CARTESIAN_POINT('',(-6.077597349361,-20.88215974));
#7100 = CARTESIAN_POINT('',(-6.066001106003,-20.82750252418));
#7101 = CARTESIAN_POINT('',(-6.055009918829,-20.77179945683));
#7102 = CARTESIAN_POINT('',(-6.044618548426,-20.71513092232));
#7103 = CARTESIAN_POINT('',(-6.034824691285,-20.65759108159));
#7104 = CARTESIAN_POINT('',(-6.025620758664,-20.5992401744));
#7105 = CARTESIAN_POINT('',(-6.017001015529,-20.54014161056));
#7106 = CARTESIAN_POINT('',(-6.00896007943,-20.48035509578));
#7107 = CARTESIAN_POINT('',(-6.001493202135,-20.41993859411));
#7108 = CARTESIAN_POINT('',(-5.994596092236,-20.35894790558));
#7109 = CARTESIAN_POINT('',(-5.988264878339,-20.29743686734));
#7110 = CARTESIAN_POINT('',(-5.982496051143,-20.23545737364));
#7111 = CARTESIAN_POINT('',(-5.977286426723,-20.17305943202));
#7112 = CARTESIAN_POINT('',(-5.972633118771,-20.11029119867));
#7113 = CARTESIAN_POINT('',(-5.968533522155,-20.04719901017));
#7114 = CARTESIAN_POINT('',(-5.964985306462,-19.98382740786));
#7115 = CARTESIAN_POINT('',(-5.961986418678,-19.92021915921));
#7116 = CARTESIAN_POINT('',(-5.959535096188,-19.85641527023));
#7117 = CARTESIAN_POINT('',(-5.957629882919,-19.79245501507));
#7118 = CARTESIAN_POINT('',(-5.956269672954,-19.72837589176));
#7119 = CARTESIAN_POINT('',(-5.955453688566,-19.66421384952));
#7120 = CARTESIAN_POINT('',(-5.955272387957,-19.62140628557));
#7121 = CARTESIAN_POINT('',(-5.955272349994,-19.6));
#7122 = ( GEOMETRIC_REPRESENTATION_CONTEXT(2) 
PARAMETRIC_REPRESENTATION_CONTEXT() REPRESENTATION_CONTEXT('2D SPACE',''
  ) );
#7123 = PCURVE('',#3446,#7124);
#7124 = DEFINITIONAL_REPRESENTATION('',(#7125),#7173);
#7125 = B_SPLINE_CURVE_WITH_KNOTS('',3,(#7126,#7127,#7128,#7129,#7130,
    #7131,#7132,#7133,#7134,#7135,#7136,#7137,#7138,#7139,#7140,#7141,
    #7142,#7143,#7144,#7145,#7146,#7147,#7148,#7149,#7150,#7151,#7152,
    #7153,#7154,#7155,#7156,#7157,#7158,#7159,#7160,#7161,#7162,#7163,
    #7164,#7165,#7166,#7167,#7168,#7169,#7170,#7171,#7172),
  .UNSPECIFIED.,.F.,.F.,(4,1,1,1,1,1,1,1,1,1,1,1,1,1,1,1,1,1,1,1,1,1,1,1
    ,1,1,1,1,1,1,1,1,1,1,1,1,1,1,1,1,1,1,1,1,4),(0.,9.946901033299E-02,
    0.198938020666,0.298407030999,0.397876041332,0.497345051665,
    0.596814061998,0.696283072331,0.795752082664,0.895221092997,
    0.99469010333,1.094159113663,1.193628123996,1.293097134329,
    1.392566144662,1.492035154995,1.591504165328,1.690973175661,
    1.790442185994,1.889911196327,1.98938020666,2.088849216993,
    2.188318227326,2.287787237659,2.387256247992,2.486725258325,
    2.586194268658,2.685663278991,2.785132289324,2.884601299657,
    2.98407030999,3.083539320323,3.183008330656,3.282477340989,
    3.381946351322,3.481415361655,3.580884371988,3.680353382321,
    3.779822392654,3.879291402987,3.97876041332,4.078229423653,
    4.177698433986,4.277167444319,4.376636454652),
  .QUASI_UNIFORM_KNOTS.);
#7126 = CARTESIAN_POINT('',(4.447646978897,1.570796326795));
#7127 = CARTESIAN_POINT('',(4.44799360865,1.558142623758));
#7128 = CARTESIAN_POINT('',(4.448669761298,1.532701535524));
#7129 = CARTESIAN_POINT('',(4.44963110746,1.494192174699));
#7130 = CARTESIAN_POINT('',(4.450537847024,1.455387132689));
#7131 = CARTESIAN_POINT('',(4.451388821621,1.416342904289));
#7132 = CARTESIAN_POINT('',(4.45218323267,1.377120705685));
#7133 = CARTESIAN_POINT('',(4.452920777985,1.337783689602));
#7134 = CARTESIAN_POINT('',(4.453601670999,1.298394171216));
#7135 = CARTESIAN_POINT('',(4.454226598844,1.259014446131));
#7136 = CARTESIAN_POINT('',(4.454796761238,1.219701690805));
#7137 = CARTESIAN_POINT('',(4.455313774865,1.180509844758));
#7138 = CARTESIAN_POINT('',(4.455779598526,1.141490947614));
#7139 = CARTESIAN_POINT('',(4.456196574608,1.102686911776));
#7140 = CARTESIAN_POINT('',(4.456567306102,1.06413120014));
#7141 = CARTESIAN_POINT('',(4.456894563194,1.025851156271));
#7142 = CARTESIAN_POINT('',(4.457181223374,0.987868309243));
#7143 = CARTESIAN_POINT('',(4.457430214181,0.950199043765));
#7144 = CARTESIAN_POINT('',(4.457644466511,0.912855005747));
#7145 = CARTESIAN_POINT('',(4.457826876159,0.875843460479));
#7146 = CARTESIAN_POINT('',(4.457980273521,0.839167463997));
#7147 = CARTESIAN_POINT('',(4.458107402887,0.802826299796));
#7148 = CARTESIAN_POINT('',(4.458210906533,0.766812101093));
#7149 = CARTESIAN_POINT('',(4.458293289048,0.731117063963));
#7150 = CARTESIAN_POINT('',(4.458356920647,0.69573170485));
#7151 = CARTESIAN_POINT('',(4.458404035462,0.660645176746));
#7152 = CARTESIAN_POINT('',(4.458436731598,0.625845126931));
#7153 = CARTESIAN_POINT('',(4.458456967768,0.591317830841));
#7154 = CARTESIAN_POINT('',(4.458466569123,0.55705990338));
#7155 = CARTESIAN_POINT('',(4.458467237674,0.523049749274));
#7156 = CARTESIAN_POINT('',(4.458460542109,0.489270397585));
#7157 = CARTESIAN_POINT('',(4.458447928346,0.455704931111));
#7158 = CARTESIAN_POINT('',(4.458430724592,0.422337486969));
#7159 = CARTESIAN_POINT('',(4.458410146996,0.389152788759));
#7160 = CARTESIAN_POINT('',(4.458387304356,0.356136093071));
#7161 = CARTESIAN_POINT('',(4.458363202345,0.323273042342));
#7162 = CARTESIAN_POINT('',(4.458338747219,0.290549556772));
#7163 = CARTESIAN_POINT('',(4.458314749087,0.257951726423));
#7164 = CARTESIAN_POINT('',(4.458291924776,0.225465710889));
#7165 = CARTESIAN_POINT('',(4.458270900355,0.193077641507));
#7166 = CARTESIAN_POINT('',(4.458252213419,0.160773525574));
#7167 = CARTESIAN_POINT('',(4.458236314909,0.128539147772));
#7168 = CARTESIAN_POINT('',(4.458223571633,9.635997801904E-02));
#7169 = CARTESIAN_POINT('',(4.458214265277,6.422104466324E-02));
#7170 = CARTESIAN_POINT('',(4.458208603965,3.210692076469E-02));
#7171 = CARTESIAN_POINT('',(4.45820732572,1.070315215069E-02));
#7172 = CARTESIAN_POINT('',(4.458207332272,0.));
#7173 = ( GEOMETRIC_REPRESENTATION_CONTEXT(2) 
PARAMETRIC_REPRESENTATION_CONTEXT() REPRESENTATION_CONTEXT('2D SPACE',''
  ) );
#7174 = ORIENTED_EDGE('',*,*,#3705,.F.);
#7175 = ORIENTED_EDGE('',*,*,#6905,.F.);
#7176 = ORIENTED_EDGE('',*,*,#6027,.T.);
#7177 = ORIENTED_EDGE('',*,*,#6840,.T.);
#7178 = ORIENTED_EDGE('',*,*,#7179,.T.);
#7179 = EDGE_CURVE('',#6813,#7036,#7180,.T.);
#7180 = SURFACE_CURVE('',#7181,(#7185,#7192),.PCURVE_S1.);
#7181 = LINE('',#7182,#7183);
#7182 = CARTESIAN_POINT('',(-10.08328275049,-38.8115628257,24.));
#7183 = VECTOR('',#7184,1.);
#7184 = DIRECTION('',(-4.218847493576E-14,8.881784197001E-15,1.));
#7185 = PCURVE('',#3728,#7186);
#7186 = DEFINITIONAL_REPRESENTATION('',(#7187),#7191);
#7187 = LINE('',#7188,#7189);
#7188 = CARTESIAN_POINT('',(-5.955272349994,-18.));
#7189 = VECTOR('',#7190,1.);
#7190 = DIRECTION('',(-0.,-1.));
#7191 = ( GEOMETRIC_REPRESENTATION_CONTEXT(2) 
PARAMETRIC_REPRESENTATION_CONTEXT() REPRESENTATION_CONTEXT('2D SPACE',''
  ) );
#7192 = PCURVE('',#3173,#7193);
#7193 = DEFINITIONAL_REPRESENTATION('',(#7194),#7198);
#7194 = LINE('',#7195,#7196);
#7195 = CARTESIAN_POINT('',(-4.458207332272,-2.));
#7196 = VECTOR('',#7197,1.);
#7197 = DIRECTION('',(-0.,-1.));
#7198 = ( GEOMETRIC_REPRESENTATION_CONTEXT(2) 
PARAMETRIC_REPRESENTATION_CONTEXT() REPRESENTATION_CONTEXT('2D SPACE',''
  ) );
#7199 = ADVANCED_FACE('',(#7200),#3624,.F.);
#7200 = FACE_BOUND('',#7201,.F.);
#7201 = EDGE_LOOP('',(#7202,#7203,#7204,#7225));
#7202 = ORIENTED_EDGE('',*,*,#3762,.F.);
#7203 = ORIENTED_EDGE('',*,*,#3538,.F.);
#7204 = ORIENTED_EDGE('',*,*,#7205,.T.);
#7205 = EDGE_CURVE('',#3516,#5261,#7206,.T.);
#7206 = SURFACE_CURVE('',#7207,(#7212,#7219),.PCURVE_S1.);
#7207 = CIRCLE('',#7208,40.1);
#7208 = AXIS2_PLACEMENT_3D('',#7209,#7210,#7211);
#7209 = CARTESIAN_POINT('',(0.,0.,25.6));
#7210 = DIRECTION('',(0.,-0.,1.));
#7211 = DIRECTION('',(0.251453435174,0.96786939715,0.));
#7212 = PCURVE('',#3624,#7213);
#7213 = DEFINITIONAL_REPRESENTATION('',(#7214),#7218);
#7214 = LINE('',#7215,#7216);
#7215 = CARTESIAN_POINT('',(1.316614678682,0.));
#7216 = VECTOR('',#7217,1.);
#7217 = DIRECTION('',(1.,0.));
#7218 = ( GEOMETRIC_REPRESENTATION_CONTEXT(2) 
PARAMETRIC_REPRESENTATION_CONTEXT() REPRESENTATION_CONTEXT('2D SPACE',''
  ) );
#7219 = PCURVE('',#2699,#7220);
#7220 = DEFINITIONAL_REPRESENTATION('',(#7221),#7224);
#7221 = B_SPLINE_CURVE_WITH_KNOTS('',1,(#7222,#7223),.UNSPECIFIED.,.F.,
  .F.,(2,2),(3.839724354388,6.093416902608),.PIECEWISE_BEZIER_KNOTS.);
#7222 = CARTESIAN_POINT('',(-5.156339033069,-3.6));
#7223 = CARTESIAN_POINT('',(-7.41003158129,-3.6));
#7224 = ( GEOMETRIC_REPRESENTATION_CONTEXT(2) 
PARAMETRIC_REPRESENTATION_CONTEXT() REPRESENTATION_CONTEXT('2D SPACE',''
  ) );
#7225 = ORIENTED_EDGE('',*,*,#5260,.T.);
#7226 = ADVANCED_FACE('',(#7227),#3446,.F.);
#7227 = FACE_BOUND('',#7228,.F.);
#7228 = EDGE_LOOP('',(#7229,#7230,#7231,#7253));
#7229 = ORIENTED_EDGE('',*,*,#3739,.F.);
#7230 = ORIENTED_EDGE('',*,*,#7035,.T.);
#7231 = ORIENTED_EDGE('',*,*,#7232,.T.);
#7232 = EDGE_CURVE('',#7036,#3359,#7233,.T.);
#7233 = SURFACE_CURVE('',#7234,(#7239,#7246),.PCURVE_S1.);
#7234 = CIRCLE('',#7235,40.1);
#7235 = AXIS2_PLACEMENT_3D('',#7236,#7237,#7238);
#7236 = CARTESIAN_POINT('',(0.,0.,25.6));
#7237 = DIRECTION('',(0.,-0.,1.));
#7238 = DIRECTION('',(0.251453435174,0.96786939715,0.));
#7239 = PCURVE('',#3446,#7240);
#7240 = DEFINITIONAL_REPRESENTATION('',(#7241),#7245);
#7241 = LINE('',#7242,#7243);
#7242 = CARTESIAN_POINT('',(1.316614678682,0.));
#7243 = VECTOR('',#7244,1.);
#7244 = DIRECTION('',(1.,0.));
#7245 = ( GEOMETRIC_REPRESENTATION_CONTEXT(2) 
PARAMETRIC_REPRESENTATION_CONTEXT() REPRESENTATION_CONTEXT('2D SPACE',''
  ) );
#7246 = PCURVE('',#3173,#7247);
#7247 = DEFINITIONAL_REPRESENTATION('',(#7248),#7252);
#7248 = LINE('',#7249,#7250);
#7249 = CARTESIAN_POINT('',(-1.316614678682,-3.6));
#7250 = VECTOR('',#7251,1.);
#7251 = DIRECTION('',(-1.,0.));
#7252 = ( GEOMETRIC_REPRESENTATION_CONTEXT(2) 
PARAMETRIC_REPRESENTATION_CONTEXT() REPRESENTATION_CONTEXT('2D SPACE',''
  ) );
#7253 = ORIENTED_EDGE('',*,*,#3358,.T.);
#7254 = ADVANCED_FACE('',(#7255),#3173,.F.);
#7255 = FACE_BOUND('',#7256,.T.);
#7256 = EDGE_LOOP('',(#7257,#7258,#7259,#7260,#7261,#7262,#7263,#7285));
#7257 = ORIENTED_EDGE('',*,*,#6812,.F.);
#7258 = ORIENTED_EDGE('',*,*,#7179,.T.);
#7259 = ORIENTED_EDGE('',*,*,#7232,.T.);
#7260 = ORIENTED_EDGE('',*,*,#3493,.T.);
#7261 = ORIENTED_EDGE('',*,*,#3303,.F.);
#7262 = ORIENTED_EDGE('',*,*,#3158,.T.);
#7263 = ORIENTED_EDGE('',*,*,#7264,.F.);
#7264 = EDGE_CURVE('',#6652,#3126,#7265,.T.);
#7265 = SURFACE_CURVE('',#7266,(#7271,#7278),.PCURVE_S1.);
#7266 = CIRCLE('',#7267,40.1);
#7267 = AXIS2_PLACEMENT_3D('',#7268,#7269,#7270);
#7268 = CARTESIAN_POINT('',(0.,0.,22.15));
#7269 = DIRECTION('',(0.,0.,1.));
#7270 = DIRECTION('',(-0.30905292042,-0.951044842465,0.));
#7271 = PCURVE('',#3173,#7272);
#7272 = DEFINITIONAL_REPRESENTATION('',(#7273),#7277);
#7273 = LINE('',#7274,#7275);
#7274 = CARTESIAN_POINT('',(-4.398191939915,-0.15));
#7275 = VECTOR('',#7276,1.);
#7276 = DIRECTION('',(-1.,-0.));
#7277 = ( GEOMETRIC_REPRESENTATION_CONTEXT(2) 
PARAMETRIC_REPRESENTATION_CONTEXT() REPRESENTATION_CONTEXT('2D SPACE',''
  ) );
#7278 = PCURVE('',#3142,#7279);
#7279 = DEFINITIONAL_REPRESENTATION('',(#7280),#7284);
#7280 = CIRCLE('',#7281,40.1);
#7281 = AXIS2_PLACEMENT_2D('',#7282,#7283);
#7282 = CARTESIAN_POINT('',(1.063379932959E-15,-4.700472404923E-15));
#7283 = DIRECTION('',(-0.30905292042,-0.951044842465));
#7284 = ( GEOMETRIC_REPRESENTATION_CONTEXT(2) 
PARAMETRIC_REPRESENTATION_CONTEXT() REPRESENTATION_CONTEXT('2D SPACE',''
  ) );
#7285 = ORIENTED_EDGE('',*,*,#6651,.F.);
#7286 = ADVANCED_FACE('',(#7287),#3142,.F.);
#7287 = FACE_BOUND('',#7288,.F.);
#7288 = EDGE_LOOP('',(#7289,#7311,#7312,#7313));
#7289 = ORIENTED_EDGE('',*,*,#7290,.T.);
#7290 = EDGE_CURVE('',#6673,#3100,#7291,.T.);
#7291 = SURFACE_CURVE('',#7292,(#7297,#7304),.PCURVE_S1.);
#7292 = CIRCLE('',#7293,41.15);
#7293 = AXIS2_PLACEMENT_3D('',#7294,#7295,#7296);
#7294 = CARTESIAN_POINT('',(0.,0.,22.15));
#7295 = DIRECTION('',(0.,0.,1.));
#7296 = DIRECTION('',(1.,0.,0.));
#7297 = PCURVE('',#3142,#7298);
#7298 = DEFINITIONAL_REPRESENTATION('',(#7299),#7303);
#7299 = CIRCLE('',#7300,41.15);
#7300 = AXIS2_PLACEMENT_2D('',#7301,#7302);
#7301 = CARTESIAN_POINT('',(1.063379932959E-15,-4.700472404923E-15));
#7302 = DIRECTION('',(1.,0.));
#7303 = ( GEOMETRIC_REPRESENTATION_CONTEXT(2) 
PARAMETRIC_REPRESENTATION_CONTEXT() REPRESENTATION_CONTEXT('2D SPACE',''
  ) );
#7304 = PCURVE('',#3114,#7305);
#7305 = DEFINITIONAL_REPRESENTATION('',(#7306),#7310);
#7306 = LINE('',#7307,#7308);
#7307 = CARTESIAN_POINT('',(-0.,0.));
#7308 = VECTOR('',#7309,1.);
#7309 = DIRECTION('',(-1.,0.));
#7310 = ( GEOMETRIC_REPRESENTATION_CONTEXT(2) 
PARAMETRIC_REPRESENTATION_CONTEXT() REPRESENTATION_CONTEXT('2D SPACE',''
  ) );
#7311 = ORIENTED_EDGE('',*,*,#3125,.T.);
#7312 = ORIENTED_EDGE('',*,*,#7264,.F.);
#7313 = ORIENTED_EDGE('',*,*,#6672,.T.);
#7314 = ADVANCED_FACE('',(#7315),#3114,.T.);
#7315 = FACE_BOUND('',#7316,.F.);
#7316 = EDGE_LOOP('',(#7317,#7343,#7344,#7345));
#7317 = ORIENTED_EDGE('',*,*,#7318,.F.);
#7318 = EDGE_CURVE('',#3072,#6701,#7319,.T.);
#7319 = SURFACE_CURVE('',#7320,(#7325,#7332),.PCURVE_S1.);
#7320 = CIRCLE('',#7321,41.15);
#7321 = AXIS2_PLACEMENT_3D('',#7322,#7323,#7324);
#7322 = CARTESIAN_POINT('',(0.,0.,24.));
#7323 = DIRECTION('',(0.,0.,-1.));
#7324 = DIRECTION('',(1.,0.,0.));
#7325 = PCURVE('',#3114,#7326);
#7326 = DEFINITIONAL_REPRESENTATION('',(#7327),#7331);
#7327 = LINE('',#7328,#7329);
#7328 = CARTESIAN_POINT('',(-6.28318530718,-1.85));
#7329 = VECTOR('',#7330,1.);
#7330 = DIRECTION('',(1.,-0.));
#7331 = ( GEOMETRIC_REPRESENTATION_CONTEXT(2) 
PARAMETRIC_REPRESENTATION_CONTEXT() REPRESENTATION_CONTEXT('2D SPACE',''
  ) );
#7332 = PCURVE('',#100,#7333);
#7333 = DEFINITIONAL_REPRESENTATION('',(#7334),#7342);
#7334 = ( BOUNDED_CURVE() B_SPLINE_CURVE(2,(#7335,#7336,#7337,#7338,
#7339,#7340,#7341),.UNSPECIFIED.,.T.,.F.) B_SPLINE_CURVE_WITH_KNOTS((1,2
    ,2,2,2,1),(-2.094395102393,0.,2.094395102393,4.188790204786,
6.28318530718,8.377580409573),.UNSPECIFIED.) CURVE() 
GEOMETRIC_REPRESENTATION_ITEM() RATIONAL_B_SPLINE_CURVE((1.,0.5,1.,0.5,
1.,0.5,1.)) REPRESENTATION_ITEM('') );
#7335 = CARTESIAN_POINT('',(121.15,80.));
#7336 = CARTESIAN_POINT('',(121.15,8.726109268541));
#7337 = CARTESIAN_POINT('',(59.425,44.36305463427));
#7338 = CARTESIAN_POINT('',(-2.3,80.));
#7339 = CARTESIAN_POINT('',(59.425,115.63694536573));
#7340 = CARTESIAN_POINT('',(121.15,151.27389073145));
#7341 = CARTESIAN_POINT('',(121.15,80.));
#7342 = ( GEOMETRIC_REPRESENTATION_CONTEXT(2) 
PARAMETRIC_REPRESENTATION_CONTEXT() REPRESENTATION_CONTEXT('2D SPACE',''
  ) );
#7343 = ORIENTED_EDGE('',*,*,#3099,.T.);
#7344 = ORIENTED_EDGE('',*,*,#7290,.F.);
#7345 = ORIENTED_EDGE('',*,*,#6700,.F.);
#7346 = ADVANCED_FACE('',(#7347,#7373),#3005,.T.);
#7347 = FACE_BOUND('',#7348,.T.);
#7348 = EDGE_LOOP('',(#7349));
#7349 = ORIENTED_EDGE('',*,*,#7350,.T.);
#7350 = EDGE_CURVE('',#7351,#7351,#7353,.T.);
#7351 = VERTEX_POINT('',#7352);
#7352 = CARTESIAN_POINT('',(16.380805733027,-37.58770483143,27.8));
#7353 = SURFACE_CURVE('',#7354,(#7359,#7366),.PCURVE_S1.);
#7354 = CIRCLE('',#7355,2.7);
#7355 = AXIS2_PLACEMENT_3D('',#7356,#7357,#7358);
#7356 = CARTESIAN_POINT('',(13.680805733027,-37.58770483143,27.8));
#7357 = DIRECTION('',(0.,0.,1.));
#7358 = DIRECTION('',(1.,0.,0.));
#7359 = PCURVE('',#3005,#7360);
#7360 = DEFINITIONAL_REPRESENTATION('',(#7361),#7365);
#7361 = CIRCLE('',#7362,2.7);
#7362 = AXIS2_PLACEMENT_2D('',#7363,#7364);
#7363 = CARTESIAN_POINT('',(0.,0.));
#7364 = DIRECTION('',(1.,0.));
#7365 = ( GEOMETRIC_REPRESENTATION_CONTEXT(2) 
PARAMETRIC_REPRESENTATION_CONTEXT() REPRESENTATION_CONTEXT('2D SPACE',''
  ) );
#7366 = PCURVE('',#1118,#7367);
#7367 = DEFINITIONAL_REPRESENTATION('',(#7368),#7372);
#7368 = LINE('',#7369,#7370);
#7369 = CARTESIAN_POINT('',(-0.,0.));
#7370 = VECTOR('',#7371,1.);
#7371 = DIRECTION('',(-1.,0.));
#7372 = ( GEOMETRIC_REPRESENTATION_CONTEXT(2) 
PARAMETRIC_REPRESENTATION_CONTEXT() REPRESENTATION_CONTEXT('2D SPACE',''
  ) );
#7373 = FACE_BOUND('',#7374,.T.);
#7374 = EDGE_LOOP('',(#7375));
#7375 = ORIENTED_EDGE('',*,*,#2988,.T.);
#7376 = ADVANCED_FACE('',(#7377),#2817,.T.);
#7377 = FACE_BOUND('',#7378,.F.);
#7378 = EDGE_LOOP('',(#7379,#7401,#7402,#7428));
#7379 = ORIENTED_EDGE('',*,*,#7380,.F.);
#7380 = EDGE_CURVE('',#2770,#6331,#7381,.T.);
#7381 = SURFACE_CURVE('',#7382,(#7387,#7394),.PCURVE_S1.);
#7382 = CIRCLE('',#7383,41.15);
#7383 = AXIS2_PLACEMENT_3D('',#7384,#7385,#7386);
#7384 = CARTESIAN_POINT('',(0.,0.,22.15));
#7385 = DIRECTION('',(0.,0.,1.));
#7386 = DIRECTION('',(1.,0.,0.));
#7387 = PCURVE('',#2817,#7388);
#7388 = DEFINITIONAL_REPRESENTATION('',(#7389),#7393);
#7389 = LINE('',#7390,#7391);
#7390 = CARTESIAN_POINT('',(-0.,0.));
#7391 = VECTOR('',#7392,1.);
#7392 = DIRECTION('',(-1.,0.));
#7393 = ( GEOMETRIC_REPRESENTATION_CONTEXT(2) 
PARAMETRIC_REPRESENTATION_CONTEXT() REPRESENTATION_CONTEXT('2D SPACE',''
  ) );
#7394 = PCURVE('',#2786,#7395);
#7395 = DEFINITIONAL_REPRESENTATION('',(#7396),#7400);
#7396 = CIRCLE('',#7397,41.15);
#7397 = AXIS2_PLACEMENT_2D('',#7398,#7399);
#7398 = CARTESIAN_POINT('',(1.063379932959E-15,-4.700472404923E-15));
#7399 = DIRECTION('',(1.,0.));
#7400 = ( GEOMETRIC_REPRESENTATION_CONTEXT(2) 
PARAMETRIC_REPRESENTATION_CONTEXT() REPRESENTATION_CONTEXT('2D SPACE',''
  ) );
#7401 = ORIENTED_EDGE('',*,*,#2802,.F.);
#7402 = ORIENTED_EDGE('',*,*,#7403,.F.);
#7403 = EDGE_CURVE('',#6303,#2803,#7404,.T.);
#7404 = SURFACE_CURVE('',#7405,(#7410,#7417),.PCURVE_S1.);
#7405 = CIRCLE('',#7406,41.15);
#7406 = AXIS2_PLACEMENT_3D('',#7407,#7408,#7409);
#7407 = CARTESIAN_POINT('',(0.,0.,24.));
#7408 = DIRECTION('',(0.,0.,-1.));
#7409 = DIRECTION('',(1.,0.,0.));
#7410 = PCURVE('',#2817,#7411);
#7411 = DEFINITIONAL_REPRESENTATION('',(#7412),#7416);
#7412 = LINE('',#7413,#7414);
#7413 = CARTESIAN_POINT('',(-6.28318530718,-1.85));
#7414 = VECTOR('',#7415,1.);
#7415 = DIRECTION('',(1.,-0.));
#7416 = ( GEOMETRIC_REPRESENTATION_CONTEXT(2) 
PARAMETRIC_REPRESENTATION_CONTEXT() REPRESENTATION_CONTEXT('2D SPACE',''
  ) );
#7417 = PCURVE('',#100,#7418);
#7418 = DEFINITIONAL_REPRESENTATION('',(#7419),#7427);
#7419 = ( BOUNDED_CURVE() B_SPLINE_CURVE(2,(#7420,#7421,#7422,#7423,
#7424,#7425,#7426),.UNSPECIFIED.,.T.,.F.) B_SPLINE_CURVE_WITH_KNOTS((1,2
    ,2,2,2,1),(-2.094395102393,0.,2.094395102393,4.188790204786,
6.28318530718,8.377580409573),.UNSPECIFIED.) CURVE() 
GEOMETRIC_REPRESENTATION_ITEM() RATIONAL_B_SPLINE_CURVE((1.,0.5,1.,0.5,
1.,0.5,1.)) REPRESENTATION_ITEM('') );
#7420 = CARTESIAN_POINT('',(121.15,80.));
#7421 = CARTESIAN_POINT('',(121.15,8.726109268541));
#7422 = CARTESIAN_POINT('',(59.425,44.36305463427));
#7423 = CARTESIAN_POINT('',(-2.3,80.));
#7424 = CARTESIAN_POINT('',(59.425,115.63694536573));
#7425 = CARTESIAN_POINT('',(121.15,151.27389073145));
#7426 = CARTESIAN_POINT('',(121.15,80.));
#7427 = ( GEOMETRIC_REPRESENTATION_CONTEXT(2) 
PARAMETRIC_REPRESENTATION_CONTEXT() REPRESENTATION_CONTEXT('2D SPACE',''
  ) );
#7428 = ORIENTED_EDGE('',*,*,#6330,.T.);
#7429 = ADVANCED_FACE('',(#7430),#2786,.F.);
#7430 = FACE_BOUND('',#7431,.F.);
#7431 = EDGE_LOOP('',(#7432,#7433,#7434,#7435));
#7432 = ORIENTED_EDGE('',*,*,#2769,.T.);
#7433 = ORIENTED_EDGE('',*,*,#7380,.T.);
#7434 = ORIENTED_EDGE('',*,*,#6351,.T.);
#7435 = ORIENTED_EDGE('',*,*,#7436,.F.);
#7436 = EDGE_CURVE('',#2744,#6352,#7437,.T.);
#7437 = SURFACE_CURVE('',#7438,(#7443,#7450),.PCURVE_S1.);
#7438 = CIRCLE('',#7439,40.1);
#7439 = AXIS2_PLACEMENT_3D('',#7440,#7441,#7442);
#7440 = CARTESIAN_POINT('',(0.,0.,22.15));
#7441 = DIRECTION('',(0.,0.,1.));
#7442 = DIRECTION('',(0.30905292042,0.951044842465,-0.));
#7443 = PCURVE('',#2786,#7444);
#7444 = DEFINITIONAL_REPRESENTATION('',(#7445),#7449);
#7445 = CIRCLE('',#7446,40.1);
#7446 = AXIS2_PLACEMENT_2D('',#7447,#7448);
#7447 = CARTESIAN_POINT('',(1.063379932959E-15,-4.700472404923E-15));
#7448 = DIRECTION('',(0.30905292042,0.951044842465));
#7449 = ( GEOMETRIC_REPRESENTATION_CONTEXT(2) 
PARAMETRIC_REPRESENTATION_CONTEXT() REPRESENTATION_CONTEXT('2D SPACE',''
  ) );
#7450 = PCURVE('',#2758,#7451);
#7451 = DEFINITIONAL_REPRESENTATION('',(#7452),#7456);
#7452 = LINE('',#7453,#7454);
#7453 = CARTESIAN_POINT('',(-1.256599286325,-0.15));
#7454 = VECTOR('',#7455,1.);
#7455 = DIRECTION('',(-1.,-0.));
#7456 = ( GEOMETRIC_REPRESENTATION_CONTEXT(2) 
PARAMETRIC_REPRESENTATION_CONTEXT() REPRESENTATION_CONTEXT('2D SPACE',''
  ) );
#7457 = ADVANCED_FACE('',(#7458),#2758,.F.);
#7458 = FACE_BOUND('',#7459,.T.);
#7459 = EDGE_LOOP('',(#7460,#7486,#7487,#7488,#7489,#7490,#7491,#7492));
#7460 = ORIENTED_EDGE('',*,*,#7461,.F.);
#7461 = EDGE_CURVE('',#5412,#2711,#7462,.T.);
#7462 = SURFACE_CURVE('',#7463,(#7468,#7475),.PCURVE_S1.);
#7463 = CIRCLE('',#7464,40.1);
#7464 = AXIS2_PLACEMENT_3D('',#7465,#7466,#7467);
#7465 = CARTESIAN_POINT('',(0.,0.,24.));
#7466 = DIRECTION('',(0.,0.,-1.));
#7467 = DIRECTION('',(1.,0.,0.));
#7468 = PCURVE('',#2758,#7469);
#7469 = DEFINITIONAL_REPRESENTATION('',(#7470),#7474);
#7470 = LINE('',#7471,#7472);
#7471 = CARTESIAN_POINT('',(-6.28318530718,-2.));
#7472 = VECTOR('',#7473,1.);
#7473 = DIRECTION('',(1.,-0.));
#7474 = ( GEOMETRIC_REPRESENTATION_CONTEXT(2) 
PARAMETRIC_REPRESENTATION_CONTEXT() REPRESENTATION_CONTEXT('2D SPACE',''
  ) );
#7475 = PCURVE('',#2727,#7476);
#7476 = DEFINITIONAL_REPRESENTATION('',(#7477),#7485);
#7477 = ( BOUNDED_CURVE() B_SPLINE_CURVE(2,(#7478,#7479,#7480,#7481,
#7482,#7483,#7484),.UNSPECIFIED.,.T.,.F.) B_SPLINE_CURVE_WITH_KNOTS((1,2
    ,2,2,2,1),(-2.094395102393,0.,2.094395102393,4.188790204786,
6.28318530718,8.377580409573),.UNSPECIFIED.) CURVE() 
GEOMETRIC_REPRESENTATION_ITEM() RATIONAL_B_SPLINE_CURVE((1.,0.5,1.,0.5,
1.,0.5,1.)) REPRESENTATION_ITEM('') );
#7478 = CARTESIAN_POINT('',(120.1,80.));
#7479 = CARTESIAN_POINT('',(120.1,10.544762616488));
#7480 = CARTESIAN_POINT('',(59.95,45.272381308244));
#7481 = CARTESIAN_POINT('',(-0.2,80.));
#7482 = CARTESIAN_POINT('',(59.95,114.72761869175));
#7483 = CARTESIAN_POINT('',(120.1,149.45523738351));
#7484 = CARTESIAN_POINT('',(120.1,80.));
#7485 = ( GEOMETRIC_REPRESENTATION_CONTEXT(2) 
PARAMETRIC_REPRESENTATION_CONTEXT() REPRESENTATION_CONTEXT('2D SPACE',''
  ) );
#7486 = ORIENTED_EDGE('',*,*,#5439,.T.);
#7487 = ORIENTED_EDGE('',*,*,#5593,.T.);
#7488 = ORIENTED_EDGE('',*,*,#5760,.T.);
#7489 = ORIENTED_EDGE('',*,*,#6872,.F.);
#7490 = ORIENTED_EDGE('',*,*,#6379,.T.);
#7491 = ORIENTED_EDGE('',*,*,#7436,.F.);
#7492 = ORIENTED_EDGE('',*,*,#2743,.F.);
#7493 = ADVANCED_FACE('',(#7494),#2727,.F.);
#7494 = FACE_BOUND('',#7495,.F.);
#7495 = EDGE_LOOP('',(#7496,#7497,#7498,#7523));
#7496 = ORIENTED_EDGE('',*,*,#7461,.F.);
#7497 = ORIENTED_EDGE('',*,*,#5411,.F.);
#7498 = ORIENTED_EDGE('',*,*,#7499,.F.);
#7499 = EDGE_CURVE('',#2685,#5389,#7500,.T.);
#7500 = SURFACE_CURVE('',#7501,(#7506,#7517),.PCURVE_S1.);
#7501 = CIRCLE('',#7502,40.1);
#7502 = AXIS2_PLACEMENT_3D('',#7503,#7504,#7505);
#7503 = CARTESIAN_POINT('',(0.,0.,24.));
#7504 = DIRECTION('',(0.,0.,-1.));
#7505 = DIRECTION('',(1.,0.,0.));
#7506 = PCURVE('',#2727,#7507);
#7507 = DEFINITIONAL_REPRESENTATION('',(#7508),#7516);
#7508 = ( BOUNDED_CURVE() B_SPLINE_CURVE(2,(#7509,#7510,#7511,#7512,
#7513,#7514,#7515),.UNSPECIFIED.,.T.,.F.) B_SPLINE_CURVE_WITH_KNOTS((1,2
    ,2,2,2,1),(-2.094395102393,0.,2.094395102393,4.188790204786,
6.28318530718,8.377580409573),.UNSPECIFIED.) CURVE() 
GEOMETRIC_REPRESENTATION_ITEM() RATIONAL_B_SPLINE_CURVE((1.,0.5,1.,0.5,
1.,0.5,1.)) REPRESENTATION_ITEM('') );
#7509 = CARTESIAN_POINT('',(120.1,80.));
#7510 = CARTESIAN_POINT('',(120.1,10.544762616488));
#7511 = CARTESIAN_POINT('',(59.95,45.272381308244));
#7512 = CARTESIAN_POINT('',(-0.2,80.));
#7513 = CARTESIAN_POINT('',(59.95,114.72761869175));
#7514 = CARTESIAN_POINT('',(120.1,149.45523738351));
#7515 = CARTESIAN_POINT('',(120.1,80.));
#7516 = ( GEOMETRIC_REPRESENTATION_CONTEXT(2) 
PARAMETRIC_REPRESENTATION_CONTEXT() REPRESENTATION_CONTEXT('2D SPACE',''
  ) );
#7517 = PCURVE('',#2699,#7518);
#7518 = DEFINITIONAL_REPRESENTATION('',(#7519),#7522);
#7519 = B_SPLINE_CURVE_WITH_KNOTS('',1,(#7520,#7521),.UNSPECIFIED.,.F.,
  .F.,(2,2),(5.096323640713,5.15633903307),.PIECEWISE_BEZIER_KNOTS.);
#7520 = CARTESIAN_POINT('',(-7.470046973646,-2.));
#7521 = CARTESIAN_POINT('',(-7.41003158129,-2.));
#7522 = ( GEOMETRIC_REPRESENTATION_CONTEXT(2) 
PARAMETRIC_REPRESENTATION_CONTEXT() REPRESENTATION_CONTEXT('2D SPACE',''
  ) );
#7523 = ORIENTED_EDGE('',*,*,#2710,.T.);
#7524 = ADVANCED_FACE('',(#7525),#2699,.F.);
#7525 = FACE_BOUND('',#7526,.T.);
#7526 = EDGE_LOOP('',(#7527,#7528,#7529,#7530,#7531,#7532,#7533,#7555));
#7527 = ORIENTED_EDGE('',*,*,#3330,.F.);
#7528 = ORIENTED_EDGE('',*,*,#3515,.F.);
#7529 = ORIENTED_EDGE('',*,*,#7205,.T.);
#7530 = ORIENTED_EDGE('',*,*,#5388,.T.);
#7531 = ORIENTED_EDGE('',*,*,#7499,.F.);
#7532 = ORIENTED_EDGE('',*,*,#2684,.T.);
#7533 = ORIENTED_EDGE('',*,*,#7534,.F.);
#7534 = EDGE_CURVE('',#3218,#2652,#7535,.T.);
#7535 = SURFACE_CURVE('',#7536,(#7541,#7548),.PCURVE_S1.);
#7536 = CIRCLE('',#7537,40.1);
#7537 = AXIS2_PLACEMENT_3D('',#7538,#7539,#7540);
#7538 = CARTESIAN_POINT('',(0.,0.,22.15));
#7539 = DIRECTION('',(0.,0.,1.));
#7540 = DIRECTION('',(0.374571568676,-0.927198004711,0.));
#7541 = PCURVE('',#2699,#7542);
#7542 = DEFINITIONAL_REPRESENTATION('',(#7543),#7547);
#7543 = LINE('',#7544,#7545);
#7544 = CARTESIAN_POINT('',(-5.096323640713,-0.15));
#7545 = VECTOR('',#7546,1.);
#7546 = DIRECTION('',(-1.,-0.));
#7547 = ( GEOMETRIC_REPRESENTATION_CONTEXT(2) 
PARAMETRIC_REPRESENTATION_CONTEXT() REPRESENTATION_CONTEXT('2D SPACE',''
  ) );
#7548 = PCURVE('',#2668,#7549);
#7549 = DEFINITIONAL_REPRESENTATION('',(#7550),#7554);
#7550 = CIRCLE('',#7551,40.1);
#7551 = AXIS2_PLACEMENT_2D('',#7552,#7553);
#7552 = CARTESIAN_POINT('',(1.063379932959E-15,-4.700472404923E-15));
#7553 = DIRECTION('',(0.374571568676,-0.927198004711));
#7554 = ( GEOMETRIC_REPRESENTATION_CONTEXT(2) 
PARAMETRIC_REPRESENTATION_CONTEXT() REPRESENTATION_CONTEXT('2D SPACE',''
  ) );
#7555 = ORIENTED_EDGE('',*,*,#3217,.F.);
#7556 = ADVANCED_FACE('',(#7557),#2668,.F.);
#7557 = FACE_BOUND('',#7558,.F.);
#7558 = EDGE_LOOP('',(#7559,#7560,#7561,#7562,#7563,#7564));
#7559 = ORIENTED_EDGE('',*,*,#2937,.T.);
#7560 = ORIENTED_EDGE('',*,*,#2882,.T.);
#7561 = ORIENTED_EDGE('',*,*,#2651,.T.);
#7562 = ORIENTED_EDGE('',*,*,#7534,.F.);
#7563 = ORIENTED_EDGE('',*,*,#3238,.T.);
#7564 = ORIENTED_EDGE('',*,*,#3044,.T.);
#7565 = ADVANCED_FACE('',(#7566),#2483,.F.);
#7566 = FACE_BOUND('',#7567,.T.);
#7567 = EDGE_LOOP('',(#7568,#7569,#7590,#7591));
#7568 = ORIENTED_EDGE('',*,*,#5199,.T.);
#7569 = ORIENTED_EDGE('',*,*,#7570,.T.);
#7570 = EDGE_CURVE('',#5200,#2463,#7571,.T.);
#7571 = SEAM_CURVE('',#7572,(#7576,#7583),.PCURVE_S1.);
#7572 = LINE('',#7573,#7574);
#7573 = CARTESIAN_POINT('',(13.15,13.,26.));
#7574 = VECTOR('',#7575,1.);
#7575 = DIRECTION('',(0.,0.,1.));
#7576 = PCURVE('',#2483,#7577);
#7577 = DEFINITIONAL_REPRESENTATION('',(#7578),#7582);
#7578 = LINE('',#7579,#7580);
#7579 = CARTESIAN_POINT('',(-6.28318530718,0.));
#7580 = VECTOR('',#7581,1.);
#7581 = DIRECTION('',(-0.,-1.));
#7582 = ( GEOMETRIC_REPRESENTATION_CONTEXT(2) 
PARAMETRIC_REPRESENTATION_CONTEXT() REPRESENTATION_CONTEXT('2D SPACE',''
  ) );
#7583 = PCURVE('',#2483,#7584);
#7584 = DEFINITIONAL_REPRESENTATION('',(#7585),#7589);
#7585 = LINE('',#7586,#7587);
#7586 = CARTESIAN_POINT('',(-0.,0.));
#7587 = VECTOR('',#7588,1.);
#7588 = DIRECTION('',(-0.,-1.));
#7589 = ( GEOMETRIC_REPRESENTATION_CONTEXT(2) 
PARAMETRIC_REPRESENTATION_CONTEXT() REPRESENTATION_CONTEXT('2D SPACE',''
  ) );
#7590 = ORIENTED_EDGE('',*,*,#2462,.F.);
#7591 = ORIENTED_EDGE('',*,*,#7570,.F.);
#7592 = ADVANCED_FACE('',(#7593),#2448,.F.);
#7593 = FACE_BOUND('',#7594,.T.);
#7594 = EDGE_LOOP('',(#7595,#7596,#7617,#7618));
#7595 = ORIENTED_EDGE('',*,*,#5019,.T.);
#7596 = ORIENTED_EDGE('',*,*,#7597,.T.);
#7597 = EDGE_CURVE('',#5020,#2428,#7598,.T.);
#7598 = SEAM_CURVE('',#7599,(#7603,#7610),.PCURVE_S1.);
#7599 = LINE('',#7600,#7601);
#7600 = CARTESIAN_POINT('',(13.15,9.,26.));
#7601 = VECTOR('',#7602,1.);
#7602 = DIRECTION('',(0.,0.,1.));
#7603 = PCURVE('',#2448,#7604);
#7604 = DEFINITIONAL_REPRESENTATION('',(#7605),#7609);
#7605 = LINE('',#7606,#7607);
#7606 = CARTESIAN_POINT('',(-6.28318530718,0.));
#7607 = VECTOR('',#7608,1.);
#7608 = DIRECTION('',(-0.,-1.));
#7609 = ( GEOMETRIC_REPRESENTATION_CONTEXT(2) 
PARAMETRIC_REPRESENTATION_CONTEXT() REPRESENTATION_CONTEXT('2D SPACE',''
  ) );
#7610 = PCURVE('',#2448,#7611);
#7611 = DEFINITIONAL_REPRESENTATION('',(#7612),#7616);
#7612 = LINE('',#7613,#7614);
#7613 = CARTESIAN_POINT('',(-0.,0.));
#7614 = VECTOR('',#7615,1.);
#7615 = DIRECTION('',(-0.,-1.));
#7616 = ( GEOMETRIC_REPRESENTATION_CONTEXT(2) 
PARAMETRIC_REPRESENTATION_CONTEXT() REPRESENTATION_CONTEXT('2D SPACE',''
  ) );
#7617 = ORIENTED_EDGE('',*,*,#2427,.F.);
#7618 = ORIENTED_EDGE('',*,*,#7597,.F.);
#7619 = ADVANCED_FACE('',(#7620),#2413,.F.);
#7620 = FACE_BOUND('',#7621,.T.);
#7621 = EDGE_LOOP('',(#7622,#7623,#7644,#7645));
#7622 = ORIENTED_EDGE('',*,*,#4959,.T.);
#7623 = ORIENTED_EDGE('',*,*,#7624,.T.);
#7624 = EDGE_CURVE('',#4960,#2393,#7625,.T.);
#7625 = SEAM_CURVE('',#7626,(#7630,#7637),.PCURVE_S1.);
#7626 = LINE('',#7627,#7628);
#7627 = CARTESIAN_POINT('',(13.15,5.,26.));
#7628 = VECTOR('',#7629,1.);
#7629 = DIRECTION('',(0.,0.,1.));
#7630 = PCURVE('',#2413,#7631);
#7631 = DEFINITIONAL_REPRESENTATION('',(#7632),#7636);
#7632 = LINE('',#7633,#7634);
#7633 = CARTESIAN_POINT('',(-6.28318530718,0.));
#7634 = VECTOR('',#7635,1.);
#7635 = DIRECTION('',(-0.,-1.));
#7636 = ( GEOMETRIC_REPRESENTATION_CONTEXT(2) 
PARAMETRIC_REPRESENTATION_CONTEXT() REPRESENTATION_CONTEXT('2D SPACE',''
  ) );
#7637 = PCURVE('',#2413,#7638);
#7638 = DEFINITIONAL_REPRESENTATION('',(#7639),#7643);
#7639 = LINE('',#7640,#7641);
#7640 = CARTESIAN_POINT('',(-0.,0.));
#7641 = VECTOR('',#7642,1.);
#7642 = DIRECTION('',(-0.,-1.));
#7643 = ( GEOMETRIC_REPRESENTATION_CONTEXT(2) 
PARAMETRIC_REPRESENTATION_CONTEXT() REPRESENTATION_CONTEXT('2D SPACE',''
  ) );
#7644 = ORIENTED_EDGE('',*,*,#2392,.F.);
#7645 = ORIENTED_EDGE('',*,*,#7624,.F.);
#7646 = ADVANCED_FACE('',(#7647),#2378,.F.);
#7647 = FACE_BOUND('',#7648,.T.);
#7648 = EDGE_LOOP('',(#7649,#7650,#7671,#7672));
#7649 = ORIENTED_EDGE('',*,*,#4449,.T.);
#7650 = ORIENTED_EDGE('',*,*,#7651,.T.);
#7651 = EDGE_CURVE('',#4450,#2358,#7652,.T.);
#7652 = SEAM_CURVE('',#7653,(#7657,#7664),.PCURVE_S1.);
#7653 = LINE('',#7654,#7655);
#7654 = CARTESIAN_POINT('',(13.15,1.,26.));
#7655 = VECTOR('',#7656,1.);
#7656 = DIRECTION('',(0.,0.,1.));
#7657 = PCURVE('',#2378,#7658);
#7658 = DEFINITIONAL_REPRESENTATION('',(#7659),#7663);
#7659 = LINE('',#7660,#7661);
#7660 = CARTESIAN_POINT('',(-6.28318530718,0.));
#7661 = VECTOR('',#7662,1.);
#7662 = DIRECTION('',(-0.,-1.));
#7663 = ( GEOMETRIC_REPRESENTATION_CONTEXT(2) 
PARAMETRIC_REPRESENTATION_CONTEXT() REPRESENTATION_CONTEXT('2D SPACE',''
  ) );
#7664 = PCURVE('',#2378,#7665);
#7665 = DEFINITIONAL_REPRESENTATION('',(#7666),#7670);
#7666 = LINE('',#7667,#7668);
#7667 = CARTESIAN_POINT('',(-0.,0.));
#7668 = VECTOR('',#7669,1.);
#7669 = DIRECTION('',(-0.,-1.));
#7670 = ( GEOMETRIC_REPRESENTATION_CONTEXT(2) 
PARAMETRIC_REPRESENTATION_CONTEXT() REPRESENTATION_CONTEXT('2D SPACE',''
  ) );
#7671 = ORIENTED_EDGE('',*,*,#2357,.F.);
#7672 = ORIENTED_EDGE('',*,*,#7651,.F.);
#7673 = ADVANCED_FACE('',(#7674),#2343,.F.);
#7674 = FACE_BOUND('',#7675,.T.);
#7675 = EDGE_LOOP('',(#7676,#7677,#7698,#7699));
#7676 = ORIENTED_EDGE('',*,*,#5229,.T.);
#7677 = ORIENTED_EDGE('',*,*,#7678,.T.);
#7678 = EDGE_CURVE('',#5230,#2323,#7679,.T.);
#7679 = SEAM_CURVE('',#7680,(#7684,#7691),.PCURVE_S1.);
#7680 = LINE('',#7681,#7682);
#7681 = CARTESIAN_POINT('',(9.15,17.,26.));
#7682 = VECTOR('',#7683,1.);
#7683 = DIRECTION('',(0.,0.,1.));
#7684 = PCURVE('',#2343,#7685);
#7685 = DEFINITIONAL_REPRESENTATION('',(#7686),#7690);
#7686 = LINE('',#7687,#7688);
#7687 = CARTESIAN_POINT('',(-6.28318530718,0.));
#7688 = VECTOR('',#7689,1.);
#7689 = DIRECTION('',(-0.,-1.));
#7690 = ( GEOMETRIC_REPRESENTATION_CONTEXT(2) 
PARAMETRIC_REPRESENTATION_CONTEXT() REPRESENTATION_CONTEXT('2D SPACE',''
  ) );
#7691 = PCURVE('',#2343,#7692);
#7692 = DEFINITIONAL_REPRESENTATION('',(#7693),#7697);
#7693 = LINE('',#7694,#7695);
#7694 = CARTESIAN_POINT('',(-0.,0.));
#7695 = VECTOR('',#7696,1.);
#7696 = DIRECTION('',(-0.,-1.));
#7697 = ( GEOMETRIC_REPRESENTATION_CONTEXT(2) 
PARAMETRIC_REPRESENTATION_CONTEXT() REPRESENTATION_CONTEXT('2D SPACE',''
  ) );
#7698 = ORIENTED_EDGE('',*,*,#2322,.F.);
#7699 = ORIENTED_EDGE('',*,*,#7678,.F.);
#7700 = ADVANCED_FACE('',(#7701),#2308,.F.);
#7701 = FACE_BOUND('',#7702,.T.);
#7702 = EDGE_LOOP('',(#7703,#7704,#7725,#7726));
#7703 = ORIENTED_EDGE('',*,*,#5169,.T.);
#7704 = ORIENTED_EDGE('',*,*,#7705,.T.);
#7705 = EDGE_CURVE('',#5170,#2288,#7706,.T.);
#7706 = SEAM_CURVE('',#7707,(#7711,#7718),.PCURVE_S1.);
#7707 = LINE('',#7708,#7709);
#7708 = CARTESIAN_POINT('',(9.15,13.,26.));
#7709 = VECTOR('',#7710,1.);
#7710 = DIRECTION('',(0.,0.,1.));
#7711 = PCURVE('',#2308,#7712);
#7712 = DEFINITIONAL_REPRESENTATION('',(#7713),#7717);
#7713 = LINE('',#7714,#7715);
#7714 = CARTESIAN_POINT('',(-6.28318530718,0.));
#7715 = VECTOR('',#7716,1.);
#7716 = DIRECTION('',(-0.,-1.));
#7717 = ( GEOMETRIC_REPRESENTATION_CONTEXT(2) 
PARAMETRIC_REPRESENTATION_CONTEXT() REPRESENTATION_CONTEXT('2D SPACE',''
  ) );
#7718 = PCURVE('',#2308,#7719);
#7719 = DEFINITIONAL_REPRESENTATION('',(#7720),#7724);
#7720 = LINE('',#7721,#7722);
#7721 = CARTESIAN_POINT('',(-0.,0.));
#7722 = VECTOR('',#7723,1.);
#7723 = DIRECTION('',(-0.,-1.));
#7724 = ( GEOMETRIC_REPRESENTATION_CONTEXT(2) 
PARAMETRIC_REPRESENTATION_CONTEXT() REPRESENTATION_CONTEXT('2D SPACE',''
  ) );
#7725 = ORIENTED_EDGE('',*,*,#2287,.F.);
#7726 = ORIENTED_EDGE('',*,*,#7705,.F.);
#7727 = ADVANCED_FACE('',(#7728),#2273,.F.);
#7728 = FACE_BOUND('',#7729,.T.);
#7729 = EDGE_LOOP('',(#7730,#7731,#7752,#7753));
#7730 = ORIENTED_EDGE('',*,*,#5139,.T.);
#7731 = ORIENTED_EDGE('',*,*,#7732,.T.);
#7732 = EDGE_CURVE('',#5140,#2253,#7733,.T.);
#7733 = SEAM_CURVE('',#7734,(#7738,#7745),.PCURVE_S1.);
#7734 = LINE('',#7735,#7736);
#7735 = CARTESIAN_POINT('',(5.15,17.,26.));
#7736 = VECTOR('',#7737,1.);
#7737 = DIRECTION('',(0.,0.,1.));
#7738 = PCURVE('',#2273,#7739);
#7739 = DEFINITIONAL_REPRESENTATION('',(#7740),#7744);
#7740 = LINE('',#7741,#7742);
#7741 = CARTESIAN_POINT('',(-6.28318530718,0.));
#7742 = VECTOR('',#7743,1.);
#7743 = DIRECTION('',(-0.,-1.));
#7744 = ( GEOMETRIC_REPRESENTATION_CONTEXT(2) 
PARAMETRIC_REPRESENTATION_CONTEXT() REPRESENTATION_CONTEXT('2D SPACE',''
  ) );
#7745 = PCURVE('',#2273,#7746);
#7746 = DEFINITIONAL_REPRESENTATION('',(#7747),#7751);
#7747 = LINE('',#7748,#7749);
#7748 = CARTESIAN_POINT('',(-0.,0.));
#7749 = VECTOR('',#7750,1.);
#7750 = DIRECTION('',(-0.,-1.));
#7751 = ( GEOMETRIC_REPRESENTATION_CONTEXT(2) 
PARAMETRIC_REPRESENTATION_CONTEXT() REPRESENTATION_CONTEXT('2D SPACE',''
  ) );
#7752 = ORIENTED_EDGE('',*,*,#2252,.F.);
#7753 = ORIENTED_EDGE('',*,*,#7732,.F.);
#7754 = ADVANCED_FACE('',(#7755),#2238,.F.);
#7755 = FACE_BOUND('',#7756,.T.);
#7756 = EDGE_LOOP('',(#7757,#7758,#7779,#7780));
#7757 = ORIENTED_EDGE('',*,*,#5079,.T.);
#7758 = ORIENTED_EDGE('',*,*,#7759,.T.);
#7759 = EDGE_CURVE('',#5080,#2218,#7760,.T.);
#7760 = SEAM_CURVE('',#7761,(#7765,#7772),.PCURVE_S1.);
#7761 = LINE('',#7762,#7763);
#7762 = CARTESIAN_POINT('',(5.15,13.,26.));
#7763 = VECTOR('',#7764,1.);
#7764 = DIRECTION('',(0.,0.,1.));
#7765 = PCURVE('',#2238,#7766);
#7766 = DEFINITIONAL_REPRESENTATION('',(#7767),#7771);
#7767 = LINE('',#7768,#7769);
#7768 = CARTESIAN_POINT('',(-6.28318530718,0.));
#7769 = VECTOR('',#7770,1.);
#7770 = DIRECTION('',(-0.,-1.));
#7771 = ( GEOMETRIC_REPRESENTATION_CONTEXT(2) 
PARAMETRIC_REPRESENTATION_CONTEXT() REPRESENTATION_CONTEXT('2D SPACE',''
  ) );
#7772 = PCURVE('',#2238,#7773);
#7773 = DEFINITIONAL_REPRESENTATION('',(#7774),#7778);
#7774 = LINE('',#7775,#7776);
#7775 = CARTESIAN_POINT('',(-0.,0.));
#7776 = VECTOR('',#7777,1.);
#7777 = DIRECTION('',(-0.,-1.));
#7778 = ( GEOMETRIC_REPRESENTATION_CONTEXT(2) 
PARAMETRIC_REPRESENTATION_CONTEXT() REPRESENTATION_CONTEXT('2D SPACE',''
  ) );
#7779 = ORIENTED_EDGE('',*,*,#2217,.F.);
#7780 = ORIENTED_EDGE('',*,*,#7759,.F.);
#7781 = ADVANCED_FACE('',(#7782),#2203,.F.);
#7782 = FACE_BOUND('',#7783,.T.);
#7783 = EDGE_LOOP('',(#7784,#7785,#7806,#7807));
#7784 = ORIENTED_EDGE('',*,*,#4989,.T.);
#7785 = ORIENTED_EDGE('',*,*,#7786,.T.);
#7786 = EDGE_CURVE('',#4990,#2183,#7787,.T.);
#7787 = SEAM_CURVE('',#7788,(#7792,#7799),.PCURVE_S1.);
#7788 = LINE('',#7789,#7790);
#7789 = CARTESIAN_POINT('',(9.15,9.,26.));
#7790 = VECTOR('',#7791,1.);
#7791 = DIRECTION('',(0.,0.,1.));
#7792 = PCURVE('',#2203,#7793);
#7793 = DEFINITIONAL_REPRESENTATION('',(#7794),#7798);
#7794 = LINE('',#7795,#7796);
#7795 = CARTESIAN_POINT('',(-6.28318530718,0.));
#7796 = VECTOR('',#7797,1.);
#7797 = DIRECTION('',(-0.,-1.));
#7798 = ( GEOMETRIC_REPRESENTATION_CONTEXT(2) 
PARAMETRIC_REPRESENTATION_CONTEXT() REPRESENTATION_CONTEXT('2D SPACE',''
  ) );
#7799 = PCURVE('',#2203,#7800);
#7800 = DEFINITIONAL_REPRESENTATION('',(#7801),#7805);
#7801 = LINE('',#7802,#7803);
#7802 = CARTESIAN_POINT('',(-0.,0.));
#7803 = VECTOR('',#7804,1.);
#7804 = DIRECTION('',(-0.,-1.));
#7805 = ( GEOMETRIC_REPRESENTATION_CONTEXT(2) 
PARAMETRIC_REPRESENTATION_CONTEXT() REPRESENTATION_CONTEXT('2D SPACE',''
  ) );
#7806 = ORIENTED_EDGE('',*,*,#2182,.F.);
#7807 = ORIENTED_EDGE('',*,*,#7786,.F.);
#7808 = ADVANCED_FACE('',(#7809),#2168,.F.);
#7809 = FACE_BOUND('',#7810,.T.);
#7810 = EDGE_LOOP('',(#7811,#7812,#7833,#7834));
#7811 = ORIENTED_EDGE('',*,*,#4929,.T.);
#7812 = ORIENTED_EDGE('',*,*,#7813,.T.);
#7813 = EDGE_CURVE('',#4930,#2148,#7814,.T.);
#7814 = SEAM_CURVE('',#7815,(#7819,#7826),.PCURVE_S1.);
#7815 = LINE('',#7816,#7817);
#7816 = CARTESIAN_POINT('',(9.15,5.,26.));
#7817 = VECTOR('',#7818,1.);
#7818 = DIRECTION('',(0.,0.,1.));
#7819 = PCURVE('',#2168,#7820);
#7820 = DEFINITIONAL_REPRESENTATION('',(#7821),#7825);
#7821 = LINE('',#7822,#7823);
#7822 = CARTESIAN_POINT('',(-6.28318530718,0.));
#7823 = VECTOR('',#7824,1.);
#7824 = DIRECTION('',(-0.,-1.));
#7825 = ( GEOMETRIC_REPRESENTATION_CONTEXT(2) 
PARAMETRIC_REPRESENTATION_CONTEXT() REPRESENTATION_CONTEXT('2D SPACE',''
  ) );
#7826 = PCURVE('',#2168,#7827);
#7827 = DEFINITIONAL_REPRESENTATION('',(#7828),#7832);
#7828 = LINE('',#7829,#7830);
#7829 = CARTESIAN_POINT('',(-0.,0.));
#7830 = VECTOR('',#7831,1.);
#7831 = DIRECTION('',(-0.,-1.));
#7832 = ( GEOMETRIC_REPRESENTATION_CONTEXT(2) 
PARAMETRIC_REPRESENTATION_CONTEXT() REPRESENTATION_CONTEXT('2D SPACE',''
  ) );
#7833 = ORIENTED_EDGE('',*,*,#2147,.F.);
#7834 = ORIENTED_EDGE('',*,*,#7813,.F.);
#7835 = ADVANCED_FACE('',(#7836),#2133,.F.);
#7836 = FACE_BOUND('',#7837,.T.);
#7837 = EDGE_LOOP('',(#7838,#7839,#7860,#7861));
#7838 = ORIENTED_EDGE('',*,*,#4419,.T.);
#7839 = ORIENTED_EDGE('',*,*,#7840,.T.);
#7840 = EDGE_CURVE('',#4420,#2113,#7841,.T.);
#7841 = SEAM_CURVE('',#7842,(#7846,#7853),.PCURVE_S1.);
#7842 = LINE('',#7843,#7844);
#7843 = CARTESIAN_POINT('',(9.15,1.,26.));
#7844 = VECTOR('',#7845,1.);
#7845 = DIRECTION('',(0.,0.,1.));
#7846 = PCURVE('',#2133,#7847);
#7847 = DEFINITIONAL_REPRESENTATION('',(#7848),#7852);
#7848 = LINE('',#7849,#7850);
#7849 = CARTESIAN_POINT('',(-6.28318530718,0.));
#7850 = VECTOR('',#7851,1.);
#7851 = DIRECTION('',(-0.,-1.));
#7852 = ( GEOMETRIC_REPRESENTATION_CONTEXT(2) 
PARAMETRIC_REPRESENTATION_CONTEXT() REPRESENTATION_CONTEXT('2D SPACE',''
  ) );
#7853 = PCURVE('',#2133,#7854);
#7854 = DEFINITIONAL_REPRESENTATION('',(#7855),#7859);
#7855 = LINE('',#7856,#7857);
#7856 = CARTESIAN_POINT('',(-0.,0.));
#7857 = VECTOR('',#7858,1.);
#7858 = DIRECTION('',(-0.,-1.));
#7859 = ( GEOMETRIC_REPRESENTATION_CONTEXT(2) 
PARAMETRIC_REPRESENTATION_CONTEXT() REPRESENTATION_CONTEXT('2D SPACE',''
  ) );
#7860 = ORIENTED_EDGE('',*,*,#2112,.F.);
#7861 = ORIENTED_EDGE('',*,*,#7840,.F.);
#7862 = ADVANCED_FACE('',(#7863),#2098,.F.);
#7863 = FACE_BOUND('',#7864,.T.);
#7864 = EDGE_LOOP('',(#7865,#7866,#7887,#7888));
#7865 = ORIENTED_EDGE('',*,*,#4899,.T.);
#7866 = ORIENTED_EDGE('',*,*,#7867,.T.);
#7867 = EDGE_CURVE('',#4900,#2078,#7868,.T.);
#7868 = SEAM_CURVE('',#7869,(#7873,#7880),.PCURVE_S1.);
#7869 = LINE('',#7870,#7871);
#7870 = CARTESIAN_POINT('',(5.15,9.,26.));
#7871 = VECTOR('',#7872,1.);
#7872 = DIRECTION('',(0.,0.,1.));
#7873 = PCURVE('',#2098,#7874);
#7874 = DEFINITIONAL_REPRESENTATION('',(#7875),#7879);
#7875 = LINE('',#7876,#7877);
#7876 = CARTESIAN_POINT('',(-6.28318530718,0.));
#7877 = VECTOR('',#7878,1.);
#7878 = DIRECTION('',(-0.,-1.));
#7879 = ( GEOMETRIC_REPRESENTATION_CONTEXT(2) 
PARAMETRIC_REPRESENTATION_CONTEXT() REPRESENTATION_CONTEXT('2D SPACE',''
  ) );
#7880 = PCURVE('',#2098,#7881);
#7881 = DEFINITIONAL_REPRESENTATION('',(#7882),#7886);
#7882 = LINE('',#7883,#7884);
#7883 = CARTESIAN_POINT('',(-0.,0.));
#7884 = VECTOR('',#7885,1.);
#7885 = DIRECTION('',(-0.,-1.));
#7886 = ( GEOMETRIC_REPRESENTATION_CONTEXT(2) 
PARAMETRIC_REPRESENTATION_CONTEXT() REPRESENTATION_CONTEXT('2D SPACE',''
  ) );
#7887 = ORIENTED_EDGE('',*,*,#2077,.F.);
#7888 = ORIENTED_EDGE('',*,*,#7867,.F.);
#7889 = ADVANCED_FACE('',(#7890),#2063,.F.);
#7890 = FACE_BOUND('',#7891,.T.);
#7891 = EDGE_LOOP('',(#7892,#7893,#7914,#7915));
#7892 = ORIENTED_EDGE('',*,*,#4839,.T.);
#7893 = ORIENTED_EDGE('',*,*,#7894,.T.);
#7894 = EDGE_CURVE('',#4840,#2043,#7895,.T.);
#7895 = SEAM_CURVE('',#7896,(#7900,#7907),.PCURVE_S1.);
#7896 = LINE('',#7897,#7898);
#7897 = CARTESIAN_POINT('',(5.15,5.,26.));
#7898 = VECTOR('',#7899,1.);
#7899 = DIRECTION('',(0.,0.,1.));
#7900 = PCURVE('',#2063,#7901);
#7901 = DEFINITIONAL_REPRESENTATION('',(#7902),#7906);
#7902 = LINE('',#7903,#7904);
#7903 = CARTESIAN_POINT('',(-6.28318530718,0.));
#7904 = VECTOR('',#7905,1.);
#7905 = DIRECTION('',(-0.,-1.));
#7906 = ( GEOMETRIC_REPRESENTATION_CONTEXT(2) 
PARAMETRIC_REPRESENTATION_CONTEXT() REPRESENTATION_CONTEXT('2D SPACE',''
  ) );
#7907 = PCURVE('',#2063,#7908);
#7908 = DEFINITIONAL_REPRESENTATION('',(#7909),#7913);
#7909 = LINE('',#7910,#7911);
#7910 = CARTESIAN_POINT('',(-0.,0.));
#7911 = VECTOR('',#7912,1.);
#7912 = DIRECTION('',(-0.,-1.));
#7913 = ( GEOMETRIC_REPRESENTATION_CONTEXT(2) 
PARAMETRIC_REPRESENTATION_CONTEXT() REPRESENTATION_CONTEXT('2D SPACE',''
  ) );
#7914 = ORIENTED_EDGE('',*,*,#2042,.F.);
#7915 = ORIENTED_EDGE('',*,*,#7894,.F.);
#7916 = ADVANCED_FACE('',(#7917),#2028,.F.);
#7917 = FACE_BOUND('',#7918,.T.);
#7918 = EDGE_LOOP('',(#7919,#7920,#7941,#7942));
#7919 = ORIENTED_EDGE('',*,*,#4389,.T.);
#7920 = ORIENTED_EDGE('',*,*,#7921,.T.);
#7921 = EDGE_CURVE('',#4390,#2008,#7922,.T.);
#7922 = SEAM_CURVE('',#7923,(#7927,#7934),.PCURVE_S1.);
#7923 = LINE('',#7924,#7925);
#7924 = CARTESIAN_POINT('',(5.15,1.,26.));
#7925 = VECTOR('',#7926,1.);
#7926 = DIRECTION('',(0.,0.,1.));
#7927 = PCURVE('',#2028,#7928);
#7928 = DEFINITIONAL_REPRESENTATION('',(#7929),#7933);
#7929 = LINE('',#7930,#7931);
#7930 = CARTESIAN_POINT('',(-6.28318530718,0.));
#7931 = VECTOR('',#7932,1.);
#7932 = DIRECTION('',(-0.,-1.));
#7933 = ( GEOMETRIC_REPRESENTATION_CONTEXT(2) 
PARAMETRIC_REPRESENTATION_CONTEXT() REPRESENTATION_CONTEXT('2D SPACE',''
  ) );
#7934 = PCURVE('',#2028,#7935);
#7935 = DEFINITIONAL_REPRESENTATION('',(#7936),#7940);
#7936 = LINE('',#7937,#7938);
#7937 = CARTESIAN_POINT('',(-0.,0.));
#7938 = VECTOR('',#7939,1.);
#7939 = DIRECTION('',(-0.,-1.));
#7940 = ( GEOMETRIC_REPRESENTATION_CONTEXT(2) 
PARAMETRIC_REPRESENTATION_CONTEXT() REPRESENTATION_CONTEXT('2D SPACE',''
  ) );
#7941 = ORIENTED_EDGE('',*,*,#2007,.F.);
#7942 = ORIENTED_EDGE('',*,*,#7921,.F.);
#7943 = ADVANCED_FACE('',(#7944),#1993,.F.);
#7944 = FACE_BOUND('',#7945,.T.);
#7945 = EDGE_LOOP('',(#7946,#7947,#7968,#7969));
#7946 = ORIENTED_EDGE('',*,*,#6505,.F.);
#7947 = ORIENTED_EDGE('',*,*,#7948,.T.);
#7948 = EDGE_CURVE('',#6506,#1973,#7949,.T.);
#7949 = SEAM_CURVE('',#7950,(#7954,#7961),.PCURVE_S1.);
#7950 = LINE('',#7951,#7952);
#7951 = CARTESIAN_POINT('',(-10.98080573302,37.587704831436,27.8));
#7952 = VECTOR('',#7953,1.);
#7953 = DIRECTION('',(0.,0.,1.));
#7954 = PCURVE('',#1993,#7955);
#7955 = DEFINITIONAL_REPRESENTATION('',(#7956),#7960);
#7956 = LINE('',#7957,#7958);
#7957 = CARTESIAN_POINT('',(-6.28318530718,0.));
#7958 = VECTOR('',#7959,1.);
#7959 = DIRECTION('',(-0.,-1.));
#7960 = ( GEOMETRIC_REPRESENTATION_CONTEXT(2) 
PARAMETRIC_REPRESENTATION_CONTEXT() REPRESENTATION_CONTEXT('2D SPACE',''
  ) );
#7961 = PCURVE('',#1993,#7962);
#7962 = DEFINITIONAL_REPRESENTATION('',(#7963),#7967);
#7963 = LINE('',#7964,#7965);
#7964 = CARTESIAN_POINT('',(-0.,0.));
#7965 = VECTOR('',#7966,1.);
#7966 = DIRECTION('',(-0.,-1.));
#7967 = ( GEOMETRIC_REPRESENTATION_CONTEXT(2) 
PARAMETRIC_REPRESENTATION_CONTEXT() REPRESENTATION_CONTEXT('2D SPACE',''
  ) );
#7968 = ORIENTED_EDGE('',*,*,#1972,.F.);
#7969 = ORIENTED_EDGE('',*,*,#7948,.F.);
#7970 = ADVANCED_FACE('',(#7971),#1958,.F.);
#7971 = FACE_BOUND('',#7972,.T.);
#7972 = EDGE_LOOP('',(#7973,#7974,#7995,#7996));
#7973 = ORIENTED_EDGE('',*,*,#5109,.T.);
#7974 = ORIENTED_EDGE('',*,*,#7975,.T.);
#7975 = EDGE_CURVE('',#5110,#1938,#7976,.T.);
#7976 = SEAM_CURVE('',#7977,(#7981,#7988),.PCURVE_S1.);
#7977 = LINE('',#7978,#7979);
#7978 = CARTESIAN_POINT('',(1.15,17.,26.));
#7979 = VECTOR('',#7980,1.);
#7980 = DIRECTION('',(0.,0.,1.));
#7981 = PCURVE('',#1958,#7982);
#7982 = DEFINITIONAL_REPRESENTATION('',(#7983),#7987);
#7983 = LINE('',#7984,#7985);
#7984 = CARTESIAN_POINT('',(-6.28318530718,0.));
#7985 = VECTOR('',#7986,1.);
#7986 = DIRECTION('',(-0.,-1.));
#7987 = ( GEOMETRIC_REPRESENTATION_CONTEXT(2) 
PARAMETRIC_REPRESENTATION_CONTEXT() REPRESENTATION_CONTEXT('2D SPACE',''
  ) );
#7988 = PCURVE('',#1958,#7989);
#7989 = DEFINITIONAL_REPRESENTATION('',(#7990),#7994);
#7990 = LINE('',#7991,#7992);
#7991 = CARTESIAN_POINT('',(-0.,0.));
#7992 = VECTOR('',#7993,1.);
#7993 = DIRECTION('',(-0.,-1.));
#7994 = ( GEOMETRIC_REPRESENTATION_CONTEXT(2) 
PARAMETRIC_REPRESENTATION_CONTEXT() REPRESENTATION_CONTEXT('2D SPACE',''
  ) );
#7995 = ORIENTED_EDGE('',*,*,#1937,.F.);
#7996 = ORIENTED_EDGE('',*,*,#7975,.F.);
#7997 = ADVANCED_FACE('',(#7998),#1923,.F.);
#7998 = FACE_BOUND('',#7999,.T.);
#7999 = EDGE_LOOP('',(#8000,#8001,#8022,#8023));
#8000 = ORIENTED_EDGE('',*,*,#4779,.T.);
#8001 = ORIENTED_EDGE('',*,*,#8002,.T.);
#8002 = EDGE_CURVE('',#4780,#1903,#8003,.T.);
#8003 = SEAM_CURVE('',#8004,(#8008,#8015),.PCURVE_S1.);
#8004 = LINE('',#8005,#8006);
#8005 = CARTESIAN_POINT('',(-2.85,17.,26.));
#8006 = VECTOR('',#8007,1.);
#8007 = DIRECTION('',(0.,0.,1.));
#8008 = PCURVE('',#1923,#8009);
#8009 = DEFINITIONAL_REPRESENTATION('',(#8010),#8014);
#8010 = LINE('',#8011,#8012);
#8011 = CARTESIAN_POINT('',(-6.28318530718,0.));
#8012 = VECTOR('',#8013,1.);
#8013 = DIRECTION('',(-0.,-1.));
#8014 = ( GEOMETRIC_REPRESENTATION_CONTEXT(2) 
PARAMETRIC_REPRESENTATION_CONTEXT() REPRESENTATION_CONTEXT('2D SPACE',''
  ) );
#8015 = PCURVE('',#1923,#8016);
#8016 = DEFINITIONAL_REPRESENTATION('',(#8017),#8021);
#8017 = LINE('',#8018,#8019);
#8018 = CARTESIAN_POINT('',(-0.,0.));
#8019 = VECTOR('',#8020,1.);
#8020 = DIRECTION('',(-0.,-1.));
#8021 = ( GEOMETRIC_REPRESENTATION_CONTEXT(2) 
PARAMETRIC_REPRESENTATION_CONTEXT() REPRESENTATION_CONTEXT('2D SPACE',''
  ) );
#8022 = ORIENTED_EDGE('',*,*,#1902,.F.);
#8023 = ORIENTED_EDGE('',*,*,#8002,.F.);
#8024 = ADVANCED_FACE('',(#8025),#1888,.F.);
#8025 = FACE_BOUND('',#8026,.T.);
#8026 = EDGE_LOOP('',(#8027,#8028,#8049,#8050));
#8027 = ORIENTED_EDGE('',*,*,#5049,.T.);
#8028 = ORIENTED_EDGE('',*,*,#8029,.T.);
#8029 = EDGE_CURVE('',#5050,#1868,#8030,.T.);
#8030 = SEAM_CURVE('',#8031,(#8035,#8042),.PCURVE_S1.);
#8031 = LINE('',#8032,#8033);
#8032 = CARTESIAN_POINT('',(1.15,13.,26.));
#8033 = VECTOR('',#8034,1.);
#8034 = DIRECTION('',(0.,0.,1.));
#8035 = PCURVE('',#1888,#8036);
#8036 = DEFINITIONAL_REPRESENTATION('',(#8037),#8041);
#8037 = LINE('',#8038,#8039);
#8038 = CARTESIAN_POINT('',(-6.28318530718,0.));
#8039 = VECTOR('',#8040,1.);
#8040 = DIRECTION('',(-0.,-1.));
#8041 = ( GEOMETRIC_REPRESENTATION_CONTEXT(2) 
PARAMETRIC_REPRESENTATION_CONTEXT() REPRESENTATION_CONTEXT('2D SPACE',''
  ) );
#8042 = PCURVE('',#1888,#8043);
#8043 = DEFINITIONAL_REPRESENTATION('',(#8044),#8048);
#8044 = LINE('',#8045,#8046);
#8045 = CARTESIAN_POINT('',(-0.,0.));
#8046 = VECTOR('',#8047,1.);
#8047 = DIRECTION('',(-0.,-1.));
#8048 = ( GEOMETRIC_REPRESENTATION_CONTEXT(2) 
PARAMETRIC_REPRESENTATION_CONTEXT() REPRESENTATION_CONTEXT('2D SPACE',''
  ) );
#8049 = ORIENTED_EDGE('',*,*,#1867,.F.);
#8050 = ORIENTED_EDGE('',*,*,#8029,.F.);
#8051 = ADVANCED_FACE('',(#8052),#1853,.F.);
#8052 = FACE_BOUND('',#8053,.T.);
#8053 = EDGE_LOOP('',(#8054,#8055,#8076,#8077));
#8054 = ORIENTED_EDGE('',*,*,#4749,.T.);
#8055 = ORIENTED_EDGE('',*,*,#8056,.T.);
#8056 = EDGE_CURVE('',#4750,#1833,#8057,.T.);
#8057 = SEAM_CURVE('',#8058,(#8062,#8069),.PCURVE_S1.);
#8058 = LINE('',#8059,#8060);
#8059 = CARTESIAN_POINT('',(-2.85,13.,26.));
#8060 = VECTOR('',#8061,1.);
#8061 = DIRECTION('',(0.,0.,1.));
#8062 = PCURVE('',#1853,#8063);
#8063 = DEFINITIONAL_REPRESENTATION('',(#8064),#8068);
#8064 = LINE('',#8065,#8066);
#8065 = CARTESIAN_POINT('',(-6.28318530718,0.));
#8066 = VECTOR('',#8067,1.);
#8067 = DIRECTION('',(-0.,-1.));
#8068 = ( GEOMETRIC_REPRESENTATION_CONTEXT(2) 
PARAMETRIC_REPRESENTATION_CONTEXT() REPRESENTATION_CONTEXT('2D SPACE',''
  ) );
#8069 = PCURVE('',#1853,#8070);
#8070 = DEFINITIONAL_REPRESENTATION('',(#8071),#8075);
#8071 = LINE('',#8072,#8073);
#8072 = CARTESIAN_POINT('',(-0.,0.));
#8073 = VECTOR('',#8074,1.);
#8074 = DIRECTION('',(-0.,-1.));
#8075 = ( GEOMETRIC_REPRESENTATION_CONTEXT(2) 
PARAMETRIC_REPRESENTATION_CONTEXT() REPRESENTATION_CONTEXT('2D SPACE',''
  ) );
#8076 = ORIENTED_EDGE('',*,*,#1832,.F.);
#8077 = ORIENTED_EDGE('',*,*,#8056,.F.);
#8078 = ADVANCED_FACE('',(#8079),#1818,.F.);
#8079 = FACE_BOUND('',#8080,.T.);
#8080 = EDGE_LOOP('',(#8081,#8082,#8103,#8104));
#8081 = ORIENTED_EDGE('',*,*,#4719,.T.);
#8082 = ORIENTED_EDGE('',*,*,#8083,.T.);
#8083 = EDGE_CURVE('',#4720,#1798,#8084,.T.);
#8084 = SEAM_CURVE('',#8085,(#8089,#8096),.PCURVE_S1.);
#8085 = LINE('',#8086,#8087);
#8086 = CARTESIAN_POINT('',(-6.85,17.,26.));
#8087 = VECTOR('',#8088,1.);
#8088 = DIRECTION('',(0.,0.,1.));
#8089 = PCURVE('',#1818,#8090);
#8090 = DEFINITIONAL_REPRESENTATION('',(#8091),#8095);
#8091 = LINE('',#8092,#8093);
#8092 = CARTESIAN_POINT('',(-6.28318530718,0.));
#8093 = VECTOR('',#8094,1.);
#8094 = DIRECTION('',(-0.,-1.));
#8095 = ( GEOMETRIC_REPRESENTATION_CONTEXT(2) 
PARAMETRIC_REPRESENTATION_CONTEXT() REPRESENTATION_CONTEXT('2D SPACE',''
  ) );
#8096 = PCURVE('',#1818,#8097);
#8097 = DEFINITIONAL_REPRESENTATION('',(#8098),#8102);
#8098 = LINE('',#8099,#8100);
#8099 = CARTESIAN_POINT('',(-0.,0.));
#8100 = VECTOR('',#8101,1.);
#8101 = DIRECTION('',(-0.,-1.));
#8102 = ( GEOMETRIC_REPRESENTATION_CONTEXT(2) 
PARAMETRIC_REPRESENTATION_CONTEXT() REPRESENTATION_CONTEXT('2D SPACE',''
  ) );
#8103 = ORIENTED_EDGE('',*,*,#1797,.F.);
#8104 = ORIENTED_EDGE('',*,*,#8083,.F.);
#8105 = ADVANCED_FACE('',(#8106),#1783,.F.);
#8106 = FACE_BOUND('',#8107,.T.);
#8107 = EDGE_LOOP('',(#8108,#8109,#8130,#8131));
#8108 = ORIENTED_EDGE('',*,*,#4689,.T.);
#8109 = ORIENTED_EDGE('',*,*,#8110,.T.);
#8110 = EDGE_CURVE('',#4690,#1763,#8111,.T.);
#8111 = SEAM_CURVE('',#8112,(#8116,#8123),.PCURVE_S1.);
#8112 = LINE('',#8113,#8114);
#8113 = CARTESIAN_POINT('',(-6.85,13.,26.));
#8114 = VECTOR('',#8115,1.);
#8115 = DIRECTION('',(0.,0.,1.));
#8116 = PCURVE('',#1783,#8117);
#8117 = DEFINITIONAL_REPRESENTATION('',(#8118),#8122);
#8118 = LINE('',#8119,#8120);
#8119 = CARTESIAN_POINT('',(-6.28318530718,0.));
#8120 = VECTOR('',#8121,1.);
#8121 = DIRECTION('',(-0.,-1.));
#8122 = ( GEOMETRIC_REPRESENTATION_CONTEXT(2) 
PARAMETRIC_REPRESENTATION_CONTEXT() REPRESENTATION_CONTEXT('2D SPACE',''
  ) );
#8123 = PCURVE('',#1783,#8124);
#8124 = DEFINITIONAL_REPRESENTATION('',(#8125),#8129);
#8125 = LINE('',#8126,#8127);
#8126 = CARTESIAN_POINT('',(-0.,0.));
#8127 = VECTOR('',#8128,1.);
#8128 = DIRECTION('',(-0.,-1.));
#8129 = ( GEOMETRIC_REPRESENTATION_CONTEXT(2) 
PARAMETRIC_REPRESENTATION_CONTEXT() REPRESENTATION_CONTEXT('2D SPACE',''
  ) );
#8130 = ORIENTED_EDGE('',*,*,#1762,.F.);
#8131 = ORIENTED_EDGE('',*,*,#8110,.F.);
#8132 = ADVANCED_FACE('',(#8133),#1748,.F.);
#8133 = FACE_BOUND('',#8134,.T.);
#8134 = EDGE_LOOP('',(#8135,#8136,#8157,#8158));
#8135 = ORIENTED_EDGE('',*,*,#4869,.T.);
#8136 = ORIENTED_EDGE('',*,*,#8137,.T.);
#8137 = EDGE_CURVE('',#4870,#1728,#8138,.T.);
#8138 = SEAM_CURVE('',#8139,(#8143,#8150),.PCURVE_S1.);
#8139 = LINE('',#8140,#8141);
#8140 = CARTESIAN_POINT('',(1.15,9.,26.));
#8141 = VECTOR('',#8142,1.);
#8142 = DIRECTION('',(0.,0.,1.));
#8143 = PCURVE('',#1748,#8144);
#8144 = DEFINITIONAL_REPRESENTATION('',(#8145),#8149);
#8145 = LINE('',#8146,#8147);
#8146 = CARTESIAN_POINT('',(-6.28318530718,0.));
#8147 = VECTOR('',#8148,1.);
#8148 = DIRECTION('',(-0.,-1.));
#8149 = ( GEOMETRIC_REPRESENTATION_CONTEXT(2) 
PARAMETRIC_REPRESENTATION_CONTEXT() REPRESENTATION_CONTEXT('2D SPACE',''
  ) );
#8150 = PCURVE('',#1748,#8151);
#8151 = DEFINITIONAL_REPRESENTATION('',(#8152),#8156);
#8152 = LINE('',#8153,#8154);
#8153 = CARTESIAN_POINT('',(-0.,0.));
#8154 = VECTOR('',#8155,1.);
#8155 = DIRECTION('',(-0.,-1.));
#8156 = ( GEOMETRIC_REPRESENTATION_CONTEXT(2) 
PARAMETRIC_REPRESENTATION_CONTEXT() REPRESENTATION_CONTEXT('2D SPACE',''
  ) );
#8157 = ORIENTED_EDGE('',*,*,#1727,.F.);
#8158 = ORIENTED_EDGE('',*,*,#8137,.F.);
#8159 = ADVANCED_FACE('',(#8160),#1713,.F.);
#8160 = FACE_BOUND('',#8161,.T.);
#8161 = EDGE_LOOP('',(#8162,#8163,#8184,#8185));
#8162 = ORIENTED_EDGE('',*,*,#4629,.T.);
#8163 = ORIENTED_EDGE('',*,*,#8164,.T.);
#8164 = EDGE_CURVE('',#4630,#1693,#8165,.T.);
#8165 = SEAM_CURVE('',#8166,(#8170,#8177),.PCURVE_S1.);
#8166 = LINE('',#8167,#8168);
#8167 = CARTESIAN_POINT('',(-2.85,9.,26.));
#8168 = VECTOR('',#8169,1.);
#8169 = DIRECTION('',(0.,0.,1.));
#8170 = PCURVE('',#1713,#8171);
#8171 = DEFINITIONAL_REPRESENTATION('',(#8172),#8176);
#8172 = LINE('',#8173,#8174);
#8173 = CARTESIAN_POINT('',(-6.28318530718,0.));
#8174 = VECTOR('',#8175,1.);
#8175 = DIRECTION('',(-0.,-1.));
#8176 = ( GEOMETRIC_REPRESENTATION_CONTEXT(2) 
PARAMETRIC_REPRESENTATION_CONTEXT() REPRESENTATION_CONTEXT('2D SPACE',''
  ) );
#8177 = PCURVE('',#1713,#8178);
#8178 = DEFINITIONAL_REPRESENTATION('',(#8179),#8183);
#8179 = LINE('',#8180,#8181);
#8180 = CARTESIAN_POINT('',(-0.,0.));
#8181 = VECTOR('',#8182,1.);
#8182 = DIRECTION('',(-0.,-1.));
#8183 = ( GEOMETRIC_REPRESENTATION_CONTEXT(2) 
PARAMETRIC_REPRESENTATION_CONTEXT() REPRESENTATION_CONTEXT('2D SPACE',''
  ) );
#8184 = ORIENTED_EDGE('',*,*,#1692,.F.);
#8185 = ORIENTED_EDGE('',*,*,#8164,.F.);
#8186 = ADVANCED_FACE('',(#8187),#1678,.F.);
#8187 = FACE_BOUND('',#8188,.T.);
#8188 = EDGE_LOOP('',(#8189,#8190,#8211,#8212));
#8189 = ORIENTED_EDGE('',*,*,#4809,.T.);
#8190 = ORIENTED_EDGE('',*,*,#8191,.T.);
#8191 = EDGE_CURVE('',#4810,#1658,#8192,.T.);
#8192 = SEAM_CURVE('',#8193,(#8197,#8204),.PCURVE_S1.);
#8193 = LINE('',#8194,#8195);
#8194 = CARTESIAN_POINT('',(1.15,5.,26.));
#8195 = VECTOR('',#8196,1.);
#8196 = DIRECTION('',(0.,0.,1.));
#8197 = PCURVE('',#1678,#8198);
#8198 = DEFINITIONAL_REPRESENTATION('',(#8199),#8203);
#8199 = LINE('',#8200,#8201);
#8200 = CARTESIAN_POINT('',(-6.28318530718,0.));
#8201 = VECTOR('',#8202,1.);
#8202 = DIRECTION('',(-0.,-1.));
#8203 = ( GEOMETRIC_REPRESENTATION_CONTEXT(2) 
PARAMETRIC_REPRESENTATION_CONTEXT() REPRESENTATION_CONTEXT('2D SPACE',''
  ) );
#8204 = PCURVE('',#1678,#8205);
#8205 = DEFINITIONAL_REPRESENTATION('',(#8206),#8210);
#8206 = LINE('',#8207,#8208);
#8207 = CARTESIAN_POINT('',(-0.,0.));
#8208 = VECTOR('',#8209,1.);
#8209 = DIRECTION('',(-0.,-1.));
#8210 = ( GEOMETRIC_REPRESENTATION_CONTEXT(2) 
PARAMETRIC_REPRESENTATION_CONTEXT() REPRESENTATION_CONTEXT('2D SPACE',''
  ) );
#8211 = ORIENTED_EDGE('',*,*,#1657,.F.);
#8212 = ORIENTED_EDGE('',*,*,#8191,.F.);
#8213 = ADVANCED_FACE('',(#8214),#1643,.F.);
#8214 = FACE_BOUND('',#8215,.T.);
#8215 = EDGE_LOOP('',(#8216,#8217,#8238,#8239));
#8216 = ORIENTED_EDGE('',*,*,#4359,.T.);
#8217 = ORIENTED_EDGE('',*,*,#8218,.T.);
#8218 = EDGE_CURVE('',#4360,#1623,#8219,.T.);
#8219 = SEAM_CURVE('',#8220,(#8224,#8231),.PCURVE_S1.);
#8220 = LINE('',#8221,#8222);
#8221 = CARTESIAN_POINT('',(1.15,1.,26.));
#8222 = VECTOR('',#8223,1.);
#8223 = DIRECTION('',(0.,0.,1.));
#8224 = PCURVE('',#1643,#8225);
#8225 = DEFINITIONAL_REPRESENTATION('',(#8226),#8230);
#8226 = LINE('',#8227,#8228);
#8227 = CARTESIAN_POINT('',(-6.28318530718,0.));
#8228 = VECTOR('',#8229,1.);
#8229 = DIRECTION('',(-0.,-1.));
#8230 = ( GEOMETRIC_REPRESENTATION_CONTEXT(2) 
PARAMETRIC_REPRESENTATION_CONTEXT() REPRESENTATION_CONTEXT('2D SPACE',''
  ) );
#8231 = PCURVE('',#1643,#8232);
#8232 = DEFINITIONAL_REPRESENTATION('',(#8233),#8237);
#8233 = LINE('',#8234,#8235);
#8234 = CARTESIAN_POINT('',(-0.,0.));
#8235 = VECTOR('',#8236,1.);
#8236 = DIRECTION('',(-0.,-1.));
#8237 = ( GEOMETRIC_REPRESENTATION_CONTEXT(2) 
PARAMETRIC_REPRESENTATION_CONTEXT() REPRESENTATION_CONTEXT('2D SPACE',''
  ) );
#8238 = ORIENTED_EDGE('',*,*,#1622,.F.);
#8239 = ORIENTED_EDGE('',*,*,#8218,.F.);
#8240 = ADVANCED_FACE('',(#8241),#1608,.F.);
#8241 = FACE_BOUND('',#8242,.T.);
#8242 = EDGE_LOOP('',(#8243,#8244,#8265,#8266));
#8243 = ORIENTED_EDGE('',*,*,#4599,.T.);
#8244 = ORIENTED_EDGE('',*,*,#8245,.T.);
#8245 = EDGE_CURVE('',#4600,#1588,#8246,.T.);
#8246 = SEAM_CURVE('',#8247,(#8251,#8258),.PCURVE_S1.);
#8247 = LINE('',#8248,#8249);
#8248 = CARTESIAN_POINT('',(-2.85,5.,26.));
#8249 = VECTOR('',#8250,1.);
#8250 = DIRECTION('',(0.,0.,1.));
#8251 = PCURVE('',#1608,#8252);
#8252 = DEFINITIONAL_REPRESENTATION('',(#8253),#8257);
#8253 = LINE('',#8254,#8255);
#8254 = CARTESIAN_POINT('',(-6.28318530718,0.));
#8255 = VECTOR('',#8256,1.);
#8256 = DIRECTION('',(-0.,-1.));
#8257 = ( GEOMETRIC_REPRESENTATION_CONTEXT(2) 
PARAMETRIC_REPRESENTATION_CONTEXT() REPRESENTATION_CONTEXT('2D SPACE',''
  ) );
#8258 = PCURVE('',#1608,#8259);
#8259 = DEFINITIONAL_REPRESENTATION('',(#8260),#8264);
#8260 = LINE('',#8261,#8262);
#8261 = CARTESIAN_POINT('',(-0.,0.));
#8262 = VECTOR('',#8263,1.);
#8263 = DIRECTION('',(-0.,-1.));
#8264 = ( GEOMETRIC_REPRESENTATION_CONTEXT(2) 
PARAMETRIC_REPRESENTATION_CONTEXT() REPRESENTATION_CONTEXT('2D SPACE',''
  ) );
#8265 = ORIENTED_EDGE('',*,*,#1587,.F.);
#8266 = ORIENTED_EDGE('',*,*,#8245,.F.);
#8267 = ADVANCED_FACE('',(#8268),#1573,.F.);
#8268 = FACE_BOUND('',#8269,.T.);
#8269 = EDGE_LOOP('',(#8270,#8271,#8292,#8293));
#8270 = ORIENTED_EDGE('',*,*,#4119,.T.);
#8271 = ORIENTED_EDGE('',*,*,#8272,.T.);
#8272 = EDGE_CURVE('',#4120,#1553,#8273,.T.);
#8273 = SEAM_CURVE('',#8274,(#8278,#8285),.PCURVE_S1.);
#8274 = LINE('',#8275,#8276);
#8275 = CARTESIAN_POINT('',(-2.85,1.,26.));
#8276 = VECTOR('',#8277,1.);
#8277 = DIRECTION('',(0.,0.,1.));
#8278 = PCURVE('',#1573,#8279);
#8279 = DEFINITIONAL_REPRESENTATION('',(#8280),#8284);
#8280 = LINE('',#8281,#8282);
#8281 = CARTESIAN_POINT('',(-6.28318530718,0.));
#8282 = VECTOR('',#8283,1.);
#8283 = DIRECTION('',(-0.,-1.));
#8284 = ( GEOMETRIC_REPRESENTATION_CONTEXT(2) 
PARAMETRIC_REPRESENTATION_CONTEXT() REPRESENTATION_CONTEXT('2D SPACE',''
  ) );
#8285 = PCURVE('',#1573,#8286);
#8286 = DEFINITIONAL_REPRESENTATION('',(#8287),#8291);
#8287 = LINE('',#8288,#8289);
#8288 = CARTESIAN_POINT('',(-0.,0.));
#8289 = VECTOR('',#8290,1.);
#8290 = DIRECTION('',(-0.,-1.));
#8291 = ( GEOMETRIC_REPRESENTATION_CONTEXT(2) 
PARAMETRIC_REPRESENTATION_CONTEXT() REPRESENTATION_CONTEXT('2D SPACE',''
  ) );
#8292 = ORIENTED_EDGE('',*,*,#1552,.F.);
#8293 = ORIENTED_EDGE('',*,*,#8272,.F.);
#8294 = ADVANCED_FACE('',(#8295),#1538,.F.);
#8295 = FACE_BOUND('',#8296,.T.);
#8296 = EDGE_LOOP('',(#8297,#8298,#8319,#8320));
#8297 = ORIENTED_EDGE('',*,*,#4569,.T.);
#8298 = ORIENTED_EDGE('',*,*,#8299,.T.);
#8299 = EDGE_CURVE('',#4570,#1518,#8300,.T.);
#8300 = SEAM_CURVE('',#8301,(#8305,#8312),.PCURVE_S1.);
#8301 = LINE('',#8302,#8303);
#8302 = CARTESIAN_POINT('',(-6.85,9.,26.));
#8303 = VECTOR('',#8304,1.);
#8304 = DIRECTION('',(0.,0.,1.));
#8305 = PCURVE('',#1538,#8306);
#8306 = DEFINITIONAL_REPRESENTATION('',(#8307),#8311);
#8307 = LINE('',#8308,#8309);
#8308 = CARTESIAN_POINT('',(-6.28318530718,0.));
#8309 = VECTOR('',#8310,1.);
#8310 = DIRECTION('',(-0.,-1.));
#8311 = ( GEOMETRIC_REPRESENTATION_CONTEXT(2) 
PARAMETRIC_REPRESENTATION_CONTEXT() REPRESENTATION_CONTEXT('2D SPACE',''
  ) );
#8312 = PCURVE('',#1538,#8313);
#8313 = DEFINITIONAL_REPRESENTATION('',(#8314),#8318);
#8314 = LINE('',#8315,#8316);
#8315 = CARTESIAN_POINT('',(-0.,0.));
#8316 = VECTOR('',#8317,1.);
#8317 = DIRECTION('',(-0.,-1.));
#8318 = ( GEOMETRIC_REPRESENTATION_CONTEXT(2) 
PARAMETRIC_REPRESENTATION_CONTEXT() REPRESENTATION_CONTEXT('2D SPACE',''
  ) );
#8319 = ORIENTED_EDGE('',*,*,#1517,.F.);
#8320 = ORIENTED_EDGE('',*,*,#8299,.F.);
#8321 = ADVANCED_FACE('',(#8322),#1503,.F.);
#8322 = FACE_BOUND('',#8323,.T.);
#8323 = EDGE_LOOP('',(#8324,#8325,#8346,#8347));
#8324 = ORIENTED_EDGE('',*,*,#4509,.T.);
#8325 = ORIENTED_EDGE('',*,*,#8326,.T.);
#8326 = EDGE_CURVE('',#4510,#1483,#8327,.T.);
#8327 = SEAM_CURVE('',#8328,(#8332,#8339),.PCURVE_S1.);
#8328 = LINE('',#8329,#8330);
#8329 = CARTESIAN_POINT('',(-6.85,5.,26.));
#8330 = VECTOR('',#8331,1.);
#8331 = DIRECTION('',(0.,0.,1.));
#8332 = PCURVE('',#1503,#8333);
#8333 = DEFINITIONAL_REPRESENTATION('',(#8334),#8338);
#8334 = LINE('',#8335,#8336);
#8335 = CARTESIAN_POINT('',(-6.28318530718,0.));
#8336 = VECTOR('',#8337,1.);
#8337 = DIRECTION('',(-0.,-1.));
#8338 = ( GEOMETRIC_REPRESENTATION_CONTEXT(2) 
PARAMETRIC_REPRESENTATION_CONTEXT() REPRESENTATION_CONTEXT('2D SPACE',''
  ) );
#8339 = PCURVE('',#1503,#8340);
#8340 = DEFINITIONAL_REPRESENTATION('',(#8341),#8345);
#8341 = LINE('',#8342,#8343);
#8342 = CARTESIAN_POINT('',(-0.,0.));
#8343 = VECTOR('',#8344,1.);
#8344 = DIRECTION('',(-0.,-1.));
#8345 = ( GEOMETRIC_REPRESENTATION_CONTEXT(2) 
PARAMETRIC_REPRESENTATION_CONTEXT() REPRESENTATION_CONTEXT('2D SPACE',''
  ) );
#8346 = ORIENTED_EDGE('',*,*,#1482,.F.);
#8347 = ORIENTED_EDGE('',*,*,#8326,.F.);
#8348 = ADVANCED_FACE('',(#8349),#1468,.F.);
#8349 = FACE_BOUND('',#8350,.T.);
#8350 = EDGE_LOOP('',(#8351,#8352,#8373,#8374));
#8351 = ORIENTED_EDGE('',*,*,#4089,.T.);
#8352 = ORIENTED_EDGE('',*,*,#8353,.T.);
#8353 = EDGE_CURVE('',#4090,#1448,#8354,.T.);
#8354 = SEAM_CURVE('',#8355,(#8359,#8366),.PCURVE_S1.);
#8355 = LINE('',#8356,#8357);
#8356 = CARTESIAN_POINT('',(-6.85,1.,26.));
#8357 = VECTOR('',#8358,1.);
#8358 = DIRECTION('',(0.,0.,1.));
#8359 = PCURVE('',#1468,#8360);
#8360 = DEFINITIONAL_REPRESENTATION('',(#8361),#8365);
#8361 = LINE('',#8362,#8363);
#8362 = CARTESIAN_POINT('',(-6.28318530718,0.));
#8363 = VECTOR('',#8364,1.);
#8364 = DIRECTION('',(-0.,-1.));
#8365 = ( GEOMETRIC_REPRESENTATION_CONTEXT(2) 
PARAMETRIC_REPRESENTATION_CONTEXT() REPRESENTATION_CONTEXT('2D SPACE',''
  ) );
#8366 = PCURVE('',#1468,#8367);
#8367 = DEFINITIONAL_REPRESENTATION('',(#8368),#8372);
#8368 = LINE('',#8369,#8370);
#8369 = CARTESIAN_POINT('',(-0.,0.));
#8370 = VECTOR('',#8371,1.);
#8371 = DIRECTION('',(-0.,-1.));
#8372 = ( GEOMETRIC_REPRESENTATION_CONTEXT(2) 
PARAMETRIC_REPRESENTATION_CONTEXT() REPRESENTATION_CONTEXT('2D SPACE',''
  ) );
#8373 = ORIENTED_EDGE('',*,*,#1447,.F.);
#8374 = ORIENTED_EDGE('',*,*,#8353,.F.);
#8375 = ADVANCED_FACE('',(#8376),#1433,.F.);
#8376 = FACE_BOUND('',#8377,.T.);
#8377 = EDGE_LOOP('',(#8378,#8379,#8400,#8401));
#8378 = ORIENTED_EDGE('',*,*,#4659,.T.);
#8379 = ORIENTED_EDGE('',*,*,#8380,.T.);
#8380 = EDGE_CURVE('',#4660,#1413,#8381,.T.);
#8381 = SEAM_CURVE('',#8382,(#8386,#8393),.PCURVE_S1.);
#8382 = LINE('',#8383,#8384);
#8383 = CARTESIAN_POINT('',(-10.85,13.,26.));
#8384 = VECTOR('',#8385,1.);
#8385 = DIRECTION('',(0.,0.,1.));
#8386 = PCURVE('',#1433,#8387);
#8387 = DEFINITIONAL_REPRESENTATION('',(#8388),#8392);
#8388 = LINE('',#8389,#8390);
#8389 = CARTESIAN_POINT('',(-6.28318530718,0.));
#8390 = VECTOR('',#8391,1.);
#8391 = DIRECTION('',(-0.,-1.));
#8392 = ( GEOMETRIC_REPRESENTATION_CONTEXT(2) 
PARAMETRIC_REPRESENTATION_CONTEXT() REPRESENTATION_CONTEXT('2D SPACE',''
  ) );
#8393 = PCURVE('',#1433,#8394);
#8394 = DEFINITIONAL_REPRESENTATION('',(#8395),#8399);
#8395 = LINE('',#8396,#8397);
#8396 = CARTESIAN_POINT('',(-0.,0.));
#8397 = VECTOR('',#8398,1.);
#8398 = DIRECTION('',(-0.,-1.));
#8399 = ( GEOMETRIC_REPRESENTATION_CONTEXT(2) 
PARAMETRIC_REPRESENTATION_CONTEXT() REPRESENTATION_CONTEXT('2D SPACE',''
  ) );
#8400 = ORIENTED_EDGE('',*,*,#1412,.F.);
#8401 = ORIENTED_EDGE('',*,*,#8380,.F.);
#8402 = ADVANCED_FACE('',(#8403),#1398,.F.);
#8403 = FACE_BOUND('',#8404,.T.);
#8404 = EDGE_LOOP('',(#8405,#8406,#8427,#8428));
#8405 = ORIENTED_EDGE('',*,*,#4539,.T.);
#8406 = ORIENTED_EDGE('',*,*,#8407,.T.);
#8407 = EDGE_CURVE('',#4540,#1378,#8408,.T.);
#8408 = SEAM_CURVE('',#8409,(#8413,#8420),.PCURVE_S1.);
#8409 = LINE('',#8410,#8411);
#8410 = CARTESIAN_POINT('',(-10.85,9.,26.));
#8411 = VECTOR('',#8412,1.);
#8412 = DIRECTION('',(0.,0.,1.));
#8413 = PCURVE('',#1398,#8414);
#8414 = DEFINITIONAL_REPRESENTATION('',(#8415),#8419);
#8415 = LINE('',#8416,#8417);
#8416 = CARTESIAN_POINT('',(-6.28318530718,0.));
#8417 = VECTOR('',#8418,1.);
#8418 = DIRECTION('',(-0.,-1.));
#8419 = ( GEOMETRIC_REPRESENTATION_CONTEXT(2) 
PARAMETRIC_REPRESENTATION_CONTEXT() REPRESENTATION_CONTEXT('2D SPACE',''
  ) );
#8420 = PCURVE('',#1398,#8421);
#8421 = DEFINITIONAL_REPRESENTATION('',(#8422),#8426);
#8422 = LINE('',#8423,#8424);
#8423 = CARTESIAN_POINT('',(-0.,0.));
#8424 = VECTOR('',#8425,1.);
#8425 = DIRECTION('',(-0.,-1.));
#8426 = ( GEOMETRIC_REPRESENTATION_CONTEXT(2) 
PARAMETRIC_REPRESENTATION_CONTEXT() REPRESENTATION_CONTEXT('2D SPACE',''
  ) );
#8427 = ORIENTED_EDGE('',*,*,#1377,.F.);
#8428 = ORIENTED_EDGE('',*,*,#8407,.F.);
#8429 = ADVANCED_FACE('',(#8430),#1363,.F.);
#8430 = FACE_BOUND('',#8431,.T.);
#8431 = EDGE_LOOP('',(#8432,#8433,#8454,#8455));
#8432 = ORIENTED_EDGE('',*,*,#4479,.T.);
#8433 = ORIENTED_EDGE('',*,*,#8434,.T.);
#8434 = EDGE_CURVE('',#4480,#1343,#8435,.T.);
#8435 = SEAM_CURVE('',#8436,(#8440,#8447),.PCURVE_S1.);
#8436 = LINE('',#8437,#8438);
#8437 = CARTESIAN_POINT('',(-10.85,5.,26.));
#8438 = VECTOR('',#8439,1.);
#8439 = DIRECTION('',(0.,0.,1.));
#8440 = PCURVE('',#1363,#8441);
#8441 = DEFINITIONAL_REPRESENTATION('',(#8442),#8446);
#8442 = LINE('',#8443,#8444);
#8443 = CARTESIAN_POINT('',(-6.28318530718,0.));
#8444 = VECTOR('',#8445,1.);
#8445 = DIRECTION('',(-0.,-1.));
#8446 = ( GEOMETRIC_REPRESENTATION_CONTEXT(2) 
PARAMETRIC_REPRESENTATION_CONTEXT() REPRESENTATION_CONTEXT('2D SPACE',''
  ) );
#8447 = PCURVE('',#1363,#8448);
#8448 = DEFINITIONAL_REPRESENTATION('',(#8449),#8453);
#8449 = LINE('',#8450,#8451);
#8450 = CARTESIAN_POINT('',(-0.,0.));
#8451 = VECTOR('',#8452,1.);
#8452 = DIRECTION('',(-0.,-1.));
#8453 = ( GEOMETRIC_REPRESENTATION_CONTEXT(2) 
PARAMETRIC_REPRESENTATION_CONTEXT() REPRESENTATION_CONTEXT('2D SPACE',''
  ) );
#8454 = ORIENTED_EDGE('',*,*,#1342,.F.);
#8455 = ORIENTED_EDGE('',*,*,#8434,.F.);
#8456 = ADVANCED_FACE('',(#8457),#1328,.F.);
#8457 = FACE_BOUND('',#8458,.T.);
#8458 = EDGE_LOOP('',(#8459,#8460,#8481,#8482));
#8459 = ORIENTED_EDGE('',*,*,#4059,.T.);
#8460 = ORIENTED_EDGE('',*,*,#8461,.T.);
#8461 = EDGE_CURVE('',#4060,#1308,#8462,.T.);
#8462 = SEAM_CURVE('',#8463,(#8467,#8474),.PCURVE_S1.);
#8463 = LINE('',#8464,#8465);
#8464 = CARTESIAN_POINT('',(-10.85,1.,26.));
#8465 = VECTOR('',#8466,1.);
#8466 = DIRECTION('',(0.,0.,1.));
#8467 = PCURVE('',#1328,#8468);
#8468 = DEFINITIONAL_REPRESENTATION('',(#8469),#8473);
#8469 = LINE('',#8470,#8471);
#8470 = CARTESIAN_POINT('',(-6.28318530718,0.));
#8471 = VECTOR('',#8472,1.);
#8472 = DIRECTION('',(-0.,-1.));
#8473 = ( GEOMETRIC_REPRESENTATION_CONTEXT(2) 
PARAMETRIC_REPRESENTATION_CONTEXT() REPRESENTATION_CONTEXT('2D SPACE',''
  ) );
#8474 = PCURVE('',#1328,#8475);
#8475 = DEFINITIONAL_REPRESENTATION('',(#8476),#8480);
#8476 = LINE('',#8477,#8478);
#8477 = CARTESIAN_POINT('',(-0.,0.));
#8478 = VECTOR('',#8479,1.);
#8479 = DIRECTION('',(-0.,-1.));
#8480 = ( GEOMETRIC_REPRESENTATION_CONTEXT(2) 
PARAMETRIC_REPRESENTATION_CONTEXT() REPRESENTATION_CONTEXT('2D SPACE',''
  ) );
#8481 = ORIENTED_EDGE('',*,*,#1307,.F.);
#8482 = ORIENTED_EDGE('',*,*,#8461,.F.);
#8483 = ADVANCED_FACE('',(#8484),#1293,.F.);
#8484 = FACE_BOUND('',#8485,.T.);
#8485 = EDGE_LOOP('',(#8486,#8487,#8508,#8509));
#8486 = ORIENTED_EDGE('',*,*,#4329,.T.);
#8487 = ORIENTED_EDGE('',*,*,#8488,.T.);
#8488 = EDGE_CURVE('',#4330,#1273,#8489,.T.);
#8489 = SEAM_CURVE('',#8490,(#8494,#8501),.PCURVE_S1.);
#8490 = LINE('',#8491,#8492);
#8491 = CARTESIAN_POINT('',(13.15,-3.,26.));
#8492 = VECTOR('',#8493,1.);
#8493 = DIRECTION('',(0.,0.,1.));
#8494 = PCURVE('',#1293,#8495);
#8495 = DEFINITIONAL_REPRESENTATION('',(#8496),#8500);
#8496 = LINE('',#8497,#8498);
#8497 = CARTESIAN_POINT('',(-6.28318530718,0.));
#8498 = VECTOR('',#8499,1.);
#8499 = DIRECTION('',(-0.,-1.));
#8500 = ( GEOMETRIC_REPRESENTATION_CONTEXT(2) 
PARAMETRIC_REPRESENTATION_CONTEXT() REPRESENTATION_CONTEXT('2D SPACE',''
  ) );
#8501 = PCURVE('',#1293,#8502);
#8502 = DEFINITIONAL_REPRESENTATION('',(#8503),#8507);
#8503 = LINE('',#8504,#8505);
#8504 = CARTESIAN_POINT('',(-0.,0.));
#8505 = VECTOR('',#8506,1.);
#8506 = DIRECTION('',(-0.,-1.));
#8507 = ( GEOMETRIC_REPRESENTATION_CONTEXT(2) 
PARAMETRIC_REPRESENTATION_CONTEXT() REPRESENTATION_CONTEXT('2D SPACE',''
  ) );
#8508 = ORIENTED_EDGE('',*,*,#1272,.F.);
#8509 = ORIENTED_EDGE('',*,*,#8488,.F.);
#8510 = ADVANCED_FACE('',(#8511),#1258,.F.);
#8511 = FACE_BOUND('',#8512,.T.);
#8512 = EDGE_LOOP('',(#8513,#8514,#8535,#8536));
#8513 = ORIENTED_EDGE('',*,*,#4299,.T.);
#8514 = ORIENTED_EDGE('',*,*,#8515,.T.);
#8515 = EDGE_CURVE('',#4300,#1238,#8516,.T.);
#8516 = SEAM_CURVE('',#8517,(#8521,#8528),.PCURVE_S1.);
#8517 = LINE('',#8518,#8519);
#8518 = CARTESIAN_POINT('',(9.15,-3.,26.));
#8519 = VECTOR('',#8520,1.);
#8520 = DIRECTION('',(0.,0.,1.));
#8521 = PCURVE('',#1258,#8522);
#8522 = DEFINITIONAL_REPRESENTATION('',(#8523),#8527);
#8523 = LINE('',#8524,#8525);
#8524 = CARTESIAN_POINT('',(-6.28318530718,0.));
#8525 = VECTOR('',#8526,1.);
#8526 = DIRECTION('',(-0.,-1.));
#8527 = ( GEOMETRIC_REPRESENTATION_CONTEXT(2) 
PARAMETRIC_REPRESENTATION_CONTEXT() REPRESENTATION_CONTEXT('2D SPACE',''
  ) );
#8528 = PCURVE('',#1258,#8529);
#8529 = DEFINITIONAL_REPRESENTATION('',(#8530),#8534);
#8530 = LINE('',#8531,#8532);
#8531 = CARTESIAN_POINT('',(-0.,0.));
#8532 = VECTOR('',#8533,1.);
#8533 = DIRECTION('',(-0.,-1.));
#8534 = ( GEOMETRIC_REPRESENTATION_CONTEXT(2) 
PARAMETRIC_REPRESENTATION_CONTEXT() REPRESENTATION_CONTEXT('2D SPACE',''
  ) );
#8535 = ORIENTED_EDGE('',*,*,#1237,.F.);
#8536 = ORIENTED_EDGE('',*,*,#8515,.F.);
#8537 = ADVANCED_FACE('',(#8538),#1223,.F.);
#8538 = FACE_BOUND('',#8539,.T.);
#8539 = EDGE_LOOP('',(#8540,#8541,#8562,#8563));
#8540 = ORIENTED_EDGE('',*,*,#4269,.T.);
#8541 = ORIENTED_EDGE('',*,*,#8542,.T.);
#8542 = EDGE_CURVE('',#4270,#1203,#8543,.T.);
#8543 = SEAM_CURVE('',#8544,(#8548,#8555),.PCURVE_S1.);
#8544 = LINE('',#8545,#8546);
#8545 = CARTESIAN_POINT('',(9.15,-7.,26.));
#8546 = VECTOR('',#8547,1.);
#8547 = DIRECTION('',(0.,0.,1.));
#8548 = PCURVE('',#1223,#8549);
#8549 = DEFINITIONAL_REPRESENTATION('',(#8550),#8554);
#8550 = LINE('',#8551,#8552);
#8551 = CARTESIAN_POINT('',(-6.28318530718,0.));
#8552 = VECTOR('',#8553,1.);
#8553 = DIRECTION('',(-0.,-1.));
#8554 = ( GEOMETRIC_REPRESENTATION_CONTEXT(2) 
PARAMETRIC_REPRESENTATION_CONTEXT() REPRESENTATION_CONTEXT('2D SPACE',''
  ) );
#8555 = PCURVE('',#1223,#8556);
#8556 = DEFINITIONAL_REPRESENTATION('',(#8557),#8561);
#8557 = LINE('',#8558,#8559);
#8558 = CARTESIAN_POINT('',(-0.,0.));
#8559 = VECTOR('',#8560,1.);
#8560 = DIRECTION('',(-0.,-1.));
#8561 = ( GEOMETRIC_REPRESENTATION_CONTEXT(2) 
PARAMETRIC_REPRESENTATION_CONTEXT() REPRESENTATION_CONTEXT('2D SPACE',''
  ) );
#8562 = ORIENTED_EDGE('',*,*,#1202,.F.);
#8563 = ORIENTED_EDGE('',*,*,#8542,.F.);
#8564 = ADVANCED_FACE('',(#8565),#1188,.F.);
#8565 = FACE_BOUND('',#8566,.T.);
#8566 = EDGE_LOOP('',(#8567,#8568,#8589,#8590));
#8567 = ORIENTED_EDGE('',*,*,#4239,.T.);
#8568 = ORIENTED_EDGE('',*,*,#8569,.T.);
#8569 = EDGE_CURVE('',#4240,#1168,#8570,.T.);
#8570 = SEAM_CURVE('',#8571,(#8575,#8582),.PCURVE_S1.);
#8571 = LINE('',#8572,#8573);
#8572 = CARTESIAN_POINT('',(5.15,-3.,26.));
#8573 = VECTOR('',#8574,1.);
#8574 = DIRECTION('',(0.,0.,1.));
#8575 = PCURVE('',#1188,#8576);
#8576 = DEFINITIONAL_REPRESENTATION('',(#8577),#8581);
#8577 = LINE('',#8578,#8579);
#8578 = CARTESIAN_POINT('',(-6.28318530718,0.));
#8579 = VECTOR('',#8580,1.);
#8580 = DIRECTION('',(-0.,-1.));
#8581 = ( GEOMETRIC_REPRESENTATION_CONTEXT(2) 
PARAMETRIC_REPRESENTATION_CONTEXT() REPRESENTATION_CONTEXT('2D SPACE',''
  ) );
#8582 = PCURVE('',#1188,#8583);
#8583 = DEFINITIONAL_REPRESENTATION('',(#8584),#8588);
#8584 = LINE('',#8585,#8586);
#8585 = CARTESIAN_POINT('',(-0.,0.));
#8586 = VECTOR('',#8587,1.);
#8587 = DIRECTION('',(-0.,-1.));
#8588 = ( GEOMETRIC_REPRESENTATION_CONTEXT(2) 
PARAMETRIC_REPRESENTATION_CONTEXT() REPRESENTATION_CONTEXT('2D SPACE',''
  ) );
#8589 = ORIENTED_EDGE('',*,*,#1167,.F.);
#8590 = ORIENTED_EDGE('',*,*,#8569,.F.);
#8591 = ADVANCED_FACE('',(#8592),#1153,.F.);
#8592 = FACE_BOUND('',#8593,.T.);
#8593 = EDGE_LOOP('',(#8594,#8595,#8616,#8617));
#8594 = ORIENTED_EDGE('',*,*,#4179,.T.);
#8595 = ORIENTED_EDGE('',*,*,#8596,.T.);
#8596 = EDGE_CURVE('',#4180,#1133,#8597,.T.);
#8597 = SEAM_CURVE('',#8598,(#8602,#8609),.PCURVE_S1.);
#8598 = LINE('',#8599,#8600);
#8599 = CARTESIAN_POINT('',(5.15,-7.,26.));
#8600 = VECTOR('',#8601,1.);
#8601 = DIRECTION('',(0.,0.,1.));
#8602 = PCURVE('',#1153,#8603);
#8603 = DEFINITIONAL_REPRESENTATION('',(#8604),#8608);
#8604 = LINE('',#8605,#8606);
#8605 = CARTESIAN_POINT('',(-6.28318530718,0.));
#8606 = VECTOR('',#8607,1.);
#8607 = DIRECTION('',(-0.,-1.));
#8608 = ( GEOMETRIC_REPRESENTATION_CONTEXT(2) 
PARAMETRIC_REPRESENTATION_CONTEXT() REPRESENTATION_CONTEXT('2D SPACE',''
  ) );
#8609 = PCURVE('',#1153,#8610);
#8610 = DEFINITIONAL_REPRESENTATION('',(#8611),#8615);
#8611 = LINE('',#8612,#8613);
#8612 = CARTESIAN_POINT('',(-0.,0.));
#8613 = VECTOR('',#8614,1.);
#8614 = DIRECTION('',(-0.,-1.));
#8615 = ( GEOMETRIC_REPRESENTATION_CONTEXT(2) 
PARAMETRIC_REPRESENTATION_CONTEXT() REPRESENTATION_CONTEXT('2D SPACE',''
  ) );
#8616 = ORIENTED_EDGE('',*,*,#1132,.F.);
#8617 = ORIENTED_EDGE('',*,*,#8596,.F.);
#8618 = ADVANCED_FACE('',(#8619),#1118,.F.);
#8619 = FACE_BOUND('',#8620,.T.);
#8620 = EDGE_LOOP('',(#8621,#8622,#8643,#8644));
#8621 = ORIENTED_EDGE('',*,*,#7350,.F.);
#8622 = ORIENTED_EDGE('',*,*,#8623,.T.);
#8623 = EDGE_CURVE('',#7351,#1098,#8624,.T.);
#8624 = SEAM_CURVE('',#8625,(#8629,#8636),.PCURVE_S1.);
#8625 = LINE('',#8626,#8627);
#8626 = CARTESIAN_POINT('',(16.380805733027,-37.58770483143,27.8));
#8627 = VECTOR('',#8628,1.);
#8628 = DIRECTION('',(0.,0.,1.));
#8629 = PCURVE('',#1118,#8630);
#8630 = DEFINITIONAL_REPRESENTATION('',(#8631),#8635);
#8631 = LINE('',#8632,#8633);
#8632 = CARTESIAN_POINT('',(-6.28318530718,0.));
#8633 = VECTOR('',#8634,1.);
#8634 = DIRECTION('',(-0.,-1.));
#8635 = ( GEOMETRIC_REPRESENTATION_CONTEXT(2) 
PARAMETRIC_REPRESENTATION_CONTEXT() REPRESENTATION_CONTEXT('2D SPACE',''
  ) );
#8636 = PCURVE('',#1118,#8637);
#8637 = DEFINITIONAL_REPRESENTATION('',(#8638),#8642);
#8638 = LINE('',#8639,#8640);
#8639 = CARTESIAN_POINT('',(-0.,0.));
#8640 = VECTOR('',#8641,1.);
#8641 = DIRECTION('',(-0.,-1.));
#8642 = ( GEOMETRIC_REPRESENTATION_CONTEXT(2) 
PARAMETRIC_REPRESENTATION_CONTEXT() REPRESENTATION_CONTEXT('2D SPACE',''
  ) );
#8643 = ORIENTED_EDGE('',*,*,#1097,.F.);
#8644 = ORIENTED_EDGE('',*,*,#8623,.F.);
#8645 = ADVANCED_FACE('',(#8646),#1083,.F.);
#8646 = FACE_BOUND('',#8647,.T.);
#8647 = EDGE_LOOP('',(#8648,#8649,#8670,#8671));
#8648 = ORIENTED_EDGE('',*,*,#4209,.T.);
#8649 = ORIENTED_EDGE('',*,*,#8650,.T.);
#8650 = EDGE_CURVE('',#4210,#1063,#8651,.T.);
#8651 = SEAM_CURVE('',#8652,(#8656,#8663),.PCURVE_S1.);
#8652 = LINE('',#8653,#8654);
#8653 = CARTESIAN_POINT('',(1.15,-3.,26.));
#8654 = VECTOR('',#8655,1.);
#8655 = DIRECTION('',(0.,0.,1.));
#8656 = PCURVE('',#1083,#8657);
#8657 = DEFINITIONAL_REPRESENTATION('',(#8658),#8662);
#8658 = LINE('',#8659,#8660);
#8659 = CARTESIAN_POINT('',(-6.28318530718,0.));
#8660 = VECTOR('',#8661,1.);
#8661 = DIRECTION('',(-0.,-1.));
#8662 = ( GEOMETRIC_REPRESENTATION_CONTEXT(2) 
PARAMETRIC_REPRESENTATION_CONTEXT() REPRESENTATION_CONTEXT('2D SPACE',''
  ) );
#8663 = PCURVE('',#1083,#8664);
#8664 = DEFINITIONAL_REPRESENTATION('',(#8665),#8669);
#8665 = LINE('',#8666,#8667);
#8666 = CARTESIAN_POINT('',(-0.,0.));
#8667 = VECTOR('',#8668,1.);
#8668 = DIRECTION('',(-0.,-1.));
#8669 = ( GEOMETRIC_REPRESENTATION_CONTEXT(2) 
PARAMETRIC_REPRESENTATION_CONTEXT() REPRESENTATION_CONTEXT('2D SPACE',''
  ) );
#8670 = ORIENTED_EDGE('',*,*,#1062,.F.);
#8671 = ORIENTED_EDGE('',*,*,#8650,.F.);
#8672 = ADVANCED_FACE('',(#8673),#1048,.F.);
#8673 = FACE_BOUND('',#8674,.T.);
#8674 = EDGE_LOOP('',(#8675,#8676,#8697,#8698));
#8675 = ORIENTED_EDGE('',*,*,#4029,.T.);
#8676 = ORIENTED_EDGE('',*,*,#8677,.T.);
#8677 = EDGE_CURVE('',#4030,#1028,#8678,.T.);
#8678 = SEAM_CURVE('',#8679,(#8683,#8690),.PCURVE_S1.);
#8679 = LINE('',#8680,#8681);
#8680 = CARTESIAN_POINT('',(-2.85,-3.,26.));
#8681 = VECTOR('',#8682,1.);
#8682 = DIRECTION('',(0.,0.,1.));
#8683 = PCURVE('',#1048,#8684);
#8684 = DEFINITIONAL_REPRESENTATION('',(#8685),#8689);
#8685 = LINE('',#8686,#8687);
#8686 = CARTESIAN_POINT('',(-6.28318530718,0.));
#8687 = VECTOR('',#8688,1.);
#8688 = DIRECTION('',(-0.,-1.));
#8689 = ( GEOMETRIC_REPRESENTATION_CONTEXT(2) 
PARAMETRIC_REPRESENTATION_CONTEXT() REPRESENTATION_CONTEXT('2D SPACE',''
  ) );
#8690 = PCURVE('',#1048,#8691);
#8691 = DEFINITIONAL_REPRESENTATION('',(#8692),#8696);
#8692 = LINE('',#8693,#8694);
#8693 = CARTESIAN_POINT('',(-0.,0.));
#8694 = VECTOR('',#8695,1.);
#8695 = DIRECTION('',(-0.,-1.));
#8696 = ( GEOMETRIC_REPRESENTATION_CONTEXT(2) 
PARAMETRIC_REPRESENTATION_CONTEXT() REPRESENTATION_CONTEXT('2D SPACE',''
  ) );
#8697 = ORIENTED_EDGE('',*,*,#1027,.F.);
#8698 = ORIENTED_EDGE('',*,*,#8677,.F.);
#8699 = ADVANCED_FACE('',(#8700),#1013,.F.);
#8700 = FACE_BOUND('',#8701,.T.);
#8701 = EDGE_LOOP('',(#8702,#8703,#8724,#8725));
#8702 = ORIENTED_EDGE('',*,*,#4149,.T.);
#8703 = ORIENTED_EDGE('',*,*,#8704,.T.);
#8704 = EDGE_CURVE('',#4150,#993,#8705,.T.);
#8705 = SEAM_CURVE('',#8706,(#8710,#8717),.PCURVE_S1.);
#8706 = LINE('',#8707,#8708);
#8707 = CARTESIAN_POINT('',(1.15,-7.,26.));
#8708 = VECTOR('',#8709,1.);
#8709 = DIRECTION('',(0.,0.,1.));
#8710 = PCURVE('',#1013,#8711);
#8711 = DEFINITIONAL_REPRESENTATION('',(#8712),#8716);
#8712 = LINE('',#8713,#8714);
#8713 = CARTESIAN_POINT('',(-6.28318530718,0.));
#8714 = VECTOR('',#8715,1.);
#8715 = DIRECTION('',(-0.,-1.));
#8716 = ( GEOMETRIC_REPRESENTATION_CONTEXT(2) 
PARAMETRIC_REPRESENTATION_CONTEXT() REPRESENTATION_CONTEXT('2D SPACE',''
  ) );
#8717 = PCURVE('',#1013,#8718);
#8718 = DEFINITIONAL_REPRESENTATION('',(#8719),#8723);
#8719 = LINE('',#8720,#8721);
#8720 = CARTESIAN_POINT('',(-0.,0.));
#8721 = VECTOR('',#8722,1.);
#8722 = DIRECTION('',(-0.,-1.));
#8723 = ( GEOMETRIC_REPRESENTATION_CONTEXT(2) 
PARAMETRIC_REPRESENTATION_CONTEXT() REPRESENTATION_CONTEXT('2D SPACE',''
  ) );
#8724 = ORIENTED_EDGE('',*,*,#992,.F.);
#8725 = ORIENTED_EDGE('',*,*,#8704,.F.);
#8726 = ADVANCED_FACE('',(#8727),#978,.F.);
#8727 = FACE_BOUND('',#8728,.T.);
#8728 = EDGE_LOOP('',(#8729,#8730,#8751,#8752));
#8729 = ORIENTED_EDGE('',*,*,#3999,.T.);
#8730 = ORIENTED_EDGE('',*,*,#8731,.T.);
#8731 = EDGE_CURVE('',#4000,#958,#8732,.T.);
#8732 = SEAM_CURVE('',#8733,(#8737,#8744),.PCURVE_S1.);
#8733 = LINE('',#8734,#8735);
#8734 = CARTESIAN_POINT('',(-2.85,-7.,26.));
#8735 = VECTOR('',#8736,1.);
#8736 = DIRECTION('',(0.,0.,1.));
#8737 = PCURVE('',#978,#8738);
#8738 = DEFINITIONAL_REPRESENTATION('',(#8739),#8743);
#8739 = LINE('',#8740,#8741);
#8740 = CARTESIAN_POINT('',(-6.28318530718,0.));
#8741 = VECTOR('',#8742,1.);
#8742 = DIRECTION('',(-0.,-1.));
#8743 = ( GEOMETRIC_REPRESENTATION_CONTEXT(2) 
PARAMETRIC_REPRESENTATION_CONTEXT() REPRESENTATION_CONTEXT('2D SPACE',''
  ) );
#8744 = PCURVE('',#978,#8745);
#8745 = DEFINITIONAL_REPRESENTATION('',(#8746),#8750);
#8746 = LINE('',#8747,#8748);
#8747 = CARTESIAN_POINT('',(-0.,0.));
#8748 = VECTOR('',#8749,1.);
#8749 = DIRECTION('',(-0.,-1.));
#8750 = ( GEOMETRIC_REPRESENTATION_CONTEXT(2) 
PARAMETRIC_REPRESENTATION_CONTEXT() REPRESENTATION_CONTEXT('2D SPACE',''
  ) );
#8751 = ORIENTED_EDGE('',*,*,#957,.F.);
#8752 = ORIENTED_EDGE('',*,*,#8731,.F.);
#8753 = ADVANCED_FACE('',(#8754),#943,.F.);
#8754 = FACE_BOUND('',#8755,.T.);
#8755 = EDGE_LOOP('',(#8756,#8757,#8778,#8779));
#8756 = ORIENTED_EDGE('',*,*,#3969,.T.);
#8757 = ORIENTED_EDGE('',*,*,#8758,.T.);
#8758 = EDGE_CURVE('',#3970,#923,#8759,.T.);
#8759 = SEAM_CURVE('',#8760,(#8764,#8771),.PCURVE_S1.);
#8760 = LINE('',#8761,#8762);
#8761 = CARTESIAN_POINT('',(-6.85,-3.,26.));
#8762 = VECTOR('',#8763,1.);
#8763 = DIRECTION('',(0.,0.,1.));
#8764 = PCURVE('',#943,#8765);
#8765 = DEFINITIONAL_REPRESENTATION('',(#8766),#8770);
#8766 = LINE('',#8767,#8768);
#8767 = CARTESIAN_POINT('',(-6.28318530718,0.));
#8768 = VECTOR('',#8769,1.);
#8769 = DIRECTION('',(-0.,-1.));
#8770 = ( GEOMETRIC_REPRESENTATION_CONTEXT(2) 
PARAMETRIC_REPRESENTATION_CONTEXT() REPRESENTATION_CONTEXT('2D SPACE',''
  ) );
#8771 = PCURVE('',#943,#8772);
#8772 = DEFINITIONAL_REPRESENTATION('',(#8773),#8777);
#8773 = LINE('',#8774,#8775);
#8774 = CARTESIAN_POINT('',(-0.,0.));
#8775 = VECTOR('',#8776,1.);
#8776 = DIRECTION('',(-0.,-1.));
#8777 = ( GEOMETRIC_REPRESENTATION_CONTEXT(2) 
PARAMETRIC_REPRESENTATION_CONTEXT() REPRESENTATION_CONTEXT('2D SPACE',''
  ) );
#8778 = ORIENTED_EDGE('',*,*,#922,.F.);
#8779 = ORIENTED_EDGE('',*,*,#8758,.F.);
#8780 = ADVANCED_FACE('',(#8781),#908,.F.);
#8781 = FACE_BOUND('',#8782,.T.);
#8782 = EDGE_LOOP('',(#8783,#8784,#8805,#8806));
#8783 = ORIENTED_EDGE('',*,*,#3909,.T.);
#8784 = ORIENTED_EDGE('',*,*,#8785,.T.);
#8785 = EDGE_CURVE('',#3910,#888,#8786,.T.);
#8786 = SEAM_CURVE('',#8787,(#8791,#8798),.PCURVE_S1.);
#8787 = LINE('',#8788,#8789);
#8788 = CARTESIAN_POINT('',(-6.85,-7.,26.));
#8789 = VECTOR('',#8790,1.);
#8790 = DIRECTION('',(0.,0.,1.));
#8791 = PCURVE('',#908,#8792);
#8792 = DEFINITIONAL_REPRESENTATION('',(#8793),#8797);
#8793 = LINE('',#8794,#8795);
#8794 = CARTESIAN_POINT('',(-6.28318530718,0.));
#8795 = VECTOR('',#8796,1.);
#8796 = DIRECTION('',(-0.,-1.));
#8797 = ( GEOMETRIC_REPRESENTATION_CONTEXT(2) 
PARAMETRIC_REPRESENTATION_CONTEXT() REPRESENTATION_CONTEXT('2D SPACE',''
  ) );
#8798 = PCURVE('',#908,#8799);
#8799 = DEFINITIONAL_REPRESENTATION('',(#8800),#8804);
#8800 = LINE('',#8801,#8802);
#8801 = CARTESIAN_POINT('',(-0.,0.));
#8802 = VECTOR('',#8803,1.);
#8803 = DIRECTION('',(-0.,-1.));
#8804 = ( GEOMETRIC_REPRESENTATION_CONTEXT(2) 
PARAMETRIC_REPRESENTATION_CONTEXT() REPRESENTATION_CONTEXT('2D SPACE',''
  ) );
#8805 = ORIENTED_EDGE('',*,*,#887,.F.);
#8806 = ORIENTED_EDGE('',*,*,#8785,.F.);
#8807 = ADVANCED_FACE('',(#8808),#873,.F.);
#8808 = FACE_BOUND('',#8809,.T.);
#8809 = EDGE_LOOP('',(#8810,#8811,#8832,#8833));
#8810 = ORIENTED_EDGE('',*,*,#3939,.T.);
#8811 = ORIENTED_EDGE('',*,*,#8812,.T.);
#8812 = EDGE_CURVE('',#3940,#853,#8813,.T.);
#8813 = SEAM_CURVE('',#8814,(#8818,#8825),.PCURVE_S1.);
#8814 = LINE('',#8815,#8816);
#8815 = CARTESIAN_POINT('',(-10.85,-3.,26.));
#8816 = VECTOR('',#8817,1.);
#8817 = DIRECTION('',(0.,0.,1.));
#8818 = PCURVE('',#873,#8819);
#8819 = DEFINITIONAL_REPRESENTATION('',(#8820),#8824);
#8820 = LINE('',#8821,#8822);
#8821 = CARTESIAN_POINT('',(-6.28318530718,0.));
#8822 = VECTOR('',#8823,1.);
#8823 = DIRECTION('',(-0.,-1.));
#8824 = ( GEOMETRIC_REPRESENTATION_CONTEXT(2) 
PARAMETRIC_REPRESENTATION_CONTEXT() REPRESENTATION_CONTEXT('2D SPACE',''
  ) );
#8825 = PCURVE('',#873,#8826);
#8826 = DEFINITIONAL_REPRESENTATION('',(#8827),#8831);
#8827 = LINE('',#8828,#8829);
#8828 = CARTESIAN_POINT('',(-0.,0.));
#8829 = VECTOR('',#8830,1.);
#8830 = DIRECTION('',(-0.,-1.));
#8831 = ( GEOMETRIC_REPRESENTATION_CONTEXT(2) 
PARAMETRIC_REPRESENTATION_CONTEXT() REPRESENTATION_CONTEXT('2D SPACE',''
  ) );
#8832 = ORIENTED_EDGE('',*,*,#852,.F.);
#8833 = ORIENTED_EDGE('',*,*,#8812,.F.);
#8834 = ADVANCED_FACE('',(#8835),#838,.F.);
#8835 = FACE_BOUND('',#8836,.T.);
#8836 = EDGE_LOOP('',(#8837,#8838,#8859,#8860));
#8837 = ORIENTED_EDGE('',*,*,#6780,.F.);
#8838 = ORIENTED_EDGE('',*,*,#8839,.T.);
#8839 = EDGE_CURVE('',#6781,#818,#8840,.T.);
#8840 = SEAM_CURVE('',#8841,(#8845,#8852),.PCURVE_S1.);
#8841 = LINE('',#8842,#8843);
#8842 = CARTESIAN_POINT('',(-10.98080573302,-37.58770483143,27.8));
#8843 = VECTOR('',#8844,1.);
#8844 = DIRECTION('',(0.,0.,1.));
#8845 = PCURVE('',#838,#8846);
#8846 = DEFINITIONAL_REPRESENTATION('',(#8847),#8851);
#8847 = LINE('',#8848,#8849);
#8848 = CARTESIAN_POINT('',(-6.28318530718,0.));
#8849 = VECTOR('',#8850,1.);
#8850 = DIRECTION('',(-0.,-1.));
#8851 = ( GEOMETRIC_REPRESENTATION_CONTEXT(2) 
PARAMETRIC_REPRESENTATION_CONTEXT() REPRESENTATION_CONTEXT('2D SPACE',''
  ) );
#8852 = PCURVE('',#838,#8853);
#8853 = DEFINITIONAL_REPRESENTATION('',(#8854),#8858);
#8854 = LINE('',#8855,#8856);
#8855 = CARTESIAN_POINT('',(-0.,0.));
#8856 = VECTOR('',#8857,1.);
#8857 = DIRECTION('',(-0.,-1.));
#8858 = ( GEOMETRIC_REPRESENTATION_CONTEXT(2) 
PARAMETRIC_REPRESENTATION_CONTEXT() REPRESENTATION_CONTEXT('2D SPACE',''
  ) );
#8859 = ORIENTED_EDGE('',*,*,#817,.F.);
#8860 = ORIENTED_EDGE('',*,*,#8839,.F.);
#8861 = ADVANCED_FACE('',(#8862),#711,.T.);
#8862 = FACE_BOUND('',#8863,.T.);
#8863 = EDGE_LOOP('',(#8864,#8895,#9060,#9061));
#8864 = ORIENTED_EDGE('',*,*,#8865,.F.);
#8865 = EDGE_CURVE('',#8866,#8868,#8870,.T.);
#8866 = VERTEX_POINT('',#8867);
#8867 = CARTESIAN_POINT('',(-17.27116565114,-38.83241992267,26.));
#8868 = VERTEX_POINT('',#8869);
#8869 = CARTESIAN_POINT('',(-17.27116565114,38.83241992267,26.));
#8870 = SURFACE_CURVE('',#8871,(#8876,#8883),.PCURVE_S1.);
#8871 = CIRCLE('',#8872,42.5);
#8872 = AXIS2_PLACEMENT_3D('',#8873,#8874,#8875);
#8873 = CARTESIAN_POINT('',(0.,0.,26.));
#8874 = DIRECTION('',(0.,0.,-1.));
#8875 = DIRECTION('',(0.406380368262,0.91370399818,0.));
#8876 = PCURVE('',#711,#8877);
#8877 = DEFINITIONAL_REPRESENTATION('',(#8878),#8882);
#8878 = LINE('',#8879,#8880);
#8879 = CARTESIAN_POINT('',(7.435492570989,0.));
#8880 = VECTOR('',#8881,1.);
#8881 = DIRECTION('',(-1.,-0.));
#8882 = ( GEOMETRIC_REPRESENTATION_CONTEXT(2) 
PARAMETRIC_REPRESENTATION_CONTEXT() REPRESENTATION_CONTEXT('2D SPACE',''
  ) );
#8883 = PCURVE('',#8884,#8889);
#8884 = CYLINDRICAL_SURFACE('',#8885,42.5);
#8885 = AXIS2_PLACEMENT_3D('',#8886,#8887,#8888);
#8886 = CARTESIAN_POINT('',(0.,0.,6.25));
#8887 = DIRECTION('',(-0.,-0.,-1.));
#8888 = DIRECTION('',(1.,0.,0.));
#8889 = DEFINITIONAL_REPRESENTATION('',(#8890),#8894);
#8890 = LINE('',#8891,#8892);
#8891 = CARTESIAN_POINT('',(-7.435492570989,-19.75));
#8892 = VECTOR('',#8893,1.);
#8893 = DIRECTION('',(1.,-0.));
#8894 = ( GEOMETRIC_REPRESENTATION_CONTEXT(2) 
PARAMETRIC_REPRESENTATION_CONTEXT() REPRESENTATION_CONTEXT('2D SPACE',''
  ) );
#8895 = ORIENTED_EDGE('',*,*,#8896,.T.);
#8896 = EDGE_CURVE('',#8866,#691,#8897,.T.);
#8897 = SURFACE_CURVE('',#8898,(#8950,#9005),.PCURVE_S1.);
#8898 = B_SPLINE_CURVE_WITH_KNOTS('',8,(#8899,#8900,#8901,#8902,#8903,
    #8904,#8905,#8906,#8907,#8908,#8909,#8910,#8911,#8912,#8913,#8914,
    #8915,#8916,#8917,#8918,#8919,#8920,#8921,#8922,#8923,#8924,#8925,
    #8926,#8927,#8928,#8929,#8930,#8931,#8932,#8933,#8934,#8935,#8936,
    #8937,#8938,#8939,#8940,#8941,#8942,#8943,#8944,#8945,#8946,#8947,
    #8948,#8949),.UNSPECIFIED.,.F.,.F.,(9,7,7,7,7,7,7,9),(0.,
    0.33363949938,0.529038001427,0.604504249254,0.708414236264,
    0.793749024486,0.933388758178,1.),.UNSPECIFIED.);
#8899 = CARTESIAN_POINT('',(-17.27116565114,-38.83241992267,26.));
#8900 = CARTESIAN_POINT('',(-17.27116565114,-38.83241992267,
    26.233559611544));
#8901 = CARTESIAN_POINT('',(-17.27815746293,-38.81225248501,
    26.467092818057));
#8902 = CARTESIAN_POINT('',(-17.29213717429,-38.77192602063,
    26.699292500779));
#8903 = CARTESIAN_POINT('',(-17.31221302645,-38.71197603452,
    26.929082420769));
#8904 = CARTESIAN_POINT('',(-17.33663886103,-38.63330074879,
    27.155585323438));
#8905 = CARTESIAN_POINT('',(-17.36332445589,-38.53687347062,
    27.378050027551));
#8906 = CARTESIAN_POINT('',(-17.39006845623,-38.42360300095,
    27.595821870633));
#8907 = CARTESIAN_POINT('',(-17.42890411058,-38.21834852392,
    27.93275339555));
#8908 = CARTESIAN_POINT('',(-17.44247559029,-38.13698961298,
    28.055387209525));
#8909 = CARTESIAN_POINT('',(-17.45481368056,-38.05020204997,
    28.17611461602));
#8910 = CARTESIAN_POINT('',(-17.46543837453,-37.9580934856,
    28.294808751016));
#8911 = CARTESIAN_POINT('',(-17.47385258035,-37.86076316392,
    28.411312965694));
#8912 = CARTESIAN_POINT('',(-17.47953828997,-37.75830293276,
    28.525440807756));
#8913 = CARTESIAN_POINT('',(-17.48194703845,-37.6507951507,
    28.636974539933));
#8914 = CARTESIAN_POINT('',(-17.47991985612,-37.49486283002,
    28.787639229681));
#8915 = CARTESIAN_POINT('',(-17.47877760659,-37.45067830939,
    28.829188973708));
#8916 = CARTESIAN_POINT('',(-17.47702386265,-37.40575901871,
    28.870295764925));
#8917 = CARTESIAN_POINT('',(-17.47462357385,-37.36011095143,
    28.910942380362));
#8918 = CARTESIAN_POINT('',(-17.47154068201,-37.31374100451,
    28.951110036922));
#8919 = CARTESIAN_POINT('',(-17.46773812129,-37.26665697848,
    28.990778391374));
#8920 = CARTESIAN_POINT('',(-17.46317781816,-37.21886757743,
    29.02992554036));
#8921 = CARTESIAN_POINT('',(-17.45044442731,-37.10362285265,
    29.121680036211));
#8922 = CARTESIAN_POINT('',(-17.4415576211,-37.03554683883,
    29.173797486232));
#8923 = CARTESIAN_POINT('',(-17.43105825579,-36.96617840742,
    29.224820787803));
#8924 = CARTESIAN_POINT('',(-17.41884033244,-36.89554952652,
    29.27468125911));
#8925 = CARTESIAN_POINT('',(-17.40479478332,-36.82370107373,
    29.323302006752));
#8926 = CARTESIAN_POINT('',(-17.38881038512,-36.75068381755,
    29.370598813334));
#8927 = CARTESIAN_POINT('',(-17.3707746721,-36.67655939873,
    29.41648102505));
#8928 = CARTESIAN_POINT('',(-17.33398599532,-36.5396786646,
    29.497291912934));
#8929 = CARTESIAN_POINT('',(-17.31593813104,-36.47726100303,
    29.53271118362));
#8930 = CARTESIAN_POINT('',(-17.29636975318,-36.41419064478,
    29.567056391883));
#8931 = CARTESIAN_POINT('',(-17.27521985626,-36.35051794943,
    29.600269667968));
#8932 = CARTESIAN_POINT('',(-17.25242947676,-36.28630180261,
    29.632290286805));
#8933 = CARTESIAN_POINT('',(-17.22794323727,-36.22161010049,
    29.663055823005));
#8934 = CARTESIAN_POINT('',(-17.20171089062,-36.15652023413,
    29.692503305864));
#8935 = CARTESIAN_POINT('',(-17.12783431388,-35.98409955354,
    29.766498630011));
#8936 = CARTESIAN_POINT('',(-17.07716961524,-35.87620472516,
    29.808748910601));
#8937 = CARTESIAN_POINT('',(-17.02152164252,-35.76787207061,
    29.847019863334));
#8938 = CARTESIAN_POINT('',(-16.96077071669,-35.65958331487,
    29.881039356399));
#8939 = CARTESIAN_POINT('',(-16.89486433343,-35.55186336508,
    29.910577319817));
#8940 = CARTESIAN_POINT('',(-16.82383762066,-35.44527561018,
    29.935461995374));
#8941 = CARTESIAN_POINT('',(-16.74784052544,-35.34041408096,
    29.955599595617));
#8942 = CARTESIAN_POINT('',(-16.62869093069,-35.18898739502,
    29.978342451824));
#8943 = CARTESIAN_POINT('',(-16.58914139476,-35.14060749581,
    29.984610067489));
#8944 = CARTESIAN_POINT('',(-16.54855197082,-35.09281570311,
    29.989801051736));
#8945 = CARTESIAN_POINT('',(-16.50695470131,-35.04567101404,
    29.993921727437));
#8946 = CARTESIAN_POINT('',(-16.46438464226,-34.99922854769,
    29.996983551194));
#8947 = CARTESIAN_POINT('',(-16.42087968268,-34.95353959974,
    29.999002757016));
#8948 = CARTESIAN_POINT('',(-16.37648036397,-34.90865169712,30.));
#8949 = CARTESIAN_POINT('',(-16.33122969937,-34.8646086527,30.));
#8950 = PCURVE('',#711,#8951);
#8951 = DEFINITIONAL_REPRESENTATION('',(#8952),#9004);
#8952 = B_SPLINE_CURVE_WITH_KNOTS('',8,(#8953,#8954,#8955,#8956,#8957,
    #8958,#8959,#8960,#8961,#8962,#8963,#8964,#8965,#8966,#8967,#8968,
    #8969,#8970,#8971,#8972,#8973,#8974,#8975,#8976,#8977,#8978,#8979,
    #8980,#8981,#8982,#8983,#8984,#8985,#8986,#8987,#8988,#8989,#8990,
    #8991,#8992,#8993,#8994,#8995,#8996,#8997,#8998,#8999,#9000,#9001,
    #9002,#9003),.UNSPECIFIED.,.F.,.F.,(9,7,7,7,7,7,7,9),(0.,
    0.33363949938,0.529038001427,0.604504249254,0.708414236264,
    0.793749024486,0.933388758178,1.),.UNSPECIFIED.);
#8953 = CARTESIAN_POINT('',(4.2938999174,0.));
#8954 = CARTESIAN_POINT('',(4.2938999174,5.838990288593E-02));
#8955 = CARTESIAN_POINT('',(4.293556762372,0.116773211114));
#8956 = CARTESIAN_POINT('',(4.292870615153,0.175126443157));
#8957 = CARTESIAN_POINT('',(4.291864365984,0.233483799833));
#8958 = CARTESIAN_POINT('',(4.290581304804,0.291922359691));
#8959 = CARTESIAN_POINT('',(4.289072188352,0.35055603174));
#8960 = CARTESIAN_POINT('',(4.287389417342,0.409537797201));
#8961 = CARTESIAN_POINT('',(4.284529289626,0.503971521393));
#8962 = CARTESIAN_POINT('',(4.283431400864,0.539047488133));
#8963 = CARTESIAN_POINT('',(4.282302375285,0.574372251904));
#8964 = CARTESIAN_POINT('',(4.281152904261,0.609996319907));
#8965 = CARTESIAN_POINT('',(4.279994025933,0.645970257));
#8966 = CARTESIAN_POINT('',(4.278837259915,0.68234678932));
#8967 = CARTESIAN_POINT('',(4.277694848435,0.719183835293));
#8968 = CARTESIAN_POINT('',(4.276149570484,0.770979323537));
#8969 = CARTESIAN_POINT('',(4.275723195582,0.785487946603));
#8970 = CARTESIAN_POINT('',(4.275301752501,0.800077747408));
#8971 = CARTESIAN_POINT('',(4.274886052848,0.814752059683));
#8972 = CARTESIAN_POINT('',(4.274476946539,0.829514136702));
#8973 = CARTESIAN_POINT('',(4.274075321798,0.844367151285));
#8974 = CARTESIAN_POINT('',(4.27368210516,0.859314195796));
#8975 = CARTESIAN_POINT('',(4.272769744495,0.895072586381));
#8976 = CARTESIAN_POINT('',(4.27225902355,0.915970153134));
#8977 = CARTESIAN_POINT('',(4.271768612709,0.937059384352));
#8978 = CARTESIAN_POINT('',(4.271301226995,0.958347302374));
#8979 = CARTESIAN_POINT('',(4.270859780613,0.979839500624));
#8980 = CARTESIAN_POINT('',(4.270447385191,1.001540094306));
#8981 = CARTESIAN_POINT('',(4.270067348009,1.023451671095));
#8982 = CARTESIAN_POINT('',(4.269440518515,1.063743949939));
#8983 = CARTESIAN_POINT('',(4.269182062407,1.082055014892));
#8984 = CARTESIAN_POINT('',(4.268949735964,1.100508451494));
#8985 = CARTESIAN_POINT('',(4.268745576667,1.119102832409));
#8986 = CARTESIAN_POINT('',(4.268571698224,1.137835113242));
#8987 = CARTESIAN_POINT('',(4.268430263373,1.156700457614));
#8988 = CARTESIAN_POINT('',(4.268323456678,1.175692062242));
#8989 = CARTESIAN_POINT('',(4.268138912123,1.22607034499));
#8990 = CARTESIAN_POINT('',(4.268122871342,1.257666223527));
#8991 = CARTESIAN_POINT('',(4.268215061821,1.289533527208));
#8992 = CARTESIAN_POINT('',(4.268424739612,1.321608692216));
#8993 = CARTESIAN_POINT('',(4.268760369302,1.35381802426));
#8994 = CARTESIAN_POINT('',(4.269229048645,1.386075138665));
#8995 = CARTESIAN_POINT('',(4.269835678505,1.418277497643));
#8996 = CARTESIAN_POINT('',(4.270937831827,1.465578462087));
#8997 = CARTESIAN_POINT('',(4.271325596635,1.48081668239));
#8998 = CARTESIAN_POINT('',(4.271745391187,1.496004564317));
#8999 = CARTESIAN_POINT('',(4.272197314526,1.511130486307));
#9000 = CARTESIAN_POINT('',(4.272681347867,1.526183274979));
#9001 = CARTESIAN_POINT('',(4.27319735638,1.541152133552));
#9002 = CARTESIAN_POINT('',(4.273745090971,1.556026570266));
#9003 = CARTESIAN_POINT('',(4.274324190069,1.570796326795));
#9004 = ( GEOMETRIC_REPRESENTATION_CONTEXT(2) 
PARAMETRIC_REPRESENTATION_CONTEXT() REPRESENTATION_CONTEXT('2D SPACE',''
  ) );
#9005 = PCURVE('',#744,#9006);
#9006 = DEFINITIONAL_REPRESENTATION('',(#9007),#9059);
#9007 = B_SPLINE_CURVE_WITH_KNOTS('',8,(#9008,#9009,#9010,#9011,#9012,
    #9013,#9014,#9015,#9016,#9017,#9018,#9019,#9020,#9021,#9022,#9023,
    #9024,#9025,#9026,#9027,#9028,#9029,#9030,#9031,#9032,#9033,#9034,
    #9035,#9036,#9037,#9038,#9039,#9040,#9041,#9042,#9043,#9044,#9045,
    #9046,#9047,#9048,#9049,#9050,#9051,#9052,#9053,#9054,#9055,#9056,
    #9057,#9058),.UNSPECIFIED.,.F.,.F.,(9,7,7,7,7,7,7,9),(0.,
    0.33363949938,0.529038001427,0.604504249254,0.708414236264,
    0.793749024486,0.933388758178,1.),.UNSPECIFIED.);
#9008 = CARTESIAN_POINT('',(-3.47530899926,-20.));
#9009 = CARTESIAN_POINT('',(-3.47530899926,-20.23355961154));
#9010 = CARTESIAN_POINT('',(-3.469691861241,-20.46709281805));
#9011 = CARTESIAN_POINT('',(-3.458460186835,-20.69929250078));
#9012 = CARTESIAN_POINT('',(-3.441823262699,-20.92908242076));
#9013 = CARTESIAN_POINT('',(-3.420157131629,-21.15558532343));
#9014 = CARTESIAN_POINT('',(-3.393854939907,-21.37805002755));
#9015 = CARTESIAN_POINT('',(-3.363258143184,-21.59582187063));
#9016 = CARTESIAN_POINT('',(-3.308285467782,-21.93275339555));
#9017 = CARTESIAN_POINT('',(-3.286584483724,-22.05538720952));
#9018 = CARTESIAN_POINT('',(-3.263527489641,-22.17611461602));
#9019 = CARTESIAN_POINT('',(-3.239145494239,-22.29480875101));
#9020 = CARTESIAN_POINT('',(-3.213459377922,-22.41131296569));
#9021 = CARTESIAN_POINT('',(-3.186478420814,-22.52544080775));
#9022 = CARTESIAN_POINT('',(-3.158197504468,-22.63697453993));
#9023 = CARTESIAN_POINT('',(-3.117159215728,-22.78763922968));
#9024 = CARTESIAN_POINT('',(-3.105528753003,-22.8291889737));
#9025 = CARTESIAN_POINT('',(-3.093700607781,-22.87029576492));
#9026 = CARTESIAN_POINT('',(-3.081673632354,-22.91094238036));
#9027 = CARTESIAN_POINT('',(-3.069446522609,-22.95111003692));
#9028 = CARTESIAN_POINT('',(-3.057017818037,-22.99077839137));
#9029 = CARTESIAN_POINT('',(-3.044385901727,-23.02992554036));
#9030 = CARTESIAN_POINT('',(-3.013873784074,-23.12168003621));
#9031 = CARTESIAN_POINT('',(-2.995810569907,-23.17379748623));
#9032 = CARTESIAN_POINT('',(-2.977354288261,-23.2248207878));
#9033 = CARTESIAN_POINT('',(-2.958500269675,-23.27468125911));
#9034 = CARTESIAN_POINT('',(-2.939244339886,-23.32330200675));
#9035 = CARTESIAN_POINT('',(-2.919582914879,-23.37059881333));
#9036 = CARTESIAN_POINT('',(-2.899513095935,-23.41648102505));
#9037 = CARTESIAN_POINT('',(-2.862213546618,-23.49729191293));
#9038 = CARTESIAN_POINT('',(-2.845118031784,-23.53271118362));
#9039 = CARTESIAN_POINT('',(-2.827745556978,-23.56705639188));
#9040 = CARTESIAN_POINT('',(-2.810096480745,-23.60026966796));
#9041 = CARTESIAN_POINT('',(-2.79217239725,-23.6322902868));
#9042 = CARTESIAN_POINT('',(-2.773976350142,-23.663055823));
#9043 = CARTESIAN_POINT('',(-2.755513046429,-23.69250330586));
#9044 = CARTESIAN_POINT('',(-2.706149619676,-23.76649863001));
#9045 = CARTESIAN_POINT('',(-2.674800062804,-23.8087489106));
#9046 = CARTESIAN_POINT('',(-2.642784181067,-23.84701986333));
#9047 = CARTESIAN_POINT('',(-2.610153969994,-23.88103935639));
#9048 = CARTESIAN_POINT('',(-2.576970549846,-23.91057731981));
#9049 = CARTESIAN_POINT('',(-2.543307053898,-23.93546199537));
#9050 = CARTESIAN_POINT('',(-2.509253494433,-23.95559959561));
#9051 = CARTESIAN_POINT('',(-2.45854749052,-23.97834245182));
#9052 = CARTESIAN_POINT('',(-2.442106073739,-23.98461006748));
#9053 = CARTESIAN_POINT('',(-2.425610369556,-23.98980105173));
#9054 = CARTESIAN_POINT('',(-2.409070880075,-23.99392172743));
#9055 = CARTESIAN_POINT('',(-2.392497666867,-23.99698355119));
#9056 = CARTESIAN_POINT('',(-2.375900421779,-23.99900275701));
#9057 = CARTESIAN_POINT('',(-2.359288537734,-24.));
#9058 = CARTESIAN_POINT('',(-2.342671179537,-24.));
#9059 = ( GEOMETRIC_REPRESENTATION_CONTEXT(2) 
PARAMETRIC_REPRESENTATION_CONTEXT() REPRESENTATION_CONTEXT('2D SPACE',''
  ) );
#9060 = ORIENTED_EDGE('',*,*,#690,.T.);
#9061 = ORIENTED_EDGE('',*,*,#9062,.F.);
#9062 = EDGE_CURVE('',#8868,#658,#9063,.T.);
#9063 = SURFACE_CURVE('',#9064,(#9116,#9171),.PCURVE_S1.);
#9064 = B_SPLINE_CURVE_WITH_KNOTS('',8,(#9065,#9066,#9067,#9068,#9069,
    #9070,#9071,#9072,#9073,#9074,#9075,#9076,#9077,#9078,#9079,#9080,
    #9081,#9082,#9083,#9084,#9085,#9086,#9087,#9088,#9089,#9090,#9091,
    #9092,#9093,#9094,#9095,#9096,#9097,#9098,#9099,#9100,#9101,#9102,
    #9103,#9104,#9105,#9106,#9107,#9108,#9109,#9110,#9111,#9112,#9113,
    #9114,#9115),.UNSPECIFIED.,.F.,.F.,(9,7,7,7,7,7,7,9),(0.,
    0.333639499356,0.529038001405,0.604504249233,0.708414236243,
    0.793749024467,0.933388757757,1.),.UNSPECIFIED.);
#9065 = CARTESIAN_POINT('',(-17.27116565114,38.83241992267,26.));
#9066 = CARTESIAN_POINT('',(-17.27116565114,38.83241992267,
    26.233559611528));
#9067 = CARTESIAN_POINT('',(-17.27815746293,38.812252485019,
    26.467092818021));
#9068 = CARTESIAN_POINT('',(-17.29213717429,38.77192602064,
    26.69929250074));
#9069 = CARTESIAN_POINT('',(-17.31221302645,38.711976034546,
    26.929082420692));
#9070 = CARTESIAN_POINT('',(-17.33663886103,38.633300748816,
    27.15558532337));
#9071 = CARTESIAN_POINT('',(-17.36332445588,38.536873470669,
    27.378050027454));
#9072 = CARTESIAN_POINT('',(-17.39006845622,38.42360300101,
    27.595821870528));
#9073 = CARTESIAN_POINT('',(-17.42890411057,38.218348524003,
    27.932753395434));
#9074 = CARTESIAN_POINT('',(-17.44247559028,38.136989613065,
    28.055387209412));
#9075 = CARTESIAN_POINT('',(-17.45481368055,38.05020205006,
    28.17611461591));
#9076 = CARTESIAN_POINT('',(-17.46543837452,37.958093485688,
    28.294808750908));
#9077 = CARTESIAN_POINT('',(-17.47385258035,37.860763164017,
    28.411312965589));
#9078 = CARTESIAN_POINT('',(-17.47953828997,37.758302932861,
    28.525440807654));
#9079 = CARTESIAN_POINT('',(-17.48194703845,37.650795150796,
    28.636974539834));
#9080 = CARTESIAN_POINT('',(-17.47991985612,37.494862830121,
    28.787639229586));
#9081 = CARTESIAN_POINT('',(-17.47877760659,37.450678309491,
    28.829188973615));
#9082 = CARTESIAN_POINT('',(-17.47702386266,37.40575901882,
    28.870295764833));
#9083 = CARTESIAN_POINT('',(-17.47462357385,37.360110951535,
    28.910942380271));
#9084 = CARTESIAN_POINT('',(-17.47154068202,37.313741004617,
    28.951110036832));
#9085 = CARTESIAN_POINT('',(-17.4677381213,37.266656978594,
    28.990778391286));
#9086 = CARTESIAN_POINT('',(-17.46317781817,37.218867577544,
    29.029925540274));
#9087 = CARTESIAN_POINT('',(-17.45044442732,37.10362285276,
    29.121680036128));
#9088 = CARTESIAN_POINT('',(-17.44155762112,37.03554683894,
    29.173797486151));
#9089 = CARTESIAN_POINT('',(-17.43105825581,36.966178407538,
    29.224820787725));
#9090 = CARTESIAN_POINT('',(-17.41884033246,36.895549526636,
    29.274681259033));
#9091 = CARTESIAN_POINT('',(-17.40479478334,36.823701073847,
    29.323302006678));
#9092 = CARTESIAN_POINT('',(-17.38881038514,36.75068381767,
    29.370598813263));
#9093 = CARTESIAN_POINT('',(-17.37077467213,36.676559398848,
    29.416481024981));
#9094 = CARTESIAN_POINT('',(-17.33398599535,36.539678664715,
    29.49729191287));
#9095 = CARTESIAN_POINT('',(-17.31593813108,36.477261003143,
    29.532711183557));
#9096 = CARTESIAN_POINT('',(-17.29636975321,36.414190644898,
    29.567056391822));
#9097 = CARTESIAN_POINT('',(-17.2752198563,36.350517949545,
    29.60026966791));
#9098 = CARTESIAN_POINT('',(-17.2524294768,36.286301802733,
    29.632290286749));
#9099 = CARTESIAN_POINT('',(-17.22794323731,36.221610100612,
    29.663055822952));
#9100 = CARTESIAN_POINT('',(-17.20171089066,36.156520234248,
    29.692503305812));
#9101 = CARTESIAN_POINT('',(-17.12783431406,35.984099553962,
    29.766498629834));
#9102 = CARTESIAN_POINT('',(-17.07716961559,35.876204725904,
    29.808748910316));
#9103 = CARTESIAN_POINT('',(-17.02152164306,35.767872071669,
    29.847019862966));
#9104 = CARTESIAN_POINT('',(-16.96077071745,35.659583316233,
    29.881039355973));
#9105 = CARTESIAN_POINT('',(-16.89486433445,35.551863366751,
    29.910577319362));
#9106 = CARTESIAN_POINT('',(-16.82383762196,35.445275612135,
    29.935461994919));
#9107 = CARTESIAN_POINT('',(-16.74784052705,35.340414083188,
    29.955599595191));
#9108 = CARTESIAN_POINT('',(-16.62869093243,35.188987397157,
    29.978342451547));
#9109 = CARTESIAN_POINT('',(-16.58914139629,35.140607497628,
    29.984610067292));
#9110 = CARTESIAN_POINT('',(-16.54855197213,35.092815704598,
    29.989801051606));
#9111 = CARTESIAN_POINT('',(-16.50695470238,35.045671015214,
    29.993921727359));
#9112 = CARTESIAN_POINT('',(-16.46438464308,34.999228548558,
    29.996983551155));
#9113 = CARTESIAN_POINT('',(-16.42087968324,34.95353960031,
    29.999002757004));
#9114 = CARTESIAN_POINT('',(-16.37648036426,34.908651697406,30.));
#9115 = CARTESIAN_POINT('',(-16.33122969937,34.864608652706,30.));
#9116 = PCURVE('',#711,#9117);
#9117 = DEFINITIONAL_REPRESENTATION('',(#9118),#9170);
#9118 = B_SPLINE_CURVE_WITH_KNOTS('',8,(#9119,#9120,#9121,#9122,#9123,
    #9124,#9125,#9126,#9127,#9128,#9129,#9130,#9131,#9132,#9133,#9134,
    #9135,#9136,#9137,#9138,#9139,#9140,#9141,#9142,#9143,#9144,#9145,
    #9146,#9147,#9148,#9149,#9150,#9151,#9152,#9153,#9154,#9155,#9156,
    #9157,#9158,#9159,#9160,#9161,#9162,#9163,#9164,#9165,#9166,#9167,
    #9168,#9169),.UNSPECIFIED.,.F.,.F.,(9,7,7,7,7,7,7,9),(0.,
    0.333639499356,0.529038001405,0.604504249233,0.708414236243,
    0.793749024467,0.933388757757,1.),.UNSPECIFIED.);
#9119 = CARTESIAN_POINT('',(1.98928538978,0.));
#9120 = CARTESIAN_POINT('',(1.98928538978,5.838990288199E-02));
#9121 = CARTESIAN_POINT('',(1.989628544807,0.116773211104));
#9122 = CARTESIAN_POINT('',(1.990314692026,0.175126443148));
#9123 = CARTESIAN_POINT('',(1.991320941195,0.233483799813));
#9124 = CARTESIAN_POINT('',(1.992604002375,0.291922359673));
#9125 = CARTESIAN_POINT('',(1.994113118827,0.350556031714));
#9126 = CARTESIAN_POINT('',(1.995795889837,0.409537797173));
#9127 = CARTESIAN_POINT('',(1.998656017552,0.50397152136));
#9128 = CARTESIAN_POINT('',(1.999753906315,0.5390474881));
#9129 = CARTESIAN_POINT('',(2.000882931894,0.574372251872));
#9130 = CARTESIAN_POINT('',(2.002032402917,0.609996319874));
#9131 = CARTESIAN_POINT('',(2.003191281246,0.645970256967));
#9132 = CARTESIAN_POINT('',(2.004348047264,0.682346789287));
#9133 = CARTESIAN_POINT('',(2.005490458743,0.71918383526));
#9134 = CARTESIAN_POINT('',(2.007035736695,0.770979323504));
#9135 = CARTESIAN_POINT('',(2.007462111597,0.78548794657));
#9136 = CARTESIAN_POINT('',(2.007883554678,0.800077747375));
#9137 = CARTESIAN_POINT('',(2.008299254331,0.81475205965));
#9138 = CARTESIAN_POINT('',(2.00870836064,0.829514136669));
#9139 = CARTESIAN_POINT('',(2.009109985381,0.844367151252));
#9140 = CARTESIAN_POINT('',(2.009503202018,0.859314195763));
#9141 = CARTESIAN_POINT('',(2.010415562684,0.895072586348));
#9142 = CARTESIAN_POINT('',(2.010926283629,0.915970153101));
#9143 = CARTESIAN_POINT('',(2.011416694469,0.937059384319));
#9144 = CARTESIAN_POINT('',(2.011884080184,0.958347302341));
#9145 = CARTESIAN_POINT('',(2.012325526566,0.979839500591));
#9146 = CARTESIAN_POINT('',(2.012737921988,1.001540094273));
#9147 = CARTESIAN_POINT('',(2.01311795917,1.023451671062));
#9148 = CARTESIAN_POINT('',(2.013744788664,1.063743949906));
#9149 = CARTESIAN_POINT('',(2.014003244772,1.082055014859));
#9150 = CARTESIAN_POINT('',(2.014235571215,1.10050845146));
#9151 = CARTESIAN_POINT('',(2.014439730513,1.119102832375));
#9152 = CARTESIAN_POINT('',(2.014613608955,1.137835113209));
#9153 = CARTESIAN_POINT('',(2.014755043806,1.156700457581));
#9154 = CARTESIAN_POINT('',(2.014861850502,1.175692062209));
#9155 = CARTESIAN_POINT('',(2.015046395057,1.226070344867));
#9156 = CARTESIAN_POINT('',(2.015062435838,1.257666223312));
#9157 = CARTESIAN_POINT('',(2.01497024536,1.289533526899));
#9158 = CARTESIAN_POINT('',(2.01476056757,1.321608691813));
#9159 = CARTESIAN_POINT('',(2.014424937883,1.353818023762));
#9160 = CARTESIAN_POINT('',(2.013956258543,1.386075138074));
#9161 = CARTESIAN_POINT('',(2.013349628688,1.418277496961));
#9162 = CARTESIAN_POINT('',(2.012247475369,1.465578461414));
#9163 = CARTESIAN_POINT('',(2.011859710561,1.480816681815));
#9164 = CARTESIAN_POINT('',(2.011439916007,1.49600456384));
#9165 = CARTESIAN_POINT('',(2.010987992666,1.511130485927));
#9166 = CARTESIAN_POINT('',(2.010503959322,1.526183274695));
#9167 = CARTESIAN_POINT('',(2.009987950806,1.541152133365));
#9168 = CARTESIAN_POINT('',(2.009440216212,1.556026570173));
#9169 = CARTESIAN_POINT('',(2.008861117111,1.570796326795));
#9170 = ( GEOMETRIC_REPRESENTATION_CONTEXT(2) 
PARAMETRIC_REPRESENTATION_CONTEXT() REPRESENTATION_CONTEXT('2D SPACE',''
  ) );
#9171 = PCURVE('',#678,#9172);
#9172 = DEFINITIONAL_REPRESENTATION('',(#9173),#9225);
#9173 = B_SPLINE_CURVE_WITH_KNOTS('',8,(#9174,#9175,#9176,#9177,#9178,
    #9179,#9180,#9181,#9182,#9183,#9184,#9185,#9186,#9187,#9188,#9189,
    #9190,#9191,#9192,#9193,#9194,#9195,#9196,#9197,#9198,#9199,#9200,
    #9201,#9202,#9203,#9204,#9205,#9206,#9207,#9208,#9209,#9210,#9211,
    #9212,#9213,#9214,#9215,#9216,#9217,#9218,#9219,#9220,#9221,#9222,
    #9223,#9224),.UNSPECIFIED.,.F.,.F.,(9,7,7,7,7,7,7,9),(0.,
    0.333639499356,0.529038001405,0.604504249233,0.708414236243,
    0.793749024467,0.933388757757,1.),.UNSPECIFIED.);
#9174 = CARTESIAN_POINT('',(-9.091061615099,-20.));
#9175 = CARTESIAN_POINT('',(-9.091061615099,-20.23355961152));
#9176 = CARTESIAN_POINT('',(-9.096678753118,-20.46709281802));
#9177 = CARTESIAN_POINT('',(-9.107910427521,-20.69929250074));
#9178 = CARTESIAN_POINT('',(-9.124547351657,-20.92908242069));
#9179 = CARTESIAN_POINT('',(-9.146213482723,-21.15558532337));
#9180 = CARTESIAN_POINT('',(-9.172515674441,-21.37805002745));
#9181 = CARTESIAN_POINT('',(-9.20311247116,-21.59582187052));
#9182 = CARTESIAN_POINT('',(-9.258085146557,-21.93275339543));
#9183 = CARTESIAN_POINT('',(-9.279786130614,-22.05538720941));
#9184 = CARTESIAN_POINT('',(-9.302843124696,-22.17611461591));
#9185 = CARTESIAN_POINT('',(-9.327225120097,-22.2948087509));
#9186 = CARTESIAN_POINT('',(-9.352911236413,-22.41131296558));
#9187 = CARTESIAN_POINT('',(-9.379892193521,-22.52544080765));
#9188 = CARTESIAN_POINT('',(-9.408173109866,-22.63697453983));
#9189 = CARTESIAN_POINT('',(-9.449211398604,-22.78763922958));
#9190 = CARTESIAN_POINT('',(-9.46084186133,-22.82918897361));
#9191 = CARTESIAN_POINT('',(-9.472670006551,-22.87029576483));
#9192 = CARTESIAN_POINT('',(-9.484696981978,-22.91094238027));
#9193 = CARTESIAN_POINT('',(-9.496924091723,-22.95111003683));
#9194 = CARTESIAN_POINT('',(-9.509352796294,-22.99077839128));
#9195 = CARTESIAN_POINT('',(-9.521984712604,-23.02992554027));
#9196 = CARTESIAN_POINT('',(-9.552496830256,-23.12168003612));
#9197 = CARTESIAN_POINT('',(-9.570560044423,-23.17379748615));
#9198 = CARTESIAN_POINT('',(-9.589016326069,-23.22482078772));
#9199 = CARTESIAN_POINT('',(-9.607870344655,-23.27468125903));
#9200 = CARTESIAN_POINT('',(-9.627126274443,-23.32330200667));
#9201 = CARTESIAN_POINT('',(-9.64678769945,-23.37059881326));
#9202 = CARTESIAN_POINT('',(-9.666857518394,-23.41648102498));
#9203 = CARTESIAN_POINT('',(-9.704157067711,-23.49729191287));
#9204 = CARTESIAN_POINT('',(-9.721252582544,-23.53271118355));
#9205 = CARTESIAN_POINT('',(-9.73862505735,-23.56705639182));
#9206 = CARTESIAN_POINT('',(-9.756274133582,-23.60026966791));
#9207 = CARTESIAN_POINT('',(-9.774198217077,-23.63229028674));
#9208 = CARTESIAN_POINT('',(-9.792394264185,-23.66305582295));
#9209 = CARTESIAN_POINT('',(-9.810857567898,-23.69250330581));
#9210 = CARTESIAN_POINT('',(-9.860220994562,-23.76649862983));
#9211 = CARTESIAN_POINT('',(-9.891570551341,-23.80874891031));
#9212 = CARTESIAN_POINT('',(-9.923586432981,-23.84701986296));
#9213 = CARTESIAN_POINT('',(-9.956216643955,-23.88103935597));
#9214 = CARTESIAN_POINT('',(-9.989400064,-23.91057731936));
#9215 = CARTESIAN_POINT('',(-10.02306355984,-23.93546199491));
#9216 = CARTESIAN_POINT('',(-10.0571171192,-23.95559959519));
#9217 = CARTESIAN_POINT('',(-10.10782312311,-23.97834245154));
#9218 = CARTESIAN_POINT('',(-10.12426453999,-23.98461006729));
#9219 = CARTESIAN_POINT('',(-10.14076024428,-23.9898010516));
#9220 = CARTESIAN_POINT('',(-10.15729973386,-23.99392172735));
#9221 = CARTESIAN_POINT('',(-10.17387294717,-23.99698355115));
#9222 = CARTESIAN_POINT('',(-10.19047019237,-23.999002757));
#9223 = CARTESIAN_POINT('',(-10.20708207652,-24.));
#9224 = CARTESIAN_POINT('',(-10.22369943482,-24.));
#9225 = ( GEOMETRIC_REPRESENTATION_CONTEXT(2) 
PARAMETRIC_REPRESENTATION_CONTEXT() REPRESENTATION_CONTEXT('2D SPACE',''
  ) );
#9226 = ADVANCED_FACE('',(#9227),#8884,.T.);
#9227 = FACE_BOUND('',#9228,.F.);
#9228 = EDGE_LOOP('',(#9229,#9230,#9251,#9279));
#9229 = ORIENTED_EDGE('',*,*,#8865,.F.);
#9230 = ORIENTED_EDGE('',*,*,#9231,.T.);
#9231 = EDGE_CURVE('',#8866,#9232,#9234,.T.);
#9232 = VERTEX_POINT('',#9233);
#9233 = CARTESIAN_POINT('',(-17.27116565114,-38.83241992267,24.));
#9234 = SURFACE_CURVE('',#9235,(#9239,#9245),.PCURVE_S1.);
#9235 = LINE('',#9236,#9237);
#9236 = CARTESIAN_POINT('',(-17.27116565114,-38.83241992267,6.25));
#9237 = VECTOR('',#9238,1.);
#9238 = DIRECTION('',(-0.,-0.,-1.));
#9239 = PCURVE('',#8884,#9240);
#9240 = DEFINITIONAL_REPRESENTATION('',(#9241),#9244);
#9241 = B_SPLINE_CURVE_WITH_KNOTS('',1,(#9242,#9243),.UNSPECIFIED.,.F.,
  .F.,(2,2),(-19.7500006,5.999999999062E-07),.PIECEWISE_BEZIER_KNOTS.);
#9242 = CARTESIAN_POINT('',(-4.2938999174,-19.7500006));
#9243 = CARTESIAN_POINT('',(-4.2938999174,5.999999999062E-07));
#9244 = ( GEOMETRIC_REPRESENTATION_CONTEXT(2) 
PARAMETRIC_REPRESENTATION_CONTEXT() REPRESENTATION_CONTEXT('2D SPACE',''
  ) );
#9245 = PCURVE('',#744,#9246);
#9246 = DEFINITIONAL_REPRESENTATION('',(#9247),#9250);
#9247 = B_SPLINE_CURVE_WITH_KNOTS('',1,(#9248,#9249),.UNSPECIFIED.,.F.,
  .F.,(2,2),(-19.75,0.),.PIECEWISE_BEZIER_KNOTS.);
#9248 = CARTESIAN_POINT('',(-3.47530899926,-20.));
#9249 = CARTESIAN_POINT('',(-3.47530899926,-0.25));
#9250 = ( GEOMETRIC_REPRESENTATION_CONTEXT(2) 
PARAMETRIC_REPRESENTATION_CONTEXT() REPRESENTATION_CONTEXT('2D SPACE',''
  ) );
#9251 = ORIENTED_EDGE('',*,*,#9252,.T.);
#9252 = EDGE_CURVE('',#9232,#9253,#9255,.T.);
#9253 = VERTEX_POINT('',#9254);
#9254 = CARTESIAN_POINT('',(-17.27116565114,38.83241992267,24.));
#9255 = SURFACE_CURVE('',#9256,(#9261,#9268),.PCURVE_S1.);
#9256 = CIRCLE('',#9257,42.5);
#9257 = AXIS2_PLACEMENT_3D('',#9258,#9259,#9260);
#9258 = CARTESIAN_POINT('',(0.,0.,24.));
#9259 = DIRECTION('',(0.,0.,-1.));
#9260 = DIRECTION('',(1.,0.,0.));
#9261 = PCURVE('',#8884,#9262);
#9262 = DEFINITIONAL_REPRESENTATION('',(#9263),#9267);
#9263 = LINE('',#9264,#9265);
#9264 = CARTESIAN_POINT('',(-6.28318530718,-17.75));
#9265 = VECTOR('',#9266,1.);
#9266 = DIRECTION('',(1.,-0.));
#9267 = ( GEOMETRIC_REPRESENTATION_CONTEXT(2) 
PARAMETRIC_REPRESENTATION_CONTEXT() REPRESENTATION_CONTEXT('2D SPACE',''
  ) );
#9268 = PCURVE('',#100,#9269);
#9269 = DEFINITIONAL_REPRESENTATION('',(#9270),#9278);
#9270 = ( BOUNDED_CURVE() B_SPLINE_CURVE(2,(#9271,#9272,#9273,#9274,
#9275,#9276,#9277),.UNSPECIFIED.,.T.,.F.) B_SPLINE_CURVE_WITH_KNOTS((1,2
    ,2,2,2,1),(-2.094395102393,0.,2.094395102393,4.188790204786,
6.28318530718,8.377580409573),.UNSPECIFIED.) CURVE() 
GEOMETRIC_REPRESENTATION_ITEM() RATIONAL_B_SPLINE_CURVE((1.,0.5,1.,0.5,
1.,0.5,1.)) REPRESENTATION_ITEM('') );
#9271 = CARTESIAN_POINT('',(122.5,80.));
#9272 = CARTESIAN_POINT('',(122.5,6.387840678323));
#9273 = CARTESIAN_POINT('',(58.75,43.193920339161));
#9274 = CARTESIAN_POINT('',(-5.,80.));
#9275 = CARTESIAN_POINT('',(58.75,116.80607966083));
#9276 = CARTESIAN_POINT('',(122.5,153.61215932167));
#9277 = CARTESIAN_POINT('',(122.5,80.));
#9278 = ( GEOMETRIC_REPRESENTATION_CONTEXT(2) 
PARAMETRIC_REPRESENTATION_CONTEXT() REPRESENTATION_CONTEXT('2D SPACE',''
  ) );
#9279 = ORIENTED_EDGE('',*,*,#9280,.F.);
#9280 = EDGE_CURVE('',#8868,#9253,#9281,.T.);
#9281 = SURFACE_CURVE('',#9282,(#9286,#9292),.PCURVE_S1.);
#9282 = LINE('',#9283,#9284);
#9283 = CARTESIAN_POINT('',(-17.27116565114,38.83241992267,6.25));
#9284 = VECTOR('',#9285,1.);
#9285 = DIRECTION('',(-0.,-0.,-1.));
#9286 = PCURVE('',#8884,#9287);
#9287 = DEFINITIONAL_REPRESENTATION('',(#9288),#9291);
#9288 = B_SPLINE_CURVE_WITH_KNOTS('',1,(#9289,#9290),.UNSPECIFIED.,.F.,
  .F.,(2,2),(-19.7500006,5.999999999062E-07),.PIECEWISE_BEZIER_KNOTS.);
#9289 = CARTESIAN_POINT('',(-1.98928538978,-19.7500006));
#9290 = CARTESIAN_POINT('',(-1.98928538978,5.999999999062E-07));
#9291 = ( GEOMETRIC_REPRESENTATION_CONTEXT(2) 
PARAMETRIC_REPRESENTATION_CONTEXT() REPRESENTATION_CONTEXT('2D SPACE',''
  ) );
#9292 = PCURVE('',#678,#9293);
#9293 = DEFINITIONAL_REPRESENTATION('',(#9294),#9297);
#9294 = B_SPLINE_CURVE_WITH_KNOTS('',1,(#9295,#9296),.UNSPECIFIED.,.F.,
  .F.,(2,2),(-19.75,-0.),.PIECEWISE_BEZIER_KNOTS.);
#9295 = CARTESIAN_POINT('',(-9.091061615099,-20.));
#9296 = CARTESIAN_POINT('',(-9.091061615099,-0.25));
#9297 = ( GEOMETRIC_REPRESENTATION_CONTEXT(2) 
PARAMETRIC_REPRESENTATION_CONTEXT() REPRESENTATION_CONTEXT('2D SPACE',''
  ) );
#9298 = ADVANCED_FACE('',(#9299),#744,.T.);
#9299 = FACE_BOUND('',#9300,.F.);
#9300 = EDGE_LOOP('',(#9301,#9329,#9330,#9331,#9332,#9535));
#9301 = ORIENTED_EDGE('',*,*,#9302,.T.);
#9302 = EDGE_CURVE('',#9303,#9232,#9305,.T.);
#9303 = VERTEX_POINT('',#9304);
#9304 = CARTESIAN_POINT('',(-11.73051790718,-40.84905078002,24.));
#9305 = SURFACE_CURVE('',#9306,(#9311,#9318),.PCURVE_S1.);
#9306 = CIRCLE('',#9307,3.8);
#9307 = AXIS2_PLACEMENT_3D('',#9308,#9309,#9310);
#9308 = CARTESIAN_POINT('',(-13.68080573302,-37.58770483143,24.));
#9309 = DIRECTION('',(0.,0.,-1.));
#9310 = DIRECTION('',(1.,0.,0.));
#9311 = PCURVE('',#744,#9312);
#9312 = DEFINITIONAL_REPRESENTATION('',(#9313),#9317);
#9313 = LINE('',#9314,#9315);
#9314 = CARTESIAN_POINT('',(-12.56637061435,-18.));
#9315 = VECTOR('',#9316,1.);
#9316 = DIRECTION('',(1.,-0.));
#9317 = ( GEOMETRIC_REPRESENTATION_CONTEXT(2) 
PARAMETRIC_REPRESENTATION_CONTEXT() REPRESENTATION_CONTEXT('2D SPACE',''
  ) );
#9318 = PCURVE('',#100,#9319);
#9319 = DEFINITIONAL_REPRESENTATION('',(#9320),#9328);
#9320 = ( BOUNDED_CURVE() B_SPLINE_CURVE(2,(#9321,#9322,#9323,#9324,
#9325,#9326,#9327),.UNSPECIFIED.,.T.,.F.) B_SPLINE_CURVE_WITH_KNOTS((1,2
    ,2,2,2,1),(-2.094395102393,0.,2.094395102393,4.188790204786,
6.28318530718,8.377580409573),.UNSPECIFIED.) CURVE() 
GEOMETRIC_REPRESENTATION_ITEM() RATIONAL_B_SPLINE_CURVE((1.,0.5,1.,0.5,
1.,0.5,1.)) REPRESENTATION_ITEM('') );
#9321 = CARTESIAN_POINT('',(70.119194266973,42.412295168564));
#9322 = CARTESIAN_POINT('',(70.119194266973,35.830502099802));
#9323 = CARTESIAN_POINT('',(64.419194266973,39.121398634183));
#9324 = CARTESIAN_POINT('',(58.719194266973,42.412295168564));
#9325 = CARTESIAN_POINT('',(64.419194266973,45.703191702945));
#9326 = CARTESIAN_POINT('',(70.119194266973,48.994088237325));
#9327 = CARTESIAN_POINT('',(70.119194266973,42.412295168564));
#9328 = ( GEOMETRIC_REPRESENTATION_CONTEXT(2) 
PARAMETRIC_REPRESENTATION_CONTEXT() REPRESENTATION_CONTEXT('2D SPACE',''
  ) );
#9329 = ORIENTED_EDGE('',*,*,#9231,.F.);
#9330 = ORIENTED_EDGE('',*,*,#8896,.T.);
#9331 = ORIENTED_EDGE('',*,*,#723,.F.);
#9332 = ORIENTED_EDGE('',*,*,#9333,.T.);
#9333 = EDGE_CURVE('',#724,#9334,#9336,.T.);
#9334 = VERTEX_POINT('',#9335);
#9335 = CARTESIAN_POINT('',(-11.73051790718,-40.84905078002,26.));
#9336 = SURFACE_CURVE('',#9337,(#9389,#9462),.PCURVE_S1.);
#9337 = B_SPLINE_CURVE_WITH_KNOTS('',8,(#9338,#9339,#9340,#9341,#9342,
    #9343,#9344,#9345,#9346,#9347,#9348,#9349,#9350,#9351,#9352,#9353,
    #9354,#9355,#9356,#9357,#9358,#9359,#9360,#9361,#9362,#9363,#9364,
    #9365,#9366,#9367,#9368,#9369,#9370,#9371,#9372,#9373,#9374,#9375,
    #9376,#9377,#9378,#9379,#9380,#9381,#9382,#9383,#9384,#9385,#9386,
    #9387,#9388),.UNSPECIFIED.,.F.,.F.,(9,7,7,7,7,7,7,9),(0.,1.,
    4.070830815095,5.755301650477,7.806438663505,9.296108892591,
    13.15318857638,19.739084175516),.UNSPECIFIED.);
#9338 = CARTESIAN_POINT('',(-9.900090698025,-37.20535182162,30.));
#9339 = CARTESIAN_POINT('',(-9.895258171174,-37.25313595423,30.));
#9340 = CARTESIAN_POINT('',(-9.891117063615,-37.30097739437,
    29.999423213981));
#9341 = CARTESIAN_POINT('',(-9.887669541493,-37.34884960161,
    29.998258571387));
#9342 = CARTESIAN_POINT('',(-9.884916259601,-37.39672548697,
    29.996496549648));
#9343 = CARTESIAN_POINT('',(-9.882856361387,-37.44457741295,
    29.994129174185));
#9344 = CARTESIAN_POINT('',(-9.881487478946,-37.49237719349,
    29.9911500184));
#9345 = CARTESIAN_POINT('',(-9.880805733027,-37.54009609403,
    29.987554203688));
#9346 = CARTESIAN_POINT('',(-9.880805733027,-37.73390320933,
    29.97039237779));
#9347 = CARTESIAN_POINT('',(-9.887234232359,-37.87913220594,
    29.951594772003));
#9348 = CARTESIAN_POINT('',(-9.899940947037,-38.02243089574,
    29.926855492024));
#9349 = CARTESIAN_POINT('',(-9.918604254755,-38.1629966109,
    29.89624937115));
#9350 = CARTESIAN_POINT('',(-9.942785964845,-38.3001660702,
    29.859980300344));
#9351 = CARTESIAN_POINT('',(-9.971973742284,-38.43339927238,
    29.818350840798));
#9352 = CARTESIAN_POINT('',(-10.00561118574,-38.56226615373,
    29.771737314714));
#9353 = CARTESIAN_POINT('',(-10.063688176,-38.75454803385,
    29.692503305831));
#9354 = CARTESIAN_POINT('',(-10.08543199224,-38.82127159168,
    29.663055822971));
#9355 = CARTESIAN_POINT('',(-10.10825746912,-38.88656776196,
    29.632290286769));
#9356 = CARTESIAN_POINT('',(-10.13207636906,-38.95040955794,
    29.600269667931));
#9357 = CARTESIAN_POINT('',(-10.1568026277,-39.01278056408,
    29.567056391844));
#9358 = CARTESIAN_POINT('',(-10.1823532254,-39.07367357237,
    29.53271118358));
#9359 = CARTESIAN_POINT('',(-10.20864905874,-39.13308921871,
    29.497291912893));
#9360 = CARTESIAN_POINT('',(-10.26845253723,-39.26159325007,
    29.416481025006));
#9361 = CARTESIAN_POINT('',(-10.30228263749,-39.32996898207,
    29.370598813288));
#9362 = CARTESIAN_POINT('',(-10.33697246564,-39.39617801853,
    29.323302006704));
#9363 = CARTESIAN_POINT('',(-10.37239624601,-39.46024543148,
    29.274681259061));
#9364 = CARTESIAN_POINT('',(-10.40843614325,-39.52220382296,
    29.224820787753));
#9365 = CARTESIAN_POINT('',(-10.44498233101,-39.5820919863,
    29.17379748618));
#9366 = CARTESIAN_POINT('',(-10.4819330607,-39.63995356731,
    29.121680036158));
#9367 = CARTESIAN_POINT('',(-10.54625659857,-39.7364210142,
    29.029925540305));
#9368 = CARTESIAN_POINT('',(-10.57348163857,-39.77596112566,
    28.990778391318));
#9369 = CARTESIAN_POINT('',(-10.60083373661,-39.81447382107,
    28.951110036864));
#9370 = CARTESIAN_POINT('',(-10.62827813179,-39.85197690591,
    28.910942380304));
#9371 = CARTESIAN_POINT('',(-10.65578141594,-39.8884882301,
    28.870295764866));
#9372 = CARTESIAN_POINT('',(-10.68331153363,-39.92402568798,
    28.829188973648));
#9373 = CARTESIAN_POINT('',(-10.71083778212,-39.95860721832,
    28.78763922962));
#9374 = CARTESIAN_POINT('',(-10.80951623404,-40.07936135376,
    28.636974539869));
#9375 = CARTESIAN_POINT('',(-10.88046611269,-40.16016877913,
    28.52544080769));
#9376 = CARTESIAN_POINT('',(-10.95068178602,-40.23500316615,
    28.411312965626));
#9377 = CARTESIAN_POINT('',(-11.01969016646,-40.30415397096,
    28.294808750947));
#9378 = CARTESIAN_POINT('',(-11.08703539816,-40.36788380323,
    28.176114615949));
#9379 = CARTESIAN_POINT('',(-11.15227289382,-40.42643616204,
    28.055387209452));
#9380 = CARTESIAN_POINT('',(-11.21496575033,-40.48003712467,
    27.932753395475));
#9381 = CARTESIAN_POINT('',(-11.3766506222,-40.61230809878,
    27.595821870565));
#9382 = CARTESIAN_POINT('',(-11.46994656948,-40.68188760058,
    27.37805002749));
#9383 = CARTESIAN_POINT('',(-11.55237118077,-40.73860201145,
    27.15558532339));
#9384 = CARTESIAN_POINT('',(-11.62165395447,-40.78317015307,
    26.929082420726));
#9385 = CARTESIAN_POINT('',(-11.67556805773,-40.81618999776,
    26.699292500749));
#9386 = CARTESIAN_POINT('',(-11.71219848957,-40.83809587646,
    26.467092818037));
#9387 = CARTESIAN_POINT('',(-11.73051790718,-40.84905078002,
    26.233559611533));
#9388 = CARTESIAN_POINT('',(-11.73051790718,-40.84905078002,26.));
#9389 = PCURVE('',#744,#9390);
#9390 = DEFINITIONAL_REPRESENTATION('',(#9391),#9461);
#9391 = B_SPLINE_CURVE_WITH_KNOTS('',3,(#9392,#9393,#9394,#9395,#9396,
    #9397,#9398,#9399,#9400,#9401,#9402,#9403,#9404,#9405,#9406,#9407,
    #9408,#9409,#9410,#9411,#9412,#9413,#9414,#9415,#9416,#9417,#9418,
    #9419,#9420,#9421,#9422,#9423,#9424,#9425,#9426,#9427,#9428,#9429,
    #9430,#9431,#9432,#9433,#9434,#9435,#9436,#9437,#9438,#9439,#9440,
    #9441,#9442,#9443,#9444,#9445,#9446,#9447,#9448,#9449,#9450,#9451,
    #9452,#9453,#9454,#9455,#9456,#9457,#9458,#9459,#9460),
  .UNSPECIFIED.,.F.,.F.,(4,1,1,1,1,1,1,1,1,1,1,1,1,1,1,1,1,1,1,1,1,1,1,1
    ,1,1,1,1,1,1,1,1,1,1,1,1,1,1,1,1,1,1,1,1,1,1,1,1,1,1,1,1,1,1,1,1,1,1
    ,1,1,1,1,1,1,1,1,4),(0.,0.299077032962,0.598154065925,0.897231098887
    ,1.196308131849,1.495385164812,1.794462197774,2.093539230737,
    2.392616263699,2.691693296661,2.990770329624,3.289847362586,
    3.588924395548,3.888001428511,4.187078461473,4.486155494436,
    4.785232527398,5.08430956036,5.383386593323,5.682463626285,
    5.981540659247,6.28061769221,6.579694725172,6.878771758134,
    7.177848791097,7.476925824059,7.776002857022,8.075079889984,
    8.374156922946,8.673233955909,8.972310988871,9.271388021833,
    9.570465054796,9.869542087758,10.168619120721,10.467696153683,
    10.766773186645,11.065850219608,11.36492725257,11.664004285532,
    11.963081318495,12.262158351457,12.561235384419,12.860312417382,
    13.159389450344,13.458466483307,13.757543516269,14.056620549231,
    14.355697582194,14.654774615156,14.953851648118,15.252928681081,
    15.552005714043,15.851082747006,16.150159779968,16.44923681293,
    16.748313845893,17.047390878855,17.346467911817,17.64554494478,
    17.944621977742,18.243699010704,18.542776043667,18.841853076629,
    19.140930109592,19.440007142554,19.739084175516),
  .QUASI_UNIFORM_KNOTS.);
#9392 = CARTESIAN_POINT('',(-6.383975080435,-24.));
#9393 = CARTESIAN_POINT('',(-6.373895216839,-24.00000173391));
#9394 = CARTESIAN_POINT('',(-6.353740419414,-23.99903557458));
#9395 = CARTESIAN_POINT('',(-6.323561115176,-23.99461115602));
#9396 = CARTESIAN_POINT('',(-6.293472392098,-23.98713726208));
#9397 = CARTESIAN_POINT('',(-6.263513386119,-23.97656758901));
#9398 = CARTESIAN_POINT('',(-6.233720858859,-23.96287395208));
#9399 = CARTESIAN_POINT('',(-6.204143091999,-23.94605675687));
#9400 = CARTESIAN_POINT('',(-6.174820529023,-23.92613689475));
#9401 = CARTESIAN_POINT('',(-6.145790686815,-23.90315519809));
#9402 = CARTESIAN_POINT('',(-6.11708748835,-23.87717025045));
#9403 = CARTESIAN_POINT('',(-6.088742028325,-23.84825680389));
#9404 = CARTESIAN_POINT('',(-6.060782763548,-23.8165039783));
#9405 = CARTESIAN_POINT('',(-6.033236187719,-23.78201429113));
#9406 = CARTESIAN_POINT('',(-6.006125804025,-23.7449001488));
#9407 = CARTESIAN_POINT('',(-5.979477129608,-23.70529022683));
#9408 = CARTESIAN_POINT('',(-5.95329405596,-23.66329014229));
#9409 = CARTESIAN_POINT('',(-5.927585523209,-23.6190161685));
#9410 = CARTESIAN_POINT('',(-5.9023586213,-23.57258549315));
#9411 = CARTESIAN_POINT('',(-5.877617689997,-23.52411260385));
#9412 = CARTESIAN_POINT('',(-5.853364798177,-23.4737083541));
#9413 = CARTESIAN_POINT('',(-5.829600238757,-23.42147909711));
#9414 = CARTESIAN_POINT('',(-5.806322858875,-23.36752647528));
#9415 = CARTESIAN_POINT('',(-5.783529468063,-23.3119445432));
#9416 = CARTESIAN_POINT('',(-5.761216701556,-23.25482316822));
#9417 = CARTESIAN_POINT('',(-5.739380619269,-23.19624671127));
#9418 = CARTESIAN_POINT('',(-5.718016898483,-23.13629396233));
#9419 = CARTESIAN_POINT('',(-5.697120719959,-23.07503735907));
#9420 = CARTESIAN_POINT('',(-5.676687278452,-23.01254381803));
#9421 = CARTESIAN_POINT('',(-5.65671243516,-22.94887713373));
#9422 = CARTESIAN_POINT('',(-5.637191796211,-22.88409466409));
#9423 = CARTESIAN_POINT('',(-5.618121710992,-22.81825031912));
#9424 = CARTESIAN_POINT('',(-5.599498598509,-22.75139261683));
#9425 = CARTESIAN_POINT('',(-5.581320240127,-22.68356954102));
#9426 = CARTESIAN_POINT('',(-5.563584798001,-22.61482475473));
#9427 = CARTESIAN_POINT('',(-5.546289721933,-22.5451935104));
#9428 = CARTESIAN_POINT('',(-5.529433918607,-22.47471075113));
#9429 = CARTESIAN_POINT('',(-5.513017092291,-22.40340902697));
#9430 = CARTESIAN_POINT('',(-5.497039844045,-22.33131909756));
#9431 = CARTESIAN_POINT('',(-5.481503577331,-22.25846980679));
#9432 = CARTESIAN_POINT('',(-5.466410464219,-22.18488814418));
#9433 = CARTESIAN_POINT('',(-5.451763403537,-22.11059924934));
#9434 = CARTESIAN_POINT('',(-5.437565987508,-22.03562641859));
#9435 = CARTESIAN_POINT('',(-5.423822475325,-21.95999112154));
#9436 = CARTESIAN_POINT('',(-5.410537759479,-21.88371293717));
#9437 = CARTESIAN_POINT('',(-5.397717379413,-21.80680976357));
#9438 = CARTESIAN_POINT('',(-5.385367374693,-21.7292969743));
#9439 = CARTESIAN_POINT('',(-5.37349511217,-21.6511929781));
#9440 = CARTESIAN_POINT('',(-5.362108811833,-21.57251725607));
#9441 = CARTESIAN_POINT('',(-5.351217339838,-21.49328966955));
#9442 = CARTESIAN_POINT('',(-5.340830147895,-21.41353070149));
#9443 = CARTESIAN_POINT('',(-5.330957170066,-21.33326144903));
#9444 = CARTESIAN_POINT('',(-5.321608726636,-21.25250368448));
#9445 = CARTESIAN_POINT('',(-5.31279542106,-21.17127990031));
#9446 = CARTESIAN_POINT('',(-5.304528033326,-21.08961336097));
#9447 = CARTESIAN_POINT('',(-5.296817408694,-21.00752815565));
#9448 = CARTESIAN_POINT('',(-5.289674342281,-20.92504925374));
#9449 = CARTESIAN_POINT('',(-5.283109459795,-20.84220256228));
#9450 = CARTESIAN_POINT('',(-5.277133095071,-20.75901498562));
#9451 = CARTESIAN_POINT('',(-5.271755165231,-20.67551448681));
#9452 = CARTESIAN_POINT('',(-5.266985044593,-20.59173015046));
#9453 = CARTESIAN_POINT('',(-5.262831438174,-20.50769224691));
#9454 = CARTESIAN_POINT('',(-5.259302257689,-20.42343229563));
#9455 = CARTESIAN_POINT('',(-5.256404496106,-20.33898313341));
#9456 = CARTESIAN_POINT('',(-5.254144123,-20.25437896324));
#9457 = CARTESIAN_POINT('',(-5.252525926063,-20.16965547019));
#9458 = CARTESIAN_POINT('',(-5.251553586157,-20.08484967856));
#9459 = CARTESIAN_POINT('',(-5.251337143884,-20.02828373361));
#9460 = CARTESIAN_POINT('',(-5.251337260711,-20.));
#9461 = ( GEOMETRIC_REPRESENTATION_CONTEXT(2) 
PARAMETRIC_REPRESENTATION_CONTEXT() REPRESENTATION_CONTEXT('2D SPACE',''
  ) );
#9462 = PCURVE('',#777,#9463);
#9463 = DEFINITIONAL_REPRESENTATION('',(#9464),#9534);
#9464 = B_SPLINE_CURVE_WITH_KNOTS('',3,(#9465,#9466,#9467,#9468,#9469,
    #9470,#9471,#9472,#9473,#9474,#9475,#9476,#9477,#9478,#9479,#9480,
    #9481,#9482,#9483,#9484,#9485,#9486,#9487,#9488,#9489,#9490,#9491,
    #9492,#9493,#9494,#9495,#9496,#9497,#9498,#9499,#9500,#9501,#9502,
    #9503,#9504,#9505,#9506,#9507,#9508,#9509,#9510,#9511,#9512,#9513,
    #9514,#9515,#9516,#9517,#9518,#9519,#9520,#9521,#9522,#9523,#9524,
    #9525,#9526,#9527,#9528,#9529,#9530,#9531,#9532,#9533),
  .UNSPECIFIED.,.F.,.F.,(4,1,1,1,1,1,1,1,1,1,1,1,1,1,1,1,1,1,1,1,1,1,1,1
    ,1,1,1,1,1,1,1,1,1,1,1,1,1,1,1,1,1,1,1,1,1,1,1,1,1,1,1,1,1,1,1,1,1,1
    ,1,1,1,1,1,1,1,1,4),(0.,0.299077032962,0.598154065925,0.897231098887
    ,1.196308131849,1.495385164812,1.794462197774,2.093539230737,
    2.392616263699,2.691693296661,2.990770329624,3.289847362586,
    3.588924395548,3.888001428511,4.187078461473,4.486155494436,
    4.785232527398,5.08430956036,5.383386593323,5.682463626285,
    5.981540659247,6.28061769221,6.579694725172,6.878771758134,
    7.177848791097,7.476925824059,7.776002857022,8.075079889984,
    8.374156922946,8.673233955909,8.972310988871,9.271388021833,
    9.570465054796,9.869542087758,10.168619120721,10.467696153683,
    10.766773186645,11.065850219608,11.36492725257,11.664004285532,
    11.963081318495,12.262158351457,12.561235384419,12.860312417382,
    13.159389450344,13.458466483307,13.757543516269,14.056620549231,
    14.355697582194,14.654774615156,14.953851648118,15.252928681081,
    15.552005714043,15.851082747006,16.150159779968,16.44923681293,
    16.748313845893,17.047390878855,17.346467911817,17.64554494478,
    17.944621977742,18.243699010704,18.542776043667,18.841853076629,
    19.140930109592,19.440007142554,19.739084175516),
  .QUASI_UNIFORM_KNOTS.);
#9465 = CARTESIAN_POINT('',(4.452322069903,1.570796326795));
#9466 = CARTESIAN_POINT('',(4.452673391263,1.561837212222));
#9467 = CARTESIAN_POINT('',(4.453345573234,1.543817494122));
#9468 = CARTESIAN_POINT('',(4.454261861419,1.516525950998));
#9469 = CARTESIAN_POINT('',(4.455085355577,1.489014511379));
#9470 = CARTESIAN_POINT('',(4.455815970028,1.461326754681));
#9471 = CARTESIAN_POINT('',(4.45645416475,1.433504126626));
#9472 = CARTESIAN_POINT('',(4.45700074063,1.405599025109));
#9473 = CARTESIAN_POINT('',(4.457457246228,1.377656807962));
#9474 = CARTESIAN_POINT('',(4.457825777999,1.349720136856));
#9475 = CARTESIAN_POINT('',(4.458108926339,1.321828244658));
#9476 = CARTESIAN_POINT('',(4.458309692714,1.294017563139));
#9477 = CARTESIAN_POINT('',(4.45843142362,1.26632184457));
#9478 = CARTESIAN_POINT('',(4.45847775231,1.23877280536));
#9479 = CARTESIAN_POINT('',(4.45845253786,1.21139904693));
#9480 = CARTESIAN_POINT('',(4.458359851197,1.184231208721));
#9481 = CARTESIAN_POINT('',(4.458203788008,1.157277661723));
#9482 = CARTESIAN_POINT('',(4.457988433749,1.130551337072));
#9483 = CARTESIAN_POINT('',(4.457717850184,1.104062856059));
#9484 = CARTESIAN_POINT('',(4.457396027608,1.077819530015));
#9485 = CARTESIAN_POINT('',(4.457026855999,1.051825804333));
#9486 = CARTESIAN_POINT('',(4.456614095213,1.026083712241));
#9487 = CARTESIAN_POINT('',(4.456161372242,1.000593215839));
#9488 = CARTESIAN_POINT('',(4.455672144463,0.975351481486));
#9489 = CARTESIAN_POINT('',(4.455149725548,0.950354880171));
#9490 = CARTESIAN_POINT('',(4.454597278282,0.925598545911));
#9491 = CARTESIAN_POINT('',(4.45401781657,0.901076561278));
#9492 = CARTESIAN_POINT('',(4.453414200049,0.876781800047));
#9493 = CARTESIAN_POINT('',(4.452789148475,0.852706445548));
#9494 = CARTESIAN_POINT('',(4.452145268581,0.828842827318));
#9495 = CARTESIAN_POINT('',(4.451485031378,0.80518225762));
#9496 = CARTESIAN_POINT('',(4.450810811771,0.781716175947));
#9497 = CARTESIAN_POINT('',(4.450124868637,0.758435376999));
#9498 = CARTESIAN_POINT('',(4.449429399342,0.735331651377));
#9499 = CARTESIAN_POINT('',(4.448726517398,0.712396465237));
#9500 = CARTESIAN_POINT('',(4.448018207783,0.689619571783));
#9501 = CARTESIAN_POINT('',(4.447306420301,0.666991727827));
#9502 = CARTESIAN_POINT('',(4.446593052017,0.644503889975));
#9503 = CARTESIAN_POINT('',(4.4458799584,0.622147349674));
#9504 = CARTESIAN_POINT('',(4.445168956151,0.599913623814));
#9505 = CARTESIAN_POINT('',(4.444461827651,0.577794417185));
#9506 = CARTESIAN_POINT('',(4.443760324393,0.555781571801));
#9507 = CARTESIAN_POINT('',(4.443066170053,0.533867023361));
#9508 = CARTESIAN_POINT('',(4.44238106323,0.512042765215));
#9509 = CARTESIAN_POINT('',(4.441706679167,0.490300794226));
#9510 = CARTESIAN_POINT('',(4.44104467316,0.468633136761));
#9511 = CARTESIAN_POINT('',(4.440396675544,0.447031583152));
#9512 = CARTESIAN_POINT('',(4.439764339123,0.425489186305));
#9513 = CARTESIAN_POINT('',(4.439149316996,0.403999636772));
#9514 = CARTESIAN_POINT('',(4.438553253828,0.382557020844));
#9515 = CARTESIAN_POINT('',(4.437977783538,0.361155845279));
#9516 = CARTESIAN_POINT('',(4.437424524181,0.339790996585));
#9517 = CARTESIAN_POINT('',(4.436895072516,0.318457723321));
#9518 = CARTESIAN_POINT('',(4.436390997626,0.297151617249));
#9519 = CARTESIAN_POINT('',(4.435913833788,0.275868599405));
#9520 = CARTESIAN_POINT('',(4.435465072627,0.254604909094));
#9521 = CARTESIAN_POINT('',(4.435046154613,0.233357096043));
#9522 = CARTESIAN_POINT('',(4.434658459998,0.212122015353));
#9523 = CARTESIAN_POINT('',(4.434303299282,0.190896825114));
#9524 = CARTESIAN_POINT('',(4.433981903322,0.169678986499));
#9525 = CARTESIAN_POINT('',(4.433695413231,0.148466266169));
#9526 = CARTESIAN_POINT('',(4.433444870149,0.127256740959));
#9527 = CARTESIAN_POINT('',(4.433231205229,0.106048804289));
#9528 = CARTESIAN_POINT('',(4.433055229378,8.484117572371E-02));
#9529 = CARTESIAN_POINT('',(4.432917625255,6.363290782608E-02));
#9530 = CARTESIAN_POINT('',(4.432818933128,4.242341146339E-02));
#9531 = CARTESIAN_POINT('',(4.432759562873,2.121242009442E-02));
#9532 = CARTESIAN_POINT('',(4.432746329465,7.070932658097E-03));
#9533 = CARTESIAN_POINT('',(4.432746342572,0.));
#9534 = ( GEOMETRIC_REPRESENTATION_CONTEXT(2) 
PARAMETRIC_REPRESENTATION_CONTEXT() REPRESENTATION_CONTEXT('2D SPACE',''
  ) );
#9535 = ORIENTED_EDGE('',*,*,#9536,.T.);
#9536 = EDGE_CURVE('',#9334,#9303,#9537,.T.);
#9537 = SURFACE_CURVE('',#9538,(#9542,#9548),.PCURVE_S1.);
#9538 = LINE('',#9539,#9540);
#9539 = CARTESIAN_POINT('',(-11.73051790718,-40.84905078002,6.25));
#9540 = VECTOR('',#9541,1.);
#9541 = DIRECTION('',(-0.,-0.,-1.));
#9542 = PCURVE('',#744,#9543);
#9543 = DEFINITIONAL_REPRESENTATION('',(#9544),#9547);
#9544 = B_SPLINE_CURVE_WITH_KNOTS('',1,(#9545,#9546),.UNSPECIFIED.,.F.,
  .F.,(2,2),(-19.75,-0.),.PIECEWISE_BEZIER_KNOTS.);
#9545 = CARTESIAN_POINT('',(-5.251337260711,-20.));
#9546 = CARTESIAN_POINT('',(-5.251337260711,-0.25));
#9547 = ( GEOMETRIC_REPRESENTATION_CONTEXT(2) 
PARAMETRIC_REPRESENTATION_CONTEXT() REPRESENTATION_CONTEXT('2D SPACE',''
  ) );
#9548 = PCURVE('',#9549,#9554);
#9549 = CYLINDRICAL_SURFACE('',#9550,42.5);
#9550 = AXIS2_PLACEMENT_3D('',#9551,#9552,#9553);
#9551 = CARTESIAN_POINT('',(0.,0.,6.25));
#9552 = DIRECTION('',(-0.,-0.,-1.));
#9553 = DIRECTION('',(1.,0.,0.));
#9554 = DEFINITIONAL_REPRESENTATION('',(#9555),#9558);
#9555 = B_SPLINE_CURVE_WITH_KNOTS('',1,(#9556,#9557),.UNSPECIFIED.,.F.,
  .F.,(2,2),(-19.7500006,5.999999999062E-07),.PIECEWISE_BEZIER_KNOTS.);
#9556 = CARTESIAN_POINT('',(-4.432746342572,-19.7500006));
#9557 = CARTESIAN_POINT('',(-4.432746342572,5.999999999062E-07));
#9558 = ( GEOMETRIC_REPRESENTATION_CONTEXT(2) 
PARAMETRIC_REPRESENTATION_CONTEXT() REPRESENTATION_CONTEXT('2D SPACE',''
  ) );
#9559 = ADVANCED_FACE('',(#9560),#9549,.T.);
#9560 = FACE_BOUND('',#9561,.F.);
#9561 = EDGE_LOOP('',(#9562,#9586,#9607,#9633));
#9562 = ORIENTED_EDGE('',*,*,#9563,.F.);
#9563 = EDGE_CURVE('',#9564,#9334,#9566,.T.);
#9564 = VERTEX_POINT('',#9565);
#9565 = CARTESIAN_POINT('',(11.730517907187,-40.84905078002,26.));
#9566 = SURFACE_CURVE('',#9567,(#9572,#9579),.PCURVE_S1.);
#9567 = CIRCLE('',#9568,42.5);
#9568 = AXIS2_PLACEMENT_3D('',#9569,#9570,#9571);
#9569 = CARTESIAN_POINT('',(0.,0.,26.));
#9570 = DIRECTION('',(0.,0.,-1.));
#9571 = DIRECTION('',(0.406380368262,0.91370399818,0.));
#9572 = PCURVE('',#9549,#9573);
#9573 = DEFINITIONAL_REPRESENTATION('',(#9574),#9578);
#9574 = LINE('',#9575,#9576);
#9575 = CARTESIAN_POINT('',(-7.435492570989,-19.75));
#9576 = VECTOR('',#9577,1.);
#9577 = DIRECTION('',(1.,-0.));
#9578 = ( GEOMETRIC_REPRESENTATION_CONTEXT(2) 
PARAMETRIC_REPRESENTATION_CONTEXT() REPRESENTATION_CONTEXT('2D SPACE',''
  ) );
#9579 = PCURVE('',#777,#9580);
#9580 = DEFINITIONAL_REPRESENTATION('',(#9581),#9585);
#9581 = LINE('',#9582,#9583);
#9582 = CARTESIAN_POINT('',(7.435492570989,0.));
#9583 = VECTOR('',#9584,1.);
#9584 = DIRECTION('',(-1.,-0.));
#9585 = ( GEOMETRIC_REPRESENTATION_CONTEXT(2) 
PARAMETRIC_REPRESENTATION_CONTEXT() REPRESENTATION_CONTEXT('2D SPACE',''
  ) );
#9586 = ORIENTED_EDGE('',*,*,#9587,.T.);
#9587 = EDGE_CURVE('',#9564,#9588,#9590,.T.);
#9588 = VERTEX_POINT('',#9589);
#9589 = CARTESIAN_POINT('',(11.730517907188,-40.84905078002,24.));
#9590 = SURFACE_CURVE('',#9591,(#9595,#9601),.PCURVE_S1.);
#9591 = LINE('',#9592,#9593);
#9592 = CARTESIAN_POINT('',(11.730517907188,-40.84905078002,6.25));
#9593 = VECTOR('',#9594,1.);
#9594 = DIRECTION('',(-0.,-0.,-1.));
#9595 = PCURVE('',#9549,#9596);
#9596 = DEFINITIONAL_REPRESENTATION('',(#9597),#9600);
#9597 = B_SPLINE_CURVE_WITH_KNOTS('',1,(#9598,#9599),.UNSPECIFIED.,.F.,
  .F.,(2,2),(-19.7500006,5.999999999062E-07),.PIECEWISE_BEZIER_KNOTS.);
#9598 = CARTESIAN_POINT('',(-4.992031618197,-19.7500006));
#9599 = CARTESIAN_POINT('',(-4.992031618197,5.999999999062E-07));
#9600 = ( GEOMETRIC_REPRESENTATION_CONTEXT(2) 
PARAMETRIC_REPRESENTATION_CONTEXT() REPRESENTATION_CONTEXT('2D SPACE',''
  ) );
#9601 = PCURVE('',#129,#9602);
#9602 = DEFINITIONAL_REPRESENTATION('',(#9603),#9606);
#9603 = B_SPLINE_CURVE_WITH_KNOTS('',1,(#9604,#9605),.UNSPECIFIED.,.F.,
  .F.,(2,2),(-19.75,0.),.PIECEWISE_BEZIER_KNOTS.);
#9604 = CARTESIAN_POINT('',(-4.173440700058,-20.));
#9605 = CARTESIAN_POINT('',(-4.173440700058,-0.25));
#9606 = ( GEOMETRIC_REPRESENTATION_CONTEXT(2) 
PARAMETRIC_REPRESENTATION_CONTEXT() REPRESENTATION_CONTEXT('2D SPACE',''
  ) );
#9607 = ORIENTED_EDGE('',*,*,#9608,.T.);
#9608 = EDGE_CURVE('',#9588,#9303,#9609,.T.);
#9609 = SURFACE_CURVE('',#9610,(#9615,#9622),.PCURVE_S1.);
#9610 = CIRCLE('',#9611,42.5);
#9611 = AXIS2_PLACEMENT_3D('',#9612,#9613,#9614);
#9612 = CARTESIAN_POINT('',(0.,0.,24.));
#9613 = DIRECTION('',(0.,0.,-1.));
#9614 = DIRECTION('',(1.,0.,0.));
#9615 = PCURVE('',#9549,#9616);
#9616 = DEFINITIONAL_REPRESENTATION('',(#9617),#9621);
#9617 = LINE('',#9618,#9619);
#9618 = CARTESIAN_POINT('',(-6.28318530718,-17.75));
#9619 = VECTOR('',#9620,1.);
#9620 = DIRECTION('',(1.,-0.));
#9621 = ( GEOMETRIC_REPRESENTATION_CONTEXT(2) 
PARAMETRIC_REPRESENTATION_CONTEXT() REPRESENTATION_CONTEXT('2D SPACE',''
  ) );
#9622 = PCURVE('',#100,#9623);
#9623 = DEFINITIONAL_REPRESENTATION('',(#9624),#9632);
#9624 = ( BOUNDED_CURVE() B_SPLINE_CURVE(2,(#9625,#9626,#9627,#9628,
#9629,#9630,#9631),.UNSPECIFIED.,.T.,.F.) B_SPLINE_CURVE_WITH_KNOTS((1,2
    ,2,2,2,1),(-2.094395102393,0.,2.094395102393,4.188790204786,
6.28318530718,8.377580409573),.UNSPECIFIED.) CURVE() 
GEOMETRIC_REPRESENTATION_ITEM() RATIONAL_B_SPLINE_CURVE((1.,0.5,1.,0.5,
1.,0.5,1.)) REPRESENTATION_ITEM('') );
#9625 = CARTESIAN_POINT('',(122.5,80.));
#9626 = CARTESIAN_POINT('',(122.5,6.387840678323));
#9627 = CARTESIAN_POINT('',(58.75,43.193920339161));
#9628 = CARTESIAN_POINT('',(-5.,80.));
#9629 = CARTESIAN_POINT('',(58.75,116.80607966083));
#9630 = CARTESIAN_POINT('',(122.5,153.61215932167));
#9631 = CARTESIAN_POINT('',(122.5,80.));
#9632 = ( GEOMETRIC_REPRESENTATION_CONTEXT(2) 
PARAMETRIC_REPRESENTATION_CONTEXT() REPRESENTATION_CONTEXT('2D SPACE',''
  ) );
#9633 = ORIENTED_EDGE('',*,*,#9536,.F.);
#9634 = ADVANCED_FACE('',(#9635),#678,.T.);
#9635 = FACE_BOUND('',#9636,.F.);
#9636 = EDGE_LOOP('',(#9637,#9665,#9686,#9887,#9888,#9889));
#9637 = ORIENTED_EDGE('',*,*,#9638,.T.);
#9638 = EDGE_CURVE('',#9253,#9639,#9641,.T.);
#9639 = VERTEX_POINT('',#9640);
#9640 = CARTESIAN_POINT('',(-11.73051790718,40.849050780026,24.));
#9641 = SURFACE_CURVE('',#9642,(#9647,#9654),.PCURVE_S1.);
#9642 = CIRCLE('',#9643,3.8);
#9643 = AXIS2_PLACEMENT_3D('',#9644,#9645,#9646);
#9644 = CARTESIAN_POINT('',(-13.68080573302,37.587704831436,24.));
#9645 = DIRECTION('',(0.,0.,-1.));
#9646 = DIRECTION('',(1.,0.,0.));
#9647 = PCURVE('',#678,#9648);
#9648 = DEFINITIONAL_REPRESENTATION('',(#9649),#9653);
#9649 = LINE('',#9650,#9651);
#9650 = CARTESIAN_POINT('',(-12.56637061435,-18.));
#9651 = VECTOR('',#9652,1.);
#9652 = DIRECTION('',(1.,-0.));
#9653 = ( GEOMETRIC_REPRESENTATION_CONTEXT(2) 
PARAMETRIC_REPRESENTATION_CONTEXT() REPRESENTATION_CONTEXT('2D SPACE',''
  ) );
#9654 = PCURVE('',#100,#9655);
#9655 = DEFINITIONAL_REPRESENTATION('',(#9656),#9664);
#9656 = ( BOUNDED_CURVE() B_SPLINE_CURVE(2,(#9657,#9658,#9659,#9660,
#9661,#9662,#9663),.UNSPECIFIED.,.T.,.F.) B_SPLINE_CURVE_WITH_KNOTS((1,2
    ,2,2,2,1),(-2.094395102393,0.,2.094395102393,4.188790204786,
6.28318530718,8.377580409573),.UNSPECIFIED.) CURVE() 
GEOMETRIC_REPRESENTATION_ITEM() RATIONAL_B_SPLINE_CURVE((1.,0.5,1.,0.5,
1.,0.5,1.)) REPRESENTATION_ITEM('') );
#9657 = CARTESIAN_POINT('',(70.119194266973,117.58770483143));
#9658 = CARTESIAN_POINT('',(70.119194266973,111.00591176267));
#9659 = CARTESIAN_POINT('',(64.419194266973,114.29680829705));
#9660 = CARTESIAN_POINT('',(58.719194266973,117.58770483143));
#9661 = CARTESIAN_POINT('',(64.419194266973,120.87860136581));
#9662 = CARTESIAN_POINT('',(70.119194266973,124.16949790019));
#9663 = CARTESIAN_POINT('',(70.119194266973,117.58770483143));
#9664 = ( GEOMETRIC_REPRESENTATION_CONTEXT(2) 
PARAMETRIC_REPRESENTATION_CONTEXT() REPRESENTATION_CONTEXT('2D SPACE',''
  ) );
#9665 = ORIENTED_EDGE('',*,*,#9666,.F.);
#9666 = EDGE_CURVE('',#9667,#9639,#9669,.T.);
#9667 = VERTEX_POINT('',#9668);
#9668 = CARTESIAN_POINT('',(-11.73051790718,40.849050780026,26.));
#9669 = SURFACE_CURVE('',#9670,(#9674,#9680),.PCURVE_S1.);
#9670 = LINE('',#9671,#9672);
#9671 = CARTESIAN_POINT('',(-11.73051790718,40.849050780026,6.25));
#9672 = VECTOR('',#9673,1.);
#9673 = DIRECTION('',(-0.,-0.,-1.));
#9674 = PCURVE('',#678,#9675);
#9675 = DEFINITIONAL_REPRESENTATION('',(#9676),#9679);
#9676 = B_SPLINE_CURVE_WITH_KNOTS('',1,(#9677,#9678),.UNSPECIFIED.,.F.,
  .F.,(2,2),(-19.75,0.),.PIECEWISE_BEZIER_KNOTS.);
#9677 = CARTESIAN_POINT('',(-7.315033353648,-20.));
#9678 = CARTESIAN_POINT('',(-7.315033353648,-0.25));
#9679 = ( GEOMETRIC_REPRESENTATION_CONTEXT(2) 
PARAMETRIC_REPRESENTATION_CONTEXT() REPRESENTATION_CONTEXT('2D SPACE',''
  ) );
#9680 = PCURVE('',#586,#9681);
#9681 = DEFINITIONAL_REPRESENTATION('',(#9682),#9685);
#9682 = B_SPLINE_CURVE_WITH_KNOTS('',1,(#9683,#9684),.UNSPECIFIED.,.F.,
  .F.,(2,2),(-19.7500006,5.999999999062E-07),.PIECEWISE_BEZIER_KNOTS.);
#9683 = CARTESIAN_POINT('',(-1.850438964608,-19.7500006));
#9684 = CARTESIAN_POINT('',(-1.850438964608,5.999999999062E-07));
#9685 = ( GEOMETRIC_REPRESENTATION_CONTEXT(2) 
PARAMETRIC_REPRESENTATION_CONTEXT() REPRESENTATION_CONTEXT('2D SPACE',''
  ) );
#9686 = ORIENTED_EDGE('',*,*,#9687,.F.);
#9687 = EDGE_CURVE('',#630,#9667,#9688,.T.);
#9688 = SURFACE_CURVE('',#9689,(#9741,#9814),.PCURVE_S1.);
#9689 = B_SPLINE_CURVE_WITH_KNOTS('',8,(#9690,#9691,#9692,#9693,#9694,
    #9695,#9696,#9697,#9698,#9699,#9700,#9701,#9702,#9703,#9704,#9705,
    #9706,#9707,#9708,#9709,#9710,#9711,#9712,#9713,#9714,#9715,#9716,
    #9717,#9718,#9719,#9720,#9721,#9722,#9723,#9724,#9725,#9726,#9727,
    #9728,#9729,#9730,#9731,#9732,#9733,#9734,#9735,#9736,#9737,#9738,
    #9739,#9740),.UNSPECIFIED.,.F.,.F.,(9,7,7,7,7,7,7,9),(0.,1.,
    4.070830815168,5.755301650556,7.80643866359,9.29610889268,
    13.153188576477,19.739084175507),.UNSPECIFIED.);
#9690 = CARTESIAN_POINT('',(-9.900090698025,37.205351821625,30.));
#9691 = CARTESIAN_POINT('',(-9.895258171174,37.253135954232,30.));
#9692 = CARTESIAN_POINT('',(-9.891117063615,37.300977394374,
    29.999423213981));
#9693 = CARTESIAN_POINT('',(-9.887669541493,37.348849601613,
    29.998258571387));
#9694 = CARTESIAN_POINT('',(-9.884916259601,37.396725486975,
    29.996496549648));
#9695 = CARTESIAN_POINT('',(-9.882856361387,37.444577412951,
    29.994129174185));
#9696 = CARTESIAN_POINT('',(-9.881487478946,37.492377193497,
    29.9911500184));
#9697 = CARTESIAN_POINT('',(-9.880805733027,37.54009609403,
    29.987554203688));
#9698 = CARTESIAN_POINT('',(-9.880805733027,37.733903209334,
    29.970392377789));
#9699 = CARTESIAN_POINT('',(-9.887234232359,37.879132205952,
    29.951594772003));
#9700 = CARTESIAN_POINT('',(-9.899940947038,38.022430895759,
    29.926855492023));
#9701 = CARTESIAN_POINT('',(-9.918604254757,38.162996610914,
    29.896249371147));
#9702 = CARTESIAN_POINT('',(-9.942785964847,38.300166070219,
    29.85998030034));
#9703 = CARTESIAN_POINT('',(-9.971973742288,38.433399272406,
    29.818350840792));
#9704 = CARTESIAN_POINT('',(-10.00561118575,38.562266153759,
    29.771737314706));
#9705 = CARTESIAN_POINT('',(-10.06368817601,38.754548033877,
    29.692503305821));
#9706 = CARTESIAN_POINT('',(-10.08543199225,38.821271591706,
    29.663055822961));
#9707 = CARTESIAN_POINT('',(-10.10825746912,38.886567761984,
    29.632290286758));
#9708 = CARTESIAN_POINT('',(-10.13207636907,38.950409557968,
    29.60026966792));
#9709 = CARTESIAN_POINT('',(-10.15680262771,39.012780564107,
    29.567056391832));
#9710 = CARTESIAN_POINT('',(-10.1823532254,39.073673572398,
    29.532711183567));
#9711 = CARTESIAN_POINT('',(-10.20864905875,39.133089218738,
    29.49729191288));
#9712 = CARTESIAN_POINT('',(-10.26845253724,39.261593250099,
    29.416481024992));
#9713 = CARTESIAN_POINT('',(-10.3022826375,39.329968982093,
    29.370598813274));
#9714 = CARTESIAN_POINT('',(-10.33697246565,39.396178018549,
    29.32330200669));
#9715 = CARTESIAN_POINT('',(-10.37239624603,39.4602454315,
    29.274681259046));
#9716 = CARTESIAN_POINT('',(-10.40843614326,39.522203822986,
    29.224820787738));
#9717 = CARTESIAN_POINT('',(-10.44498233102,39.582091986319,
    29.173797486164));
#9718 = CARTESIAN_POINT('',(-10.48193306071,39.639953567332,
    29.121680036141));
#9719 = CARTESIAN_POINT('',(-10.54625659858,39.736421014221,
    29.029925540288));
#9720 = CARTESIAN_POINT('',(-10.57348163858,39.775961125683,
    28.9907783913));
#9721 = CARTESIAN_POINT('',(-10.60083373662,39.814473821091,
    28.951110036847));
#9722 = CARTESIAN_POINT('',(-10.6282781318,39.85197690593,
    28.910942380286));
#9723 = CARTESIAN_POINT('',(-10.65578141595,39.888488230117,
    28.870295764848));
#9724 = CARTESIAN_POINT('',(-10.68331153364,39.924025687996,
    28.82918897363));
#9725 = CARTESIAN_POINT('',(-10.71083778213,39.958607218342,
    28.787639229601));
#9726 = CARTESIAN_POINT('',(-10.80951623406,40.079361353781,
    28.63697453985));
#9727 = CARTESIAN_POINT('',(-10.8804661127,40.160168779144,
    28.52544080767));
#9728 = CARTESIAN_POINT('',(-10.95068178603,40.235003166167,
    28.411312965605));
#9729 = CARTESIAN_POINT('',(-11.01969016647,40.304153970979,
    28.294808750925));
#9730 = CARTESIAN_POINT('',(-11.08703539817,40.367883803241,
    28.176114615927));
#9731 = CARTESIAN_POINT('',(-11.15227289384,40.426436162058,
    28.05538720943));
#9732 = CARTESIAN_POINT('',(-11.21496575034,40.48003712468,
    27.932753395453));
#9733 = CARTESIAN_POINT('',(-11.3766506222,40.612308098788,
    27.595821870545));
#9734 = CARTESIAN_POINT('',(-11.46994656949,40.681887600591,
    27.37805002747));
#9735 = CARTESIAN_POINT('',(-11.55237118077,40.738602011453,
    27.155585323379));
#9736 = CARTESIAN_POINT('',(-11.62165395447,40.783170153076,
    26.929082420707));
#9737 = CARTESIAN_POINT('',(-11.67556805773,40.816189997767,
    26.699292500744));
#9738 = CARTESIAN_POINT('',(-11.71219848957,40.838095876468,
    26.467092818028));
#9739 = CARTESIAN_POINT('',(-11.73051790718,40.849050780026,
    26.23355961153));
#9740 = CARTESIAN_POINT('',(-11.73051790718,40.849050780026,26.));
#9741 = PCURVE('',#678,#9742);
#9742 = DEFINITIONAL_REPRESENTATION('',(#9743),#9813);
#9743 = B_SPLINE_CURVE_WITH_KNOTS('',3,(#9744,#9745,#9746,#9747,#9748,
    #9749,#9750,#9751,#9752,#9753,#9754,#9755,#9756,#9757,#9758,#9759,
    #9760,#9761,#9762,#9763,#9764,#9765,#9766,#9767,#9768,#9769,#9770,
    #9771,#9772,#9773,#9774,#9775,#9776,#9777,#9778,#9779,#9780,#9781,
    #9782,#9783,#9784,#9785,#9786,#9787,#9788,#9789,#9790,#9791,#9792,
    #9793,#9794,#9795,#9796,#9797,#9798,#9799,#9800,#9801,#9802,#9803,
    #9804,#9805,#9806,#9807,#9808,#9809,#9810,#9811,#9812),
  .UNSPECIFIED.,.F.,.F.,(4,1,1,1,1,1,1,1,1,1,1,1,1,1,1,1,1,1,1,1,1,1,1,1
    ,1,1,1,1,1,1,1,1,1,1,1,1,1,1,1,1,1,1,1,1,1,1,1,1,1,1,1,1,1,1,1,1,1,1
    ,1,1,1,1,1,1,1,1,4),(0.,0.299077032962,0.598154065924,0.897231098887
    ,1.196308131849,1.495385164811,1.794462197773,2.093539230736,
    2.392616263698,2.69169329666,2.990770329622,3.289847362585,
    3.588924395547,3.888001428509,4.187078461471,4.486155494433,
    4.785232527396,5.084309560358,5.38338659332,5.682463626282,
    5.981540659245,6.280617692207,6.579694725169,6.878771758131,
    7.177848791094,7.476925824056,7.776002857018,8.07507988998,
    8.374156922942,8.673233955905,8.972310988867,9.271388021829,
    9.570465054791,9.869542087754,10.168619120716,10.467696153678,
    10.76677318664,11.065850219603,11.364927252565,11.664004285527,
    11.963081318489,12.262158351451,12.561235384414,12.860312417376,
    13.159389450338,13.4584664833,13.757543516263,14.056620549225,
    14.355697582187,14.654774615149,14.953851648111,15.252928681074,
    15.552005714036,15.851082746998,16.15015977996,16.449236812923,
    16.748313845885,17.047390878847,17.346467911809,17.645544944772,
    17.944621977734,18.243699010696,18.542776043658,18.84185307662,
    19.140930109583,19.440007142545,19.739084175507),
  .QUASI_UNIFORM_KNOTS.);
#9744 = CARTESIAN_POINT('',(-6.182395533925,-24.));
#9745 = CARTESIAN_POINT('',(-6.19247539752,-24.00000173391));
#9746 = CARTESIAN_POINT('',(-6.212630194945,-23.99903557458));
#9747 = CARTESIAN_POINT('',(-6.242809499184,-23.99461115602));
#9748 = CARTESIAN_POINT('',(-6.272898222262,-23.98713726208));
#9749 = CARTESIAN_POINT('',(-6.302857228241,-23.97656758901));
#9750 = CARTESIAN_POINT('',(-6.3326497555,-23.96287395208));
#9751 = CARTESIAN_POINT('',(-6.36222752236,-23.94605675687));
#9752 = CARTESIAN_POINT('',(-6.391550085336,-23.92613689475));
#9753 = CARTESIAN_POINT('',(-6.420579927544,-23.90315519809));
#9754 = CARTESIAN_POINT('',(-6.449283126009,-23.87717025045));
#9755 = CARTESIAN_POINT('',(-6.477628586034,-23.84825680389));
#9756 = CARTESIAN_POINT('',(-6.505587850811,-23.8165039783));
#9757 = CARTESIAN_POINT('',(-6.53313442664,-23.78201429113));
#9758 = CARTESIAN_POINT('',(-6.560244810334,-23.7449001488));
#9759 = CARTESIAN_POINT('',(-6.586893484751,-23.70529022683));
#9760 = CARTESIAN_POINT('',(-6.613076558399,-23.66329014229));
#9761 = CARTESIAN_POINT('',(-6.63878509115,-23.61901616851));
#9762 = CARTESIAN_POINT('',(-6.664011993059,-23.57258549315));
#9763 = CARTESIAN_POINT('',(-6.688752924362,-23.52411260385));
#9764 = CARTESIAN_POINT('',(-6.713005816182,-23.47370835411));
#9765 = CARTESIAN_POINT('',(-6.736770375601,-23.42147909711));
#9766 = CARTESIAN_POINT('',(-6.760047755484,-23.36752647528));
#9767 = CARTESIAN_POINT('',(-6.782841146295,-23.3119445432));
#9768 = CARTESIAN_POINT('',(-6.805153912802,-23.25482316822));
#9769 = CARTESIAN_POINT('',(-6.826989995089,-23.19624671128));
#9770 = CARTESIAN_POINT('',(-6.848353715875,-23.13629396234));
#9771 = CARTESIAN_POINT('',(-6.8692498944,-23.07503735907));
#9772 = CARTESIAN_POINT('',(-6.889683335906,-23.01254381803));
#9773 = CARTESIAN_POINT('',(-6.909658179199,-22.94887713373));
#9774 = CARTESIAN_POINT('',(-6.929178818147,-22.88409466409));
#9775 = CARTESIAN_POINT('',(-6.948248903367,-22.81825031912));
#9776 = CARTESIAN_POINT('',(-6.966872015849,-22.75139261683));
#9777 = CARTESIAN_POINT('',(-6.985050374232,-22.68356954103));
#9778 = CARTESIAN_POINT('',(-7.002785816358,-22.61482475473));
#9779 = CARTESIAN_POINT('',(-7.020080892426,-22.5451935104));
#9780 = CARTESIAN_POINT('',(-7.036936695751,-22.47471075113));
#9781 = CARTESIAN_POINT('',(-7.053353522068,-22.40340902698));
#9782 = CARTESIAN_POINT('',(-7.069330770313,-22.33131909756));
#9783 = CARTESIAN_POINT('',(-7.084867037028,-22.25846980679));
#9784 = CARTESIAN_POINT('',(-7.09996015014,-22.18488814419));
#9785 = CARTESIAN_POINT('',(-7.114607210822,-22.11059924935));
#9786 = CARTESIAN_POINT('',(-7.128804626851,-22.03562641859));
#9787 = CARTESIAN_POINT('',(-7.142548139034,-21.95999112154));
#9788 = CARTESIAN_POINT('',(-7.15583285488,-21.88371293718));
#9789 = CARTESIAN_POINT('',(-7.168653234946,-21.80680976357));
#9790 = CARTESIAN_POINT('',(-7.181003239665,-21.72929697431));
#9791 = CARTESIAN_POINT('',(-7.192875502189,-21.6511929781));
#9792 = CARTESIAN_POINT('',(-7.204261802526,-21.57251725607));
#9793 = CARTESIAN_POINT('',(-7.215153274521,-21.49328966955));
#9794 = CARTESIAN_POINT('',(-7.225540466464,-21.41353070149));
#9795 = CARTESIAN_POINT('',(-7.235413444293,-21.33326144903));
#9796 = CARTESIAN_POINT('',(-7.244761887723,-21.25250368449));
#9797 = CARTESIAN_POINT('',(-7.253575193298,-21.17127990032));
#9798 = CARTESIAN_POINT('',(-7.261842581033,-21.08961336097));
#9799 = CARTESIAN_POINT('',(-7.269553205665,-21.00752815565));
#9800 = CARTESIAN_POINT('',(-7.276696272078,-20.92504925374));
#9801 = CARTESIAN_POINT('',(-7.283261154564,-20.84220256228));
#9802 = CARTESIAN_POINT('',(-7.289237519288,-20.75901498562));
#9803 = CARTESIAN_POINT('',(-7.294615449128,-20.67551448681));
#9804 = CARTESIAN_POINT('',(-7.299385569766,-20.59173015046));
#9805 = CARTESIAN_POINT('',(-7.303539176185,-20.50769224691));
#9806 = CARTESIAN_POINT('',(-7.30706835667,-20.42343229563));
#9807 = CARTESIAN_POINT('',(-7.309966118253,-20.33898313341));
#9808 = CARTESIAN_POINT('',(-7.312226491359,-20.25437896324));
#9809 = CARTESIAN_POINT('',(-7.313844688296,-20.16965547019));
#9810 = CARTESIAN_POINT('',(-7.314817028202,-20.08484967856));
#9811 = CARTESIAN_POINT('',(-7.315033470475,-20.02828373361));
#9812 = CARTESIAN_POINT('',(-7.315033353648,-20.));
#9813 = ( GEOMETRIC_REPRESENTATION_CONTEXT(2) 
PARAMETRIC_REPRESENTATION_CONTEXT() REPRESENTATION_CONTEXT('2D SPACE',''
  ) );
#9814 = PCURVE('',#513,#9815);
#9815 = DEFINITIONAL_REPRESENTATION('',(#9816),#9886);
#9816 = B_SPLINE_CURVE_WITH_KNOTS('',3,(#9817,#9818,#9819,#9820,#9821,
    #9822,#9823,#9824,#9825,#9826,#9827,#9828,#9829,#9830,#9831,#9832,
    #9833,#9834,#9835,#9836,#9837,#9838,#9839,#9840,#9841,#9842,#9843,
    #9844,#9845,#9846,#9847,#9848,#9849,#9850,#9851,#9852,#9853,#9854,
    #9855,#9856,#9857,#9858,#9859,#9860,#9861,#9862,#9863,#9864,#9865,
    #9866,#9867,#9868,#9869,#9870,#9871,#9872,#9873,#9874,#9875,#9876,
    #9877,#9878,#9879,#9880,#9881,#9882,#9883,#9884,#9885),
  .UNSPECIFIED.,.F.,.F.,(4,1,1,1,1,1,1,1,1,1,1,1,1,1,1,1,1,1,1,1,1,1,1,1
    ,1,1,1,1,1,1,1,1,1,1,1,1,1,1,1,1,1,1,1,1,1,1,1,1,1,1,1,1,1,1,1,1,1,1
    ,1,1,1,1,1,1,1,1,4),(0.,0.299077032962,0.598154065924,0.897231098887
    ,1.196308131849,1.495385164811,1.794462197773,2.093539230736,
    2.392616263698,2.69169329666,2.990770329622,3.289847362585,
    3.588924395547,3.888001428509,4.187078461471,4.486155494433,
    4.785232527396,5.084309560358,5.38338659332,5.682463626282,
    5.981540659245,6.280617692207,6.579694725169,6.878771758131,
    7.177848791094,7.476925824056,7.776002857018,8.07507988998,
    8.374156922942,8.673233955905,8.972310988867,9.271388021829,
    9.570465054791,9.869542087754,10.168619120716,10.467696153678,
    10.76677318664,11.065850219603,11.364927252565,11.664004285527,
    11.963081318489,12.262158351451,12.561235384414,12.860312417376,
    13.159389450338,13.4584664833,13.757543516263,14.056620549225,
    14.355697582187,14.654774615149,14.953851648111,15.252928681074,
    15.552005714036,15.851082746998,16.15015977996,16.449236812923,
    16.748313845885,17.047390878847,17.346467911809,17.645544944772,
    17.944621977734,18.243699010696,18.542776043658,18.84185307662,
    19.140930109583,19.440007142545,19.739084175507),
  .QUASI_UNIFORM_KNOTS.);
#9817 = CARTESIAN_POINT('',(1.830863237277,1.570796326795));
#9818 = CARTESIAN_POINT('',(1.830511915917,1.561837212222));
#9819 = CARTESIAN_POINT('',(1.829839733946,1.543817494122));
#9820 = CARTESIAN_POINT('',(1.82892344576,1.516525950998));
#9821 = CARTESIAN_POINT('',(1.828099951603,1.489014511379));
#9822 = CARTESIAN_POINT('',(1.827369337152,1.461326754681));
#9823 = CARTESIAN_POINT('',(1.82673114243,1.433504126626));
#9824 = CARTESIAN_POINT('',(1.826184566549,1.405599025109));
#9825 = CARTESIAN_POINT('',(1.825728060952,1.377656807962));
#9826 = CARTESIAN_POINT('',(1.825359529181,1.349720136856));
#9827 = CARTESIAN_POINT('',(1.825076380841,1.321828244658));
#9828 = CARTESIAN_POINT('',(1.824875614466,1.294017563139));
#9829 = CARTESIAN_POINT('',(1.824753883559,1.266321844571));
#9830 = CARTESIAN_POINT('',(1.82470755487,1.23877280536));
#9831 = CARTESIAN_POINT('',(1.82473276932,1.211399046931));
#9832 = CARTESIAN_POINT('',(1.824825455983,1.184231208721));
#9833 = CARTESIAN_POINT('',(1.824981519171,1.157277661723));
#9834 = CARTESIAN_POINT('',(1.825196873431,1.130551337072));
#9835 = CARTESIAN_POINT('',(1.825467456996,1.104062856059));
#9836 = CARTESIAN_POINT('',(1.825789279572,1.077819530015));
#9837 = CARTESIAN_POINT('',(1.826158451181,1.051825804334));
#9838 = CARTESIAN_POINT('',(1.826571211966,1.026083712241));
#9839 = CARTESIAN_POINT('',(1.827023934937,1.00059321584));
#9840 = CARTESIAN_POINT('',(1.827513162717,0.975351481486));
#9841 = CARTESIAN_POINT('',(1.828035581631,0.950354880172));
#9842 = CARTESIAN_POINT('',(1.828588028898,0.925598545911));
#9843 = CARTESIAN_POINT('',(1.82916749061,0.901076561278));
#9844 = CARTESIAN_POINT('',(1.82977110713,0.876781800047));
#9845 = CARTESIAN_POINT('',(1.830396158704,0.852706445548));
#9846 = CARTESIAN_POINT('',(1.831040038599,0.828842827319));
#9847 = CARTESIAN_POINT('',(1.831700275802,0.80518225762));
#9848 = CARTESIAN_POINT('',(1.832374495409,0.781716175948));
#9849 = CARTESIAN_POINT('',(1.833060438542,0.758435376999));
#9850 = CARTESIAN_POINT('',(1.833755907838,0.735331651378));
#9851 = CARTESIAN_POINT('',(1.834458789781,0.712396465238));
#9852 = CARTESIAN_POINT('',(1.835167099397,0.689619571784));
#9853 = CARTESIAN_POINT('',(1.835878886879,0.666991727828));
#9854 = CARTESIAN_POINT('',(1.836592255162,0.644503889975));
#9855 = CARTESIAN_POINT('',(1.837305348779,0.622147349674));
#9856 = CARTESIAN_POINT('',(1.838016351028,0.599913623815));
#9857 = CARTESIAN_POINT('',(1.838723479528,0.577794417185));
#9858 = CARTESIAN_POINT('',(1.839424982787,0.555781571802));
#9859 = CARTESIAN_POINT('',(1.840119137127,0.533867023361));
#9860 = CARTESIAN_POINT('',(1.840804243949,0.512042765216));
#9861 = CARTESIAN_POINT('',(1.841478628013,0.490300794227));
#9862 = CARTESIAN_POINT('',(1.842140634019,0.468633136762));
#9863 = CARTESIAN_POINT('',(1.842788631636,0.447031583153));
#9864 = CARTESIAN_POINT('',(1.843420968056,0.425489186306));
#9865 = CARTESIAN_POINT('',(1.844035990184,0.403999636773));
#9866 = CARTESIAN_POINT('',(1.844632053351,0.382557020845));
#9867 = CARTESIAN_POINT('',(1.845207523641,0.361155845279));
#9868 = CARTESIAN_POINT('',(1.845760782999,0.339790996585));
#9869 = CARTESIAN_POINT('',(1.846290234663,0.318457723322));
#9870 = CARTESIAN_POINT('',(1.846794309554,0.29715161725));
#9871 = CARTESIAN_POINT('',(1.847271473392,0.275868599405));
#9872 = CARTESIAN_POINT('',(1.847720234553,0.254604909095));
#9873 = CARTESIAN_POINT('',(1.848139152567,0.233357096044));
#9874 = CARTESIAN_POINT('',(1.848526847182,0.212122015354));
#9875 = CARTESIAN_POINT('',(1.848882007898,0.190896825115));
#9876 = CARTESIAN_POINT('',(1.849203403857,0.169678986499));
#9877 = CARTESIAN_POINT('',(1.849489893949,0.148466266169));
#9878 = CARTESIAN_POINT('',(1.849740437031,0.127256740959));
#9879 = CARTESIAN_POINT('',(1.849954101951,0.10604880429));
#9880 = CARTESIAN_POINT('',(1.850130077801,8.484117572386E-02));
#9881 = CARTESIAN_POINT('',(1.850267681925,6.363290782619E-02));
#9882 = CARTESIAN_POINT('',(1.850366374052,4.242341146347E-02));
#9883 = CARTESIAN_POINT('',(1.850425744306,2.121242009447E-02));
#9884 = CARTESIAN_POINT('',(1.850438977715,7.070932658118E-03));
#9885 = CARTESIAN_POINT('',(1.850438964608,0.));
#9886 = ( GEOMETRIC_REPRESENTATION_CONTEXT(2) 
PARAMETRIC_REPRESENTATION_CONTEXT() REPRESENTATION_CONTEXT('2D SPACE',''
  ) );
#9887 = ORIENTED_EDGE('',*,*,#657,.F.);
#9888 = ORIENTED_EDGE('',*,*,#9062,.F.);
#9889 = ORIENTED_EDGE('',*,*,#9280,.T.);
#9890 = ADVANCED_FACE('',(#9891),#777,.T.);
#9891 = FACE_BOUND('',#9892,.T.);
#9892 = EDGE_LOOP('',(#9893,#9894,#10059,#10060));
#9893 = ORIENTED_EDGE('',*,*,#9563,.F.);
#9894 = ORIENTED_EDGE('',*,*,#9895,.T.);
#9895 = EDGE_CURVE('',#9564,#757,#9896,.T.);
#9896 = SURFACE_CURVE('',#9897,(#9949,#10004),.PCURVE_S1.);
#9897 = B_SPLINE_CURVE_WITH_KNOTS('',8,(#9898,#9899,#9900,#9901,#9902,
    #9903,#9904,#9905,#9906,#9907,#9908,#9909,#9910,#9911,#9912,#9913,
    #9914,#9915,#9916,#9917,#9918,#9919,#9920,#9921,#9922,#9923,#9924,
    #9925,#9926,#9927,#9928,#9929,#9930,#9931,#9932,#9933,#9934,#9935,
    #9936,#9937,#9938,#9939,#9940,#9941,#9942,#9943,#9944,#9945,#9946,
    #9947,#9948),.UNSPECIFIED.,.F.,.F.,(9,7,7,7,7,7,7,9),(0.,
    0.333639499366,0.529038001414,0.604504249241,0.708414236252,
    0.793749024475,0.933388757927,1.),.UNSPECIFIED.);
#9898 = CARTESIAN_POINT('',(11.730517907188,-40.84905078002,26.));
#9899 = CARTESIAN_POINT('',(11.730517907188,-40.84905078002,
    26.233559611532));
#9900 = CARTESIAN_POINT('',(11.712198489577,-40.83809587646,
    26.467092818041));
#9901 = CARTESIAN_POINT('',(11.675568057732,-40.81618999776,
    26.69929250074));
#9902 = CARTESIAN_POINT('',(11.621653954471,-40.78317015306,
    26.929082420737));
#9903 = CARTESIAN_POINT('',(11.552371180776,-40.73860201145,
    27.155585323381));
#9904 = CARTESIAN_POINT('',(11.469946569487,-40.68188760058,
    27.378050027494));
#9905 = CARTESIAN_POINT('',(11.376650622201,-40.61230809878,
    27.595821870564));
#9906 = CARTESIAN_POINT('',(11.214965750332,-40.48003712467,
    27.932753395475));
#9907 = CARTESIAN_POINT('',(11.152272893828,-40.42643616204,
    28.055387209452));
#9908 = CARTESIAN_POINT('',(11.087035398161,-40.36788380323,
    28.176114615949));
#9909 = CARTESIAN_POINT('',(11.019690166461,-40.30415397096,
    28.294808750947));
#9910 = CARTESIAN_POINT('',(10.950681786026,-40.23500316615,
    28.411312965626));
#9911 = CARTESIAN_POINT('',(10.880466112694,-40.16016877913,
    28.52544080769));
#9912 = CARTESIAN_POINT('',(10.809516234048,-40.07936135376,
    28.636974539869));
#9913 = CARTESIAN_POINT('',(10.710837782125,-39.95860721832,
    28.78763922962));
#9914 = CARTESIAN_POINT('',(10.68331153363,-39.92402568798,
    28.829188973648));
#9915 = CARTESIAN_POINT('',(10.655781415945,-39.8884882301,
    28.870295764866));
#9916 = CARTESIAN_POINT('',(10.62827813179,-39.85197690591,
    28.910942380304));
#9917 = CARTESIAN_POINT('',(10.60083373661,-39.81447382107,
    28.951110036864));
#9918 = CARTESIAN_POINT('',(10.573481638574,-39.77596112566,
    28.990778391318));
#9919 = CARTESIAN_POINT('',(10.546256598577,-39.7364210142,
    29.029925540305));
#9920 = CARTESIAN_POINT('',(10.481933060706,-39.63995356731,
    29.121680036158));
#9921 = CARTESIAN_POINT('',(10.444982331015,-39.5820919863,
    29.17379748618));
#9922 = CARTESIAN_POINT('',(10.408436143258,-39.52220382296,
    29.224820787753));
#9923 = CARTESIAN_POINT('',(10.372396246019,-39.46024543148,
    29.274681259061));
#9924 = CARTESIAN_POINT('',(10.336972465643,-39.39617801853,
    29.323302006704));
#9925 = CARTESIAN_POINT('',(10.302282637496,-39.32996898207,
    29.370598813288));
#9926 = CARTESIAN_POINT('',(10.268452537234,-39.26159325007,
    29.416481025006));
#9927 = CARTESIAN_POINT('',(10.208649058742,-39.13308921871,
    29.497291912893));
#9928 = CARTESIAN_POINT('',(10.1823532254,-39.07367357237,29.53271118358
    ));
#9929 = CARTESIAN_POINT('',(10.156802627704,-39.01278056408,
    29.567056391844));
#9930 = CARTESIAN_POINT('',(10.132076369063,-38.95040955794,
    29.600269667931));
#9931 = CARTESIAN_POINT('',(10.10825746912,-38.88656776196,
    29.632290286769));
#9932 = CARTESIAN_POINT('',(10.085431992242,-38.82127159168,
    29.663055822971));
#9933 = CARTESIAN_POINT('',(10.063688176007,-38.75454803385,
    29.692503305831));
#9934 = CARTESIAN_POINT('',(10.009451040009,-38.57497918162,
    29.766498629904));
#9935 = CARTESIAN_POINT('',(9.978908992081,-38.45976030758,
    29.808748910429));
#9936 = CARTESIAN_POINT('',(9.95190292432,-38.3410028524,29.847019863113
    ));
#9937 = CARTESIAN_POINT('',(9.92883416302,-38.21899891063,
    29.881039356144));
#9938 = CARTESIAN_POINT('',(9.91008033264,-38.09411683537,
    29.910577319545));
#9939 = CARTESIAN_POINT('',(9.895976663056,-37.96681078733,
    29.935461995103));
#9940 = CARTESIAN_POINT('',(9.886790123794,-37.83763220464,
    29.955599595363));
#9941 = CARTESIAN_POINT('',(9.880728811156,-37.64504475014,
    29.978342451659));
#9942 = CARTESIAN_POINT('',(9.879927513591,-37.5825616453,
    29.984610067372));
#9943 = CARTESIAN_POINT('',(9.880300844031,-37.51986062904,
    29.989801051658));
#9944 = CARTESIAN_POINT('',(9.881862179178,-37.45700749229,
    29.993921727391));
#9945 = CARTESIAN_POINT('',(9.884620094423,-37.39406699228,
    29.996983551171));
#9946 = CARTESIAN_POINT('',(9.888578537322,-37.33110277837,
    29.999002757009));
#9947 = CARTESIAN_POINT('',(9.893737001079,-37.26817731783,30.));
#9948 = CARTESIAN_POINT('',(9.900090698025,-37.20535182162,30.));
#9949 = PCURVE('',#777,#9950);
#9950 = DEFINITIONAL_REPRESENTATION('',(#9951),#10003);
#9951 = B_SPLINE_CURVE_WITH_KNOTS('',8,(#9952,#9953,#9954,#9955,#9956,
    #9957,#9958,#9959,#9960,#9961,#9962,#9963,#9964,#9965,#9966,#9967,
    #9968,#9969,#9970,#9971,#9972,#9973,#9974,#9975,#9976,#9977,#9978,
    #9979,#9980,#9981,#9982,#9983,#9984,#9985,#9986,#9987,#9988,#9989,
    #9990,#9991,#9992,#9993,#9994,#9995,#9996,#9997,#9998,#9999,#10000,
    #10001,#10002),.UNSPECIFIED.,.F.,.F.,(9,7,7,7,7,7,7,9),(0.,
    0.333639499366,0.529038001414,0.604504249241,0.708414236252,
    0.793749024475,0.933388757927,1.),.UNSPECIFIED.);
#9952 = CARTESIAN_POINT('',(4.992031618197,0.));
#9953 = CARTESIAN_POINT('',(4.992031618197,5.838990288301E-02));
#9954 = CARTESIAN_POINT('',(4.99168846317,0.11677321111));
#9955 = CARTESIAN_POINT('',(4.991002315951,0.175126443147));
#9956 = CARTESIAN_POINT('',(4.989996066782,0.233483799825));
#9957 = CARTESIAN_POINT('',(4.988713005602,0.291922359676));
#9958 = CARTESIAN_POINT('',(4.98720388915,0.350556031725));
#9959 = CARTESIAN_POINT('',(4.98552111814,0.409537797183));
#9960 = CARTESIAN_POINT('',(4.982660990424,0.503971521372));
#9961 = CARTESIAN_POINT('',(4.981563101662,0.539047488112));
#9962 = CARTESIAN_POINT('',(4.980434076083,0.574372251883));
#9963 = CARTESIAN_POINT('',(4.979284605059,0.609996319886));
#9964 = CARTESIAN_POINT('',(4.978125726731,0.645970256979));
#9965 = CARTESIAN_POINT('',(4.976968960713,0.682346789299));
#9966 = CARTESIAN_POINT('',(4.975826549234,0.719183835272));
#9967 = CARTESIAN_POINT('',(4.974281271282,0.770979323516));
#9968 = CARTESIAN_POINT('',(4.97385489638,0.785487946582));
#9969 = CARTESIAN_POINT('',(4.973433453299,0.800077747387));
#9970 = CARTESIAN_POINT('',(4.973017753646,0.814752059662));
#9971 = CARTESIAN_POINT('',(4.972608647337,0.829514136681));
#9972 = CARTESIAN_POINT('',(4.972207022596,0.844367151264));
#9973 = CARTESIAN_POINT('',(4.971813805959,0.859314195775));
#9974 = CARTESIAN_POINT('',(4.970901445293,0.89507258636));
#9975 = CARTESIAN_POINT('',(4.970390724348,0.915970153113));
#9976 = CARTESIAN_POINT('',(4.969900313508,0.937059384331));
#9977 = CARTESIAN_POINT('',(4.969432927793,0.958347302353));
#9978 = CARTESIAN_POINT('',(4.968991481411,0.979839500603));
#9979 = CARTESIAN_POINT('',(4.968579085989,1.001540094285));
#9980 = CARTESIAN_POINT('',(4.968199048807,1.023451671074));
#9981 = CARTESIAN_POINT('',(4.967572219313,1.063743949917));
#9982 = CARTESIAN_POINT('',(4.967313763205,1.082055014871));
#9983 = CARTESIAN_POINT('',(4.967081436762,1.100508451472));
#9984 = CARTESIAN_POINT('',(4.966877277465,1.119102832387));
#9985 = CARTESIAN_POINT('',(4.966703399022,1.13783511322));
#9986 = CARTESIAN_POINT('',(4.966561964171,1.156700457593));
#9987 = CARTESIAN_POINT('',(4.966455157476,1.17569206222));
#9988 = CARTESIAN_POINT('',(4.966270612921,1.226070344915));
#9989 = CARTESIAN_POINT('',(4.966254572139,1.257666223398));
#9990 = CARTESIAN_POINT('',(4.966346762618,1.289533527022));
#9991 = CARTESIAN_POINT('',(4.966556440408,1.321608691975));
#9992 = CARTESIAN_POINT('',(4.966892070097,1.353818023962));
#9993 = CARTESIAN_POINT('',(4.967360749438,1.386075138312));
#9994 = CARTESIAN_POINT('',(4.967967379295,1.418277497236));
#9995 = CARTESIAN_POINT('',(4.969069532615,1.465578461686));
#9996 = CARTESIAN_POINT('',(4.969457297423,1.480816682047));
#9997 = CARTESIAN_POINT('',(4.969877091976,1.496004564032));
#9998 = CARTESIAN_POINT('',(4.970329015316,1.51113048608));
#9999 = CARTESIAN_POINT('',(4.970813048659,1.526183274809));
#10000 = CARTESIAN_POINT('',(4.971329057174,1.54115213344));
#10001 = CARTESIAN_POINT('',(4.971876791767,1.556026570211));
#10002 = CARTESIAN_POINT('',(4.972455890867,1.570796326795));
#10003 = ( GEOMETRIC_REPRESENTATION_CONTEXT(2) 
PARAMETRIC_REPRESENTATION_CONTEXT() REPRESENTATION_CONTEXT('2D SPACE',''
  ) );
#10004 = PCURVE('',#129,#10005);
#10005 = DEFINITIONAL_REPRESENTATION('',(#10006),#10058);
#10006 = B_SPLINE_CURVE_WITH_KNOTS('',8,(#10007,#10008,#10009,#10010,
    #10011,#10012,#10013,#10014,#10015,#10016,#10017,#10018,#10019,
    #10020,#10021,#10022,#10023,#10024,#10025,#10026,#10027,#10028,
    #10029,#10030,#10031,#10032,#10033,#10034,#10035,#10036,#10037,
    #10038,#10039,#10040,#10041,#10042,#10043,#10044,#10045,#10046,
    #10047,#10048,#10049,#10050,#10051,#10052,#10053,#10054,#10055,
    #10056,#10057),.UNSPECIFIED.,.F.,.F.,(9,7,7,7,7,7,7,9),(0.,
    0.333639499366,0.529038001414,0.604504249241,0.708414236252,
    0.793749024475,0.933388757927,1.),.UNSPECIFIED.);
#10007 = CARTESIAN_POINT('',(-4.173440700058,-20.));
#10008 = CARTESIAN_POINT('',(-4.173440700058,-20.23355961153));
#10009 = CARTESIAN_POINT('',(-4.167823562039,-20.46709281804));
#10010 = CARTESIAN_POINT('',(-4.156591887636,-20.69929250073));
#10011 = CARTESIAN_POINT('',(-4.139954963496,-20.92908242074));
#10012 = CARTESIAN_POINT('',(-4.118288832434,-21.15558532337));
#10013 = CARTESIAN_POINT('',(-4.091986640711,-21.37805002749));
#10014 = CARTESIAN_POINT('',(-4.061389843991,-21.59582187056));
#10015 = CARTESIAN_POINT('',(-4.006417168593,-21.93275339547));
#10016 = CARTESIAN_POINT('',(-3.984716184535,-22.05538720945));
#10017 = CARTESIAN_POINT('',(-3.961659190453,-22.17611461594));
#10018 = CARTESIAN_POINT('',(-3.937277195051,-22.29480875094));
#10019 = CARTESIAN_POINT('',(-3.911591078735,-22.41131296562));
#10020 = CARTESIAN_POINT('',(-3.884610121628,-22.52544080769));
#10021 = CARTESIAN_POINT('',(-3.856329205282,-22.63697453986));
#10022 = CARTESIAN_POINT('',(-3.815290916543,-22.78763922962));
#10023 = CARTESIAN_POINT('',(-3.803660453818,-22.82918897364));
#10024 = CARTESIAN_POINT('',(-3.791832308596,-22.87029576486));
#10025 = CARTESIAN_POINT('',(-3.779805333169,-22.9109423803));
#10026 = CARTESIAN_POINT('',(-3.767578223424,-22.95111003686));
#10027 = CARTESIAN_POINT('',(-3.755149518852,-22.99077839131));
#10028 = CARTESIAN_POINT('',(-3.742517602543,-23.0299255403));
#10029 = CARTESIAN_POINT('',(-3.71200548489,-23.12168003615));
#10030 = CARTESIAN_POINT('',(-3.693942270724,-23.17379748618));
#10031 = CARTESIAN_POINT('',(-3.675485989077,-23.22482078775));
#10032 = CARTESIAN_POINT('',(-3.656631970491,-23.27468125906));
#10033 = CARTESIAN_POINT('',(-3.637376040703,-23.3233020067));
#10034 = CARTESIAN_POINT('',(-3.617714615696,-23.37059881328));
#10035 = CARTESIAN_POINT('',(-3.597644796752,-23.416481025));
#10036 = CARTESIAN_POINT('',(-3.560345247435,-23.49729191289));
#10037 = CARTESIAN_POINT('',(-3.543249732602,-23.53271118358));
#10038 = CARTESIAN_POINT('',(-3.525877257796,-23.56705639184));
#10039 = CARTESIAN_POINT('',(-3.508228181563,-23.60026966793));
#10040 = CARTESIAN_POINT('',(-3.490304098068,-23.63229028676));
#10041 = CARTESIAN_POINT('',(-3.47210805096,-23.66305582297));
#10042 = CARTESIAN_POINT('',(-3.453644747247,-23.69250330583));
#10043 = CARTESIAN_POINT('',(-3.404281320548,-23.7664986299));
#10044 = CARTESIAN_POINT('',(-3.37293176373,-23.80874891043));
#10045 = CARTESIAN_POINT('',(-3.340915882051,-23.84701986311));
#10046 = CARTESIAN_POINT('',(-3.308285671037,-23.88103935614));
#10047 = CARTESIAN_POINT('',(-3.27510225095,-23.91057731954));
#10048 = CARTESIAN_POINT('',(-3.241438755064,-23.9354619951));
#10049 = CARTESIAN_POINT('',(-3.207385195662,-23.95559959536));
#10050 = CARTESIAN_POINT('',(-3.156679191751,-23.97834245165));
#10051 = CARTESIAN_POINT('',(-3.140237774909,-23.98461006737));
#10052 = CARTESIAN_POINT('',(-3.123742070665,-23.98980105165));
#10053 = CARTESIAN_POINT('',(-3.107202581122,-23.99392172739));
#10054 = CARTESIAN_POINT('',(-3.090629367853,-23.99698355117));
#10055 = CARTESIAN_POINT('',(-3.074032122702,-23.999002757));
#10056 = CARTESIAN_POINT('',(-3.057420238594,-24.));
#10057 = CARTESIAN_POINT('',(-3.040802880335,-24.));
#10058 = ( GEOMETRIC_REPRESENTATION_CONTEXT(2) 
PARAMETRIC_REPRESENTATION_CONTEXT() REPRESENTATION_CONTEXT('2D SPACE',''
  ) );
#10059 = ORIENTED_EDGE('',*,*,#756,.T.);
#10060 = ORIENTED_EDGE('',*,*,#9333,.T.);
#10061 = ADVANCED_FACE('',(#10062),#513,.T.);
#10062 = FACE_BOUND('',#10063,.T.);
#10063 = EDGE_LOOP('',(#10064,#10086,#10087,#10088));
#10064 = ORIENTED_EDGE('',*,*,#10065,.F.);
#10065 = EDGE_CURVE('',#9667,#402,#10066,.T.);
#10066 = SURFACE_CURVE('',#10067,(#10072,#10079),.PCURVE_S1.);
#10067 = CIRCLE('',#10068,42.5);
#10068 = AXIS2_PLACEMENT_3D('',#10069,#10070,#10071);
#10069 = CARTESIAN_POINT('',(0.,0.,26.));
#10070 = DIRECTION('',(0.,0.,-1.));
#10071 = DIRECTION('',(0.406380368262,0.91370399818,0.));
#10072 = PCURVE('',#513,#10073);
#10073 = DEFINITIONAL_REPRESENTATION('',(#10074),#10078);
#10074 = LINE('',#10075,#10076);
#10075 = CARTESIAN_POINT('',(7.435492570989,0.));
#10076 = VECTOR('',#10077,1.);
#10077 = DIRECTION('',(-1.,-0.));
#10078 = ( GEOMETRIC_REPRESENTATION_CONTEXT(2) 
PARAMETRIC_REPRESENTATION_CONTEXT() REPRESENTATION_CONTEXT('2D SPACE',''
  ) );
#10079 = PCURVE('',#586,#10080);
#10080 = DEFINITIONAL_REPRESENTATION('',(#10081),#10085);
#10081 = LINE('',#10082,#10083);
#10082 = CARTESIAN_POINT('',(-7.435492570989,-19.75));
#10083 = VECTOR('',#10084,1.);
#10084 = DIRECTION('',(1.,-0.));
#10085 = ( GEOMETRIC_REPRESENTATION_CONTEXT(2) 
PARAMETRIC_REPRESENTATION_CONTEXT() REPRESENTATION_CONTEXT('2D SPACE',''
  ) );
#10086 = ORIENTED_EDGE('',*,*,#9687,.F.);
#10087 = ORIENTED_EDGE('',*,*,#629,.T.);
#10088 = ORIENTED_EDGE('',*,*,#401,.F.);
#10089 = ADVANCED_FACE('',(#10090),#586,.T.);
#10090 = FACE_BOUND('',#10091,.F.);
#10091 = EDGE_LOOP('',(#10092,#10093,#10094,#10120));
#10092 = ORIENTED_EDGE('',*,*,#10065,.F.);
#10093 = ORIENTED_EDGE('',*,*,#9666,.T.);
#10094 = ORIENTED_EDGE('',*,*,#10095,.T.);
#10095 = EDGE_CURVE('',#9639,#144,#10096,.T.);
#10096 = SURFACE_CURVE('',#10097,(#10102,#10109),.PCURVE_S1.);
#10097 = CIRCLE('',#10098,42.5);
#10098 = AXIS2_PLACEMENT_3D('',#10099,#10100,#10101);
#10099 = CARTESIAN_POINT('',(0.,0.,24.));
#10100 = DIRECTION('',(0.,0.,-1.));
#10101 = DIRECTION('',(1.,0.,0.));
#10102 = PCURVE('',#586,#10103);
#10103 = DEFINITIONAL_REPRESENTATION('',(#10104),#10108);
#10104 = LINE('',#10105,#10106);
#10105 = CARTESIAN_POINT('',(-6.28318530718,-17.75));
#10106 = VECTOR('',#10107,1.);
#10107 = DIRECTION('',(1.,-0.));
#10108 = ( GEOMETRIC_REPRESENTATION_CONTEXT(2) 
PARAMETRIC_REPRESENTATION_CONTEXT() REPRESENTATION_CONTEXT('2D SPACE',''
  ) );
#10109 = PCURVE('',#100,#10110);
#10110 = DEFINITIONAL_REPRESENTATION('',(#10111),#10119);
#10111 = ( BOUNDED_CURVE() B_SPLINE_CURVE(2,(#10112,#10113,#10114,#10115
    ,#10116,#10117,#10118),.UNSPECIFIED.,.T.,.F.) 
B_SPLINE_CURVE_WITH_KNOTS((1,2,2,2,2,1),(-2.094395102393,0.,
    2.094395102393,4.188790204786,6.28318530718,8.377580409573),
.UNSPECIFIED.) CURVE() GEOMETRIC_REPRESENTATION_ITEM() 
RATIONAL_B_SPLINE_CURVE((1.,0.5,1.,0.5,1.,0.5,1.)) REPRESENTATION_ITEM(
  '') );
#10112 = CARTESIAN_POINT('',(122.5,80.));
#10113 = CARTESIAN_POINT('',(122.5,6.387840678323));
#10114 = CARTESIAN_POINT('',(58.75,43.193920339161));
#10115 = CARTESIAN_POINT('',(-5.,80.));
#10116 = CARTESIAN_POINT('',(58.75,116.80607966083));
#10117 = CARTESIAN_POINT('',(122.5,153.61215932167));
#10118 = CARTESIAN_POINT('',(122.5,80.));
#10119 = ( GEOMETRIC_REPRESENTATION_CONTEXT(2) 
PARAMETRIC_REPRESENTATION_CONTEXT() REPRESENTATION_CONTEXT('2D SPACE',''
  ) );
#10120 = ORIENTED_EDGE('',*,*,#573,.F.);
#10121 = ADVANCED_FACE('',(#10122,#10157),#100,.F.);
#10122 = FACE_BOUND('',#10123,.F.);
#10123 = EDGE_LOOP('',(#10124,#10125,#10126,#10127,#10128,#10129,#10130,
    #10131));
#10124 = ORIENTED_EDGE('',*,*,#83,.F.);
#10125 = ORIENTED_EDGE('',*,*,#143,.F.);
#10126 = ORIENTED_EDGE('',*,*,#10095,.F.);
#10127 = ORIENTED_EDGE('',*,*,#9638,.F.);
#10128 = ORIENTED_EDGE('',*,*,#9252,.F.);
#10129 = ORIENTED_EDGE('',*,*,#9302,.F.);
#10130 = ORIENTED_EDGE('',*,*,#9608,.F.);
#10131 = ORIENTED_EDGE('',*,*,#10132,.F.);
#10132 = EDGE_CURVE('',#84,#9588,#10133,.T.);
#10133 = SURFACE_CURVE('',#10134,(#10139,#10150),.PCURVE_S1.);
#10134 = CIRCLE('',#10135,3.8);
#10135 = AXIS2_PLACEMENT_3D('',#10136,#10137,#10138);
#10136 = CARTESIAN_POINT('',(13.680805733027,-37.58770483143,24.));
#10137 = DIRECTION('',(0.,0.,-1.));
#10138 = DIRECTION('',(1.,0.,0.));
#10139 = PCURVE('',#100,#10140);
#10140 = DEFINITIONAL_REPRESENTATION('',(#10141),#10149);
#10141 = ( BOUNDED_CURVE() B_SPLINE_CURVE(2,(#10142,#10143,#10144,#10145
    ,#10146,#10147,#10148),.UNSPECIFIED.,.T.,.F.) 
B_SPLINE_CURVE_WITH_KNOTS((1,2,2,2,2,1),(-2.094395102393,0.,
    2.094395102393,4.188790204786,6.28318530718,8.377580409573),
.UNSPECIFIED.) CURVE() GEOMETRIC_REPRESENTATION_ITEM() 
RATIONAL_B_SPLINE_CURVE((1.,0.5,1.,0.5,1.,0.5,1.)) REPRESENTATION_ITEM(
  '') );
#10142 = CARTESIAN_POINT('',(97.480805733027,42.412295168564));
#10143 = CARTESIAN_POINT('',(97.480805733027,35.830502099802));
#10144 = CARTESIAN_POINT('',(91.780805733027,39.121398634183));
#10145 = CARTESIAN_POINT('',(86.080805733027,42.412295168564));
#10146 = CARTESIAN_POINT('',(91.780805733027,45.703191702945));
#10147 = CARTESIAN_POINT('',(97.480805733027,48.994088237325));
#10148 = CARTESIAN_POINT('',(97.480805733027,42.412295168564));
#10149 = ( GEOMETRIC_REPRESENTATION_CONTEXT(2) 
PARAMETRIC_REPRESENTATION_CONTEXT() REPRESENTATION_CONTEXT('2D SPACE',''
  ) );
#10150 = PCURVE('',#129,#10151);
#10151 = DEFINITIONAL_REPRESENTATION('',(#10152),#10156);
#10152 = LINE('',#10153,#10154);
#10153 = CARTESIAN_POINT('',(-12.56637061435,-18.));
#10154 = VECTOR('',#10155,1.);
#10155 = DIRECTION('',(1.,-0.));
#10156 = ( GEOMETRIC_REPRESENTATION_CONTEXT(2) 
PARAMETRIC_REPRESENTATION_CONTEXT() REPRESENTATION_CONTEXT('2D SPACE',''
  ) );
#10157 = FACE_BOUND('',#10158,.F.);
#10158 = EDGE_LOOP('',(#10159,#10160,#10161,#10162,#10163,#10164,#10165,
    #10166));
#10159 = ORIENTED_EDGE('',*,*,#7318,.T.);
#10160 = ORIENTED_EDGE('',*,*,#6721,.T.);
#10161 = ORIENTED_EDGE('',*,*,#6455,.T.);
#10162 = ORIENTED_EDGE('',*,*,#6302,.T.);
#10163 = ORIENTED_EDGE('',*,*,#7403,.T.);
#10164 = ORIENTED_EDGE('',*,*,#2828,.T.);
#10165 = ORIENTED_EDGE('',*,*,#2912,.F.);
#10166 = ORIENTED_EDGE('',*,*,#3071,.T.);
#10167 = ADVANCED_FACE('',(#10168),#129,.T.);
#10168 = FACE_BOUND('',#10169,.F.);
#10169 = EDGE_LOOP('',(#10170,#10364,#10365,#10366,#10367,#10368));
#10170 = ORIENTED_EDGE('',*,*,#10171,.T.);
#10171 = EDGE_CURVE('',#601,#24,#10172,.T.);
#10172 = SURFACE_CURVE('',#10173,(#10218,#10291),.PCURVE_S1.);
#10173 = B_SPLINE_CURVE_WITH_KNOTS('',8,(#10174,#10175,#10176,#10177,
    #10178,#10179,#10180,#10181,#10182,#10183,#10184,#10185,#10186,
    #10187,#10188,#10189,#10190,#10191,#10192,#10193,#10194,#10195,
    #10196,#10197,#10198,#10199,#10200,#10201,#10202,#10203,#10204,
    #10205,#10206,#10207,#10208,#10209,#10210,#10211,#10212,#10213,
    #10214,#10215,#10216,#10217),.UNSPECIFIED.,.F.,.F.,(9,7,7,7,7,7,9),(
    0.,0.138249931268,0.408101674292,0.563336571143,1.,1.383106935409,
    2.07560744),.UNSPECIFIED.);
#10174 = CARTESIAN_POINT('',(16.331229699373,-34.8646086527,30.));
#10175 = CARTESIAN_POINT('',(16.37648036427,-34.90865169741,30.));
#10176 = CARTESIAN_POINT('',(16.42087968325,-34.95353960032,
    29.999002757004));
#10177 = CARTESIAN_POINT('',(16.464384643099,-34.99922854857,
    29.996983551155));
#10178 = CARTESIAN_POINT('',(16.506954702406,-35.04567101523,
    29.993921727358));
#10179 = CARTESIAN_POINT('',(16.548551972156,-35.09281570462,
    29.989801051604));
#10180 = CARTESIAN_POINT('',(16.589141396324,-35.14060749766,
    29.984610067289));
#10181 = CARTESIAN_POINT('',(16.628690932471,-35.18898739719,
    29.978342451542));
#10182 = CARTESIAN_POINT('',(16.742282879371,-35.33335089364,
    29.956660419469));
#10183 = CARTESIAN_POINT('',(16.813342448353,-35.4308360701,
    29.938214521457));
#10184 = CARTESIAN_POINT('',(16.880111898119,-35.52985559187,
    29.915653631547));
#10185 = CARTESIAN_POINT('',(16.942462341647,-35.62993000726,
    29.889047254379));
#10186 = CARTESIAN_POINT('',(17.000351611151,-35.73060062121,
    29.85852494252));
#10187 = CARTESIAN_POINT('',(17.053805624088,-35.83143521072,
    29.824262921803));
#10188 = CARTESIAN_POINT('',(17.102904050069,-35.93203165832,
    29.786472844707));
#10189 = CARTESIAN_POINT('',(17.173580022548,-36.08953850525,
    29.721760894008));
#10190 = CARTESIAN_POINT('',(17.197993823052,-36.14686650181,
    29.697036052646));
#10191 = CARTESIAN_POINT('',(17.221037761488,-36.20394038249,
    29.671259753518));
#10192 = CARTESIAN_POINT('',(17.24274263047,-36.26070314894,
    29.64447442661));
#10193 = CARTESIAN_POINT('',(17.263143005255,-36.31710368628,
    29.616722634242));
#10194 = CARTESIAN_POINT('',(17.282276315072,-36.373096534,
    29.588046379289));
#10195 = CARTESIAN_POINT('',(17.300181914447,-36.42864165698,
    29.558486413395));
#10196 = CARTESIAN_POINT('',(17.363927235331,-36.63859082052,
    29.442555067073));
#10197 = CARTESIAN_POINT('',(17.401531304898,-36.78956594848,
    29.350394580764));
#10198 = CARTESIAN_POINT('',(17.430671886818,-36.93598823457,
    29.252411462595));
#10199 = CARTESIAN_POINT('',(17.452293708898,-37.07738419661,
    29.149343450376));
#10200 = CARTESIAN_POINT('',(17.467301684303,-37.21342307403,
    29.041833560958));
#10201 = CARTESIAN_POINT('',(17.476544345787,-37.3438917665,
    28.930411105869));
#10202 = CARTESIAN_POINT('',(17.480805733027,-37.46866987298,
    28.815474805008));
#10203 = CARTESIAN_POINT('',(17.480805733027,-37.6921402275,
    28.593577955396));
#10204 = CARTESIAN_POINT('',(17.477525589348,-37.79210694573,
    28.487415511505));
#10205 = CARTESIAN_POINT('',(17.471456157718,-37.88754810348,
    28.378992483406));
#10206 = CARTESIAN_POINT('',(17.463054141926,-37.97839429182,
    28.268484785676));
#10207 = CARTESIAN_POINT('',(17.452753100655,-38.06456743662,
    28.156044523695));
#10208 = CARTESIAN_POINT('',(17.440970343874,-38.14598250386,
    28.041801107615));
#10209 = CARTESIAN_POINT('',(17.428109718772,-38.22254704921,
    27.925861387417));
#10210 = CARTESIAN_POINT('',(17.39006845622,-38.42360300101,
    27.595821870515));
#10211 = CARTESIAN_POINT('',(17.363324455884,-38.53687347067,
    27.378050027445));
#10212 = CARTESIAN_POINT('',(17.336638861029,-38.63330074882,
    27.155585323354));
#10213 = CARTESIAN_POINT('',(17.312213026453,-38.71197603454,
    26.929082420692));
#10214 = CARTESIAN_POINT('',(17.292137174294,-38.77192602064,
    26.69929250073));
#10215 = CARTESIAN_POINT('',(17.278157462936,-38.81225248501,
    26.467092818019));
#10216 = CARTESIAN_POINT('',(17.271165651148,-38.83241992267,
    26.233559611526));
#10217 = CARTESIAN_POINT('',(17.271165651148,-38.83241992267,26.));
#10218 = PCURVE('',#129,#10219);
#10219 = DEFINITIONAL_REPRESENTATION('',(#10220),#10290);
#10220 = B_SPLINE_CURVE_WITH_KNOTS('',3,(#10221,#10222,#10223,#10224,
    #10225,#10226,#10227,#10228,#10229,#10230,#10231,#10232,#10233,
    #10234,#10235,#10236,#10237,#10238,#10239,#10240,#10241,#10242,
    #10243,#10244,#10245,#10246,#10247,#10248,#10249,#10250,#10251,
    #10252,#10253,#10254,#10255,#10256,#10257,#10258,#10259,#10260,
    #10261,#10262,#10263,#10264,#10265,#10266,#10267,#10268,#10269,
    #10270,#10271,#10272,#10273,#10274,#10275,#10276,#10277,#10278,
    #10279,#10280,#10281,#10282,#10283,#10284,#10285,#10286,#10287,
    #10288,#10289),.UNSPECIFIED.,.F.,.F.,(4,1,1,1,1,1,1,1,1,1,1,1,1,1,1,
    1,1,1,1,1,1,1,1,1,1,1,1,1,1,1,1,1,1,1,1,1,1,1,1,1,1,1,1,1,1,1,1,1,1,
    1,1,1,1,1,1,1,1,1,1,1,1,1,1,1,1,1,4),(0.,3.144859757576E-02,
    6.289719515153E-02,9.434579272729E-02,0.125794390303,0.157242987879,
    0.188691585455,0.22014018303,0.251588780606,0.283037378182,
    0.314485975758,0.345934573333,0.377383170909,0.408831768485,
    0.440280366061,0.471728963636,0.503177561212,0.534626158788,
    0.566074756364,0.597523353939,0.628971951515,0.660420549091,
    0.691869146667,0.723317744243,0.754766341818,0.786214939394,
    0.81766353697,0.849112134546,0.880560732121,0.912009329697,
    0.943457927273,0.974906524849,1.006355122424,1.03780372,
    1.069252317576,1.100700915152,1.132149512727,1.163598110303,
    1.195046707879,1.226495305455,1.257943903031,1.289392500606,
    1.320841098182,1.352289695758,1.383738293334,1.415186890909,
    1.446635488485,1.478084086061,1.509532683637,1.540981281212,
    1.572429878788,1.603878476364,1.63532707394,1.666775671515,
    1.698224269091,1.729672866667,1.761121464243,1.792570061818,
    1.824018659394,1.85546725697,1.886915854546,1.918364452122,
    1.949813049697,1.981261647273,2.012710244849,2.044158842425,
    2.07560744),.QUASI_UNIFORM_KNOTS.);
#10221 = CARTESIAN_POINT('',(-7.082106781232,-24.));
#10222 = CARTESIAN_POINT('',(-7.072026744185,-24.00000166957));
#10223 = CARTESIAN_POINT('',(-7.051871529451,-23.99903545477));
#10224 = CARTESIAN_POINT('',(-7.021691591813,-23.99461100127));
#10225 = CARTESIAN_POINT('',(-6.991602218649,-23.98713675597));
#10226 = CARTESIAN_POINT('',(-6.961643282234,-23.97656672707));
#10227 = CARTESIAN_POINT('',(-6.931856133743,-23.96287564926));
#10228 = CARTESIAN_POINT('',(-6.902279002381,-23.94605940063));
#10229 = CARTESIAN_POINT('',(-6.872956312049,-23.92613990502));
#10230 = CARTESIAN_POINT('',(-6.843926098182,-23.90315835163));
#10231 = CARTESIAN_POINT('',(-6.81522318975,-23.87717407166));
#10232 = CARTESIAN_POINT('',(-6.786878942182,-23.84826234326));
#10233 = CARTESIAN_POINT('',(-6.758921973648,-23.81651285975));
#10234 = CARTESIAN_POINT('',(-6.731377913219,-23.78202726097));
#10235 = CARTESIAN_POINT('',(-6.70427172165,-23.74492039406));
#10236 = CARTESIAN_POINT('',(-6.677620373542,-23.70530822186));
#10237 = CARTESIAN_POINT('',(-6.651433079766,-23.66330250346));
#10238 = CARTESIAN_POINT('',(-6.625720731712,-23.61902253582));
#10239 = CARTESIAN_POINT('',(-6.600490433581,-23.57258585236));
#10240 = CARTESIAN_POINT('',(-6.575745177693,-23.52410423828));
#10241 = CARTESIAN_POINT('',(-6.551492557517,-23.47369978704));
#10242 = CARTESIAN_POINT('',(-6.527731854519,-23.42147870275));
#10243 = CARTESIAN_POINT('',(-6.504458427657,-23.36753551176));
#10244 = CARTESIAN_POINT('',(-6.481668606369,-23.31196301015));
#10245 = CARTESIAN_POINT('',(-6.459358383459,-23.25484926805));
#10246 = CARTESIAN_POINT('',(-6.437523769845,-23.19627810939));
#10247 = CARTESIAN_POINT('',(-6.416160705031,-23.13632866864));
#10248 = CARTESIAN_POINT('',(-6.395265086863,-23.07507519938));
#10249 = CARTESIAN_POINT('',(-6.37483277362,-23.01258683415));
#10250 = CARTESIAN_POINT('',(-6.354859584046,-22.94892732258));
#10251 = CARTESIAN_POINT('',(-6.335341341308,-22.88415494074));
#10252 = CARTESIAN_POINT('',(-6.316273752865,-22.81832177261));
#10253 = CARTESIAN_POINT('',(-6.297652913952,-22.75147536733));
#10254 = CARTESIAN_POINT('',(-6.279473493466,-22.68365155647));
#10255 = CARTESIAN_POINT('',(-6.261736173106,-22.61490252935));
#10256 = CARTESIAN_POINT('',(-6.244439844792,-22.54526913467));
#10257 = CARTESIAN_POINT('',(-6.227582874151,-22.47478432423));
#10258 = CARTESIAN_POINT('',(-6.211164993607,-22.40348077696));
#10259 = CARTESIAN_POINT('',(-6.195186714472,-22.33138890341));
#10260 = CARTESIAN_POINT('',(-6.179649413398,-22.25853742039));
#10261 = CARTESIAN_POINT('',(-6.164555246744,-22.18495322837));
#10262 = CARTESIAN_POINT('',(-6.149907119496,-22.11066147135));
#10263 = CARTESIAN_POINT('',(-6.135708644692,-22.03568552797));
#10264 = CARTESIAN_POINT('',(-6.121964118991,-21.96004705897));
#10265 = CARTESIAN_POINT('',(-6.108678472068,-21.88376586158));
#10266 = CARTESIAN_POINT('',(-6.095857329672,-21.80686040394));
#10267 = CARTESIAN_POINT('',(-6.083506669533,-21.72934579385));
#10268 = CARTESIAN_POINT('',(-6.071633752846,-21.65123979237));
#10269 = CARTESIAN_POINT('',(-6.060246828246,-21.57256205596));
#10270 = CARTESIAN_POINT('',(-6.049354754725,-21.4933324008));
#10271 = CARTESIAN_POINT('',(-6.038966986582,-21.41357132385));
#10272 = CARTESIAN_POINT('',(-6.029093457993,-21.33329992042));
#10273 = CARTESIAN_POINT('',(-6.01974449015,-21.25253996535));
#10274 = CARTESIAN_POINT('',(-6.010930687315,-21.17131395253));
#10275 = CARTESIAN_POINT('',(-6.002662830394,-21.08964514821));
#10276 = CARTESIAN_POINT('',(-5.994951765618,-21.00755764338));
#10277 = CARTESIAN_POINT('',(-5.987808289112,-20.92507640934));
#10278 = CARTESIAN_POINT('',(-5.981243027612,-20.84222735511));
#10279 = CARTESIAN_POINT('',(-5.975266315992,-20.75903738713));
#10280 = CARTESIAN_POINT('',(-5.9698880724,-20.67553447064));
#10281 = CARTESIAN_POINT('',(-5.965117672145,-20.59174769257));
#10282 = CARTESIAN_POINT('',(-5.96096382119,-20.50770732569));
#10283 = CARTESIAN_POINT('',(-5.957434432125,-20.42344489206));
#10284 = CARTESIAN_POINT('',(-5.954536498705,-20.33899323118));
#10285 = CARTESIAN_POINT('',(-5.952275991185,-20.2543865489));
#10286 = CARTESIAN_POINT('',(-5.950657697813,-20.16966053336));
#10287 = CARTESIAN_POINT('',(-5.949685299879,-20.08485221204));
#10288 = CARTESIAN_POINT('',(-5.949468844668,-20.02828457815));
#10289 = CARTESIAN_POINT('',(-5.949468961509,-20.));
#10290 = ( GEOMETRIC_REPRESENTATION_CONTEXT(2) 
PARAMETRIC_REPRESENTATION_CONTEXT() REPRESENTATION_CONTEXT('2D SPACE',''
  ) );
#10291 = PCURVE('',#45,#10292);
#10292 = DEFINITIONAL_REPRESENTATION('',(#10293),#10363);
#10293 = B_SPLINE_CURVE_WITH_KNOTS('',3,(#10294,#10295,#10296,#10297,
    #10298,#10299,#10300,#10301,#10302,#10303,#10304,#10305,#10306,
    #10307,#10308,#10309,#10310,#10311,#10312,#10313,#10314,#10315,
    #10316,#10317,#10318,#10319,#10320,#10321,#10322,#10323,#10324,
    #10325,#10326,#10327,#10328,#10329,#10330,#10331,#10332,#10333,
    #10334,#10335,#10336,#10337,#10338,#10339,#10340,#10341,#10342,
    #10343,#10344,#10345,#10346,#10347,#10348,#10349,#10350,#10351,
    #10352,#10353,#10354,#10355,#10356,#10357,#10358,#10359,#10360,
    #10361,#10362),.UNSPECIFIED.,.F.,.F.,(4,1,1,1,1,1,1,1,1,1,1,1,1,1,1,
    1,1,1,1,1,1,1,1,1,1,1,1,1,1,1,1,1,1,1,1,1,1,1,1,1,1,1,1,1,1,1,1,1,1,
    1,1,1,1,1,1,1,1,1,1,1,1,1,1,1,1,1,4),(0.,3.144859757576E-02,
    6.289719515153E-02,9.434579272729E-02,0.125794390303,0.157242987879,
    0.188691585455,0.22014018303,0.251588780606,0.283037378182,
    0.314485975758,0.345934573333,0.377383170909,0.408831768485,
    0.440280366061,0.471728963636,0.503177561212,0.534626158788,
    0.566074756364,0.597523353939,0.628971951515,0.660420549091,
    0.691869146667,0.723317744243,0.754766341818,0.786214939394,
    0.81766353697,0.849112134546,0.880560732121,0.912009329697,
    0.943457927273,0.974906524849,1.006355122424,1.03780372,
    1.069252317576,1.100700915152,1.132149512727,1.163598110303,
    1.195046707879,1.226495305455,1.257943903031,1.289392500606,
    1.320841098182,1.352289695758,1.383738293334,1.415186890909,
    1.446635488485,1.478084086061,1.509532683637,1.540981281212,
    1.572429878788,1.603878476364,1.63532707394,1.666775671515,
    1.698224269091,1.729672866667,1.761121464243,1.792570061818,
    1.824018659394,1.85546725697,1.886915854546,1.918364452122,
    1.949813049697,1.981261647273,2.012710244849,2.044158842425,
    2.07560744),.QUASI_UNIFORM_KNOTS.);
#10294 = CARTESIAN_POINT('',(5.150453770701,1.570796326795));
#10295 = CARTESIAN_POINT('',(5.150805097266,1.561837054798));
#10296 = CARTESIAN_POINT('',(5.151477292271,1.543816960487));
#10297 = CARTESIAN_POINT('',(5.152393599097,1.516524843461));
#10298 = CARTESIAN_POINT('',(5.153217106135,1.489012792842));
#10299 = CARTESIAN_POINT('',(5.153947709088,1.461325067599));
#10300 = CARTESIAN_POINT('',(5.15458579125,1.433507470769));
#10301 = CARTESIAN_POINT('',(5.155132369984,1.405603017666));
#10302 = CARTESIAN_POINT('',(5.155588889045,1.377660717241));
#10303 = CARTESIAN_POINT('',(5.15595743695,1.34972372548));
#10304 = CARTESIAN_POINT('',(5.156240592867,1.321832148857));
#10305 = CARTESIAN_POINT('',(5.156441362333,1.294022696203));
#10306 = CARTESIAN_POINT('',(5.156563099998,1.266329311915));
#10307 = CARTESIAN_POINT('',(5.156609445151,1.238782865189));
#10308 = CARTESIAN_POINT('',(5.156584268716,1.211413466782));
#10309 = CARTESIAN_POINT('',(5.156491609943,1.184243047147));
#10310 = CARTESIAN_POINT('',(5.156335545425,1.157285252658));
#10311 = CARTESIAN_POINT('',(5.156120170332,1.130555012311));
#10312 = CARTESIAN_POINT('',(5.155849554837,1.104062987375));
#10313 = CARTESIAN_POINT('',(5.15552767175,1.077815050679));
#10314 = CARTESIAN_POINT('',(5.155158490325,1.051821543847));
#10315 = CARTESIAN_POINT('',(5.154745791674,1.02608359834));
#10316 = CARTESIAN_POINT('',(5.154293149938,1.000597457679));
#10317 = CARTESIAN_POINT('',(5.153804009976,0.975359752943));
#10318 = CARTESIAN_POINT('',(5.15328166801,0.950366122514));
#10319 = CARTESIAN_POINT('',(5.152729278843,0.925611604178));
#10320 = CARTESIAN_POINT('',(5.152149856471,0.901090541823));
#10321 = CARTESIAN_POINT('',(5.151546276943,0.87679661071));
#10322 = CARTESIAN_POINT('',(5.150921281208,0.852722804777));
#10323 = CARTESIAN_POINT('',(5.150277477976,0.828861410393));
#10324 = CARTESIAN_POINT('',(5.149617348663,0.805204028029));
#10325 = CARTESIAN_POINT('',(5.148943246124,0.781741374618));
#10326 = CARTESIAN_POINT('',(5.148257418154,0.758463877263));
#10327 = CARTESIAN_POINT('',(5.147561940172,0.735359286451));
#10328 = CARTESIAN_POINT('',(5.146859011473,0.712422145613));
#10329 = CARTESIAN_POINT('',(5.146150675322,0.689644068758));
#10330 = CARTESIAN_POINT('',(5.145438860891,0.667015129117));
#10331 = CARTESIAN_POINT('',(5.144725466804,0.644526321131));
#10332 = CARTESIAN_POINT('',(5.144012345192,0.622168818345));
#10333 = CARTESIAN_POINT('',(5.143301311792,0.599934097204));
#10334 = CARTESIAN_POINT('',(5.14259414843,0.577813835295));
#10335 = CARTESIAN_POINT('',(5.141892606969,0.555799876969));
#10336 = CARTESIAN_POINT('',(5.141198412168,0.533884182801));
#10337 = CARTESIAN_POINT('',(5.140513264615,0.512058800685));
#10338 = CARTESIAN_POINT('',(5.13983884166,0.490315787226));
#10339 = CARTESIAN_POINT('',(5.139176803535,0.4686473232));
#10340 = CARTESIAN_POINT('',(5.138528777969,0.447045114758));
#10341 = CARTESIAN_POINT('',(5.137896412312,0.425502032377));
#10342 = CARTESIAN_POINT('',(5.137281361314,0.404011814395));
#10343 = CARTESIAN_POINT('',(5.136685269393,0.382568533297));
#10344 = CARTESIAN_POINT('',(5.136109770728,0.361166698621));
#10345 = CARTESIAN_POINT('',(5.1355564835,0.339801195289));
#10346 = CARTESIAN_POINT('',(5.135027004631,0.31846727151));
#10347 = CARTESIAN_POINT('',(5.134522903355,0.29716051843));
#10348 = CARTESIAN_POINT('',(5.134045714107,0.275876856597));
#10349 = CARTESIAN_POINT('',(5.133596928662,0.254612524848));
#10350 = CARTESIAN_POINT('',(5.133177987641,0.233364072487));
#10351 = CARTESIAN_POINT('',(5.132790271441,0.212128354229));
#10352 = CARTESIAN_POINT('',(5.132435090704,0.190902527815));
#10353 = CARTESIAN_POINT('',(5.132113676421,0.169684054102));
#10354 = CARTESIAN_POINT('',(5.13182716983,0.148470699477));
#10355 = CARTESIAN_POINT('',(5.131576612189,0.127260540529));
#10356 = CARTESIAN_POINT('',(5.131362934756,0.106051970475));
#10357 = CARTESIAN_POINT('',(5.131186948533,8.484370870784E-02));
#10358 = CARTESIAN_POINT('',(5.131049336255,6.363480766081E-02));
#10359 = CARTESIAN_POINT('',(5.130950638257,4.242467811147E-02));
#10360 = CARTESIAN_POINT('',(5.130891264461,2.121305346629E-02));
#10361 = CARTESIAN_POINT('',(5.130878030261,7.071143791992E-03));
#10362 = CARTESIAN_POINT('',(5.13087804337,0.));
#10363 = ( GEOMETRIC_REPRESENTATION_CONTEXT(2) 
PARAMETRIC_REPRESENTATION_CONTEXT() REPRESENTATION_CONTEXT('2D SPACE',''
  ) );
#10364 = ORIENTED_EDGE('',*,*,#116,.T.);
#10365 = ORIENTED_EDGE('',*,*,#10132,.T.);
#10366 = ORIENTED_EDGE('',*,*,#9587,.F.);
#10367 = ORIENTED_EDGE('',*,*,#9895,.T.);
#10368 = ORIENTED_EDGE('',*,*,#789,.F.);
#10369 = ADVANCED_FACE('',(#10370),#45,.T.);
#10370 = FACE_BOUND('',#10371,.T.);
#10371 = EDGE_LOOP('',(#10372,#10373,#10374,#10375));
#10372 = ORIENTED_EDGE('',*,*,#21,.F.);
#10373 = ORIENTED_EDGE('',*,*,#172,.T.);
#10374 = ORIENTED_EDGE('',*,*,#600,.T.);
#10375 = ORIENTED_EDGE('',*,*,#10171,.T.);
#10376 = ( GEOMETRIC_REPRESENTATION_CONTEXT(3) 
GLOBAL_UNCERTAINTY_ASSIGNED_CONTEXT((#10380)) 
GLOBAL_UNIT_ASSIGNED_CONTEXT((#10377,#10378,#10379)) 
REPRESENTATION_CONTEXT('Context #1',
  '3D Context with UNIT and UNCERTAINTY') );
#10377 = ( LENGTH_UNIT() NAMED_UNIT(*) SI_UNIT(.MILLI.,.METRE.) );
#10378 = ( NAMED_UNIT(*) PLANE_ANGLE_UNIT() SI_UNIT($,.RADIAN.) );
#10379 = ( NAMED_UNIT(*) SI_UNIT($,.STERADIAN.) SOLID_ANGLE_UNIT() );
#10380 = UNCERTAINTY_MEASURE_WITH_UNIT(LENGTH_MEASURE(1.E-07),#10377,
  'distance_accuracy_value','confusion accuracy');
#10381 = PRODUCT_RELATED_PRODUCT_CATEGORY('part',$,(#7));
ENDSEC;
END-ISO-10303-21;
